{
	"credit": "Made with Blockbench",
	"texture_size": [32, 32],
	"textures": {
		"1": "concrete:vehicle/boat/muslim/sail",
		"2": "concrete:vehicle/boat/muslim/wood",
		"4": "concrete:vehicle/boat/muslim/flag",
		"particle": "concrete:vehicle/boat/muslim/wood"
	},
	"elements": [
		{
			"from": [8.5849, -7.75579, -15.81243],
			"to": [8.5849, -0.68801, 30.96068],
			"rotation": {"angle": 45, "axis": "z", "origin": [8.1097, -6.2415, 6.86133]},
			"faces": {
				"north": {"uv": [0, 0, 16, 16], "texture": "#4"},
				"east": {"uv": [0, 0, 16, 16], "texture": "#1"},
				"south": {"uv": [0, 0, 16, 16], "texture": "#4"},
				"west": {"uv": [0, 0, 16, 16], "texture": "#1"},
				"up": {"uv": [0, 0, 16, 16], "rotation": 270, "texture": "#4"},
				"down": {"uv": [0, 0, 16, 16], "rotation": 90, "texture": "#4"}
			}
		},
		{
			"from": [4.12904, -2.5111, -14.14923],
			"to": [4.12904, 3.36867, 29.05988],
			"rotation": {"angle": 22.5, "axis": "z", "origin": [4.12904, -0.28402, 7.21773]},
			"faces": {
				"north": {"uv": [0, 0, 16, 16], "texture": "#4"},
				"east": {"uv": [0, 0, 16, 16], "texture": "#1"},
				"south": {"uv": [0, 0, 16, 16], "texture": "#4"},
				"west": {"uv": [0, 0, 16, 16], "texture": "#1"},
				"up": {"uv": [0, 0, 16, 16], "rotation": 270, "texture": "#4"},
				"down": {"uv": [0, 0, 16, 16], "rotation": 90, "texture": "#4"}
			}
		},
		{
			"from": [2.73122, 3.09062, -12.48602],
			"to": [2.73122, 10.396, 27.15908],
			"rotation": {"angle": 0, "axis": "y", "origin": [2.73122, 6.03051, 6.98013]},
			"faces": {
				"north": {"uv": [0, 0, 16, 16], "texture": "#4"},
				"east": {"uv": [0, 0, 16, 16], "texture": "#1"},
				"south": {"uv": [0, 0, 16, 16], "texture": "#4"},
				"west": {"uv": [0, 0, 16, 16], "texture": "#1"},
				"up": {"uv": [0, 0, 16, 16], "rotation": 270, "texture": "#4"},
				"down": {"uv": [0, 0, 16, 16], "rotation": 90, "texture": "#4"}
			}
		},
		{
			"from": [4.94737, 9.95518, -9.39722],
			"to": [4.94737, 18.68615, 24.07029],
			"rotation": {"angle": -22.5, "axis": "z", "origin": [4.94737, 15.74626, 7.21773]},
			"faces": {
				"north": {"uv": [0, 0, 16, 16], "texture": "#4"},
				"east": {"uv": [0, 0, 16, 16], "texture": "#1"},
				"south": {"uv": [0, 0, 16, 16], "texture": "#4"},
				"west": {"uv": [0, 0, 16, 16], "texture": "#1"},
				"up": {"uv": [0, 0, 16, 16], "rotation": 270, "texture": "#4"},
				"down": {"uv": [0, 0, 16, 16], "rotation": 90, "texture": "#4"}
			}
		},
		{
			"from": [9.83218, -7.18841, -16],
			"to": [12.11762, -6.67455, 31.20286],
			"rotation": {"angle": 0, "axis": "y", "origin": [11.16116, -6.9688, 8]},
			"faces": {
				"north": {"uv": [15, 11, 13, 9], "rotation": 180, "texture": "#2"},
				"east": {"uv": [15, 11, 13, 9], "rotation": 270, "texture": "#2"},
				"south": {"uv": [15, 11, 13, 9], "texture": "#2"},
				"west": {"uv": [15, 11, 13, 9], "rotation": 90, "texture": "#2"},
				"up": {"uv": [15, 11, 13, 9], "rotation": 180, "texture": "#2"},
				"down": {"uv": [15, 11, 13, 9], "texture": "#2"}
			}
		},
		{
			"from": [10.16737, -7.17295, -16],
			"to": [12.45282, -6.65909, 31.20286],
			"rotation": {"angle": 45, "axis": "z", "origin": [11.16116, -6.9688, 8]},
			"faces": {
				"north": {"uv": [15, 11, 13, 9], "rotation": 180, "texture": "#2"},
				"east": {"uv": [15, 11, 13, 9], "rotation": 270, "texture": "#2"},
				"south": {"uv": [15, 11, 13, 9], "texture": "#2"},
				"west": {"uv": [15, 11, 13, 9], "rotation": 90, "texture": "#2"},
				"up": {"uv": [15, 11, 13, 9], "rotation": 180, "texture": "#2"},
				"down": {"uv": [15, 11, 13, 9], "texture": "#2"}
			}
		},
		{
			"from": [10.14718, -7.17697, -16],
			"to": [12.43262, -6.66311, 31.20286],
			"rotation": {"angle": 22.5, "axis": "z", "origin": [11.16116, -6.9688, 8]},
			"faces": {
				"north": {"uv": [15, 11, 13, 9], "rotation": 180, "texture": "#2"},
				"east": {"uv": [15, 11, 13, 9], "rotation": 270, "texture": "#2"},
				"south": {"uv": [15, 11, 13, 9], "texture": "#2"},
				"west": {"uv": [15, 11, 13, 9], "rotation": 90, "texture": "#2"},
				"up": {"uv": [15, 11, 13, 9], "rotation": 180, "texture": "#2"},
				"down": {"uv": [15, 11, 13, 9], "texture": "#2"}
			}
		},
		{
			"from": [10.85547, -6.27919, -16],
			"to": [11.36933, -5.65694, 31.20286],
			"shade": false,
			"rotation": {"angle": -22.5, "axis": "z", "origin": [11.16116, -6.9688, 8]},
			"faces": {
				"north": {"uv": [15, 11, 13, 9], "rotation": 180, "texture": "#2"},
				"east": {"uv": [15, 11, 13, 9], "rotation": 270, "texture": "#2"},
				"south": {"uv": [15, 11, 13, 9], "texture": "#2"},
				"west": {"uv": [15, 11, 13, 9], "rotation": 90, "texture": "#2"},
				"up": {"uv": [15, 11, 13, 9], "rotation": 180, "texture": "#2"},
				"down": {"uv": [15, 11, 13, 9], "texture": "#2"}
			}
		},
		{
			"from": [10.88403, -7.67622, -16],
			"to": [11.39789, -5.62838, 31.20286],
			"rotation": {"angle": 22.5, "axis": "z", "origin": [11.16116, -6.9688, 8]},
			"faces": {
				"north": {"uv": [15, 11, 13, 9], "rotation": 180, "texture": "#2"},
				"east": {"uv": [15, 11, 13, 9], "rotation": 270, "texture": "#2"},
				"south": {"uv": [15, 11, 13, 9], "texture": "#2"},
				"west": {"uv": [15, 11, 13, 9], "rotation": 90, "texture": "#2"},
				"up": {"uv": [15, 11, 13, 9], "rotation": 180, "texture": "#2"},
				"down": {"uv": [15, 11, 13, 9], "texture": "#2"}
			}
		},
		{
			"from": [10.90423, -7.67221, -16],
			"to": [11.41809, -5.62436, 31.20286],
			"rotation": {"angle": 45, "axis": "z", "origin": [11.16116, -6.9688, 8]},
			"faces": {
				"north": {"uv": [15, 11, 13, 9], "rotation": 180, "texture": "#2"},
				"east": {"uv": [15, 11, 13, 9], "rotation": 270, "texture": "#2"},
				"south": {"uv": [15, 11, 13, 9], "texture": "#2"},
				"west": {"uv": [15, 11, 13, 9], "rotation": 90, "texture": "#2"},
				"up": {"uv": [15, 11, 13, 9], "rotation": 180, "texture": "#2"},
				"down": {"uv": [15, 11, 13, 9], "texture": "#2"}
			}
		},
		{
			"from": [10.86691, -7.68767, -16],
			"to": [11.38077, -5.63982, 31.20286],
			"rotation": {"angle": 0, "axis": "y", "origin": [11.16116, -6.9688, 8]},
			"faces": {
				"north": {"uv": [15, 11, 13, 9], "rotation": 180, "texture": "#2"},
				"east": {"uv": [15, 11, 13, 9], "rotation": 270, "texture": "#2"},
				"south": {"uv": [15, 11, 13, 9], "texture": "#2"},
				"west": {"uv": [15, 11, 13, 9], "rotation": 90, "texture": "#2"},
				"up": {"uv": [15, 11, 13, 9], "rotation": 180, "texture": "#2"},
				"down": {"uv": [15, 11, 13, 9], "texture": "#2"}
			}
		},
		{
			"from": [10.86691, -8.22314, -16],
			"to": [11.38077, -7.6009, 31.20286],
			"rotation": {"angle": 0, "axis": "y", "origin": [11.16116, -6.9688, 8]},
			"faces": {
				"north": {"uv": [15, 11, 13, 9], "rotation": 180, "texture": "#2"},
				"east": {"uv": [15, 11, 13, 9], "rotation": 270, "texture": "#2"},
				"south": {"uv": [15, 11, 13, 9], "texture": "#2"},
				"west": {"uv": [15, 11, 13, 9], "rotation": 90, "texture": "#2"},
				"up": {"uv": [15, 11, 13, 9], "rotation": 180, "texture": "#2"},
				"down": {"uv": [15, 11, 13, 9], "texture": "#2"}
			}
		},
		{
			"from": [10.85547, -8.24026, -16],
			"to": [11.36933, -7.61802, 31.20286],
			"rotation": {"angle": -22.5, "axis": "z", "origin": [11.16116, -6.9688, 8]},
			"faces": {
				"north": {"uv": [15, 11, 13, 9], "rotation": 180, "texture": "#2"},
				"east": {"uv": [15, 11, 13, 9], "rotation": 270, "texture": "#2"},
				"south": {"uv": [15, 11, 13, 9], "texture": "#2"},
				"west": {"uv": [15, 11, 13, 9], "rotation": 90, "texture": "#2"},
				"up": {"uv": [15, 11, 13, 9], "rotation": 180, "texture": "#2"},
				"down": {"uv": [15, 11, 13, 9], "texture": "#2"}
			}
		},
		{
			"from": [10.85145, -8.26046, -16],
			"to": [11.36531, -7.63822, 31.20286],
			"rotation": {"angle": -45, "axis": "z", "origin": [11.16116, -6.9688, 8]},
			"faces": {
				"north": {"uv": [15, 11, 13, 9], "rotation": 180, "texture": "#2"},
				"east": {"uv": [15, 11, 13, 9], "rotation": 270, "texture": "#2"},
				"south": {"uv": [15, 11, 13, 9], "texture": "#2"},
				"west": {"uv": [15, 11, 13, 9], "rotation": 90, "texture": "#2"},
				"up": {"uv": [15, 11, 13, 9], "rotation": 180, "texture": "#2"},
				"down": {"uv": [15, 11, 13, 9], "texture": "#2"}
			}
		},
		{
			"from": [9.8493, -7.17697, -16],
			"to": [10.47155, -6.66311, 31.20286],
			"rotation": {"angle": 22.5, "axis": "z", "origin": [11.16116, -6.9688, 8]},
			"faces": {
				"north": {"uv": [15, 11, 13, 9], "rotation": 180, "texture": "#2"},
				"east": {"uv": [15, 11, 13, 9], "rotation": 270, "texture": "#2"},
				"south": {"uv": [15, 11, 13, 9], "texture": "#2"},
				"west": {"uv": [15, 11, 13, 9], "rotation": 90, "texture": "#2"},
				"up": {"uv": [15, 11, 13, 9], "rotation": 180, "texture": "#2"},
				"down": {"uv": [15, 11, 13, 9], "texture": "#2"}
			}
		},
		{
			"from": [11.7778, -7.22573, -16],
			"to": [12.40004, -6.71187, 31.20286],
			"rotation": {"angle": -45, "axis": "z", "origin": [11.16116, -6.9688, 8]},
			"faces": {
				"north": {"uv": [15, 11, 13, 9], "rotation": 180, "texture": "#2"},
				"east": {"uv": [15, 11, 13, 9], "rotation": 270, "texture": "#2"},
				"south": {"uv": [15, 11, 13, 9], "texture": "#2"},
				"west": {"uv": [15, 11, 13, 9], "rotation": 90, "texture": "#2"},
				"up": {"uv": [15, 11, 13, 9], "rotation": 180, "texture": "#2"},
				"down": {"uv": [15, 11, 13, 9], "texture": "#2"}
			}
		},
		{
			"from": [10.88403, -8.2117, -16],
			"to": [11.39789, -7.58945, 31.20286],
			"rotation": {"angle": 22.5, "axis": "z", "origin": [11.16116, -6.9688, 8]},
			"faces": {
				"north": {"uv": [15, 11, 13, 9], "rotation": 180, "texture": "#2"},
				"east": {"uv": [15, 11, 13, 9], "rotation": 270, "texture": "#2"},
				"south": {"uv": [15, 11, 13, 9], "texture": "#2"},
				"west": {"uv": [15, 11, 13, 9], "rotation": 90, "texture": "#2"},
				"up": {"uv": [15, 11, 13, 9], "rotation": 180, "texture": "#2"},
				"down": {"uv": [15, 11, 13, 9], "texture": "#2"}
			}
		},
		{
			"from": [9.88101, -7.20553, -16],
			"to": [12.40406, -6.69168, 31.20286],
			"rotation": {"angle": -22.5, "axis": "z", "origin": [11.16116, -6.9688, 8]},
			"faces": {
				"north": {"uv": [15, 11, 13, 9], "rotation": 180, "texture": "#2"},
				"east": {"uv": [15, 11, 13, 9], "rotation": 270, "texture": "#2"},
				"south": {"uv": [15, 11, 13, 9], "texture": "#2"},
				"west": {"uv": [15, 11, 13, 9], "rotation": 90, "texture": "#2"},
				"up": {"uv": [15, 11, 13, 9], "rotation": 180, "texture": "#2"},
				"down": {"uv": [15, 11, 13, 9], "texture": "#2"}
			}
		},
		{
			"from": [11.79325, -7.18841, -16],
			"to": [12.4155, -6.67455, 31.20286],
			"rotation": {"angle": 0, "axis": "y", "origin": [11.16116, -6.9688, 8]},
			"faces": {
				"north": {"uv": [15, 11, 13, 9], "rotation": 180, "texture": "#2"},
				"east": {"uv": [15, 11, 13, 9], "rotation": 270, "texture": "#2"},
				"south": {"uv": [15, 11, 13, 9], "texture": "#2"},
				"west": {"uv": [15, 11, 13, 9], "rotation": 90, "texture": "#2"},
				"up": {"uv": [15, 11, 13, 9], "rotation": 180, "texture": "#2"},
				"down": {"uv": [15, 11, 13, 9], "texture": "#2"}
			}
		},
		{
			"from": [11.79325, 22.74919, -10.68846],
			"to": [12.4155, 23.26305, 26.45086],
			"rotation": {"angle": 0, "axis": "y", "origin": [11.16116, 22.9688, 8]},
			"faces": {
				"north": {"uv": [15, 11, 13, 9], "rotation": 180, "texture": "#2"},
				"east": {"uv": [15, 11, 13, 9], "rotation": 270, "texture": "#2"},
				"south": {"uv": [15, 11, 13, 9], "texture": "#2"},
				"west": {"uv": [15, 11, 13, 9], "rotation": 90, "texture": "#2"},
				"up": {"uv": [15, 11, 13, 9], "rotation": 180, "texture": "#2"},
				"down": {"uv": [15, 11, 13, 9], "texture": "#2"}
			}
		},
		{
			"from": [9.88101, 22.73207, -10.68846],
			"to": [12.40406, 23.24592, 26.45086],
			"rotation": {"angle": -22.5, "axis": "z", "origin": [11.16116, 22.9688, 8]},
			"faces": {
				"north": {"uv": [15, 11, 13, 9], "rotation": 180, "texture": "#2"},
				"east": {"uv": [15, 11, 13, 9], "rotation": 270, "texture": "#2"},
				"south": {"uv": [15, 11, 13, 9], "texture": "#2"},
				"west": {"uv": [15, 11, 13, 9], "rotation": 90, "texture": "#2"},
				"up": {"uv": [15, 11, 13, 9], "rotation": 180, "texture": "#2"},
				"down": {"uv": [15, 11, 13, 9], "texture": "#2"}
			}
		},
		{
			"from": [10.88403, 21.7259, -10.68846],
			"to": [11.39789, 22.34815, 26.45086],
			"rotation": {"angle": 22.5, "axis": "z", "origin": [11.16116, 22.9688, 8]},
			"faces": {
				"north": {"uv": [15, 11, 13, 9], "rotation": 180, "texture": "#2"},
				"east": {"uv": [15, 11, 13, 9], "rotation": 270, "texture": "#2"},
				"south": {"uv": [15, 11, 13, 9], "texture": "#2"},
				"west": {"uv": [15, 11, 13, 9], "rotation": 90, "texture": "#2"},
				"up": {"uv": [15, 11, 13, 9], "rotation": 180, "texture": "#2"},
				"down": {"uv": [15, 11, 13, 9], "texture": "#2"}
			}
		},
		{
			"from": [11.7778, 22.71187, -10.68846],
			"to": [12.40004, 23.22573, 26.45086],
			"rotation": {"angle": -45, "axis": "z", "origin": [11.16116, 22.9688, 8]},
			"faces": {
				"north": {"uv": [15, 11, 13, 9], "rotation": 180, "texture": "#2"},
				"east": {"uv": [15, 11, 13, 9], "rotation": 270, "texture": "#2"},
				"south": {"uv": [15, 11, 13, 9], "texture": "#2"},
				"west": {"uv": [15, 11, 13, 9], "rotation": 90, "texture": "#2"},
				"up": {"uv": [15, 11, 13, 9], "rotation": 180, "texture": "#2"},
				"down": {"uv": [15, 11, 13, 9], "texture": "#2"}
			}
		},
		{
			"from": [9.8493, 22.76063, -10.68846],
			"to": [10.47155, 23.27449, 26.45086],
			"rotation": {"angle": 22.5, "axis": "z", "origin": [11.16116, 22.9688, 8]},
			"faces": {
				"north": {"uv": [15, 11, 13, 9], "rotation": 180, "texture": "#2"},
				"east": {"uv": [15, 11, 13, 9], "rotation": 270, "texture": "#2"},
				"south": {"uv": [15, 11, 13, 9], "texture": "#2"},
				"west": {"uv": [15, 11, 13, 9], "rotation": 90, "texture": "#2"},
				"up": {"uv": [15, 11, 13, 9], "rotation": 180, "texture": "#2"},
				"down": {"uv": [15, 11, 13, 9], "texture": "#2"}
			}
		},
		{
			"from": [10.85145, 21.67714, -10.68846],
			"to": [11.36531, 22.29938, 26.45086],
			"rotation": {"angle": -45, "axis": "z", "origin": [11.16116, 22.9688, 8]},
			"faces": {
				"north": {"uv": [15, 11, 13, 9], "rotation": 180, "texture": "#2"},
				"east": {"uv": [15, 11, 13, 9], "rotation": 270, "texture": "#2"},
				"south": {"uv": [15, 11, 13, 9], "texture": "#2"},
				"west": {"uv": [15, 11, 13, 9], "rotation": 90, "texture": "#2"},
				"up": {"uv": [15, 11, 13, 9], "rotation": 180, "texture": "#2"},
				"down": {"uv": [15, 11, 13, 9], "texture": "#2"}
			}
		},
		{
			"from": [10.85547, 21.69734, -10.68846],
			"to": [11.36933, 22.31958, 26.45086],
			"rotation": {"angle": -22.5, "axis": "z", "origin": [11.16116, 22.9688, 8]},
			"faces": {
				"north": {"uv": [15, 11, 13, 9], "rotation": 180, "texture": "#2"},
				"east": {"uv": [15, 11, 13, 9], "rotation": 270, "texture": "#2"},
				"south": {"uv": [15, 11, 13, 9], "texture": "#2"},
				"west": {"uv": [15, 11, 13, 9], "rotation": 90, "texture": "#2"},
				"up": {"uv": [15, 11, 13, 9], "rotation": 180, "texture": "#2"},
				"down": {"uv": [15, 11, 13, 9], "texture": "#2"}
			}
		},
		{
			"from": [10.86691, 21.71446, -10.68846],
			"to": [11.38077, 22.3367, 26.45086],
			"rotation": {"angle": 0, "axis": "y", "origin": [11.16116, 22.9688, 8]},
			"faces": {
				"north": {"uv": [15, 11, 13, 9], "rotation": 180, "texture": "#2"},
				"east": {"uv": [15, 11, 13, 9], "rotation": 270, "texture": "#2"},
				"south": {"uv": [15, 11, 13, 9], "texture": "#2"},
				"west": {"uv": [15, 11, 13, 9], "rotation": 90, "texture": "#2"},
				"up": {"uv": [15, 11, 13, 9], "rotation": 180, "texture": "#2"},
				"down": {"uv": [15, 11, 13, 9], "texture": "#2"}
			}
		},
		{
			"from": [10.86691, 22.24993, -10.68846],
			"to": [11.38077, 24.29778, 26.45086],
			"rotation": {"angle": 0, "axis": "y", "origin": [11.16116, 22.9688, 8]},
			"faces": {
				"north": {"uv": [15, 11, 13, 9], "rotation": 180, "texture": "#2"},
				"east": {"uv": [15, 11, 13, 9], "rotation": 270, "texture": "#2"},
				"south": {"uv": [15, 11, 13, 9], "texture": "#2"},
				"west": {"uv": [15, 11, 13, 9], "rotation": 90, "texture": "#2"},
				"up": {"uv": [15, 11, 13, 9], "rotation": 180, "texture": "#2"},
				"down": {"uv": [15, 11, 13, 9], "texture": "#2"}
			}
		},
		{
			"from": [10.90423, 22.26539, -10.68846],
			"to": [11.41809, 24.31324, 26.45086],
			"rotation": {"angle": 45, "axis": "z", "origin": [11.16116, 22.9688, 8]},
			"faces": {
				"north": {"uv": [15, 11, 13, 9], "rotation": 180, "texture": "#2"},
				"east": {"uv": [15, 11, 13, 9], "rotation": 270, "texture": "#2"},
				"south": {"uv": [15, 11, 13, 9], "texture": "#2"},
				"west": {"uv": [15, 11, 13, 9], "rotation": 90, "texture": "#2"},
				"up": {"uv": [15, 11, 13, 9], "rotation": 180, "texture": "#2"},
				"down": {"uv": [15, 11, 13, 9], "texture": "#2"}
			}
		},
		{
			"from": [10.88403, 22.26138, -10.68846],
			"to": [11.39789, 24.30922, 26.45086],
			"rotation": {"angle": 22.5, "axis": "z", "origin": [11.16116, 22.9688, 8]},
			"faces": {
				"north": {"uv": [15, 11, 13, 9], "rotation": 180, "texture": "#2"},
				"east": {"uv": [15, 11, 13, 9], "rotation": 270, "texture": "#2"},
				"south": {"uv": [15, 11, 13, 9], "texture": "#2"},
				"west": {"uv": [15, 11, 13, 9], "rotation": 90, "texture": "#2"},
				"up": {"uv": [15, 11, 13, 9], "rotation": 180, "texture": "#2"},
				"down": {"uv": [15, 11, 13, 9], "texture": "#2"}
			}
		},
		{
			"from": [10.85547, 23.65841, -10.68846],
			"to": [11.36933, 24.28066, 26.45086],
			"shade": false,
			"rotation": {"angle": -22.5, "axis": "z", "origin": [11.16116, 22.9688, 8]},
			"faces": {
				"north": {"uv": [15, 11, 13, 9], "rotation": 180, "texture": "#2"},
				"east": {"uv": [15, 11, 13, 9], "rotation": 270, "texture": "#2"},
				"south": {"uv": [15, 11, 13, 9], "texture": "#2"},
				"west": {"uv": [15, 11, 13, 9], "rotation": 90, "texture": "#2"},
				"up": {"uv": [15, 11, 13, 9], "rotation": 180, "texture": "#2"},
				"down": {"uv": [15, 11, 13, 9], "texture": "#2"}
			}
		},
		{
			"from": [10.14718, 22.76063, -10.68846],
			"to": [12.43262, 23.27449, 26.45086],
			"rotation": {"angle": 22.5, "axis": "z", "origin": [11.16116, 22.9688, 8]},
			"faces": {
				"north": {"uv": [15, 11, 13, 9], "rotation": 180, "texture": "#2"},
				"east": {"uv": [15, 11, 13, 9], "rotation": 270, "texture": "#2"},
				"south": {"uv": [15, 11, 13, 9], "texture": "#2"},
				"west": {"uv": [15, 11, 13, 9], "rotation": 90, "texture": "#2"},
				"up": {"uv": [15, 11, 13, 9], "rotation": 180, "texture": "#2"},
				"down": {"uv": [15, 11, 13, 9], "texture": "#2"}
			}
		},
		{
			"from": [10.16737, 22.76465, -10.68846],
			"to": [12.45282, 23.27851, 26.45086],
			"rotation": {"angle": 45, "axis": "z", "origin": [11.16116, 22.9688, 8]},
			"faces": {
				"north": {"uv": [15, 11, 13, 9], "rotation": 180, "texture": "#2"},
				"east": {"uv": [15, 11, 13, 9], "rotation": 270, "texture": "#2"},
				"south": {"uv": [15, 11, 13, 9], "texture": "#2"},
				"west": {"uv": [15, 11, 13, 9], "rotation": 90, "texture": "#2"},
				"up": {"uv": [15, 11, 13, 9], "rotation": 180, "texture": "#2"},
				"down": {"uv": [15, 11, 13, 9], "texture": "#2"}
			}
		},
		{
			"from": [9.83218, 22.74919, -10.68846],
			"to": [12.11762, 23.26305, 26.45086],
			"rotation": {"angle": 0, "axis": "y", "origin": [11.16116, 22.9688, 8]},
			"faces": {
				"north": {"uv": [15, 11, 13, 9], "rotation": 180, "texture": "#2"},
				"east": {"uv": [15, 11, 13, 9], "rotation": 270, "texture": "#2"},
				"south": {"uv": [15, 11, 13, 9], "texture": "#2"},
				"west": {"uv": [15, 11, 13, 9], "rotation": 90, "texture": "#2"},
				"up": {"uv": [15, 11, 13, 9], "rotation": 180, "texture": "#2"},
				"down": {"uv": [15, 11, 13, 9], "texture": "#2"}
			}
		},
		{
			"from": [8.64332, 16.41329, -6.30842],
			"to": [8.64332, 22.29306, 21.69429],
			"rotation": {"angle": -45, "axis": "z", "origin": [9.83132, 20.54118, 7.21773]},
			"faces": {
				"north": {"uv": [0, 0, 16, 16], "texture": "#4"},
				"east": {"uv": [0, 0, 16, 16], "texture": "#1"},
				"south": {"uv": [0, 0, 16, 16], "texture": "#4"},
				"west": {"uv": [0, 0, 16, 16], "texture": "#1"},
				"up": {"uv": [0, 0, 16, 16], "rotation": 270, "texture": "#4"},
				"down": {"uv": [0, 0, 16, 16], "rotation": 90, "texture": "#4"}
			}
		},
		{
			"from": [12.98125, -4.51086, 7.70575],
			"to": [13.6035, 26.92606, 8.21961],
			"rotation": {"angle": 0, "axis": "y", "origin": [10.5826, -57.81637, 18.90216]},
			"faces": {
				"north": {"uv": [15, 11, 13, 9], "texture": "#2"},
				"east": {"uv": [15, 11, 13, 9], "texture": "#2"},
				"south": {"uv": [15, 11, 13, 9], "texture": "#2"},
				"west": {"uv": [15, 11, 13, 9], "texture": "#2"},
				"up": {"uv": [15, 11, 13, 9], "texture": "#2"},
				"down": {"uv": [15, 11, 13, 9], "texture": "#2"}
			}
		},
		{
			"from": [12.90662, -4.51086, 8.08099],
			"to": [13.52886, 26.92606, 8.59484],
			"rotation": {"angle": -22.5, "axis": "y", "origin": [13.21774, -54.90586, 8.33792]},
			"faces": {
				"north": {"uv": [15, 11, 13, 9], "texture": "#2"},
				"east": {"uv": [15, 11, 13, 9], "texture": "#2"},
				"south": {"uv": [15, 11, 13, 9], "texture": "#2"},
				"west": {"uv": [15, 11, 13, 9], "texture": "#2"},
				"up": {"uv": [15, 11, 13, 9], "texture": "#2"},
				"down": {"uv": [15, 11, 13, 9], "texture": "#2"}
			}
		},
		{
			"from": [12.40158, -4.51086, 8.4885],
			"to": [12.91544, 26.92606, 9.11074],
			"rotation": {"angle": 22.5, "axis": "y", "origin": [12.84613, -54.90586, 8.7623]},
			"faces": {
				"north": {"uv": [15, 11, 13, 9], "texture": "#2"},
				"east": {"uv": [15, 11, 13, 9], "texture": "#2"},
				"south": {"uv": [15, 11, 13, 9], "texture": "#2"},
				"west": {"uv": [15, 11, 13, 9], "texture": "#2"},
				"up": {"uv": [15, 11, 13, 9], "texture": "#2"},
				"down": {"uv": [15, 11, 13, 9], "texture": "#2"}
			}
		},
		{
			"from": [12.57233, -4.51086, 8.31776],
			"to": [13.19457, 26.92606, 8.83161],
			"rotation": {"angle": -45, "axis": "y", "origin": [12.84613, -54.90586, 8.7623]},
			"faces": {
				"north": {"uv": [15, 11, 13, 9], "texture": "#2"},
				"east": {"uv": [15, 11, 13, 9], "texture": "#2"},
				"south": {"uv": [15, 11, 13, 9], "texture": "#2"},
				"west": {"uv": [15, 11, 13, 9], "texture": "#2"},
				"up": {"uv": [15, 11, 13, 9], "texture": "#2"},
				"down": {"uv": [15, 11, 13, 9], "texture": "#2"}
			}
		},
		{
			"from": [11.26531, -4.51086, 7.95089],
			"to": [11.88756, 26.92606, 8.46474],
			"rotation": {"angle": 22.5, "axis": "y", "origin": [11.81822, -54.90586, 8.70143]},
			"faces": {
				"north": {"uv": [15, 11, 13, 9], "texture": "#2"},
				"east": {"uv": [15, 11, 13, 9], "texture": "#2"},
				"south": {"uv": [15, 11, 13, 9], "texture": "#2"},
				"west": {"uv": [15, 11, 13, 9], "texture": "#2"},
				"up": {"uv": [15, 11, 13, 9], "texture": "#2"},
				"down": {"uv": [15, 11, 13, 9], "texture": "#2"}
			}
		},
		{
			"from": [11.38796, -4.51086, 8.49943],
			"to": [11.90181, 26.92606, 9.12168],
			"rotation": {"angle": -45, "axis": "y", "origin": [11.81822, -54.90586, 8.70143]},
			"faces": {
				"north": {"uv": [15, 11, 13, 9], "texture": "#2"},
				"east": {"uv": [15, 11, 13, 9], "texture": "#2"},
				"south": {"uv": [15, 11, 13, 9], "texture": "#2"},
				"west": {"uv": [15, 11, 13, 9], "texture": "#2"},
				"up": {"uv": [15, 11, 13, 9], "texture": "#2"},
				"down": {"uv": [15, 11, 13, 9], "texture": "#2"}
			}
		},
		{
			"from": [11.73463, -4.51086, 8.49943],
			"to": [12.24848, 26.92606, 9.12168],
			"rotation": {"angle": -22.5, "axis": "y", "origin": [11.81822, -54.90586, 8.70143]},
			"faces": {
				"north": {"uv": [15, 11, 13, 9], "texture": "#2"},
				"east": {"uv": [15, 11, 13, 9], "texture": "#2"},
				"south": {"uv": [15, 11, 13, 9], "texture": "#2"},
				"west": {"uv": [15, 11, 13, 9], "texture": "#2"},
				"up": {"uv": [15, 11, 13, 9], "texture": "#2"},
				"down": {"uv": [15, 11, 13, 9], "texture": "#2"}
			}
		},
		{
			"from": [12.05491, -4.51086, 8.6321],
			"to": [12.56877, 26.92606, 9.25434],
			"rotation": {"angle": 0, "axis": "y", "origin": [11.81822, -54.90586, 8.70143]},
			"faces": {
				"north": {"uv": [15, 11, 13, 9], "texture": "#2"},
				"east": {"uv": [15, 11, 13, 9], "texture": "#2"},
				"south": {"uv": [15, 11, 13, 9], "texture": "#2"},
				"west": {"uv": [15, 11, 13, 9], "texture": "#2"},
				"up": {"uv": [15, 11, 13, 9], "texture": "#2"},
				"down": {"uv": [15, 11, 13, 9], "texture": "#2"}
			}
		},
		{
			"from": [12.05491, -4.51086, 6.67102],
			"to": [12.56877, 26.92606, 8.71887],
			"rotation": {"angle": 0, "axis": "y", "origin": [11.81822, -54.90586, 7.22393]},
			"faces": {
				"north": {"uv": [15, 11, 13, 9], "texture": "#2"},
				"east": {"uv": [15, 11, 13, 9], "texture": "#2"},
				"south": {"uv": [15, 11, 13, 9], "texture": "#2"},
				"west": {"uv": [15, 11, 13, 9], "texture": "#2"},
				"up": {"uv": [15, 11, 13, 9], "texture": "#2"},
				"down": {"uv": [15, 11, 13, 9], "texture": "#2"}
			}
		},
		{
			"from": [11.39675, -4.51086, 6.94364],
			"to": [11.91061, 26.92606, 8.99148],
			"rotation": {"angle": 45, "axis": "y", "origin": [11.65368, -19.0864, 7.30452]},
			"faces": {
				"north": {"uv": [15, 11, 13, 9], "texture": "#2"},
				"east": {"uv": [15, 11, 13, 9], "texture": "#2"},
				"south": {"uv": [15, 11, 13, 9], "texture": "#2"},
				"west": {"uv": [15, 11, 13, 9], "texture": "#2"},
				"up": {"uv": [15, 11, 13, 9], "texture": "#2"},
				"down": {"uv": [15, 11, 13, 9], "texture": "#2"}
			}
		},
		{
			"from": [11.75295, -4.51086, 6.87279],
			"to": [12.2668, 26.92606, 8.92063],
			"rotation": {"angle": 22.5, "axis": "y", "origin": [11.65368, -19.0864, 7.30452]},
			"faces": {
				"north": {"uv": [15, 11, 13, 9], "texture": "#2"},
				"east": {"uv": [15, 11, 13, 9], "texture": "#2"},
				"south": {"uv": [15, 11, 13, 9], "texture": "#2"},
				"west": {"uv": [15, 11, 13, 9], "texture": "#2"},
				"up": {"uv": [15, 11, 13, 9], "texture": "#2"},
				"down": {"uv": [15, 11, 13, 9], "texture": "#2"}
			}
		},
		{
			"from": [12.40158, -4.51086, 6.81462],
			"to": [12.91544, 26.92606, 7.43686],
			"shade": false,
			"rotation": {"angle": -22.5, "axis": "y", "origin": [12.84613, -54.90586, 7.16306]},
			"faces": {
				"north": {"uv": [15, 11, 13, 9], "texture": "#2"},
				"east": {"uv": [15, 11, 13, 9], "texture": "#2"},
				"south": {"uv": [15, 11, 13, 9], "texture": "#2"},
				"west": {"uv": [15, 11, 13, 9], "texture": "#2"},
				"up": {"uv": [15, 11, 13, 9], "texture": "#2"},
				"down": {"uv": [15, 11, 13, 9], "texture": "#2"}
			}
		},
		{
			"from": [11.24342, -4.51086, 7.33052],
			"to": [13.52886, 26.92606, 7.84437],
			"rotation": {"angle": 22.5, "axis": "y", "origin": [13.21774, -54.90586, 7.58744]},
			"faces": {
				"north": {"uv": [15, 11, 13, 9], "texture": "#2"},
				"east": {"uv": [15, 11, 13, 9], "texture": "#2"},
				"south": {"uv": [15, 11, 13, 9], "texture": "#2"},
				"west": {"uv": [15, 11, 13, 9], "texture": "#2"},
				"up": {"uv": [15, 11, 13, 9], "texture": "#2"},
				"down": {"uv": [15, 11, 13, 9], "texture": "#2"}
			}
		},
		{
			"from": [10.90913, -4.51086, 7.09375],
			"to": [13.19457, 26.92606, 7.6076],
			"rotation": {"angle": 45, "axis": "y", "origin": [12.84613, -54.90586, 7.16306]},
			"faces": {
				"north": {"uv": [15, 11, 13, 9], "texture": "#2"},
				"east": {"uv": [15, 11, 13, 9], "texture": "#2"},
				"south": {"uv": [15, 11, 13, 9], "texture": "#2"},
				"west": {"uv": [15, 11, 13, 9], "texture": "#2"},
				"up": {"uv": [15, 11, 13, 9], "texture": "#2"},
				"down": {"uv": [15, 11, 13, 9], "texture": "#2"}
			}
		},
		{
			"from": [11.02018, -4.51086, 7.70575],
			"to": [13.30562, 26.92606, 8.21961],
			"rotation": {"angle": 0, "axis": "y", "origin": [10.62877, -57.81637, 18.90216]},
			"faces": {
				"north": {"uv": [15, 11, 13, 9], "texture": "#2"},
				"east": {"uv": [15, 11, 13, 9], "texture": "#2"},
				"south": {"uv": [15, 11, 13, 9], "texture": "#2"},
				"west": {"uv": [15, 11, 13, 9], "texture": "#2"},
				"up": {"uv": [15, 11, 13, 9], "texture": "#2"},
				"down": {"uv": [15, 11, 13, 9], "texture": "#2"}
			}
		},
		{
			"from": [2.70762, 3.09062, 3.67078],
			"to": [2.70762, 10.396, 12.19028],
			"rotation": {"angle": 0, "axis": "y", "origin": [-26.25598, -9.17589, 4.84173]},
			"faces": {
				"north": {"uv": [0, 0, 16, 16], "texture": "#4"},
				"east": {"uv": [0, 0, 16, 16], "texture": "#1"},
				"south": {"uv": [0, 0, 16, 16], "texture": "#4"},
				"west": {"uv": [0, 0, 16, 16], "texture": "#4"},
				"up": {"uv": [0, 0, 16, 16], "rotation": 270, "texture": "#4"},
				"down": {"uv": [0, 0, 16, 16], "rotation": 90, "texture": "#4"}
			}
		}
	],
	"display": {
		"thirdperson_righthand": {
			"rotation": [69, -90, 0],
			"translation": [-12.5, 4.75, 3.5],
			"scale": [0.2, 0.2, 0.2]
		},
		"thirdperson_lefthand": {
			"rotation": [69, 90, 0],
			"translation": [-12.5, 4.75, 3.5],
			"scale": [0.2, 0.2, 0.2]
		},
		"firstperson_righthand": {
			"translation": [-17.25, 4, -0.5],
			"scale": [0.15, 0.15, 0.15]
		},
		"firstperson_lefthand": {
			"translation": [-17.25, 4, -0.5],
			"scale": [0.15, 0.15, 0.15]
		},
		"ground": {
			"scale": [0.23, 0.2, 0.2]
		},
		"gui": {
			"scale": [0.25, 0.29, 1]
		},
		"head": {
            "translation": [47, -8, 0],
			"rotation": [0, 270, 0],
			"scale": [2.7, 2.7, 2.7]
		},
		"fixed": {
			"translation": [0, 0, -3],
			"scale": [0.56, 0.47, 0.52]
		}
	},
	"groups": [
		{
			"name": "sail2part2",
			"origin": [-26.25598, 26.46411, 4.84173],
			"color": 0,
			"children": [
				0,
				1,
				2,
				3,
				4,
				5,
				6,
				7,
				8,
				9,
				10,
				11,
				12,
				13,
				14,
				15,
				16,
				17,
				18,
				19,
				20,
				21,
				22,
				23,
				24,
				25,
				26,
				27,
				28,
				29,
				30,
				31,
				32,
				33,
				34,
				35,
				36,
				37,
				38,
				39,
				40,
				41,
				42,
				43,
				44,
				45,
				46,
				47,
				48,
				49,
				50
			]
		}
	]
}