{
	"credit": "Made with Blockbench",
	"texture_size": [32, 32],
	"textures": {
		"1": "concrete:vehicle/boat/muslim/sail",
		"2": "concrete:vehicle/boat/muslim/wood",
		"4": "concrete:vehicle/boat/muslim/flag",
		"particle": "concrete:vehicle/boat/muslim/wood"
	},
	"elements": [
		{
			"from": [5.74128, 1.6181, -7.48949],
			"to": [5.74128, 5.89754, 23.52755],
			"rotation": {"angle": 22.5, "axis": "z", "origin": [5.74128, 3.75782, 7.77903]},
			"faces": {
				"north": {"uv": [0, 0, 16, 16], "texture": "#4"},
				"east": {"uv": [0, 0, 16, 16], "texture": "#1"},
				"south": {"uv": [0, 0, 16, 16], "texture": "#4"},
				"west": {"uv": [0, 0, 16, 16], "texture": "#1"},
				"up": {"uv": [0, 0, 16, 16], "rotation": 270, "texture": "#4"},
				"down": {"uv": [0, 0, 16, 16], "rotation": 90, "texture": "#4"}
			}
		},
		{
			"from": [4.92245, 5.73467, -7.48949],
			"to": [4.92245, 11.29411, 23.52755],
			"rotation": {"angle": 0, "axis": "y", "origin": [4.92245, 7.87439, 7.77903]},
			"faces": {
				"north": {"uv": [0, 0, 16, 16], "texture": "#4"},
				"east": {"uv": [0, 0, 16, 16], "texture": "#1"},
				"south": {"uv": [0, 0, 16, 16], "texture": "#4"},
				"west": {"uv": [0, 0, 16, 16], "texture": "#1"},
				"up": {"uv": [0, 0, 16, 16], "rotation": 270, "texture": "#4"},
				"down": {"uv": [0, 0, 16, 16], "rotation": 90, "texture": "#4"}
			}
		},
		{
			"from": [5.74128, 11.13123, -7.48949],
			"to": [5.74128, 15.41068, 23.52755],
			"rotation": {"angle": -22.5, "axis": "z", "origin": [5.74128, 13.27095, 7.77903]},
			"faces": {
				"north": {"uv": [0, 0, 16, 16], "texture": "#4"},
				"east": {"uv": [0, 0, 16, 16], "texture": "#1"},
				"south": {"uv": [0, 0, 16, 16], "texture": "#4"},
				"west": {"uv": [0, 0, 16, 16], "texture": "#1"},
				"up": {"uv": [0, 0, 16, 16], "rotation": 270, "texture": "#4"},
				"down": {"uv": [0, 0, 16, 16], "rotation": 90, "texture": "#4"}
			}
		},
		{
			"from": [-3.74969, -5.80893, -7.48949],
			"to": [-3.74969, -2.48949, 23.52755],
			"rotation": {"angle": 45, "axis": "z", "origin": [-3.74969, 12.09079, 7.77903]},
			"faces": {
				"north": {"uv": [0, 0, 16, 16], "texture": "#4"},
				"east": {"uv": [0, 0, 16, 16], "texture": "#1"},
				"south": {"uv": [0, 0, 16, 16], "texture": "#4"},
				"west": {"uv": [0, 0, 16, 16], "texture": "#1"},
				"up": {"uv": [0, 0, 16, 16], "rotation": 270, "texture": "#4"},
				"down": {"uv": [0, 0, 16, 16], "rotation": 90, "texture": "#4"}
			}
		},
		{
			"from": [6.8017, 13.95546, -7.48949],
			"to": [6.8017, 18.2349, 23.52755],
			"rotation": {"angle": -45, "axis": "z", "origin": [8.2417, 14.89518, 7.77903]},
			"faces": {
				"north": {"uv": [0, 0, 16, 16], "texture": "#4"},
				"east": {"uv": [0, 0, 16, 16], "texture": "#1"},
				"south": {"uv": [0, 0, 16, 16], "texture": "#4"},
				"west": {"uv": [0, 0, 16, 16], "texture": "#1"},
				"up": {"uv": [0, 0, 16, 16], "rotation": 270, "texture": "#4"},
				"down": {"uv": [0, 0, 16, 16], "rotation": 90, "texture": "#4"}
			}
		},
		{
			"from": [10.15438, -0.27466, -8.19902],
			"to": [10.5734, 0.07137, 23.69063],
			"rotation": {"angle": 0, "axis": "y", "origin": [9.72873, -0.12678, 8.06581]},
			"faces": {
				"north": {"uv": [15, 11, 13, 9], "rotation": 180, "texture": "#2"},
				"east": {"uv": [15, 11, 13, 9], "rotation": 270, "texture": "#2"},
				"south": {"uv": [15, 11, 13, 9], "texture": "#2"},
				"west": {"uv": [15, 11, 13, 9], "rotation": 90, "texture": "#2"},
				"up": {"uv": [15, 11, 13, 9], "rotation": 180, "texture": "#2"},
				"down": {"uv": [15, 11, 13, 9], "texture": "#2"}
			}
		},
		{
			"from": [8.86668, -0.28619, -8.19902],
			"to": [10.5657, 0.05984, 23.69063],
			"rotation": {"angle": -22.5, "axis": "z", "origin": [9.72873, -0.12678, 8.06581]},
			"faces": {
				"north": {"uv": [15, 11, 13, 9], "rotation": 180, "texture": "#2"},
				"east": {"uv": [15, 11, 13, 9], "rotation": 270, "texture": "#2"},
				"south": {"uv": [15, 11, 13, 9], "texture": "#2"},
				"west": {"uv": [15, 11, 13, 9], "rotation": 90, "texture": "#2"},
				"up": {"uv": [15, 11, 13, 9], "rotation": 180, "texture": "#2"},
				"down": {"uv": [15, 11, 13, 9], "texture": "#2"}
			}
		},
		{
			"from": [9.54211, -0.96375, -8.19902],
			"to": [9.88814, -0.54473, 23.69063],
			"rotation": {"angle": 22.5, "axis": "z", "origin": [9.72873, -0.12678, 8.06581]},
			"faces": {
				"north": {"uv": [15, 11, 13, 9], "rotation": 180, "texture": "#2"},
				"east": {"uv": [15, 11, 13, 9], "rotation": 270, "texture": "#2"},
				"south": {"uv": [15, 11, 13, 9], "texture": "#2"},
				"west": {"uv": [15, 11, 13, 9], "rotation": 90, "texture": "#2"},
				"up": {"uv": [15, 11, 13, 9], "rotation": 180, "texture": "#2"},
				"down": {"uv": [15, 11, 13, 9], "texture": "#2"}
			}
		},
		{
			"from": [10.14397, -0.29979, -8.19902],
			"to": [10.56299, 0.04624, 23.69063],
			"rotation": {"angle": -45, "axis": "z", "origin": [9.72873, -0.12678, 8.06581]},
			"faces": {
				"north": {"uv": [15, 11, 13, 9], "rotation": 180, "texture": "#2"},
				"east": {"uv": [15, 11, 13, 9], "rotation": 270, "texture": "#2"},
				"south": {"uv": [15, 11, 13, 9], "texture": "#2"},
				"west": {"uv": [15, 11, 13, 9], "rotation": 90, "texture": "#2"},
				"up": {"uv": [15, 11, 13, 9], "rotation": 180, "texture": "#2"},
				"down": {"uv": [15, 11, 13, 9], "texture": "#2"}
			}
		},
		{
			"from": [8.84532, -0.26696, -8.19902],
			"to": [9.26434, 0.07907, 23.69063],
			"rotation": {"angle": 22.5, "axis": "z", "origin": [9.72873, -0.12678, 8.06581]},
			"faces": {
				"north": {"uv": [15, 11, 13, 9], "rotation": 180, "texture": "#2"},
				"east": {"uv": [15, 11, 13, 9], "rotation": 270, "texture": "#2"},
				"south": {"uv": [15, 11, 13, 9], "texture": "#2"},
				"west": {"uv": [15, 11, 13, 9], "rotation": 90, "texture": "#2"},
				"up": {"uv": [15, 11, 13, 9], "rotation": 180, "texture": "#2"},
				"down": {"uv": [15, 11, 13, 9], "texture": "#2"}
			}
		},
		{
			"from": [9.52017, -0.99658, -8.19902],
			"to": [9.8662, -0.57756, 23.69063],
			"rotation": {"angle": -45, "axis": "z", "origin": [9.72873, -0.12678, 8.06581]},
			"faces": {
				"north": {"uv": [15, 11, 13, 9], "rotation": 180, "texture": "#2"},
				"east": {"uv": [15, 11, 13, 9], "rotation": 270, "texture": "#2"},
				"south": {"uv": [15, 11, 13, 9], "texture": "#2"},
				"west": {"uv": [15, 11, 13, 9], "rotation": 90, "texture": "#2"},
				"up": {"uv": [15, 11, 13, 9], "rotation": 180, "texture": "#2"},
				"down": {"uv": [15, 11, 13, 9], "texture": "#2"}
			}
		},
		{
			"from": [9.52288, -0.98298, -8.19902],
			"to": [9.86891, -0.56396, 23.69063],
			"rotation": {"angle": -22.5, "axis": "z", "origin": [9.72873, -0.12678, 8.06581]},
			"faces": {
				"north": {"uv": [15, 11, 13, 9], "rotation": 180, "texture": "#2"},
				"east": {"uv": [15, 11, 13, 9], "rotation": 270, "texture": "#2"},
				"south": {"uv": [15, 11, 13, 9], "texture": "#2"},
				"west": {"uv": [15, 11, 13, 9], "rotation": 90, "texture": "#2"},
				"up": {"uv": [15, 11, 13, 9], "rotation": 180, "texture": "#2"},
				"down": {"uv": [15, 11, 13, 9], "texture": "#2"}
			}
		},
		{
			"from": [9.53058, -0.97145, -8.19902],
			"to": [9.87661, -0.55243, 23.69063],
			"rotation": {"angle": 0, "axis": "y", "origin": [9.72873, -0.12678, 8.06581]},
			"faces": {
				"north": {"uv": [15, 11, 13, 9], "rotation": 180, "texture": "#2"},
				"east": {"uv": [15, 11, 13, 9], "rotation": 270, "texture": "#2"},
				"south": {"uv": [15, 11, 13, 9], "texture": "#2"},
				"west": {"uv": [15, 11, 13, 9], "rotation": 90, "texture": "#2"},
				"up": {"uv": [15, 11, 13, 9], "rotation": 180, "texture": "#2"},
				"down": {"uv": [15, 11, 13, 9], "texture": "#2"}
			}
		},
		{
			"from": [9.53058, -0.61086, -8.19902],
			"to": [9.87661, 0.76816, 23.69063],
			"rotation": {"angle": 0, "axis": "y", "origin": [9.72873, -0.12678, 8.06581]},
			"faces": {
				"north": {"uv": [15, 11, 13, 9], "rotation": 180, "texture": "#2"},
				"east": {"uv": [15, 11, 13, 9], "rotation": 270, "texture": "#2"},
				"south": {"uv": [15, 11, 13, 9], "texture": "#2"},
				"west": {"uv": [15, 11, 13, 9], "rotation": 90, "texture": "#2"},
				"up": {"uv": [15, 11, 13, 9], "rotation": 180, "texture": "#2"},
				"down": {"uv": [15, 11, 13, 9], "texture": "#2"}
			}
		},
		{
			"from": [9.55571, -0.60045, -8.19902],
			"to": [9.90174, 0.77857, 23.69063],
			"rotation": {"angle": 45, "axis": "z", "origin": [9.72873, -0.12678, 8.06581]},
			"faces": {
				"north": {"uv": [15, 11, 13, 9], "rotation": 180, "texture": "#2"},
				"east": {"uv": [15, 11, 13, 9], "rotation": 270, "texture": "#2"},
				"south": {"uv": [15, 11, 13, 9], "texture": "#2"},
				"west": {"uv": [15, 11, 13, 9], "rotation": 90, "texture": "#2"},
				"up": {"uv": [15, 11, 13, 9], "rotation": 180, "texture": "#2"},
				"down": {"uv": [15, 11, 13, 9], "texture": "#2"}
			}
		},
		{
			"from": [9.54211, -0.60316, -8.19902],
			"to": [9.88814, 0.77586, 23.69063],
			"rotation": {"angle": 22.5, "axis": "z", "origin": [9.72873, -0.12678, 8.06581]},
			"faces": {
				"north": {"uv": [15, 11, 13, 9], "rotation": 180, "texture": "#2"},
				"east": {"uv": [15, 11, 13, 9], "rotation": 270, "texture": "#2"},
				"south": {"uv": [15, 11, 13, 9], "texture": "#2"},
				"west": {"uv": [15, 11, 13, 9], "rotation": 90, "texture": "#2"},
				"up": {"uv": [15, 11, 13, 9], "rotation": 180, "texture": "#2"},
				"down": {"uv": [15, 11, 13, 9], "texture": "#2"}
			}
		},
		{
			"from": [9.52288, 0.33761, -8.19902],
			"to": [9.86891, 0.75663, 23.69063],
			"shade": false,
			"rotation": {"angle": -22.5, "axis": "z", "origin": [9.72873, -0.12678, 8.06581]},
			"faces": {
				"north": {"uv": [15, 11, 13, 9], "rotation": 180, "texture": "#2"},
				"east": {"uv": [15, 11, 13, 9], "rotation": 270, "texture": "#2"},
				"south": {"uv": [15, 11, 13, 9], "texture": "#2"},
				"west": {"uv": [15, 11, 13, 9], "rotation": 90, "texture": "#2"},
				"up": {"uv": [15, 11, 13, 9], "rotation": 180, "texture": "#2"},
				"down": {"uv": [15, 11, 13, 9], "texture": "#2"}
			}
		},
		{
			"from": [9.04591, -0.26696, -8.19902],
			"to": [10.58493, 0.07907, 23.69063],
			"rotation": {"angle": 22.5, "axis": "z", "origin": [9.72873, -0.12678, 8.06581]},
			"faces": {
				"north": {"uv": [15, 11, 13, 9], "rotation": 180, "texture": "#2"},
				"east": {"uv": [15, 11, 13, 9], "rotation": 270, "texture": "#2"},
				"south": {"uv": [15, 11, 13, 9], "texture": "#2"},
				"west": {"uv": [15, 11, 13, 9], "rotation": 90, "texture": "#2"},
				"up": {"uv": [15, 11, 13, 9], "rotation": 180, "texture": "#2"},
				"down": {"uv": [15, 11, 13, 9], "texture": "#2"}
			}
		},
		{
			"from": [9.05951, -0.26425, -8.19902],
			"to": [10.59853, 0.08178, 23.69063],
			"rotation": {"angle": 45, "axis": "z", "origin": [9.72873, -0.12678, 8.06581]},
			"faces": {
				"north": {"uv": [15, 11, 13, 9], "rotation": 180, "texture": "#2"},
				"east": {"uv": [15, 11, 13, 9], "rotation": 270, "texture": "#2"},
				"south": {"uv": [15, 11, 13, 9], "texture": "#2"},
				"west": {"uv": [15, 11, 13, 9], "rotation": 90, "texture": "#2"},
				"up": {"uv": [15, 11, 13, 9], "rotation": 180, "texture": "#2"},
				"down": {"uv": [15, 11, 13, 9], "texture": "#2"}
			}
		},
		{
			"from": [8.83379, -0.27466, -8.19902],
			"to": [10.37281, 0.07137, 23.69063],
			"rotation": {"angle": 0, "axis": "y", "origin": [9.72873, -0.12678, 8.06581]},
			"faces": {
				"north": {"uv": [15, 11, 13, 9], "rotation": 180, "texture": "#2"},
				"east": {"uv": [15, 11, 13, 9], "rotation": 270, "texture": "#2"},
				"south": {"uv": [15, 11, 13, 9], "texture": "#2"},
				"west": {"uv": [15, 11, 13, 9], "rotation": 90, "texture": "#2"},
				"up": {"uv": [15, 11, 13, 9], "rotation": 180, "texture": "#2"},
				"down": {"uv": [15, 11, 13, 9], "texture": "#2"}
			}
		},
		{
			"from": [4.20454, 10.83214, -0.92949],
			"to": [4.20454, 14.95159, 15.52755],
			"rotation": {"angle": -22.5, "axis": "z", "origin": [5.96454, 9.53186, 7.21903]},
			"faces": {
				"north": {"uv": [0, 0, 16, 16], "texture": "#4"},
				"east": {"uv": [0, 0, 16, 16], "texture": "#1"},
				"south": {"uv": [0, 0, 16, 16], "texture": "#4"},
				"west": {"uv": [0, 0, 16, 5], "texture": "#4"},
				"up": {"uv": [0, 0, 16, 16], "rotation": 270, "texture": "#4"},
				"down": {"uv": [0, 0, 16, 16], "rotation": 90, "texture": "#4"}
			}
		},
		{
			"from": [4.83611, 5.68725, -0.92949],
			"to": [4.83611, 11.40669, 15.52755],
			"rotation": {"angle": 0, "axis": "y", "origin": [4.052, 27.18697, 5.93903]},
			"faces": {
				"north": {"uv": [0, 0, 16, 16], "texture": "#4"},
				"east": {"uv": [0, 0, 16, 16], "texture": "#1"},
				"south": {"uv": [0, 0, 16, 16], "texture": "#4"},
				"west": {"uv": [0, 4.5, 16, 10.5], "texture": "#4"},
				"up": {"uv": [0, 0, 16, 16], "rotation": 270, "texture": "#4"},
				"down": {"uv": [0, 0, 16, 16], "rotation": 90, "texture": "#4"}
			}
		},
		{
			"from": [5.62433, 1.72459, -0.92949],
			"to": [5.62433, 5.84403, 15.52755],
			"rotation": {"angle": 22.5, "axis": "z", "origin": [5.62433, 3.78431, 7.21903]},
			"faces": {
				"north": {"uv": [0, 0, 16, 16], "texture": "#4"},
				"east": {"uv": [0, 0, 16, 16], "texture": "#1"},
				"south": {"uv": [0, 0, 16, 16], "texture": "#4"},
				"west": {"uv": [0, 9.5, 16, 16], "texture": "#4"},
				"up": {"uv": [0, 0, 16, 16], "rotation": 270, "texture": "#4"},
				"down": {"uv": [0, 0, 16, 16], "rotation": 90, "texture": "#4"}
			}
		},
		{
			"from": [9.63379, -16, 7.86766],
			"to": [11.17281, 20.13805, 8.21369],
			"rotation": {"angle": 0, "axis": "y", "origin": [9.37021, -15.80756, 15.40733]},
			"faces": {
				"north": {"uv": [15, 11, 13, 9], "texture": "#2"},
				"east": {"uv": [15, 11, 13, 9], "texture": "#2"},
				"south": {"uv": [15, 11, 13, 9], "texture": "#2"},
				"west": {"uv": [15, 11, 13, 9], "texture": "#2"},
				"up": {"uv": [15, 11, 13, 9], "texture": "#2"},
				"down": {"uv": [15, 11, 13, 9], "texture": "#2"}
			}
		},
		{
			"from": [9.55901, -16, 7.45554],
			"to": [11.09803, 20.13805, 7.80157],
			"rotation": {"angle": 45, "axis": "y", "origin": [10.86339, -13.84763, 7.50221]},
			"faces": {
				"north": {"uv": [15, 11, 13, 9], "texture": "#2"},
				"east": {"uv": [15, 11, 13, 9], "texture": "#2"},
				"south": {"uv": [15, 11, 13, 9], "texture": "#2"},
				"west": {"uv": [15, 11, 13, 9], "texture": "#2"},
				"up": {"uv": [15, 11, 13, 9], "texture": "#2"},
				"down": {"uv": [15, 11, 13, 9], "texture": "#2"}
			}
		},
		{
			"from": [9.78412, -16, 7.61498],
			"to": [11.32314, 20.13805, 7.96101],
			"rotation": {"angle": 22.5, "axis": "y", "origin": [11.11363, -13.84763, 7.78799]},
			"faces": {
				"north": {"uv": [15, 11, 13, 9], "texture": "#2"},
				"east": {"uv": [15, 11, 13, 9], "texture": "#2"},
				"south": {"uv": [15, 11, 13, 9], "texture": "#2"},
				"west": {"uv": [15, 11, 13, 9], "texture": "#2"},
				"up": {"uv": [15, 11, 13, 9], "texture": "#2"},
				"down": {"uv": [15, 11, 13, 9], "texture": "#2"}
			}
		},
		{
			"from": [10.56403, -16, 7.26757],
			"to": [10.91006, 20.13805, 7.68659],
			"shade": false,
			"rotation": {"angle": -22.5, "axis": "y", "origin": [10.86339, -13.84763, 7.50221]},
			"faces": {
				"north": {"uv": [15, 11, 13, 9], "texture": "#2"},
				"east": {"uv": [15, 11, 13, 9], "texture": "#2"},
				"south": {"uv": [15, 11, 13, 9], "texture": "#2"},
				"west": {"uv": [15, 11, 13, 9], "texture": "#2"},
				"up": {"uv": [15, 11, 13, 9], "texture": "#2"},
				"down": {"uv": [15, 11, 13, 9], "texture": "#2"}
			}
		},
		{
			"from": [10.12724, -16, 7.30674],
			"to": [10.47327, 20.13805, 8.68576],
			"rotation": {"angle": 22.5, "axis": "y", "origin": [10.06039, 10.27322, 7.59747]},
			"faces": {
				"north": {"uv": [15, 11, 13, 9], "texture": "#2"},
				"east": {"uv": [15, 11, 13, 9], "texture": "#2"},
				"south": {"uv": [15, 11, 13, 9], "texture": "#2"},
				"west": {"uv": [15, 11, 13, 9], "texture": "#2"},
				"up": {"uv": [15, 11, 13, 9], "texture": "#2"},
				"down": {"uv": [15, 11, 13, 9], "texture": "#2"}
			}
		},
		{
			"from": [9.88738, -16, 7.35445],
			"to": [10.23341, 20.13805, 8.73347],
			"rotation": {"angle": 45, "axis": "y", "origin": [10.06039, 10.27322, 7.59747]},
			"faces": {
				"north": {"uv": [15, 11, 13, 9], "texture": "#2"},
				"east": {"uv": [15, 11, 13, 9], "texture": "#2"},
				"south": {"uv": [15, 11, 13, 9], "texture": "#2"},
				"west": {"uv": [15, 11, 13, 9], "texture": "#2"},
				"up": {"uv": [15, 11, 13, 9], "texture": "#2"},
				"down": {"uv": [15, 11, 13, 9], "texture": "#2"}
			}
		},
		{
			"from": [10.33058, -16, 7.17087],
			"to": [10.67661, 20.13805, 8.54989],
			"rotation": {"angle": 0, "axis": "y", "origin": [10.17119, -13.84763, 7.5432]},
			"faces": {
				"north": {"uv": [15, 11, 13, 9], "texture": "#2"},
				"east": {"uv": [15, 11, 13, 9], "texture": "#2"},
				"south": {"uv": [15, 11, 13, 9], "texture": "#2"},
				"west": {"uv": [15, 11, 13, 9], "texture": "#2"},
				"up": {"uv": [15, 11, 13, 9], "texture": "#2"},
				"down": {"uv": [15, 11, 13, 9], "texture": "#2"}
			}
		},
		{
			"from": [10.33058, -16, 8.49146],
			"to": [10.67661, 20.13805, 8.91048],
			"rotation": {"angle": 0, "axis": "y", "origin": [10.17119, -13.84763, 8.53816]},
			"faces": {
				"north": {"uv": [15, 11, 13, 9], "texture": "#2"},
				"east": {"uv": [15, 11, 13, 9], "texture": "#2"},
				"south": {"uv": [15, 11, 13, 9], "texture": "#2"},
				"west": {"uv": [15, 11, 13, 9], "texture": "#2"},
				"up": {"uv": [15, 11, 13, 9], "texture": "#2"},
				"down": {"uv": [15, 11, 13, 9], "texture": "#2"}
			}
		},
		{
			"from": [10.1149, -16, 8.40213],
			"to": [10.46093, 20.13805, 8.82115],
			"rotation": {"angle": -22.5, "axis": "y", "origin": [10.17119, -13.84763, 8.53816]},
			"faces": {
				"north": {"uv": [15, 11, 13, 9], "texture": "#2"},
				"east": {"uv": [15, 11, 13, 9], "texture": "#2"},
				"south": {"uv": [15, 11, 13, 9], "texture": "#2"},
				"west": {"uv": [15, 11, 13, 9], "texture": "#2"},
				"up": {"uv": [15, 11, 13, 9], "texture": "#2"},
				"down": {"uv": [15, 11, 13, 9], "texture": "#2"}
			}
		},
		{
			"from": [9.88145, -16, 8.40213],
			"to": [10.22748, 20.13805, 8.82115],
			"rotation": {"angle": -45, "axis": "y", "origin": [10.17119, -13.84763, 8.53816]},
			"faces": {
				"north": {"uv": [15, 11, 13, 9], "texture": "#2"},
				"east": {"uv": [15, 11, 13, 9], "texture": "#2"},
				"south": {"uv": [15, 11, 13, 9], "texture": "#2"},
				"west": {"uv": [15, 11, 13, 9], "texture": "#2"},
				"up": {"uv": [15, 11, 13, 9], "texture": "#2"},
				"down": {"uv": [15, 11, 13, 9], "texture": "#2"}
			}
		},
		{
			"from": [9.79886, -16, 8.03274],
			"to": [10.21788, 20.13805, 8.37877],
			"rotation": {"angle": 22.5, "axis": "y", "origin": [10.17119, -13.84763, 8.53816]},
			"faces": {
				"north": {"uv": [15, 11, 13, 9], "texture": "#2"},
				"east": {"uv": [15, 11, 13, 9], "texture": "#2"},
				"south": {"uv": [15, 11, 13, 9], "texture": "#2"},
				"west": {"uv": [15, 11, 13, 9], "texture": "#2"},
				"up": {"uv": [15, 11, 13, 9], "texture": "#2"},
				"down": {"uv": [15, 11, 13, 9], "texture": "#2"}
			}
		},
		{
			"from": [10.67901, -16, 8.27979],
			"to": [11.09803, 20.13805, 8.62582],
			"rotation": {"angle": -45, "axis": "y", "origin": [10.86339, -13.84763, 8.57914]},
			"faces": {
				"north": {"uv": [15, 11, 13, 9], "texture": "#2"},
				"east": {"uv": [15, 11, 13, 9], "texture": "#2"},
				"south": {"uv": [15, 11, 13, 9], "texture": "#2"},
				"west": {"uv": [15, 11, 13, 9], "texture": "#2"},
				"up": {"uv": [15, 11, 13, 9], "texture": "#2"},
				"down": {"uv": [15, 11, 13, 9], "texture": "#2"}
			}
		},
		{
			"from": [10.56403, -16, 8.39476],
			"to": [10.91006, 20.13805, 8.81379],
			"rotation": {"angle": 22.5, "axis": "y", "origin": [10.86339, -13.84763, 8.57914]},
			"faces": {
				"north": {"uv": [15, 11, 13, 9], "texture": "#2"},
				"east": {"uv": [15, 11, 13, 9], "texture": "#2"},
				"south": {"uv": [15, 11, 13, 9], "texture": "#2"},
				"west": {"uv": [15, 11, 13, 9], "texture": "#2"},
				"up": {"uv": [15, 11, 13, 9], "texture": "#2"},
				"down": {"uv": [15, 11, 13, 9], "texture": "#2"}
			}
		},
		{
			"from": [10.90412, -16, 8.12035],
			"to": [11.32314, 20.13805, 8.46638],
			"rotation": {"angle": -22.5, "axis": "y", "origin": [11.11363, -13.84763, 8.29336]},
			"faces": {
				"north": {"uv": [15, 11, 13, 9], "texture": "#2"},
				"east": {"uv": [15, 11, 13, 9], "texture": "#2"},
				"south": {"uv": [15, 11, 13, 9], "texture": "#2"},
				"west": {"uv": [15, 11, 13, 9], "texture": "#2"},
				"up": {"uv": [15, 11, 13, 9], "texture": "#2"},
				"down": {"uv": [15, 11, 13, 9], "texture": "#2"}
			}
		},
		{
			"from": [10.95438, -16, 7.86766],
			"to": [11.3734, 20.13805, 8.21369],
			"rotation": {"angle": 0, "axis": "y", "origin": [9.33912, -15.80756, 15.40733]},
			"faces": {
				"north": {"uv": [15, 11, 13, 9], "texture": "#2"},
				"east": {"uv": [15, 11, 13, 9], "texture": "#2"},
				"south": {"uv": [15, 11, 13, 9], "texture": "#2"},
				"west": {"uv": [15, 11, 13, 9], "texture": "#2"},
				"up": {"uv": [15, 11, 13, 9], "texture": "#2"},
				"down": {"uv": [15, 11, 13, 9], "texture": "#2"}
			}
		}
	],
	"display": {
		"thirdperson_righthand": {
			"rotation": [69, -90, 0],
			"translation": [-12.5, 4.75, 3.5],
			"scale": [0.2, 0.2, 0.2]
		},
		"thirdperson_lefthand": {
			"rotation": [69, 90, 0],
			"translation": [-12.5, 4.75, 3.5],
			"scale": [0.2, 0.2, 0.2]
		},
		"firstperson_righthand": {
			"translation": [-17.25, 4, -0.5],
			"scale": [0.15, 0.15, 0.15]
		},
		"firstperson_lefthand": {
			"translation": [-17.25, 40, -0.5],
			"scale": [0.15, 0.15, 0.15]
		},
		"ground": {
			"scale": [0.23, 0.2, 0.2]
		},
		"gui": {
			"scale": [0.25, 0.29, 1]
		},
		"head": {
            "translation": [0, 40, 0],
			"rotation": [0, 270, 0],
			"scale": [4, 4, 4]
		},
		"fixed": {
			"translation": [0, 0, -3],
			"scale": [0.56, 0.47, 0.52]
		}
	},
	"groups": [
		{
			"name": "sail2part1",
			"origin": [20.53912, -15.80756, 15.40733],
			"color": 0,
			"children": [0, 1, 2, 3, 4, 5, 6, 7, 8, 9, 10, 11, 12, 13, 14, 15, 16, 17, 18, 19, 20, 21, 22, 23, 24, 25, 26, 27, 28, 29, 30, 31, 32, 33, 34, 35, 36, 37]
		}
	]
}