{
	"credit": "Made with Blockbench",
	"texture_size": [32, 32],
	"textures": {
		"1": "concrete:vehicle/boat/muslim/sail",
		"2": "concrete:vehicle/boat/muslim/wood",
		"4": "concrete:vehicle/boat/muslim/flag",
		"particle": "concrete:vehicle/boat/muslim/wood"
	},
	"elements": [
		{
			"from": [9.76432, -13.38079, 8.21116],
			"to": [11.96512, 24.67101, 8.70598],
			"rotation": {"angle": 0, "axis": "y", "origin": [8, 8, 8]},
			"faces": {
				"north": {"uv": [15, 11, 13, 9], "texture": "#2"},
				"east": {"uv": [15, 11, 13, 9], "texture": "#2"},
				"south": {"uv": [15, 11, 13, 9], "texture": "#2"},
				"west": {"uv": [15, 11, 13, 9], "texture": "#2"},
				"up": {"uv": [15, 11, 13, 9], "texture": "#2"},
				"down": {"uv": [15, 11, 13, 9], "texture": "#2"}
			}
		},
		{
			"from": [8.84584, -13.38079, 10.20392],
			"to": [11.04664, 24.67101, 10.69875],
			"rotation": {"angle": 45, "axis": "y", "origin": [8, 8, 8]},
			"faces": {
				"north": {"uv": [15, 11, 13, 9], "texture": "#2"},
				"east": {"uv": [15, 11, 13, 9], "texture": "#2"},
				"south": {"uv": [15, 11, 13, 9], "texture": "#2"},
				"west": {"uv": [15, 11, 13, 9], "texture": "#2"},
				"up": {"uv": [15, 11, 13, 9], "texture": "#2"},
				"down": {"uv": [15, 11, 13, 9], "texture": "#2"}
			}
		},
		{
			"from": [9.6467, -13.38079, 9.32742],
			"to": [11.8475, 24.67101, 9.82224],
			"rotation": {"angle": 22.5, "axis": "y", "origin": [8, 8, 8]},
			"faces": {
				"north": {"uv": [15, 11, 13, 9], "texture": "#2"},
				"east": {"uv": [15, 11, 13, 9], "texture": "#2"},
				"south": {"uv": [15, 11, 13, 9], "texture": "#2"},
				"west": {"uv": [15, 11, 13, 9], "texture": "#2"},
				"up": {"uv": [15, 11, 13, 9], "texture": "#2"},
				"down": {"uv": [15, 11, 13, 9], "texture": "#2"}
			}
		},
		{
			"from": [10.70724, -13.38079, 6.02868],
			"to": [11.20206, 24.67101, 6.62787],
			"shade": false,
			"rotation": {"angle": -22.5, "axis": "y", "origin": [8, 8, 8]},
			"faces": {
				"north": {"uv": [15, 11, 13, 9], "texture": "#2"},
				"east": {"uv": [15, 11, 13, 9], "texture": "#2"},
				"south": {"uv": [15, 11, 13, 9], "texture": "#2"},
				"west": {"uv": [15, 11, 13, 9], "texture": "#2"},
				"up": {"uv": [15, 11, 13, 9], "texture": "#2"},
				"down": {"uv": [15, 11, 13, 9], "texture": "#2"}
			}
		},
		{
			"from": [10.35626, -13.38079, 8.33101],
			"to": [10.85108, 24.67101, 10.30301],
			"rotation": {"angle": 22.5, "axis": "y", "origin": [8, 8, 8]},
			"faces": {
				"north": {"uv": [15, 11, 13, 9], "texture": "#2"},
				"east": {"uv": [15, 11, 13, 9], "texture": "#2"},
				"south": {"uv": [15, 11, 13, 9], "texture": "#2"},
				"west": {"uv": [15, 11, 13, 9], "texture": "#2"},
				"up": {"uv": [15, 11, 13, 9], "texture": "#2"},
				"down": {"uv": [15, 11, 13, 9], "texture": "#2"}
			}
		},
		{
			"from": [9.55541, -13.38079, 9.20751],
			"to": [10.05023, 24.67101, 11.17951],
			"rotation": {"angle": 45, "axis": "y", "origin": [8, 8, 8]},
			"faces": {
				"north": {"uv": [15, 11, 13, 9], "texture": "#2"},
				"east": {"uv": [15, 11, 13, 9], "texture": "#2"},
				"south": {"uv": [15, 11, 13, 9], "texture": "#2"},
				"west": {"uv": [15, 11, 13, 9], "texture": "#2"},
				"up": {"uv": [15, 11, 13, 9], "texture": "#2"},
				"down": {"uv": [15, 11, 13, 9], "texture": "#2"}
			}
		},
		{
			"from": [10.76073, -13.38079, 7.21475],
			"to": [11.25555, 24.67101, 9.18675],
			"rotation": {"angle": 0, "axis": "y", "origin": [8, 8, 8]},
			"faces": {
				"north": {"uv": [15, 11, 13, 9], "texture": "#2"},
				"east": {"uv": [15, 11, 13, 9], "texture": "#2"},
				"south": {"uv": [15, 11, 13, 9], "texture": "#2"},
				"west": {"uv": [15, 11, 13, 9], "texture": "#2"},
				"up": {"uv": [15, 11, 13, 9], "texture": "#2"},
				"down": {"uv": [15, 11, 13, 9], "texture": "#2"}
			}
		},
		{
			"from": [10.76073, -13.38079, 9.10319],
			"to": [11.25555, 24.67101, 9.70239],
			"rotation": {"angle": 0, "axis": "y", "origin": [8, 8, 8]},
			"faces": {
				"north": {"uv": [15, 11, 13, 9], "texture": "#2"},
				"east": {"uv": [15, 11, 13, 9], "texture": "#2"},
				"south": {"uv": [15, 11, 13, 9], "texture": "#2"},
				"west": {"uv": [15, 11, 13, 9], "texture": "#2"},
				"up": {"uv": [15, 11, 13, 9], "texture": "#2"},
				"down": {"uv": [15, 11, 13, 9], "texture": "#2"}
			}
		},
		{
			"from": [10.70724, -13.38079, 7.91712],
			"to": [11.20206, 24.67101, 8.51632],
			"rotation": {"angle": -22.5, "axis": "y", "origin": [8, 8, 8]},
			"faces": {
				"north": {"uv": [15, 11, 13, 9], "texture": "#2"},
				"east": {"uv": [15, 11, 13, 9], "texture": "#2"},
				"south": {"uv": [15, 11, 13, 9], "texture": "#2"},
				"west": {"uv": [15, 11, 13, 9], "texture": "#2"},
				"up": {"uv": [15, 11, 13, 9], "texture": "#2"},
				"down": {"uv": [15, 11, 13, 9], "texture": "#2"}
			}
		},
		{
			"from": [10.20392, -13.38079, 6.8418],
			"to": [10.69875, 24.67101, 7.441],
			"rotation": {"angle": -45, "axis": "y", "origin": [8, 8, 8]},
			"faces": {
				"north": {"uv": [15, 11, 13, 9], "texture": "#2"},
				"east": {"uv": [15, 11, 13, 9], "texture": "#2"},
				"south": {"uv": [15, 11, 13, 9], "texture": "#2"},
				"west": {"uv": [15, 11, 13, 9], "texture": "#2"},
				"up": {"uv": [15, 11, 13, 9], "texture": "#2"},
				"down": {"uv": [15, 11, 13, 9], "texture": "#2"}
			}
		},
		{
			"from": [9.35985, -13.38079, 9.32742],
			"to": [9.95905, 24.67101, 9.82224],
			"rotation": {"angle": 22.5, "axis": "y", "origin": [8, 8, 8]},
			"faces": {
				"north": {"uv": [15, 11, 13, 9], "texture": "#2"},
				"east": {"uv": [15, 11, 13, 9], "texture": "#2"},
				"south": {"uv": [15, 11, 13, 9], "texture": "#2"},
				"west": {"uv": [15, 11, 13, 9], "texture": "#2"},
				"up": {"uv": [15, 11, 13, 9], "texture": "#2"},
				"down": {"uv": [15, 11, 13, 9], "texture": "#2"}
			}
		},
		{
			"from": [11.09596, -13.38079, 5.94977],
			"to": [11.69516, 24.67101, 6.44459],
			"rotation": {"angle": -45, "axis": "y", "origin": [8, 8, 8]},
			"faces": {
				"north": {"uv": [15, 11, 13, 9], "texture": "#2"},
				"east": {"uv": [15, 11, 13, 9], "texture": "#2"},
				"south": {"uv": [15, 11, 13, 9], "texture": "#2"},
				"west": {"uv": [15, 11, 13, 9], "texture": "#2"},
				"up": {"uv": [15, 11, 13, 9], "texture": "#2"},
				"down": {"uv": [15, 11, 13, 9], "texture": "#2"}
			}
		},
		{
			"from": [10.35626, -13.38079, 10.21945],
			"to": [10.85108, 24.67101, 10.81865],
			"rotation": {"angle": 22.5, "axis": "y", "origin": [8, 8, 8]},
			"faces": {
				"north": {"uv": [15, 11, 13, 9], "texture": "#2"},
				"east": {"uv": [15, 11, 13, 9], "texture": "#2"},
				"south": {"uv": [15, 11, 13, 9], "texture": "#2"},
				"west": {"uv": [15, 11, 13, 9], "texture": "#2"},
				"up": {"uv": [15, 11, 13, 9], "texture": "#2"},
				"down": {"uv": [15, 11, 13, 9], "texture": "#2"}
			}
		},
		{
			"from": [11.59927, -13.38079, 7.02509],
			"to": [12.19847, 24.67101, 7.51991],
			"rotation": {"angle": -22.5, "axis": "y", "origin": [8, 8, 8]},
			"faces": {
				"north": {"uv": [15, 11, 13, 9], "texture": "#2"},
				"east": {"uv": [15, 11, 13, 9], "texture": "#2"},
				"south": {"uv": [15, 11, 13, 9], "texture": "#2"},
				"west": {"uv": [15, 11, 13, 9], "texture": "#2"},
				"up": {"uv": [15, 11, 13, 9], "texture": "#2"},
				"down": {"uv": [15, 11, 13, 9], "texture": "#2"}
			}
		},
		{
			"from": [11.65276, -13.38079, 8.21116],
			"to": [12.25196, 24.67101, 8.70598],
			"rotation": {"angle": 0, "axis": "y", "origin": [8, 8, 8]},
			"faces": {
				"north": {"uv": [15, 11, 13, 9], "texture": "#2"},
				"east": {"uv": [15, 11, 13, 9], "texture": "#2"},
				"south": {"uv": [15, 11, 13, 9], "texture": "#2"},
				"west": {"uv": [15, 11, 13, 9], "texture": "#2"},
				"up": {"uv": [15, 11, 13, 9], "texture": "#2"},
				"down": {"uv": [15, 11, 13, 9], "texture": "#2"}
			}
		},
		{
			"from": [9.76432, -3.83277, -15.67939],
			"to": [11.96512, -3.33794, 29.23641],
			"rotation": {"angle": 0, "axis": "y", "origin": [8, 8, 8]},
			"faces": {
				"north": {"uv": [15, 11, 13, 9], "rotation": 180, "texture": "#2"},
				"east": {"uv": [15, 11, 13, 9], "rotation": 270, "texture": "#2"},
				"south": {"uv": [15, 11, 13, 9], "texture": "#2"},
				"west": {"uv": [15, 11, 13, 9], "rotation": 90, "texture": "#2"},
				"up": {"uv": [15, 11, 13, 9], "rotation": 180, "texture": "#2"},
				"down": {"uv": [15, 11, 13, 9], "texture": "#2"}
			}
		},
		{
			"from": [0.97802, -2.56657, -15.67939],
			"to": [3.17882, -2.07175, 29.23641],
			"rotation": {"angle": 45, "axis": "z", "origin": [8, 8, 8]},
			"faces": {
				"north": {"uv": [15, 11, 13, 9], "rotation": 180, "texture": "#2"},
				"east": {"uv": [15, 11, 13, 9], "rotation": 270, "texture": "#2"},
				"south": {"uv": [15, 11, 13, 9], "texture": "#2"},
				"west": {"uv": [15, 11, 13, 9], "rotation": 90, "texture": "#2"},
				"up": {"uv": [15, 11, 13, 9], "rotation": 180, "texture": "#2"},
				"down": {"uv": [15, 11, 13, 9], "texture": "#2"}
			}
		},
		{
			"from": [5.38866, -4.10205, -15.67939],
			"to": [7.58946, -3.60723, 29.23641],
			"rotation": {"angle": 22.5, "axis": "z", "origin": [8, 8, 8]},
			"faces": {
				"north": {"uv": [15, 11, 13, 9], "rotation": 180, "texture": "#2"},
				"east": {"uv": [15, 11, 13, 9], "rotation": 270, "texture": "#2"},
				"south": {"uv": [15, 11, 13, 9], "texture": "#2"},
				"west": {"uv": [15, 11, 13, 9], "rotation": 90, "texture": "#2"},
				"up": {"uv": [15, 11, 13, 9], "rotation": 180, "texture": "#2"},
				"down": {"uv": [15, 11, 13, 9], "texture": "#2"}
			}
		},
		{
			"from": [14.96527, -0.90768, -15.67939],
			"to": [15.4601, -0.30848, 29.23641],
			"shade": false,
			"rotation": {"angle": -22.5, "axis": "z", "origin": [8, 8, 8]},
			"faces": {
				"north": {"uv": [15, 11, 13, 9], "rotation": 180, "texture": "#2"},
				"east": {"uv": [15, 11, 13, 9], "rotation": 270, "texture": "#2"},
				"south": {"uv": [15, 11, 13, 9], "texture": "#2"},
				"west": {"uv": [15, 11, 13, 9], "rotation": 90, "texture": "#2"},
				"up": {"uv": [15, 11, 13, 9], "rotation": 180, "texture": "#2"},
				"down": {"uv": [15, 11, 13, 9], "texture": "#2"}
			}
		},
		{
			"from": [6.09823, -4.58282, -15.67939],
			"to": [6.59305, -2.61082, 29.23641],
			"rotation": {"angle": 22.5, "axis": "z", "origin": [8, 8, 8]},
			"faces": {
				"north": {"uv": [15, 11, 13, 9], "rotation": 180, "texture": "#2"},
				"east": {"uv": [15, 11, 13, 9], "rotation": 270, "texture": "#2"},
				"south": {"uv": [15, 11, 13, 9], "texture": "#2"},
				"west": {"uv": [15, 11, 13, 9], "rotation": 90, "texture": "#2"},
				"up": {"uv": [15, 11, 13, 9], "rotation": 180, "texture": "#2"},
				"down": {"uv": [15, 11, 13, 9], "texture": "#2"}
			}
		},
		{
			"from": [1.68758, -3.04734, -15.67939],
			"to": [2.18241, -1.07534, 29.23641],
			"rotation": {"angle": 45, "axis": "z", "origin": [8, 8, 8]},
			"faces": {
				"north": {"uv": [15, 11, 13, 9], "rotation": 180, "texture": "#2"},
				"east": {"uv": [15, 11, 13, 9], "rotation": 270, "texture": "#2"},
				"south": {"uv": [15, 11, 13, 9], "texture": "#2"},
				"west": {"uv": [15, 11, 13, 9], "rotation": 90, "texture": "#2"},
				"up": {"uv": [15, 11, 13, 9], "rotation": 180, "texture": "#2"},
				"down": {"uv": [15, 11, 13, 9], "texture": "#2"}
			}
		},
		{
			"from": [10.76073, -4.31353, -15.67939],
			"to": [11.25555, -2.34153, 29.23641],
			"rotation": {"angle": 0, "axis": "y", "origin": [8, 8, 8]},
			"faces": {
				"north": {"uv": [15, 11, 13, 9], "rotation": 180, "texture": "#2"},
				"east": {"uv": [15, 11, 13, 9], "rotation": 270, "texture": "#2"},
				"south": {"uv": [15, 11, 13, 9], "texture": "#2"},
				"west": {"uv": [15, 11, 13, 9], "rotation": 90, "texture": "#2"},
				"up": {"uv": [15, 11, 13, 9], "rotation": 180, "texture": "#2"},
				"down": {"uv": [15, 11, 13, 9], "texture": "#2"}
			}
		},
		{
			"from": [10.76073, -4.82918, -15.67939],
			"to": [11.25555, -4.22998, 29.23641],
			"rotation": {"angle": 0, "axis": "y", "origin": [8, 8, 8]},
			"faces": {
				"north": {"uv": [15, 11, 13, 9], "rotation": 180, "texture": "#2"},
				"east": {"uv": [15, 11, 13, 9], "rotation": 270, "texture": "#2"},
				"south": {"uv": [15, 11, 13, 9], "texture": "#2"},
				"west": {"uv": [15, 11, 13, 9], "rotation": 90, "texture": "#2"},
				"up": {"uv": [15, 11, 13, 9], "rotation": 180, "texture": "#2"},
				"down": {"uv": [15, 11, 13, 9], "texture": "#2"}
			}
		},
		{
			"from": [14.96527, -2.79613, -15.67939],
			"to": [15.4601, -2.19693, 29.23641],
			"rotation": {"angle": -22.5, "axis": "z", "origin": [8, 8, 8]},
			"faces": {
				"north": {"uv": [15, 11, 13, 9], "rotation": 180, "texture": "#2"},
				"east": {"uv": [15, 11, 13, 9], "rotation": 270, "texture": "#2"},
				"south": {"uv": [15, 11, 13, 9], "texture": "#2"},
				"west": {"uv": [15, 11, 13, 9], "rotation": 90, "texture": "#2"},
				"up": {"uv": [15, 11, 13, 9], "rotation": 180, "texture": "#2"},
				"down": {"uv": [15, 11, 13, 9], "texture": "#2"}
			}
		},
		{
			"from": [18.07175, 0.69117, -15.67939],
			"to": [18.56657, 1.29037, 29.23641],
			"rotation": {"angle": -45, "axis": "z", "origin": [8, 8, 8]},
			"faces": {
				"north": {"uv": [15, 11, 13, 9], "rotation": 180, "texture": "#2"},
				"east": {"uv": [15, 11, 13, 9], "rotation": 270, "texture": "#2"},
				"south": {"uv": [15, 11, 13, 9], "texture": "#2"},
				"west": {"uv": [15, 11, 13, 9], "rotation": 90, "texture": "#2"},
				"up": {"uv": [15, 11, 13, 9], "rotation": 180, "texture": "#2"},
				"down": {"uv": [15, 11, 13, 9], "texture": "#2"}
			}
		},
		{
			"from": [5.10182, -4.10205, -15.67939],
			"to": [5.70102, -3.60723, 29.23641],
			"rotation": {"angle": 22.5, "axis": "z", "origin": [8, 8, 8]},
			"faces": {
				"north": {"uv": [15, 11, 13, 9], "rotation": 180, "texture": "#2"},
				"east": {"uv": [15, 11, 13, 9], "rotation": 270, "texture": "#2"},
				"south": {"uv": [15, 11, 13, 9], "texture": "#2"},
				"west": {"uv": [15, 11, 13, 9], "rotation": 90, "texture": "#2"},
				"up": {"uv": [15, 11, 13, 9], "rotation": 180, "texture": "#2"},
				"down": {"uv": [15, 11, 13, 9], "texture": "#2"}
			}
		},
		{
			"from": [18.96378, 1.68758, -15.67939],
			"to": [19.56298, 2.18241, 29.23641],
			"rotation": {"angle": -45, "axis": "z", "origin": [8, 8, 8]},
			"faces": {
				"north": {"uv": [15, 11, 13, 9], "rotation": 180, "texture": "#2"},
				"east": {"uv": [15, 11, 13, 9], "rotation": 270, "texture": "#2"},
				"south": {"uv": [15, 11, 13, 9], "texture": "#2"},
				"west": {"uv": [15, 11, 13, 9], "rotation": 90, "texture": "#2"},
				"up": {"uv": [15, 11, 13, 9], "rotation": 180, "texture": "#2"},
				"down": {"uv": [15, 11, 13, 9], "texture": "#2"}
			}
		},
		{
			"from": [6.09823, -5.09846, -15.67939],
			"to": [6.59305, -4.49926, 29.23641],
			"rotation": {"angle": 22.5, "axis": "z", "origin": [8, 8, 8]},
			"faces": {
				"north": {"uv": [15, 11, 13, 9], "rotation": 180, "texture": "#2"},
				"east": {"uv": [15, 11, 13, 9], "rotation": 270, "texture": "#2"},
				"south": {"uv": [15, 11, 13, 9], "texture": "#2"},
				"west": {"uv": [15, 11, 13, 9], "rotation": 90, "texture": "#2"},
				"up": {"uv": [15, 11, 13, 9], "rotation": 180, "texture": "#2"},
				"down": {"uv": [15, 11, 13, 9], "texture": "#2"}
			}
		},
		{
			"from": [14.02691, -1.79972, -15.67939],
			"to": [16.45651, -1.30489, 29.23641],
			"rotation": {"angle": -22.5, "axis": "z", "origin": [8, 8, 8]},
			"faces": {
				"north": {"uv": [15, 11, 13, 9], "rotation": 180, "texture": "#2"},
				"east": {"uv": [15, 11, 13, 9], "rotation": 270, "texture": "#2"},
				"south": {"uv": [15, 11, 13, 9], "texture": "#2"},
				"west": {"uv": [15, 11, 13, 9], "rotation": 90, "texture": "#2"},
				"up": {"uv": [15, 11, 13, 9], "rotation": 180, "texture": "#2"},
				"down": {"uv": [15, 11, 13, 9], "texture": "#2"}
			}
		},
		{
			"from": [11.65276, -3.83277, -15.67939],
			"to": [12.25196, -3.33794, 29.23641],
			"rotation": {"angle": 0, "axis": "y", "origin": [8, 8, 8]},
			"faces": {
				"north": {"uv": [15, 11, 13, 9], "rotation": 180, "texture": "#2"},
				"east": {"uv": [15, 11, 13, 9], "rotation": 270, "texture": "#2"},
				"south": {"uv": [15, 11, 13, 9], "texture": "#2"},
				"west": {"uv": [15, 11, 13, 9], "rotation": 90, "texture": "#2"},
				"up": {"uv": [15, 11, 13, 9], "rotation": 180, "texture": "#2"},
				"down": {"uv": [15, 11, 13, 9], "texture": "#2"}
			}
		},
		{
			"from": [-0.38248, 14.27721, -14.66478],
			"to": [-0.38248, 20.39682, 27.8592],
			"rotation": {"angle": -45, "axis": "z", "origin": [8, 8, 8]},
			"faces": {
				"north": {"uv": [0, 0, 16, 16], "texture": "#4"},
				"east": {"uv": [0, 0, 16, 16], "texture": "#1"},
				"south": {"uv": [0, 0, 16, 16], "texture": "#4"},
				"west": {"uv": [0, 0, 16, 16], "texture": "#1"},
				"up": {"uv": [0, 0, 16, 16], "rotation": 270, "texture": "#4"},
				"down": {"uv": [0, 0, 16, 16], "rotation": 90, "texture": "#4"}
			}
		},
		{
			"from": [0.66007, -1.98376, -14.66478],
			"to": [0.66007, 2.76304, 27.8592],
			"rotation": {"angle": 45, "axis": "z", "origin": [8, 8, 8]},
			"faces": {
				"north": {"uv": [0, 0, 16, 16], "texture": "#4"},
				"east": {"uv": [0, 0, 16, 16], "texture": "#1"},
				"south": {"uv": [0, 0, 16, 16], "texture": "#4"},
				"west": {"uv": [0, 0, 16, 16], "texture": "#1"},
				"up": {"uv": [0, 0, 16, 16], "rotation": 270, "texture": "#4"},
				"down": {"uv": [0, 0, 16, 16], "rotation": 90, "texture": "#4"}
			}
		},
		{
			"from": [2.6599, 10.88675, -14.66478],
			"to": [2.6599, 17.00635, 27.8592],
			"rotation": {"angle": -22.5, "axis": "z", "origin": [8, 8, 8]},
			"faces": {
				"north": {"uv": [0, 0, 16, 16], "texture": "#4"},
				"east": {"uv": [0, 0, 16, 16], "texture": "#1"},
				"south": {"uv": [0, 0, 16, 16], "texture": "#4"},
				"west": {"uv": [0, 0, 16, 16], "texture": "#1"},
				"up": {"uv": [0, 0, 16, 16], "rotation": 270, "texture": "#4"},
				"down": {"uv": [0, 0, 16, 16], "rotation": 90, "texture": "#4"}
			}
		},
		{
			"from": [4.1711, 4.76057, -14.66478],
			"to": [4.1711, 12.71058, 27.8592],
			"rotation": {"angle": 0, "axis": "y", "origin": [8, 8, 8]},
			"faces": {
				"north": {"uv": [0, 0, 16, 16], "texture": "#4"},
				"east": {"uv": [0, 0, 16, 16], "texture": "#1"},
				"south": {"uv": [0, 0, 16, 16], "texture": "#4"},
				"west": {"uv": [0, 0, 16, 16], "texture": "#1"},
				"up": {"uv": [0, 0, 16, 16], "rotation": 270, "texture": "#4"},
				"down": {"uv": [0, 0, 16, 16], "rotation": 90, "texture": "#4"}
			}
		},
		{
			"from": [3.22288, 0.35281, -14.66478],
			"to": [3.22288, 6.47242, 27.8592],
			"rotation": {"angle": 22.5, "axis": "z", "origin": [8, 8, 8]},
			"faces": {
				"north": {"uv": [0, 0, 16, 16], "texture": "#4"},
				"east": {"uv": [0, 0, 16, 16], "texture": "#1"},
				"south": {"uv": [0, 0, 16, 16], "texture": "#4"},
				"west": {"uv": [0, 0, 16, 16], "texture": "#1"},
				"up": {"uv": [0, 0, 16, 16], "rotation": 270, "texture": "#4"},
				"down": {"uv": [0, 0, 16, 16], "rotation": 90, "texture": "#4"}
			}
		},
		{
			"from": [4.04764, 4.69276, -4.36878],
			"to": [4.04764, 12.87156, 19.1648],
			"rotation": {"angle": 0, "axis": "y", "origin": [8, 8, 8]},
			"faces": {
				"north": {"uv": [0, 0, 16, 16], "texture": "#4"},
				"east": {"uv": [0, 0, 16, 16], "texture": "#1"},
				"south": {"uv": [0, 0, 16, 16], "texture": "#4"},
				"west": {"uv": [0, 4.5, 16, 10.5], "texture": "#4"},
				"up": {"uv": [0, 0, 16, 16], "rotation": 270, "texture": "#4"},
				"down": {"uv": [0, 0, 16, 16], "rotation": 90, "texture": "#4"}
			}
		},
		{
			"from": [2.48423, 10.98823, -4.36878],
			"to": [2.48423, 16.87904, 19.16479],
			"rotation": {"angle": -22.5, "axis": "z", "origin": [8, 8, 8]},
			"faces": {
				"north": {"uv": [0, 0, 16, 16], "texture": "#4"},
				"east": {"uv": [0, 0, 16, 16], "texture": "#1"},
				"south": {"uv": [0, 0, 16, 16], "texture": "#4"},
				"west": {"uv": [0, 0, 16, 5], "texture": "#4"},
				"up": {"uv": [0, 0, 16, 16], "rotation": 270, "texture": "#4"},
				"down": {"uv": [0, 0, 16, 16], "rotation": 90, "texture": "#4"}
			}
		},
		{
			"from": [3.08287, 0.56621, -4.36878],
			"to": [3.08287, 6.45701, 19.16479],
			"rotation": {"angle": 22.5, "axis": "z", "origin": [8, 8, 8]},
			"faces": {
				"north": {"uv": [0, 0, 16, 16], "texture": "#4"},
				"east": {"uv": [0, 0, 16, 16], "texture": "#1"},
				"south": {"uv": [0, 0, 16, 16], "texture": "#4"},
				"west": {"uv": [0, 9.5, 16, 16], "texture": "#4"},
				"up": {"uv": [0, 0, 16, 16], "rotation": 270, "texture": "#4"},
				"down": {"uv": [0, 0, 16, 16], "rotation": 90, "texture": "#4"}
			}
		}
	],
	"display": {
		"thirdperson_righthand": {
			"rotation": [69, -90, 0],
			"translation": [-12.5, 4.75, 3.5],
			"scale": [0.2, 0.2, 0.2]
		},
		"thirdperson_lefthand": {
			"rotation": [69, 90, 0],
			"translation": [-12.5, 4.75, 3.5],
			"scale": [0.2, 0.2, 0.2]
		},
		"firstperson_righthand": {
			"translation": [-17.25, 4, -0.5],
			"scale": [0.15, 0.15, 0.15]
		},
		"firstperson_lefthand": {
			"translation": [-17.25, 4, -0.5],
			"scale": [0.15, 0.15, 0.15]
		},
		"ground": {
			"scale": [0.23, 0.2, 0.2]
		},
		"gui": {
			"scale": [0.25, 0.29, 1]
		},
		"head": {
            "translation": [0, -25, 0],
			"rotation": [0, 270, 0],
			"scale": [3, 3, 3]
		},
		"fixed": {
			"translation": [0, 0, -3],
			"scale": [0.56, 0.47, 0.52]
		}
	},
	"groups": [
		{
			"name": "sail1part1",
			"origin": [0.77264, -0.82108, 7.80224],
			"color": 0,
			"children": [0, 1, 2, 3, 4, 5, 6, 7, 8, 9, 10, 11, 12, 13, 14, 15, 16, 17, 18, 19, 20, 21, 22, 23, 24, 25, 26, 27, 28, 29, 30, 31, 32, 33, 34, 35, 36, 37]
		},
		{
			"name": "sail1part2",
			"origin": [-0.21007, 13.80557, 7.00224],
			"color": 0,
			"children": []
		},
		{
			"name": "sail2part1",
			"origin": [15.29438, -6.66601, 12.91993],
			"color": 0,
			"children": []
		}
	]
}