{
	"credit": "Made with Blockbench",
	"texture_size": [32, 32],
	"textures": {
		"2": "concrete:vehicle/boat/muslim/wood",
		"3": "concrete:vehicle/boat/muslim/floor",
		"particle": "concrete:vehicle/boat/muslim/wood"
	},
	"elements": [
		{
			"from": [-15.46289, 11.51563, -8.85214],
			"to": [-7.76251, 13.02551, -7.34226],
			"rotation": {"angle": 45, "axis": "y", "origin": [0.39084, 12.27057, -13.41222]},
			"faces": {
				"north": {"uv": [1, 1, 0, 0], "texture": "#2"},
				"east": {"uv": [1, 1, 0, 0], "texture": "#2"},
				"south": {"uv": [1, 1, 0, 0], "texture": "#2"},
				"west": {"uv": [1, 1, 0, 0], "texture": "#2"},
				"up": {"uv": [1, 1, 0, 0], "texture": "#2"},
				"down": {"uv": [1, 1, 0, 0], "texture": "#2"}
			}
		},
		{
			"from": [-2.49321, 11.51563, -7.65787],
			"to": [8.22693, 13.02551, -6.14799],
			"rotation": {"angle": 22.5, "axis": "y", "origin": [5.81112, 12.27057, -6.90293]},
			"faces": {
				"north": {"uv": [1, 1, 0, 0], "texture": "#2"},
				"east": {"uv": [1, 1, 0, 0], "texture": "#2"},
				"south": {"uv": [1, 1, 0, 0], "texture": "#2"},
				"west": {"uv": [1, 1, 0, 0], "texture": "#2"},
				"up": {"uv": [1, 1, 0, 0], "texture": "#2"},
				"down": {"uv": [1, 1, 0, 0], "texture": "#2"}
			}
		},
		{
			"from": [9.45166, 11.10188, 23.03158],
			"to": [15.2739, 12.61176, 24.54146],
			"shade": false,
			"rotation": {"angle": -22.5, "axis": "z", "origin": [9.83834, 16.23547, 23.78652]},
			"faces": {
				"north": {"uv": [0, 1, 1, 0], "texture": "#2"},
				"east": {"uv": [0, 1, 1, 0], "texture": "#2"},
				"south": {"uv": [0, 1, 1, 0], "texture": "#2"},
				"west": {"uv": [0, 1, 1, 0], "texture": "#2"},
				"up": {"uv": [0, 1, 1, 0], "texture": "#2"},
				"down": {"uv": [0, 1, 1, 0], "texture": "#2"}
			}
		},
		{
			"from": [-15.46289, 11.51563, 23.35883],
			"to": [-7.76251, 13.02551, 24.86871],
			"shade": false,
			"rotation": {"angle": -45, "axis": "y", "origin": [0.39084, 12.27057, 29.42879]},
			"faces": {
				"north": {"uv": [0, 1, 1, 0], "texture": "#2"},
				"east": {"uv": [0, 1, 1, 0], "texture": "#2"},
				"south": {"uv": [0, 1, 1, 0], "texture": "#2"},
				"west": {"uv": [0, 1, 1, 0], "texture": "#2"},
				"up": {"uv": [0, 1, 1, 0], "texture": "#2"},
				"down": {"uv": [0, 1, 1, 0], "texture": "#2"}
			}
		},
		{
			"from": [-2.49321, 11.51563, 22.16456],
			"to": [8.41106, 13.02551, 23.67444],
			"shade": false,
			"rotation": {"angle": -22.5, "axis": "y", "origin": [5.81112, 12.27057, 22.9195]},
			"faces": {
				"north": {"uv": [0, 1, 1, 0], "texture": "#2"},
				"east": {"uv": [0, 1, 1, 0], "texture": "#2"},
				"south": {"uv": [0, 1, 1, 0], "texture": "#2"},
				"west": {"uv": [0, 1, 1, 0], "texture": "#2"},
				"up": {"uv": [0, 1, 1, 0], "texture": "#2"},
				"down": {"uv": [0, 1, 1, 0], "texture": "#2"}
			}
		},
		{
			"from": [-9.12585, 11.51563, 1.01835],
			"to": [-7.61597, 13.02551, 7.8128],
			"rotation": {"angle": -22.5, "axis": "y", "origin": [-8.37091, 12.27057, 4.86854]},
			"faces": {
				"north": {"uv": [1, 1, 0, 0], "texture": "#2"},
				"east": {"uv": [1, 1, 0, 0], "texture": "#2"},
				"south": {"uv": [1, 1, 0, 0], "texture": "#2"},
				"west": {"uv": [1, 1, 0, 0], "texture": "#2"},
				"up": {"uv": [1, 1, 0, 0], "texture": "#2"},
				"down": {"uv": [1, 1, 0, 0], "texture": "#2"}
			}
		},
		{
			"from": [-9.12585, 11.51563, 8.20377],
			"to": [-7.61597, 13.02551, 14.99822],
			"rotation": {"angle": 22.5, "axis": "y", "origin": [-8.37091, 12.27057, 11.14803]},
			"faces": {
				"north": {"uv": [1, 1, 0, 0], "texture": "#2"},
				"east": {"uv": [1, 1, 0, 0], "texture": "#2"},
				"south": {"uv": [1, 1, 0, 0], "texture": "#2"},
				"west": {"uv": [1, 1, 0, 0], "texture": "#2"},
				"up": {"uv": [1, 1, 0, 0], "texture": "#2"},
				"down": {"uv": [1, 1, 0, 0], "texture": "#2"}
			}
		},
		{
			"from": [-10.18277, 4.94766, 7.37333],
			"to": [-7.46498, 10.98717, 8.88321],
			"rotation": {"angle": 22.5, "axis": "z", "origin": [-11.08869, 13.02551, 8.12827]},
			"faces": {
				"north": {"uv": [16, 16, 0, 0], "texture": "#2"},
				"east": {"uv": [16, 16, 0, 0], "texture": "#2"},
				"south": {"uv": [16, 16, 0, 0], "texture": "#2"},
				"west": {"uv": [16, 16, 0, 0], "texture": "#2"},
				"up": {"uv": [16, 16, 0, 0], "texture": "#2"},
				"down": {"uv": [16, 16, 0, 0], "texture": "#2"}
			}
		},
		{
			"from": [-11.76771, 10.08501, 7.37333],
			"to": [-9.3519, 14.16168, 8.88321],
			"shade": false,
			"rotation": {"angle": 45, "axis": "z", "origin": [-11.01277, 13.9352, 8.12827]},
			"faces": {
				"north": {"uv": [0, 16, 16, 0], "texture": "#2"},
				"east": {"uv": [0, 16, 16, 0], "texture": "#2"},
				"south": {"uv": [0, 16, 16, 0], "texture": "#2"},
				"west": {"uv": [0, 16, 16, 0], "texture": "#2"},
				"up": {"uv": [0, 16, 16, 0], "texture": "#2"},
				"down": {"uv": [0, 16, 16, 0], "texture": "#2"}
			}
		},
		{
			"from": [-2.49321, 7.13698, -6.90293],
			"to": [7.62298, 12.27057, -5.39305],
			"rotation": {"angle": 22.5, "axis": "y", "origin": [5.81112, 12.42156, -6.90293]},
			"faces": {
				"north": {"uv": [0, 0, 3, 3], "texture": "#2"},
				"east": {"uv": [0, 0, 3, 3], "texture": "#2"},
				"south": {"uv": [0, 0, 3, 3], "texture": "#2"},
				"west": {"uv": [0, 0, 3, 3], "texture": "#2"},
				"up": {"uv": [0, 0, 3, 3], "texture": "#2"},
				"down": {"uv": [0, 0, 3, 3], "texture": "#2"}
			}
		},
		{
			"from": [-1.88926, 3.80942, -6.44996],
			"to": [7.62298, 8.94301, 16.65119],
			"rotation": {"angle": 22.5, "axis": "y", "origin": [6.41507, 12.42156, -6.90293]},
			"faces": {
				"north": {"uv": [0, 0, 3, 3], "texture": "#2"},
				"east": {"uv": [0, 0, 3, 3], "texture": "#2"},
				"south": {"uv": [0, 0, 3, 3], "texture": "#2"},
				"west": {"uv": [0, 0, 3, 3], "texture": "#2"},
				"up": {"uv": [0, 0, 5, 6], "texture": "#3"},
				"down": {"uv": [0, 0, 3, 3], "texture": "#2"}
			}
		},
		{
			"from": [-0.98333, 1.24845, -5.84601],
			"to": [7.62298, 6.38204, -4.33613],
			"rotation": {"angle": 22.5, "axis": "y", "origin": [7.321, 12.42156, -6.60095]},
			"faces": {
				"north": {"uv": [0, 0, 3, 3], "texture": "#2"},
				"east": {"uv": [0, 0, 3, 3], "texture": "#2"},
				"south": {"uv": [0, 0, 3, 3], "texture": "#2"},
				"west": {"uv": [0, 0, 3, 3], "texture": "#2"},
				"up": {"uv": [0, 0, 3, 3], "texture": "#2"},
				"down": {"uv": [0, 0, 3, 3], "texture": "#2"}
			}
		},
		{
			"from": [2.3384, -2.67723, -1.92033],
			"to": [8.22693, 2.45636, -0.41045],
			"shade": false,
			"rotation": {"angle": 22.5, "axis": "y", "origin": [10.64273, 12.42156, -5.39305]},
			"faces": {
				"north": {"uv": [0, 0, 3, 3], "texture": "#2"},
				"east": {"uv": [0, 0, 3, 3], "texture": "#2"},
				"south": {"uv": [0, 0, 3, 3], "texture": "#2"},
				"west": {"uv": [0, 0, 3, 3], "texture": "#2"},
				"up": {"uv": [0, 0, 3, 3], "texture": "#2"},
				"down": {"uv": [0, 0, 3, 3], "texture": "#2"}
			}
		},
		{
			"from": [1.28148, -1.92229, -4.03416],
			"to": [7.92495, 3.2113, -0.71242],
			"shade": false,
			"rotation": {"angle": 22.5, "axis": "y", "origin": [9.58582, 12.42156, -6.14799]},
			"faces": {
				"north": {"uv": [0, 0, 3, 3], "texture": "#2"},
				"east": {"uv": [0, 0, 3, 3], "texture": "#2"},
				"south": {"uv": [0, 0, 3, 3], "texture": "#2"},
				"west": {"uv": [0, 0, 3, 3], "texture": "#2"},
				"up": {"uv": [0, 0, 3, 3], "texture": "#2"},
				"down": {"uv": [0, 0, 3, 3], "texture": "#2"}
			}
		},
		{
			"from": [0.07358, -0.71439, -5.09107],
			"to": [7.62298, 4.4192, -3.58119],
			"rotation": {"angle": 22.5, "axis": "y", "origin": [8.37792, 12.42156, -6.60095]},
			"faces": {
				"north": {"uv": [0, 0, 3, 3], "texture": "#2"},
				"east": {"uv": [0, 0, 3, 3], "texture": "#2"},
				"south": {"uv": [0, 0, 3, 3], "texture": "#2"},
				"west": {"uv": [0, 0, 3, 3], "texture": "#2"},
				"up": {"uv": [0, 0, 3, 3], "texture": "#2"},
				"down": {"uv": [0, 0, 3, 3], "texture": "#2"}
			}
		},
		{
			"from": [2.79136, -3.28118, -0.56144],
			"to": [8.37792, 1.85241, 4.72314],
			"shade": false,
			"rotation": {"angle": 22.5, "axis": "y", "origin": [11.0957, 12.42156, -5.24206]},
			"faces": {
				"north": {"uv": [0, 7, 7, 0], "texture": "#2"},
				"east": {"uv": [0, 7, 7, 0], "texture": "#2"},
				"south": {"uv": [0, 7, 7, 0], "texture": "#2"},
				"west": {"uv": [0, 7, 7, 0], "texture": "#2"},
				"up": {"uv": [0, 7, 7, 0], "texture": "#2"},
				"down": {"uv": [0, 7, 7, 0], "texture": "#2"}
			}
		},
		{
			"from": [2.79136, -3.73415, 1.70338],
			"to": [8.37792, 1.39944, 6.98796],
			"rotation": {"angle": 22.5, "axis": "y", "origin": [11.0957, 12.42156, -5.24206]},
			"faces": {
				"north": {"uv": [7, 7, 0, 0], "texture": "#2"},
				"east": {"uv": [7, 7, 0, 0], "texture": "#2"},
				"south": {"uv": [7, 7, 0, 0], "texture": "#2"},
				"west": {"uv": [7, 7, 0, 0], "texture": "#2"},
				"up": {"uv": [7, 7, 0, 0], "texture": "#2"},
				"down": {"uv": [7, 7, 0, 0], "texture": "#2"}
			}
		},
		{
			"from": [1.88544, -5.09304, 4.72314],
			"to": [8.37792, 0.04055, 6.23302],
			"rotation": {"angle": 22.5, "axis": "y", "origin": [11.0957, 12.87452, -5.24206]},
			"faces": {
				"north": {"uv": [16, 16, 0, 0], "texture": "#2"},
				"east": {"uv": [16, 16, 0, 0], "texture": "#2"},
				"south": {"uv": [16, 16, 0, 0], "texture": "#2"},
				"west": {"uv": [16, 16, 0, 0], "texture": "#2"},
				"up": {"uv": [16, 16, 0, 0], "texture": "#2"},
				"down": {"uv": [16, 16, 0, 0], "texture": "#2"}
			}
		},
		{
			"from": [5.05618, -5.84798, 6.08203],
			"to": [8.37792, -0.71439, 7.59191],
			"rotation": {"angle": 22.5, "axis": "y", "origin": [11.0957, 12.87452, -5.24206]},
			"faces": {
				"north": {"uv": [16, 16, 0, 0], "texture": "#2"},
				"east": {"uv": [16, 16, 0, 0], "texture": "#2"},
				"south": {"uv": [16, 16, 0, 0], "texture": "#2"},
				"west": {"uv": [16, 16, 0, 0], "texture": "#2"},
				"up": {"uv": [16, 16, 0, 0], "texture": "#2"},
				"down": {"uv": [16, 16, 0, 0], "texture": "#2"}
			}
		},
		{
			"from": [2.79136, -4.3381, 4.11919],
			"to": [8.37792, 0.79549, 5.62907],
			"rotation": {"angle": 22.5, "axis": "y", "origin": [11.0957, 12.42156, -5.24206]},
			"faces": {
				"north": {"uv": [16, 16, 0, 0], "texture": "#2"},
				"east": {"uv": [16, 16, 0, 0], "texture": "#2"},
				"south": {"uv": [16, 16, 0, 0], "texture": "#2"},
				"west": {"uv": [16, 16, 0, 0], "texture": "#2"},
				"up": {"uv": [16, 16, 0, 0], "texture": "#2"},
				"down": {"uv": [16, 16, 0, 0], "texture": "#2"}
			}
		},
		{
			"from": [-1.80322, -4.3381, 3.10369],
			"to": [0.31061, 0.79549, 4.61357],
			"rotation": {"angle": 45, "axis": "y", "origin": [7.86, 12.57255, -3.2378]},
			"faces": {
				"north": {"uv": [16, 16, 0, 0], "texture": "#2"},
				"east": {"uv": [16, 16, 0, 0], "texture": "#2"},
				"south": {"uv": [16, 16, 0, 0], "texture": "#2"},
				"west": {"uv": [16, 16, 0, 0], "texture": "#2"},
				"up": {"uv": [16, 16, 0, 0], "texture": "#2"},
				"down": {"uv": [16, 16, 0, 0], "texture": "#2"}
			}
		},
		{
			"from": [-9.18438, 7.13698, -9.94769],
			"to": [-1.93696, 12.27057, -8.43781],
			"rotation": {"angle": 45, "axis": "y", "origin": [5.61244, 12.57255, -6.92793]},
			"faces": {
				"north": {"uv": [0, 0, 3, 3], "texture": "#2"},
				"east": {"uv": [0, 0, 3, 3], "texture": "#2"},
				"south": {"uv": [0, 0, 3, 3], "texture": "#2"},
				"west": {"uv": [0, 0, 3, 3], "texture": "#2"},
				"up": {"uv": [0, 0, 3, 3], "texture": "#2"},
				"down": {"uv": [0, 0, 3, 3], "texture": "#2"}
			}
		},
		{
			"from": [-8.57639, 3.81513, -9.39654],
			"to": [-1.47996, 8.94872, 3.73941],
			"rotation": {"angle": 45, "axis": "y", "origin": [6.06944, 12.57255, -6.82974]},
			"faces": {
				"north": {"uv": [0, 0, 3, 3], "texture": "#2"},
				"east": {"uv": [0, 0, 3, 3], "texture": "#2"},
				"south": {"uv": [0, 0, 3, 3], "texture": "#2"},
				"west": {"uv": [0, 0, 3, 3], "texture": "#2"},
				"up": {"uv": [0, 0, 5, 6], "texture": "#3"},
				"down": {"uv": [0, 0, 3, 3], "texture": "#2"}
			}
		},
		{
			"from": [-7.61744, 1.24845, -8.72712],
			"to": [-0.672, 6.38204, -7.21725],
			"rotation": {"angle": 45, "axis": "y", "origin": [6.87739, 12.57255, -6.46231]},
			"faces": {
				"north": {"uv": [0, 0, 3, 3], "texture": "#2"},
				"east": {"uv": [0, 0, 3, 3], "texture": "#2"},
				"south": {"uv": [0, 0, 3, 3], "texture": "#2"},
				"west": {"uv": [0, 0, 3, 3], "texture": "#2"},
				"up": {"uv": [0, 0, 3, 3], "texture": "#2"},
				"down": {"uv": [0, 0, 3, 3], "texture": "#2"}
			}
		},
		{
			"from": [-6.50347, -0.71439, -7.80854],
			"to": [0.14, 4.4192, -4.78878],
			"rotation": {"angle": 45, "axis": "y", "origin": [7.68939, 12.57255, -6.29866]},
			"faces": {
				"north": {"uv": [0, 0, 3, 3], "texture": "#2"},
				"east": {"uv": [0, 0, 3, 3], "texture": "#2"},
				"south": {"uv": [0, 0, 3, 3], "texture": "#2"},
				"west": {"uv": [0, 0, 3, 3], "texture": "#2"},
				"up": {"uv": [0, 0, 3, 3], "texture": "#2"},
				"down": {"uv": [0, 0, 3, 3], "texture": "#2"}
			}
		},
		{
			"from": [-5.18953, -1.92229, -6.6207],
			"to": [1.15196, 3.2113, -3.60094],
			"rotation": {"angle": 45, "axis": "y", "origin": [8.70136, 12.57255, -5.71477]},
			"faces": {
				"north": {"uv": [0, 0, 3, 3], "texture": "#2"},
				"east": {"uv": [0, 0, 3, 3], "texture": "#2"},
				"south": {"uv": [0, 0, 3, 3], "texture": "#2"},
				"west": {"uv": [0, 0, 3, 3], "texture": "#2"},
				"up": {"uv": [0, 0, 3, 3], "texture": "#2"},
				"down": {"uv": [0, 0, 3, 3], "texture": "#2"}
			}
		},
		{
			"from": [-3.96952, -2.67723, -4.2123],
			"to": [1.76802, 2.45636, -2.70242],
			"rotation": {"angle": 45, "axis": "y", "origin": [9.31742, 12.57255, -4.66526]},
			"faces": {
				"north": {"uv": [0, 0, 3, 3], "texture": "#2"},
				"east": {"uv": [0, 0, 3, 3], "texture": "#2"},
				"south": {"uv": [0, 0, 3, 3], "texture": "#2"},
				"west": {"uv": [0, 0, 3, 3], "texture": "#2"},
				"up": {"uv": [0, 0, 3, 3], "texture": "#2"},
				"down": {"uv": [0, 0, 3, 3], "texture": "#2"}
			}
		},
		{
			"from": [-3.45546, -3.28118, -2.59157],
			"to": [1.82911, 1.8524, 2.69301],
			"rotation": {"angle": 45, "axis": "y", "origin": [9.37851, 12.57255, -4.25243]},
			"faces": {
				"north": {"uv": [7, 7, 0, 0], "texture": "#2"},
				"east": {"uv": [7, 7, 0, 0], "texture": "#2"},
				"south": {"uv": [7, 7, 0, 0], "texture": "#2"},
				"west": {"uv": [7, 7, 0, 0], "texture": "#2"},
				"up": {"uv": [7, 7, 0, 0], "texture": "#2"},
				"down": {"uv": [7, 7, 0, 0], "texture": "#2"}
			}
		},
		{
			"from": [-3.2843, -3.73415, 0.1642],
			"to": [1.09435, 1.39944, 5.44878],
			"rotation": {"angle": 45, "axis": "y", "origin": [8.64375, 12.57255, -3.76148]},
			"faces": {
				"north": {"uv": [7, 7, 0, 0], "texture": "#2"},
				"east": {"uv": [7, 7, 0, 0], "texture": "#2"},
				"south": {"uv": [7, 7, 0, 0], "texture": "#2"},
				"west": {"uv": [7, 7, 0, 0], "texture": "#2"},
				"up": {"uv": [7, 7, 0, 0], "texture": "#2"},
				"down": {"uv": [7, 7, 0, 0], "texture": "#2"}
			}
		},
		{
			"from": [-4.32662, 7.13698, 3.12998],
			"to": [-2.81674, 12.27057, 10.3774],
			"rotation": {"angle": -22.5, "axis": "y", "origin": [-1.30686, 12.57255, -4.41942]},
			"faces": {
				"north": {"uv": [0, 0, 3, 3], "texture": "#2"},
				"east": {"uv": [0, 0, 3, 3], "texture": "#2"},
				"south": {"uv": [0, 0, 3, 3], "texture": "#2"},
				"west": {"uv": [0, 0, 3, 3], "texture": "#2"},
				"up": {"uv": [0, 0, 3, 3], "texture": "#2"},
				"down": {"uv": [0, 0, 3, 3], "texture": "#2"}
			}
		},
		{
			"from": [-2.25684, 1.24845, 3.627],
			"to": [0.76291, 6.38204, 9.96849],
			"rotation": {"angle": -22.5, "axis": "y", "origin": [0.00798, 12.57255, -3.9224]},
			"faces": {
				"north": {"uv": [0, 0, 3, 3], "texture": "#2"},
				"east": {"uv": [0, 0, 3, 3], "texture": "#2"},
				"south": {"uv": [0, 0, 3, 3], "texture": "#2"},
				"west": {"uv": [0, 0, 3, 3], "texture": "#2"},
				"up": {"uv": [0, 0, 3, 3], "texture": "#2"},
				"down": {"uv": [0, 0, 3, 3], "texture": "#2"}
			}
		},
		{
			"from": [-0.64003, -0.71439, 3.82204],
			"to": [2.37973, 4.4192, 9.71056],
			"rotation": {"angle": -22.5, "axis": "y", "origin": [0.86985, 12.57255, -3.72736]},
			"faces": {
				"north": {"uv": [0, 0, 3, 3], "texture": "#2"},
				"east": {"uv": [0, 0, 3, 3], "texture": "#2"},
				"south": {"uv": [0, 0, 3, 3], "texture": "#2"},
				"west": {"uv": [0, 0, 3, 3], "texture": "#2"},
				"up": {"uv": [0, 0, 3, 3], "texture": "#2"},
				"down": {"uv": [0, 0, 3, 3], "texture": "#2"}
			}
		},
		{
			"from": [1.0585, -1.92229, 4.38833],
			"to": [5.58814, 3.2113, 9.37093],
			"rotation": {"angle": -22.5, "axis": "y", "origin": [1.96443, 12.57255, -3.16107]},
			"faces": {
				"north": {"uv": [0, 0, 3, 3], "texture": "#2"},
				"east": {"uv": [0, 0, 3, 3], "texture": "#2"},
				"south": {"uv": [0, 0, 3, 3], "texture": "#2"},
				"west": {"uv": [0, 0, 3, 3], "texture": "#2"},
				"up": {"uv": [0, 0, 3, 3], "texture": "#2"},
				"down": {"uv": [0, 0, 3, 3], "texture": "#2"}
			}
		},
		{
			"from": [3.16594, -2.67723, 5.45164],
			"to": [4.67582, 2.45636, 8.77337],
			"rotation": {"angle": -22.5, "axis": "y", "origin": [2.71297, 12.57255, -2.09776]},
			"faces": {
				"north": {"uv": [0, 0, 3, 3], "texture": "#2"},
				"east": {"uv": [0, 0, 3, 3], "texture": "#2"},
				"south": {"uv": [0, 0, 3, 3], "texture": "#2"},
				"west": {"uv": [0, 0, 3, 3], "texture": "#2"},
				"up": {"uv": [0, 0, 3, 3], "texture": "#2"},
				"down": {"uv": [0, 0, 3, 3], "texture": "#2"}
			}
		},
		{
			"from": [4.49338, -3.28118, 5.93604],
			"to": [9.77796, 1.8524, 8.20086],
			"rotation": {"angle": -22.5, "axis": "y", "origin": [2.83252, 12.57255, -1.61335]},
			"faces": {
				"north": {"uv": [7, 7, 0, 0], "texture": "#2"},
				"east": {"uv": [7, 7, 0, 0], "texture": "#2"},
				"south": {"uv": [7, 7, 0, 0], "texture": "#2"},
				"west": {"uv": [7, 7, 0, 0], "texture": "#2"},
				"up": {"uv": [7, 7, 0, 0], "texture": "#2"},
				"down": {"uv": [7, 7, 0, 0], "texture": "#2"}
			}
		},
		{
			"from": [6.17308, -3.73415, 6.52117],
			"to": [11.45766, 1.39944, 7.2761],
			"rotation": {"angle": -22.5, "axis": "y", "origin": [2.24739, 12.57255, -1.02823]},
			"faces": {
				"north": {"uv": [7, 7, 0, 0], "texture": "#2"},
				"east": {"uv": [7, 7, 0, 0], "texture": "#2"},
				"south": {"uv": [7, 7, 0, 0], "texture": "#2"},
				"west": {"uv": [7, 7, 0, 0], "texture": "#2"},
				"up": {"uv": [7, 7, 0, 0], "texture": "#2"},
				"down": {"uv": [7, 7, 0, 0], "texture": "#2"}
			}
		},
		{
			"from": [-2.49321, 7.13698, 21.58394],
			"to": [7.62298, 12.27057, 23.09382],
			"rotation": {"angle": -22.5, "axis": "y", "origin": [5.81112, 12.42156, 23.09382]},
			"faces": {
				"north": {"uv": [0, 0, 3, 3], "texture": "#2"},
				"east": {"uv": [0, 0, 3, 3], "texture": "#2"},
				"south": {"uv": [0, 0, 3, 3], "texture": "#2"},
				"west": {"uv": [0, 0, 3, 3], "texture": "#2"},
				"up": {"uv": [0, 0, 3, 3], "texture": "#2"},
				"down": {"uv": [0, 0, 3, 3], "texture": "#2"}
			}
		},
		{
			"from": [-1.88926, 3.81127, 2.86144],
			"to": [7.62298, 8.94485, 22.64086],
			"rotation": {"angle": -22.5, "axis": "y", "origin": [6.41507, 12.42156, 23.09382]},
			"faces": {
				"north": {"uv": [0, 0, 3, 3], "texture": "#2"},
				"east": {"uv": [0, 0, 3, 3], "texture": "#2"},
				"south": {"uv": [0, 0, 3, 3], "texture": "#2"},
				"west": {"uv": [0, 0, 3, 3], "texture": "#2"},
				"up": {"uv": [0, 0, 5, 6], "texture": "#3"},
				"down": {"uv": [0, 0, 3, 3], "texture": "#2"}
			}
		},
		{
			"from": [-0.98333, 1.24845, 20.52703],
			"to": [7.77396, 6.38204, 22.0369],
			"rotation": {"angle": -22.5, "axis": "y", "origin": [7.321, 12.42156, 22.79184]},
			"faces": {
				"north": {"uv": [0, 0, 3, 3], "texture": "#2"},
				"east": {"uv": [0, 0, 3, 3], "texture": "#2"},
				"south": {"uv": [0, 0, 3, 3], "texture": "#2"},
				"west": {"uv": [0, 0, 3, 3], "texture": "#2"},
				"up": {"uv": [0, 0, 3, 3], "texture": "#2"},
				"down": {"uv": [0, 0, 3, 3], "texture": "#2"}
			}
		},
		{
			"from": [2.3384, -2.67723, 16.60134],
			"to": [8.5289, 2.45636, 18.11122],
			"rotation": {"angle": -22.5, "axis": "y", "origin": [10.64273, 12.42156, 21.58394]},
			"faces": {
				"north": {"uv": [0, 0, 3, 3], "texture": "#2"},
				"east": {"uv": [0, 0, 3, 3], "texture": "#2"},
				"south": {"uv": [0, 0, 3, 3], "texture": "#2"},
				"west": {"uv": [0, 0, 3, 3], "texture": "#2"},
				"up": {"uv": [0, 0, 3, 3], "texture": "#2"},
				"down": {"uv": [0, 0, 3, 3], "texture": "#2"}
			}
		},
		{
			"from": [1.28148, -1.92229, 16.90332],
			"to": [8.22693, 3.2113, 20.22505],
			"rotation": {"angle": -22.5, "axis": "y", "origin": [9.58582, 12.42156, 22.33888]},
			"faces": {
				"north": {"uv": [0, 0, 3, 3], "texture": "#2"},
				"east": {"uv": [0, 0, 3, 3], "texture": "#2"},
				"south": {"uv": [0, 0, 3, 3], "texture": "#2"},
				"west": {"uv": [0, 0, 3, 3], "texture": "#2"},
				"up": {"uv": [0, 0, 3, 3], "texture": "#2"},
				"down": {"uv": [0, 0, 3, 3], "texture": "#2"}
			}
		},
		{
			"from": [0.07358, -0.71439, 19.77209],
			"to": [7.92495, 4.4192, 21.28196],
			"rotation": {"angle": -22.5, "axis": "y", "origin": [8.37792, 12.42156, 22.79184]},
			"faces": {
				"north": {"uv": [0, 0, 3, 3], "texture": "#2"},
				"east": {"uv": [0, 0, 3, 3], "texture": "#2"},
				"south": {"uv": [0, 0, 3, 3], "texture": "#2"},
				"west": {"uv": [0, 0, 3, 3], "texture": "#2"},
				"up": {"uv": [0, 0, 3, 3], "texture": "#2"},
				"down": {"uv": [0, 0, 3, 3], "texture": "#2"}
			}
		},
		{
			"from": [2.79136, -3.28118, 11.46775],
			"to": [8.5289, 1.85241, 16.75233],
			"rotation": {"angle": -22.5, "axis": "y", "origin": [11.0957, 12.42156, 21.43295]},
			"faces": {
				"north": {"uv": [0, 0, 3, 3], "texture": "#2"},
				"east": {"uv": [0, 0, 3, 3], "texture": "#2"},
				"south": {"uv": [0, 0, 3, 3], "texture": "#2"},
				"west": {"uv": [0, 0, 3, 3], "texture": "#2"},
				"up": {"uv": [0, 0, 3, 3], "texture": "#2"},
				"down": {"uv": [0, 0, 3, 3], "texture": "#2"}
			}
		},
		{
			"from": [2.79136, -3.73415, 9.20293],
			"to": [8.5289, 1.39944, 14.48751],
			"rotation": {"angle": -22.5, "axis": "y", "origin": [11.0957, 12.42156, 21.43295]},
			"faces": {
				"north": {"uv": [7, 7, 0, 0], "texture": "#2"},
				"east": {"uv": [7, 7, 0, 0], "texture": "#2"},
				"south": {"uv": [7, 7, 0, 0], "texture": "#2"},
				"west": {"uv": [7, 7, 0, 0], "texture": "#2"},
				"up": {"uv": [7, 7, 0, 0], "texture": "#2"},
				"down": {"uv": [7, 7, 0, 0], "texture": "#2"}
			}
		},
		{
			"from": [1.88544, -5.09304, 9.95787],
			"to": [8.5289, 0.04055, 11.46775],
			"shade": false,
			"rotation": {"angle": -22.5, "axis": "y", "origin": [11.0957, 12.87452, 21.43295]},
			"faces": {
				"north": {"uv": [0, 15.0625, 16, 0], "texture": "#2"},
				"east": {"uv": [0, 15.0625, 16, 0], "texture": "#2"},
				"south": {"uv": [0, 15.0625, 16, 0], "texture": "#2"},
				"west": {"uv": [0, 15.0625, 16, 0], "texture": "#2"},
				"up": {"uv": [0, 15.0625, 16, 0], "texture": "#2"},
				"down": {"uv": [0, 15.0625, 16, 0], "texture": "#2"}
			}
		},
		{
			"from": [5.05618, -5.84798, 8.59898],
			"to": [8.5289, -0.71439, 10.10886],
			"rotation": {"angle": -22.5, "axis": "y", "origin": [11.0957, 12.87452, 21.43295]},
			"faces": {
				"north": {"uv": [16, 16, 0, 0], "texture": "#2"},
				"east": {"uv": [16, 16, 0, 0], "texture": "#2"},
				"south": {"uv": [16, 16, 0, 0], "texture": "#2"},
				"west": {"uv": [16, 16, 0, 0], "texture": "#2"},
				"up": {"uv": [16, 16, 0, 0], "texture": "#2"},
				"down": {"uv": [16, 16, 0, 0], "texture": "#2"}
			}
		},
		{
			"from": [2.79136, -4.3381, 10.56182],
			"to": [8.5289, 0.79549, 12.0717],
			"rotation": {"angle": -22.5, "axis": "y", "origin": [11.0957, 12.42156, 21.43295]},
			"faces": {
				"north": {"uv": [16, 16, 0, 0], "texture": "#2"},
				"east": {"uv": [16, 16, 0, 0], "texture": "#2"},
				"south": {"uv": [16, 16, 0, 0], "texture": "#2"},
				"west": {"uv": [16, 16, 0, 0], "texture": "#2"},
				"up": {"uv": [16, 16, 0, 0], "texture": "#2"},
				"down": {"uv": [16, 16, 0, 0], "texture": "#2"}
			}
		},
		{
			"from": [-1.80322, -4.3381, 11.57732],
			"to": [0.31061, 0.79549, 13.0872],
			"rotation": {"angle": -45, "axis": "y", "origin": [7.86, 12.57255, 19.42869]},
			"faces": {
				"north": {"uv": [16, 16, 0, 0], "texture": "#2"},
				"east": {"uv": [16, 16, 0, 0], "texture": "#2"},
				"south": {"uv": [16, 16, 0, 0], "texture": "#2"},
				"west": {"uv": [16, 16, 0, 0], "texture": "#2"},
				"up": {"uv": [16, 16, 0, 0], "texture": "#2"},
				"down": {"uv": [16, 16, 0, 0], "texture": "#2"}
			}
		},
		{
			"from": [-9.18438, 7.13698, 24.6287],
			"to": [-1.93696, 12.27057, 26.13858],
			"rotation": {"angle": -45, "axis": "y", "origin": [5.61244, 12.57255, 23.11883]},
			"faces": {
				"north": {"uv": [0, 0, 3, 3], "texture": "#2"},
				"east": {"uv": [0, 0, 3, 3], "texture": "#2"},
				"south": {"uv": [0, 0, 3, 3], "texture": "#2"},
				"west": {"uv": [0, 0, 3, 3], "texture": "#2"},
				"up": {"uv": [0, 0, 3, 3], "texture": "#2"},
				"down": {"uv": [0, 0, 3, 3], "texture": "#2"}
			}
		},
		{
			"from": [-7.61744, 1.24845, 23.40814],
			"to": [-0.672, 6.38204, 24.91802],
			"rotation": {"angle": -45, "axis": "y", "origin": [6.87739, 12.57255, 22.6532]},
			"faces": {
				"north": {"uv": [0, 0, 3, 3], "texture": "#2"},
				"east": {"uv": [0, 0, 3, 3], "texture": "#2"},
				"south": {"uv": [0, 0, 3, 3], "texture": "#2"},
				"west": {"uv": [0, 0, 3, 3], "texture": "#2"},
				"up": {"uv": [0, 0, 3, 3], "texture": "#2"},
				"down": {"uv": [0, 0, 3, 3], "texture": "#2"}
			}
		},
		{
			"from": [-6.50347, -0.71439, 20.97967],
			"to": [0.14, 4.4192, 23.99943],
			"rotation": {"angle": -45, "axis": "y", "origin": [7.68939, 12.57255, 22.48955]},
			"faces": {
				"north": {"uv": [0, 0, 3, 3], "texture": "#2"},
				"east": {"uv": [0, 0, 3, 3], "texture": "#2"},
				"south": {"uv": [0, 0, 3, 3], "texture": "#2"},
				"west": {"uv": [0, 0, 3, 3], "texture": "#2"},
				"up": {"uv": [0, 0, 3, 3], "texture": "#2"},
				"down": {"uv": [0, 0, 3, 3], "texture": "#2"}
			}
		},
		{
			"from": [-5.18953, -1.92229, 19.79183],
			"to": [1.15196, 3.2113, 22.81159],
			"rotation": {"angle": -45, "axis": "y", "origin": [8.70136, 12.57255, 21.90566]},
			"faces": {
				"north": {"uv": [0, 0, 3, 3], "texture": "#2"},
				"east": {"uv": [0, 0, 3, 3], "texture": "#2"},
				"south": {"uv": [0, 0, 3, 3], "texture": "#2"},
				"west": {"uv": [0, 0, 3, 3], "texture": "#2"},
				"up": {"uv": [0, 0, 3, 3], "texture": "#2"},
				"down": {"uv": [0, 0, 3, 3], "texture": "#2"}
			}
		},
		{
			"from": [-3.96952, -2.67723, 18.89331],
			"to": [1.76802, 2.45636, 20.40319],
			"rotation": {"angle": -45, "axis": "y", "origin": [9.31742, 12.57255, 20.85615]},
			"faces": {
				"north": {"uv": [0, 0, 3, 3], "texture": "#2"},
				"east": {"uv": [0, 0, 3, 3], "texture": "#2"},
				"south": {"uv": [0, 0, 3, 3], "texture": "#2"},
				"west": {"uv": [0, 0, 3, 3], "texture": "#2"},
				"up": {"uv": [0, 0, 3, 3], "texture": "#2"},
				"down": {"uv": [0, 0, 3, 3], "texture": "#2"}
			}
		},
		{
			"from": [-3.45546, -3.28118, 13.49788],
			"to": [1.82911, 1.8524, 18.78246],
			"shade": false,
			"rotation": {"angle": -45, "axis": "y", "origin": [9.37851, 12.57255, 20.44333]},
			"faces": {
				"north": {"uv": [0, 0, 3, 3], "texture": "#2"},
				"east": {"uv": [0, 0, 3, 3], "texture": "#2"},
				"south": {"uv": [0, 0, 3, 3], "texture": "#2"},
				"west": {"uv": [0, 0, 3, 3], "texture": "#2"},
				"up": {"uv": [0, 0, 3, 3], "texture": "#2"},
				"down": {"uv": [0, 0, 3, 3], "texture": "#2"}
			}
		},
		{
			"from": [-3.2843, -3.73415, 10.74211],
			"to": [1.09435, 1.39944, 16.02669],
			"rotation": {"angle": -45, "axis": "y", "origin": [8.64375, 12.57255, 19.95238]},
			"faces": {
				"north": {"uv": [7, 7, 0, 0], "texture": "#2"},
				"east": {"uv": [7, 7, 0, 0], "texture": "#2"},
				"south": {"uv": [7, 7, 0, 0], "texture": "#2"},
				"west": {"uv": [7, 7, 0, 0], "texture": "#2"},
				"up": {"uv": [7, 7, 0, 0], "texture": "#2"},
				"down": {"uv": [7, 7, 0, 0], "texture": "#2"}
			}
		},
		{
			"from": [-4.32662, 7.13698, 5.81349],
			"to": [-2.81674, 12.27057, 13.06091],
			"rotation": {"angle": 22.5, "axis": "y", "origin": [-1.30686, 12.57255, 20.61031]},
			"faces": {
				"north": {"uv": [0, 0, 3, 3], "texture": "#2"},
				"east": {"uv": [0, 0, 3, 3], "texture": "#2"},
				"south": {"uv": [0, 0, 3, 3], "texture": "#2"},
				"west": {"uv": [0, 0, 3, 3], "texture": "#2"},
				"up": {"uv": [0, 0, 3, 3], "texture": "#2"},
				"down": {"uv": [0, 0, 3, 3], "texture": "#2"}
			}
		},
		{
			"from": [-2.25684, 1.24845, 6.22241],
			"to": [0.76291, 6.38204, 12.5639],
			"rotation": {"angle": 22.5, "axis": "y", "origin": [0.00798, 12.57255, 20.11329]},
			"faces": {
				"north": {"uv": [0, 0, 3, 3], "texture": "#2"},
				"east": {"uv": [0, 0, 3, 3], "texture": "#2"},
				"south": {"uv": [0, 0, 3, 3], "texture": "#2"},
				"west": {"uv": [0, 0, 3, 3], "texture": "#2"},
				"up": {"uv": [0, 0, 3, 3], "texture": "#2"},
				"down": {"uv": [0, 0, 3, 3], "texture": "#2"}
			}
		},
		{
			"from": [-0.64003, -0.71439, 6.48033],
			"to": [2.37973, 4.4192, 12.36886],
			"rotation": {"angle": 22.5, "axis": "y", "origin": [0.86985, 12.57255, 19.91825]},
			"faces": {
				"north": {"uv": [0, 0, 3, 3], "texture": "#2"},
				"east": {"uv": [0, 0, 3, 3], "texture": "#2"},
				"south": {"uv": [0, 0, 3, 3], "texture": "#2"},
				"west": {"uv": [0, 0, 3, 3], "texture": "#2"},
				"up": {"uv": [0, 0, 3, 3], "texture": "#2"},
				"down": {"uv": [0, 0, 3, 3], "texture": "#2"}
			}
		},
		{
			"from": [1.0585, -1.92229, 6.81996],
			"to": [5.58814, 3.2113, 11.80257],
			"shade": false,
			"rotation": {"angle": 22.5, "axis": "y", "origin": [1.96443, 12.57255, 19.35196]},
			"faces": {
				"north": {"uv": [0, 0, 3, 3], "texture": "#2"},
				"east": {"uv": [0, 0, 3, 3], "texture": "#2"},
				"south": {"uv": [0, 0, 3, 3], "texture": "#2"},
				"west": {"uv": [0, 0, 3, 3], "texture": "#2"},
				"up": {"uv": [0, 0, 3, 3], "texture": "#2"},
				"down": {"uv": [0, 0, 3, 3], "texture": "#2"}
			}
		},
		{
			"from": [3.16594, -2.67723, 7.41752],
			"to": [4.67582, 2.45636, 10.73926],
			"shade": false,
			"rotation": {"angle": 22.5, "axis": "y", "origin": [2.71297, 12.57255, 18.28865]},
			"faces": {
				"north": {"uv": [0, 0, 3, 3], "texture": "#2"},
				"east": {"uv": [0, 0, 3, 3], "texture": "#2"},
				"south": {"uv": [0, 0, 3, 3], "texture": "#2"},
				"west": {"uv": [0, 0, 3, 3], "texture": "#2"},
				"up": {"uv": [0, 0, 3, 3], "texture": "#2"},
				"down": {"uv": [0, 0, 3, 3], "texture": "#2"}
			}
		},
		{
			"from": [4.49338, -3.28118, 7.99003],
			"to": [9.77796, 1.8524, 10.25485],
			"rotation": {"angle": 22.5, "axis": "y", "origin": [2.83252, 12.57255, 17.80425]},
			"faces": {
				"north": {"uv": [0, 0, 3, 3], "texture": "#2"},
				"east": {"uv": [0, 0, 3, 3], "texture": "#2"},
				"south": {"uv": [0, 0, 3, 3], "texture": "#2"},
				"west": {"uv": [0, 0, 3, 3], "texture": "#2"},
				"up": {"uv": [0, 0, 3, 3], "texture": "#2"},
				"down": {"uv": [0, 0, 3, 3], "texture": "#2"}
			}
		},
		{
			"from": [6.17308, -3.73415, 9.06578],
			"to": [11.45766, 1.39944, 9.66973],
			"shade": false,
			"rotation": {"angle": 22.5, "axis": "y", "origin": [2.24739, 12.57255, 17.21912]},
			"faces": {
				"north": {"uv": [0, 16, 16, 0], "texture": "#2"},
				"east": {"uv": [0, 16, 16, 0], "texture": "#2"},
				"south": {"uv": [0, 16, 16, 0], "texture": "#2"},
				"west": {"uv": [0, 16, 16, 0], "texture": "#2"},
				"up": {"uv": [0, 16, 16, 0], "texture": "#2"},
				"down": {"uv": [0, 16, 16, 0], "texture": "#2"}
			}
		},
		{
			"from": [-3.41666, 3.81219, 6.01728],
			"to": [9.41731, 8.94577, 12.96272],
			"rotation": {"angle": 22.5, "axis": "y", "origin": [-0.84986, 12.57255, 20.51212]},
			"faces": {
				"north": {"uv": [0, 0, 3, 3], "texture": "#2"},
				"east": {"uv": [0, 0, 3, 3], "texture": "#2"},
				"south": {"uv": [0, 0, 3, 3], "texture": "#2"},
				"west": {"uv": [0, 0, 3, 3], "texture": "#2"},
				"up": {"uv": [0, 0, 5, 6], "texture": "#3"},
				"down": {"uv": [0, 0, 3, 3], "texture": "#2"}
			}
		},
		{
			"from": [-3.41666, 3.81163, 3.22817],
			"to": [8.20941, 8.94522, 10.17361],
			"rotation": {"angle": -22.5, "axis": "y", "origin": [-0.84986, 12.57255, -4.32123]},
			"faces": {
				"north": {"uv": [0, 0, 3, 3], "texture": "#2"},
				"east": {"uv": [0, 0, 3, 3], "texture": "#2"},
				"south": {"uv": [0, 0, 3, 3], "texture": "#2"},
				"west": {"uv": [0, 0, 3, 3], "texture": "#2"},
				"up": {"uv": [0, 0, 5, 6], "texture": "#3"},
				"down": {"uv": [0, 0, 3, 3], "texture": "#2"}
			}
		},
		{
			"from": [-1.05018, -5.09304, 4.00835],
			"to": [-0.29524, 0.04055, 4.91428],
			"rotation": {"angle": 45, "axis": "y", "origin": [7.25416, 11.81761, -2.33314]},
			"faces": {
				"north": {"uv": [16, 16, 0, 0], "texture": "#2"},
				"east": {"uv": [16, 16, 0, 0], "texture": "#2"},
				"south": {"uv": [16, 16, 0, 0], "texture": "#2"},
				"west": {"uv": [16, 16, 0, 0], "texture": "#2"},
				"up": {"uv": [16, 16, 0, 0], "texture": "#2"},
				"down": {"uv": [16, 16, 0, 0], "texture": "#2"}
			}
		},
		{
			"from": [-1.05018, -5.09304, 11.27661],
			"to": [-0.29524, 0.04055, 12.18254],
			"rotation": {"angle": -45, "axis": "y", "origin": [7.25416, 11.81761, 18.52403]},
			"faces": {
				"north": {"uv": [16, 16, 0, 0], "texture": "#2"},
				"east": {"uv": [16, 16, 0, 0], "texture": "#2"},
				"south": {"uv": [16, 16, 0, 0], "texture": "#2"},
				"west": {"uv": [16, 16, 0, 0], "texture": "#2"},
				"up": {"uv": [16, 16, 0, 0], "texture": "#2"},
				"down": {"uv": [16, 16, 0, 0], "texture": "#2"}
			}
		},
		{
			"from": [2.39924, -5.84798, 11.23455],
			"to": [3.15418, -0.71439, 12.14048],
			"rotation": {"angle": -45, "axis": "y", "origin": [10.70357, 11.06267, 18.48197]},
			"faces": {
				"north": {"uv": [16, 16, 0, 0], "texture": "#2"},
				"east": {"uv": [16, 16, 0, 0], "texture": "#2"},
				"south": {"uv": [16, 16, 0, 0], "texture": "#2"},
				"west": {"uv": [16, 16, 0, 0], "texture": "#2"},
				"up": {"uv": [16, 16, 0, 0], "texture": "#2"},
				"down": {"uv": [16, 16, 0, 0], "texture": "#2"}
			}
		},
		{
			"from": [2.39924, -5.84798, 4.05041],
			"to": [3.15418, -0.71439, 4.95634],
			"rotation": {"angle": 45, "axis": "y", "origin": [10.70357, 11.06267, -2.29108]},
			"faces": {
				"north": {"uv": [16, 16, 0, 0], "texture": "#2"},
				"east": {"uv": [16, 16, 0, 0], "texture": "#2"},
				"south": {"uv": [16, 16, 0, 0], "texture": "#2"},
				"west": {"uv": [16, 16, 0, 0], "texture": "#2"},
				"up": {"uv": [16, 16, 0, 0], "texture": "#2"},
				"down": {"uv": [16, 16, 0, 0], "texture": "#2"}
			}
		},
		{
			"from": [7.48506, 8.49587, 23.18323],
			"to": [9.57387, 12.42156, 23.78534],
			"rotation": {"angle": 0, "axis": "y", "origin": [15.78939, 12.42156, 23.78719]},
			"faces": {
				"north": {"uv": [10, 10, 0, 0], "texture": "#2"},
				"east": {"uv": [10, 10, 0, 0], "texture": "#2"},
				"south": {"uv": [10, 10, 0, 0], "texture": "#2"},
				"west": {"uv": [10, 10, 0, 0], "texture": "#2"},
				"up": {"uv": [10, 10, 0, 0], "texture": "#2"},
				"down": {"uv": [10, 10, 0, 0], "texture": "#2"}
			}
		},
		{
			"from": [7.48506, 8.49587, -7.46613],
			"to": [9.57387, 12.42156, -7.01317],
			"shade": false,
			"rotation": {"angle": 0, "axis": "y", "origin": [15.78939, 12.42156, -12.14926]},
			"faces": {
				"north": {"uv": [0, 4, 4, 0], "texture": "#2"},
				"east": {"uv": [0, 16, 16, 0], "texture": "#2"},
				"south": {"uv": [0, 16, 16, 0], "texture": "#2"},
				"west": {"uv": [0, 16, 16, 0], "texture": "#2"},
				"up": {"uv": [0, 16, 16, 0], "texture": "#2"},
				"down": {"uv": [0, 16, 16, 0], "texture": "#2"}
			}
		},
		{
			"from": [9.45166, 11.10188, -8.5433],
			"to": [15.2739, 12.61176, -7.03342],
			"rotation": {"angle": -22.5, "axis": "z", "origin": [9.83834, 16.23547, 23.78652]},
			"faces": {
				"north": {"uv": [1, 1, 0, 0], "texture": "#2"},
				"east": {"uv": [1, 1, 0, 0], "texture": "#2"},
				"south": {"uv": [1, 1, 0, 0], "texture": "#2"},
				"west": {"uv": [1, 1, 0, 0], "texture": "#2"},
				"up": {"uv": [1, 1, 0, 0], "texture": "#2"},
				"down": {"uv": [1, 1, 0, 0], "texture": "#2"}
			}
		},
		{
			"from": [28.32746, -2.82115, 7.66447],
			"to": [29.64634, -1.16397, 8.88321],
			"rotation": {"angle": -45, "axis": "z", "origin": [21.06924, 43.69221, 8.27384]},
			"faces": {
				"north": {"uv": [16, 16, 0, 0], "texture": "#2"},
				"east": {"uv": [16, 16, 0, 0], "texture": "#2"},
				"south": {"uv": [16, 16, 0, 0], "texture": "#2"},
				"west": {"uv": [16, 16, 0, 0], "texture": "#2"},
				"up": {"uv": [16, 16, 0, 0], "texture": "#2"},
				"down": {"uv": [16, 16, 0, 0], "texture": "#2"}
			}
		},
		{
			"from": [-5.53554, 6.09846, 7.66447],
			"to": [-4.21666, 7.75565, 8.88321],
			"rotation": {"angle": -22.5, "axis": "z", "origin": [-4.8761, 6.92705, 8.27384]},
			"faces": {
				"north": {"uv": [16, 16, 0, 0], "texture": "#2"},
				"east": {"uv": [16, 16, 0, 0], "texture": "#2"},
				"south": {"uv": [16, 16, 0, 0], "texture": "#2"},
				"west": {"uv": [16, 16, 0, 0], "texture": "#2"},
				"up": {"uv": [16, 16, 0, 0], "texture": "#2"},
				"down": {"uv": [16, 16, 0, 0], "texture": "#2"}
			}
		},
		{
			"from": [29.84755, -0.54618, 7.66447],
			"to": [31.16642, 1.111, 8.88321],
			"rotation": {"angle": -45, "axis": "z", "origin": [22.58933, 45.96718, 8.27384]},
			"faces": {
				"north": {"uv": [16, 16, 0, 0], "texture": "#2"},
				"east": {"uv": [16, 16, 0, 0], "texture": "#2"},
				"south": {"uv": [16, 16, 0, 0], "texture": "#2"},
				"west": {"uv": [16, 16, 0, 0], "texture": "#2"},
				"up": {"uv": [16, 16, 0, 0], "texture": "#2"},
				"down": {"uv": [16, 16, 0, 0], "texture": "#2"}
			}
		},
		{
			"from": [8.00271, -6.31965, 7.66447],
			"to": [9.32159, -4.66247, 8.88321],
			"rotation": {"angle": -22.5, "axis": "z", "origin": [15.86822, 26.68591, 8.27384]},
			"faces": {
				"north": {"uv": [16, 16, 0, 0], "texture": "#2"},
				"east": {"uv": [16, 16, 0, 0], "texture": "#2"},
				"south": {"uv": [16, 16, 0, 0], "texture": "#2"},
				"west": {"uv": [16, 16, 0, 0], "texture": "#2"},
				"up": {"uv": [16, 16, 0, 0], "texture": "#2"},
				"down": {"uv": [16, 16, 0, 0], "texture": "#2"}
			}
		},
		{
			"from": [22.14797, -6.31965, 7.66447],
			"to": [23.46685, -4.66247, 8.88321],
			"rotation": {"angle": -45, "axis": "z", "origin": [15.86822, 26.68591, 8.27384]},
			"faces": {
				"north": {"uv": [16, 16, 0, 0], "texture": "#2"},
				"east": {"uv": [16, 16, 0, 0], "texture": "#2"},
				"south": {"uv": [16, 16, 0, 0], "texture": "#2"},
				"west": {"uv": [16, 16, 0, 0], "texture": "#2"},
				"up": {"uv": [16, 16, 0, 0], "texture": "#2"},
				"down": {"uv": [16, 16, 0, 0], "texture": "#2"}
			}
		},
		{
			"from": [8.5365, -6.31965, 7.66447],
			"to": [9.85537, -4.66247, 8.88321],
			"rotation": {"angle": -22.5, "axis": "z", "origin": [15.86822, 26.68591, 8.27384]},
			"faces": {
				"north": {"uv": [16, 16, 0, 0], "texture": "#2"},
				"east": {"uv": [16, 16, 0, 0], "texture": "#2"},
				"south": {"uv": [16, 16, 0, 0], "texture": "#2"},
				"west": {"uv": [16, 16, 0, 0], "texture": "#2"},
				"up": {"uv": [16, 16, 0, 0], "texture": "#2"},
				"down": {"uv": [16, 16, 0, 0], "texture": "#2"}
			}
		},
		{
			"from": [21.61419, -6.31965, 7.66447],
			"to": [22.93306, -4.66247, 8.88321],
			"rotation": {"angle": -45, "axis": "z", "origin": [15.86822, 26.68591, 8.27384]},
			"faces": {
				"north": {"uv": [16, 16, 0, 0], "texture": "#2"},
				"east": {"uv": [16, 16, 0, 0], "texture": "#2"},
				"south": {"uv": [16, 16, 0, 0], "texture": "#2"},
				"west": {"uv": [16, 16, 0, 0], "texture": "#2"},
				"up": {"uv": [16, 16, 0, 0], "texture": "#2"},
				"down": {"uv": [16, 16, 0, 0], "texture": "#2"}
			}
		},
		{
			"from": [9.07028, -5.00305, 7.66447],
			"to": [10.38916, -3.34586, 8.88321],
			"rotation": {"angle": -22.5, "axis": "z", "origin": [15.86822, 26.68591, 8.27384]},
			"faces": {
				"north": {"uv": [16, 16, 0, 0], "texture": "#2"},
				"east": {"uv": [16, 16, 0, 0], "texture": "#2"},
				"south": {"uv": [16, 16, 0, 0], "texture": "#2"},
				"west": {"uv": [16, 16, 0, 0], "texture": "#2"},
				"up": {"uv": [16, 16, 0, 0], "texture": "#2"},
				"down": {"uv": [16, 16, 0, 0], "texture": "#2"}
			}
		},
		{
			"from": [10.67163, 3.04748, 7.66447],
			"to": [11.9905, 4.70467, 8.88321],
			"rotation": {"angle": -22.5, "axis": "z", "origin": [15.86822, 26.68591, 8.27384]},
			"faces": {
				"north": {"uv": [16, 16, 0, 0], "texture": "#2"},
				"east": {"uv": [16, 16, 0, 0], "texture": "#2"},
				"south": {"uv": [16, 16, 0, 0], "texture": "#2"},
				"west": {"uv": [16, 16, 0, 0], "texture": "#2"},
				"up": {"uv": [16, 16, 0, 0], "texture": "#2"},
				"down": {"uv": [16, 16, 0, 0], "texture": "#2"}
			}
		},
		{
			"from": [20.01284, 1.70573, 7.66447],
			"to": [21.33171, 3.36291, 8.88321],
			"rotation": {"angle": -45, "axis": "z", "origin": [15.86822, 26.68591, 8.27384]},
			"faces": {
				"north": {"uv": [16, 16, 0, 0], "texture": "#2"},
				"east": {"uv": [16, 16, 0, 0], "texture": "#2"},
				"south": {"uv": [16, 16, 0, 0], "texture": "#2"},
				"west": {"uv": [16, 16, 0, 0], "texture": "#2"},
				"up": {"uv": [16, 16, 0, 0], "texture": "#2"},
				"down": {"uv": [16, 16, 0, 0], "texture": "#2"}
			}
		},
		{
			"from": [20.54662, -0.97778, 7.66447],
			"to": [21.8655, 0.6794, 8.88321],
			"rotation": {"angle": -45, "axis": "z", "origin": [15.86822, 26.68591, 8.27384]},
			"faces": {
				"north": {"uv": [16, 16, 0, 0], "texture": "#2"},
				"east": {"uv": [16, 16, 0, 0], "texture": "#2"},
				"south": {"uv": [16, 16, 0, 0], "texture": "#2"},
				"west": {"uv": [16, 16, 0, 0], "texture": "#2"},
				"up": {"uv": [16, 16, 0, 0], "texture": "#2"},
				"down": {"uv": [16, 16, 0, 0], "texture": "#2"}
			}
		},
		{
			"from": [10.13784, 0.36397, 7.66447],
			"to": [11.45672, 2.02116, 8.88321],
			"rotation": {"angle": -22.5, "axis": "z", "origin": [15.86822, 26.68591, 8.27384]},
			"faces": {
				"north": {"uv": [16, 16, 0, 0], "texture": "#2"},
				"east": {"uv": [16, 16, 0, 0], "texture": "#2"},
				"south": {"uv": [16, 16, 0, 0], "texture": "#2"},
				"west": {"uv": [16, 16, 0, 0], "texture": "#2"},
				"up": {"uv": [16, 16, 0, 0], "texture": "#2"},
				"down": {"uv": [16, 16, 0, 0], "texture": "#2"}
			}
		},
		{
			"from": [9.60406, -2.31954, 7.66447],
			"to": [10.92294, -0.66235, 8.88321],
			"rotation": {"angle": -22.5, "axis": "z", "origin": [15.86822, 26.68591, 8.27384]},
			"faces": {
				"north": {"uv": [16, 16, 0, 0], "texture": "#2"},
				"east": {"uv": [16, 16, 0, 0], "texture": "#2"},
				"south": {"uv": [16, 16, 0, 0], "texture": "#2"},
				"west": {"uv": [16, 16, 0, 0], "texture": "#2"},
				"up": {"uv": [16, 16, 0, 0], "texture": "#2"},
				"down": {"uv": [16, 16, 0, 0], "texture": "#2"}
			}
		},
		{
			"from": [21.0804, -3.66129, 7.66447],
			"to": [22.39928, -2.00411, 8.88321],
			"rotation": {"angle": -45, "axis": "z", "origin": [15.86822, 26.68591, 8.27384]},
			"faces": {
				"north": {"uv": [16, 16, 0, 0], "texture": "#2"},
				"east": {"uv": [16, 16, 0, 0], "texture": "#2"},
				"south": {"uv": [16, 16, 0, 0], "texture": "#2"},
				"west": {"uv": [16, 16, 0, 0], "texture": "#2"},
				"up": {"uv": [16, 16, 0, 0], "texture": "#2"},
				"down": {"uv": [16, 16, 0, 0], "texture": "#2"}
			}
		},
		{
			"from": [-8.58497, 3.81719, 12.49167],
			"to": [-1.48853, 8.95078, 25.62762],
			"rotation": {"angle": -45, "axis": "y", "origin": [6.06086, 12.57255, 23.06082]},
			"faces": {
				"north": {"uv": [0, 0, 3, 3], "texture": "#2"},
				"east": {"uv": [0, 0, 3, 3], "texture": "#2"},
				"south": {"uv": [0, 0, 3, 3], "texture": "#2"},
				"west": {"uv": [0, 0, 3, 3], "texture": "#2"},
				"up": {"uv": [0, 0, 5, 6], "texture": "#3"},
				"down": {"uv": [0, 0, 3, 3], "texture": "#2"}
			}
		},
		{
			"from": [-15.85038, 14.49552, 7.37333],
			"to": [-15.39742, 16.74945, 8.88321],
			"rotation": {"angle": 22.5, "axis": "z", "origin": [-16.15235, 16.84778, 8.12827]},
			"faces": {
				"north": {"uv": [16, 16, 0, 0], "texture": "#2"},
				"east": {"uv": [16, 16, 0, 0], "texture": "#2"},
				"south": {"uv": [16, 16, 0, 0], "texture": "#2"},
				"west": {"uv": [16, 16, 0, 0], "texture": "#2"},
				"up": {"uv": [16, 16, 0, 0], "texture": "#2"},
				"down": {"uv": [16, 16, 0, 0], "texture": "#2"}
			}
		},
		{
			"from": [-15.13944, 15.27915, 7.37333],
			"to": [-14.39539, 16.18508, 8.88321],
			"rotation": {"angle": 0, "axis": "y", "origin": [-17.79261, 15.43014, 8.12827]},
			"faces": {
				"north": {"uv": [16, 16, 0, 0], "texture": "#2"},
				"east": {"uv": [16, 16, 0, 0], "texture": "#2"},
				"south": {"uv": [16, 16, 0, 0], "texture": "#2"},
				"west": {"uv": [16, 16, 0, 0], "texture": "#2"},
				"up": {"uv": [16, 16, 0, 0], "texture": "#2"},
				"down": {"uv": [16, 16, 0, 0], "texture": "#2"}
			}
		},
		{
			"from": [-12.40342, 13.75988, 7.37333],
			"to": [-9.9985, 15.26976, 8.88321],
			"rotation": {"angle": 0, "axis": "y", "origin": [-13.39573, 14.51482, 8.12827]},
			"faces": {
				"north": {"uv": [16, 16, 0, 0], "texture": "#2"},
				"east": {"uv": [16, 16, 0, 0], "texture": "#2"},
				"south": {"uv": [16, 16, 0, 0], "texture": "#2"},
				"west": {"uv": [16, 16, 0, 0], "texture": "#2"},
				"up": {"uv": [16, 16, 0, 0], "texture": "#2"},
				"down": {"uv": [16, 16, 0, 0], "texture": "#2"}
			}
		},
		{
			"from": [-14.73518, 14.47682, 7.37333],
			"to": [-10.6694, 15.9867, 8.88321],
			"rotation": {"angle": -22.5, "axis": "z", "origin": [-14.06662, 15.23176, 8.12827]},
			"faces": {
				"north": {"uv": [16, 16, 0, 0], "texture": "#2"},
				"east": {"uv": [16, 16, 0, 0], "texture": "#2"},
				"south": {"uv": [16, 16, 0, 0], "texture": "#2"},
				"west": {"uv": [16, 16, 0, 0], "texture": "#2"},
				"up": {"uv": [16, 16, 0, 0], "texture": "#2"},
				"down": {"uv": [16, 16, 0, 0], "texture": "#2"}
			}
		},
		{
			"from": [12.89561, 9.41255, -8.52673],
			"to": [30.19661, 10.92243, -7.01685],
			"rotation": {"angle": 0, "axis": "y", "origin": [8.36597, 3.37303, 15.63317]},
			"faces": {
				"north": {"uv": [1, 1, 1, 0], "texture": "#2"},
				"east": {"uv": [1, 1, 1, 0], "texture": "#2"},
				"south": {"uv": [1, 1, 1, 0], "texture": "#2"},
				"west": {"uv": [1, 1, 1, 0], "texture": "#2"},
				"up": {"uv": [1, 1, 1, 0], "texture": "#2"},
				"down": {"uv": [1, 1, 1, 0], "texture": "#2"}
			}
		},
		{
			"from": [12.89561, 9.41255, 23.03342],
			"to": [30.19661, 10.92243, 24.5433],
			"shade": false,
			"rotation": {"angle": 0, "axis": "y", "origin": [8.36597, 3.37303, 0.3834]},
			"faces": {
				"north": {"uv": [0, 1, 1, 0], "texture": "#2"},
				"east": {"uv": [0, 1, 1, 0], "texture": "#2"},
				"south": {"uv": [0, 1, 1, 0], "texture": "#2"},
				"west": {"uv": [0, 1, 1, 0], "texture": "#2"},
				"up": {"uv": [0, 1, 1, 0], "texture": "#2"},
				"down": {"uv": [0, 1, 1, 0], "texture": "#2"}
			}
		},
		{
			"from": [7.48506, 7.13698, 22.27731],
			"to": [30.19661, 11.06267, 23.78719],
			"shade": false,
			"rotation": {"angle": 0, "axis": "y", "origin": [15.78939, 12.42156, 23.78719]},
			"faces": {
				"north": {"uv": [0, 6, 9, 0], "texture": "#2"},
				"east": {"uv": [0, 6, 9, 0], "texture": "#2"},
				"south": {"uv": [0, 6, 9, 0], "texture": "#2"},
				"west": {"uv": [0, 6, 9, 0], "texture": "#2"},
				"up": {"uv": [0, 6, 9, 0], "texture": "#2"},
				"down": {"uv": [0, 6, 9, 0], "texture": "#2"}
			}
		},
		{
			"from": [7.70437, 3.81525, -6.72856],
			"to": [30.19661, 8.94884, 23.13758],
			"rotation": {"angle": 0, "axis": "y", "origin": [16.00871, 12.42156, 23.59054]},
			"faces": {
				"north": {"uv": [15, 0, 0, 4], "texture": "#2"},
				"east": {"uv": [15, 0, 0, 4], "texture": "#2"},
				"south": {"uv": [15, 0, 0, 4], "texture": "#2"},
				"west": {"uv": [15, 0, 0, 4], "texture": "#2"},
				"up": {"uv": [16, 0, 0, 16], "texture": "#3"},
				"down": {"uv": [15, 0, 0, 4], "texture": "#2"}
			}
		},
		{
			"from": [8.02839, 1.24845, 20.75783],
			"to": [30.19661, 6.38204, 22.26771],
			"rotation": {"angle": 0, "axis": "y", "origin": [16.33272, 12.42156, 23.02265]},
			"faces": {
				"north": {"uv": [15, 0, 0, 4], "texture": "#2"},
				"east": {"uv": [15, 0, 0, 4], "texture": "#2"},
				"south": {"uv": [15, 0, 0, 4], "texture": "#2"},
				"west": {"uv": [15, 0, 0, 4], "texture": "#2"},
				"up": {"uv": [15, 0, 0, 4], "texture": "#2"},
				"down": {"uv": [15, 0, 0, 4], "texture": "#2"}
			}
		},
		{
			"from": [8.53724, -0.71439, 19.71368],
			"to": [30.19661, 4.4192, 21.22356],
			"rotation": {"angle": 0, "axis": "y", "origin": [16.84157, 12.42156, 22.73343]},
			"faces": {
				"north": {"uv": [15, 0, 0, 4], "texture": "#2"},
				"east": {"uv": [15, 0, 0, 4], "texture": "#2"},
				"south": {"uv": [15, 0, 0, 4], "texture": "#2"},
				"west": {"uv": [15, 0, 0, 4], "texture": "#2"},
				"up": {"uv": [15, 0, 0, 4], "texture": "#2"},
				"down": {"uv": [15, 0, 0, 4], "texture": "#2"}
			}
		},
		{
			"from": [9.13929, -1.92229, -3.52615],
			"to": [30.19661, 3.2113, 19.86593],
			"rotation": {"angle": 0, "axis": "y", "origin": [17.44363, 12.42156, 21.97976]},
			"faces": {
				"north": {"uv": [15, 0, 0, 6], "texture": "#2"},
				"east": {"uv": [15, 0, 0, 6], "texture": "#2"},
				"south": {"uv": [15, 0, 0, 6], "texture": "#2"},
				"west": {"uv": [15, 0, 0, 6], "texture": "#2"},
				"up": {"uv": [15, 0, 0, 6], "texture": "#2"},
				"down": {"uv": [15, 0, 0, 6], "texture": "#2"}
			}
		},
		{
			"from": [10.01876, -2.67723, -1.25161],
			"to": [30.19661, 2.45636, 17.56664],
			"rotation": {"angle": 0, "axis": "y", "origin": [18.3231, 12.42156, 21.03936]},
			"faces": {
				"north": {"uv": [15, 6, 4.375, 0], "texture": "#2"},
				"east": {"uv": [15, 6, 4.375, 0], "texture": "#2"},
				"south": {"uv": [15, 6, 4.375, 0], "texture": "#2"},
				"west": {"uv": [15, 6, 4.375, 0], "texture": "#2"},
				"up": {"uv": [15, 6, 4.375, 0], "texture": "#2"},
				"down": {"uv": [15, 6, 4.375, 0], "texture": "#2"}
			}
		},
		{
			"from": [10.51549, -3.28118, 10.84177],
			"to": [30.19661, 1.85241, 16.12635],
			"rotation": {"angle": 0, "axis": "y", "origin": [18.81982, 12.42156, 20.80697]},
			"faces": {
				"north": {"uv": [16, 16, 2.5625, 0], "texture": "#2"},
				"east": {"uv": [16, 16, 2.5625, 0], "texture": "#2"},
				"south": {"uv": [16, 16, 2.5625, 0], "texture": "#2"},
				"west": {"uv": [16, 16, 2.5625, 0], "texture": "#2"},
				"up": {"uv": [16, 16, 2.5625, 0], "texture": "#2"},
				"down": {"uv": [16, 16, 2.5625, 0], "texture": "#2"}
			}
		},
		{
			"from": [11.38219, -3.73415, 8.74935],
			"to": [30.19661, 1.39944, 14.03393],
			"rotation": {"angle": 0, "axis": "y", "origin": [19.68653, 12.42156, 20.97937]},
			"faces": {
				"north": {"uv": [16, 16, 2.6875, 0], "texture": "#2"},
				"east": {"uv": [16, 16, 2.6875, 0], "texture": "#2"},
				"south": {"uv": [16, 16, 2.6875, 0], "texture": "#2"},
				"west": {"uv": [16, 16, 2.6875, 0], "texture": "#2"},
				"up": {"uv": [16, 16, 2.6875, 0], "texture": "#2"},
				"down": {"uv": [16, 16, 2.6875, 0], "texture": "#2"}
			}
		},
		{
			"from": [12.30668, -4.3381, 10.29214],
			"to": [30.19661, 0.79549, 11.80202],
			"rotation": {"angle": 0, "axis": "y", "origin": [20.61102, 12.42156, 21.16327]},
			"faces": {
				"north": {"uv": [16, 16, 4.3125, 0], "texture": "#2"},
				"east": {"uv": [16, 16, 4.3125, 0], "texture": "#2"},
				"south": {"uv": [16, 16, 4.3125, 0], "texture": "#2"},
				"west": {"uv": [16, 16, 4.3125, 0], "texture": "#2"},
				"up": {"uv": [16, 16, 4.3125, 0], "texture": "#2"},
				"down": {"uv": [16, 16, 4.3125, 0], "texture": "#2"}
			}
		},
		{
			"from": [12.53781, -5.09304, 9.73416],
			"to": [30.19661, 0.04055, 11.24404],
			"shade": false,
			"rotation": {"angle": 0, "axis": "y", "origin": [21.74807, 12.87452, 21.20924]},
			"faces": {
				"north": {"uv": [0, 16, 16, 0], "texture": "#2"},
				"east": {"uv": [0, 16, 16, 0], "texture": "#2"},
				"south": {"uv": [0, 16, 16, 0], "texture": "#2"},
				"west": {"uv": [0, 16, 16, 0], "texture": "#2"},
				"up": {"uv": [0, 16, 16, 0], "texture": "#2"},
				"down": {"uv": [0, 16, 16, 0], "texture": "#2"}
			}
		},
		{
			"from": [13.05783, -5.84798, 6.96883],
			"to": [30.19661, -0.71439, 9.98859],
			"rotation": {"angle": 0, "axis": "y", "origin": [19.09735, 12.87452, 21.31268]},
			"faces": {
				"north": {"uv": [16, 16, 0, 0], "texture": "#2"},
				"east": {"uv": [16, 16, 0, 0], "texture": "#2"},
				"south": {"uv": [16, 16, 0, 0], "texture": "#2"},
				"west": {"uv": [16, 16, 0, 0], "texture": "#2"},
				"up": {"uv": [16, 16, 0, 0], "texture": "#2"},
				"down": {"uv": [16, 16, 0, 0], "texture": "#2"}
			}
		},
		{
			"from": [12.91834, -5.84798, 6.26009],
			"to": [30.05712, -0.71439, 7.61898],
			"rotation": {"angle": 0, "axis": "y", "origin": [18.95785, 12.87452, -9.74463]},
			"faces": {
				"north": {"uv": [16, 16, 0, 0], "texture": "#2"},
				"east": {"uv": [16, 16, 0, 0], "texture": "#2"},
				"south": {"uv": [16, 16, 0, 0], "texture": "#2"},
				"west": {"uv": [16, 16, 0, 0], "texture": "#2"},
				"up": {"uv": [16, 16, 0, 0], "texture": "#2"},
				"down": {"uv": [16, 16, 0, 0], "texture": "#2"}
			}
		},
		{
			"from": [12.39831, -5.09304, 5.00464],
			"to": [30.05712, 0.04055, 6.36353],
			"shade": false,
			"rotation": {"angle": 0, "axis": "y", "origin": [21.60857, 12.87452, -9.64119]},
			"faces": {
				"north": {"uv": [0, 0, 16, 15], "texture": "#2"},
				"east": {"uv": [0, 0, 16, 15], "texture": "#2"},
				"south": {"uv": [0, 0, 16, 15], "texture": "#2"},
				"west": {"uv": [0, 0, 16, 15], "texture": "#2"},
				"up": {"uv": [0, 0, 16, 15], "texture": "#2"},
				"down": {"uv": [0, 0, 16, 15], "texture": "#2"}
			}
		},
		{
			"from": [12.16719, -4.3381, 4.44666],
			"to": [30.05712, 0.79549, 5.80555],
			"rotation": {"angle": 0, "axis": "y", "origin": [20.47152, 12.42156, -9.59522]},
			"faces": {
				"north": {"uv": [16, 15.125, 0, 0], "texture": "#2"},
				"east": {"uv": [16, 15.125, 0, 0], "texture": "#2"},
				"south": {"uv": [16, 15.125, 0, 0], "texture": "#2"},
				"west": {"uv": [16, 15.125, 0, 0], "texture": "#2"},
				"up": {"uv": [16, 15.125, 0, 0], "texture": "#2"},
				"down": {"uv": [16, 15.125, 0, 0], "texture": "#2"}
			}
		},
		{
			"from": [11.2427, -3.73415, 2.21474],
			"to": [30.05712, 1.39944, 7.34833],
			"rotation": {"angle": 0, "axis": "y", "origin": [19.54703, 12.42156, -9.41132]},
			"faces": {
				"north": {"uv": [16, 16, 3.125, 0], "texture": "#2"},
				"east": {"uv": [16, 16, 3.125, 0], "texture": "#2"},
				"south": {"uv": [16, 16, 3.125, 0], "texture": "#2"},
				"west": {"uv": [16, 16, 3.125, 0], "texture": "#2"},
				"up": {"uv": [16, 16, 3.125, 0], "texture": "#2"},
				"down": {"uv": [16, 16, 3.125, 0], "texture": "#2"}
			}
		},
		{
			"from": [10.37599, -3.28118, 0.12232],
			"to": [30.05712, 1.85241, 5.25591],
			"rotation": {"angle": 0, "axis": "y", "origin": [18.68033, 12.42156, -9.23893]},
			"faces": {
				"north": {"uv": [15, 6, 3.75, 0], "texture": "#2"},
				"east": {"uv": [15, 6, 3.75, 0], "texture": "#2"},
				"south": {"uv": [15, 6, 3.75, 0], "texture": "#2"},
				"west": {"uv": [15, 6, 3.75, 0], "texture": "#2"},
				"up": {"uv": [15, 6, 3.75, 0], "texture": "#2"},
				"down": {"uv": [15, 6, 3.75, 0], "texture": "#2"}
			}
		},
		{
			"from": [8.25825, -0.71439, -4.9171],
			"to": [29.91762, 4.4192, -3.55821],
			"rotation": {"angle": 0, "axis": "y", "origin": [16.56258, 12.42156, -11.10761]},
			"faces": {
				"north": {"uv": [15, 6, 0, 0], "texture": "#2"},
				"east": {"uv": [15, 6, 0, 0], "texture": "#2"},
				"south": {"uv": [15, 6, 0, 0], "texture": "#2"},
				"west": {"uv": [15, 6, 0, 0], "texture": "#2"},
				"up": {"uv": [15, 6, 0, 0], "texture": "#2"},
				"down": {"uv": [15, 6, 0, 0], "texture": "#2"}
			}
		},
		{
			"from": [7.88889, 1.24845, -6.01904],
			"to": [30.05711, 6.38204, -4.66015],
			"rotation": {"angle": 0, "axis": "y", "origin": [16.19323, 12.42156, -11.4546]},
			"faces": {
				"north": {"uv": [15, 0, 0, 6], "texture": "#2"},
				"east": {"uv": [15, 0, 0, 6], "texture": "#2"},
				"south": {"uv": [15, 0, 0, 6], "texture": "#2"},
				"west": {"uv": [15, 0, 0, 6], "texture": "#2"},
				"up": {"uv": [15, 0, 0, 6], "texture": "#2"},
				"down": {"uv": [15, 0, 0, 6], "texture": "#2"}
			}
		},
		{
			"from": [7.48506, 7.13698, -7.46864],
			"to": [30.19661, 11.06267, -6.10975],
			"rotation": {"angle": 0, "axis": "y", "origin": [15.78939, 12.42156, -12.14926]},
			"faces": {
				"north": {"uv": [15, 4.1, 0, 0], "texture": "#2"},
				"east": {"uv": [15, 4.1, 0, 0], "texture": "#2"},
				"south": {"uv": [15, 4.1, 0, 0], "texture": "#2"},
				"west": {"uv": [15, 4.1, 0, 0], "texture": "#2"},
				"up": {"uv": [15, 4.1, 0, 0], "texture": "#2"},
				"down": {"uv": [15, 4.1, 0, 0], "texture": "#2"}
			}
		}
	],
	"display": {
		"thirdperson_righthand": {
			"rotation": [69, -90, 0],
			"translation": [-12.5, 4.75, 3.5],
			"scale": [0.2, 0.2, 0.2]
		},
		"thirdperson_lefthand": {
			"rotation": [69, 90, 0],
			"translation": [-12.5, 4.75, 3.5],
			"scale": [0.2, 0.2, 0.2]
		},
		"firstperson_righthand": {
			"translation": [-17.25, 4, -0.5],
			"scale": [0.15, 0.15, 0.15]
		},
		"firstperson_lefthand": {
			"translation": [-17.25, 4, -0.5],
			"scale": [0.15, 0.15, 0.15]
		},
		"ground": {
			"scale": [0.23, 0.2, 0.2]
		},
		"gui": {
			"scale": [0.25, 0.29, 1]
		},
		"head": {
            "translation": [-26, -18, 0],
			"rotation": [0, -90, 0],
			"scale": [3.7, 3.7, 3.7]
		},
		"fixed": {
			"translation": [0, 0, -3],
			"scale": [0.56, 0.47, 0.52]
		}
	},
	"groups": [
		{
			"name": "part 1 boat",
			"origin": [-14.86091, -4.29564, 8.15416],
			"color": 0,
			"children": [
				0,
				1,
				2,
				3,
				4,
				5,
				6,
				7,
				8,
				9,
				10,
				11,
				12,
				13,
				14,
				15,
				16,
				17,
				18,
				19,
				20,
				21,
				22,
				23,
				24,
				25,
				26,
				27,
				28,
				29,
				30,
				31,
				32,
				33,
				34,
				35,
				36,
				37,
				38,
				39,
				40,
				41,
				42,
				43,
				44,
				45,
				46,
				47,
				48,
				49,
				50,
				51,
				52,
				53,
				54,
				55,
				56,
				57,
				58,
				59,
				60,
				61,
				62,
				63,
				64,
				65,
				66,
				67,
				68,
				69,
				70,
				71,
				72,
				73,
				74,
				75,
				76,
				77,
				78,
				79,
				80,
				81,
				82,
				83,
				84,
				85,
				86,
				87,
				88,
				89,
				90,
				91,
				92,
				93,
				94,
				95,
				96,
				97,
				98,
				99,
				100,
				101,
				102,
				103,
				104,
				105,
				106,
				107,
				108,
				109,
				110
			]
		},
		{
			"name": "part 2 boat",
			"origin": [21.79306, -1.36043, 17.14004],
			"color": 0,
			"children": []
		},
		{
			"name": "sail1part1",
			"origin": [0.77264, -0.82108, 7.80224],
			"color": 0,
			"children": []
		},
		{
			"name": "sail1part2",
			"origin": [-0.21007, 13.80557, 7.00224],
			"color": 0,
			"children": []
		},
		{
			"name": "sail2part1",
			"origin": [15.29438, -6.66601, 12.91993],
			"color": 0,
			"children": []
		}
	]
}