{
	"credit": "Made with Blockbench",
	"texture_size": [32, 32],
	"textures": {
		"1": "concrete:vehicle/boat/muslim/sail",
		"2": "concrete:vehicle/boat/muslim/wood",
		"4": "concrete:vehicle/boat/muslim/flag",
		"particle": "concrete:vehicle/boat/muslim/wood"
	},
	"elements": [
		{
			"from": [9.86007, 14.33846, 7.88875],
			"to": [10.68178, 21.40821, 8.09493],
			"rotation": {"angle": -22.5, "axis": "y", "origin": [10.03331, 27.73343, 7.84892]},
			"faces": {
				"north": {"uv": [3, 4, 2, 3], "texture": "#2"},
				"east": {"uv": [3, 4, 2, 3], "texture": "#2"},
				"south": {"uv": [3, 4, 2, 3], "texture": "#2"},
				"west": {"uv": [3, 4, 2, 3], "texture": "#2"},
				"up": {"uv": [3, 4, 2, 3], "texture": "#2"},
				"down": {"uv": [3, 4, 2, 3], "texture": "#2"}
			}
		},
		{
			"from": [9.77911, 14.33846, 8.00991],
			"to": [10.69616, 21.40821, 8.2161],
			"rotation": {"angle": 0, "axis": "y", "origin": [9.62205, 12.1928, 12.50254]},
			"faces": {
				"north": {"uv": [3, 4, 2, 3], "texture": "#2"},
				"east": {"uv": [3, 4, 2, 3], "texture": "#2"},
				"south": {"uv": [3, 4, 2, 3], "texture": "#2"},
				"west": {"uv": [3, 4, 2, 3], "texture": "#2"},
				"up": {"uv": [3, 4, 2, 3], "texture": "#2"},
				"down": {"uv": [3, 4, 2, 3], "texture": "#2"}
			}
		},
		{
			"from": [9.73455, 14.33846, 7.76434],
			"to": [10.6516, 21.40821, 7.97053],
			"rotation": {"angle": 45, "axis": "y", "origin": [10.51178, 13.36065, 7.79215]},
			"faces": {
				"north": {"uv": [3, 4, 2, 3], "texture": "#2"},
				"east": {"uv": [3, 4, 2, 3], "texture": "#2"},
				"south": {"uv": [3, 4, 2, 3], "texture": "#2"},
				"west": {"uv": [3, 4, 2, 3], "texture": "#2"},
				"up": {"uv": [3, 4, 2, 3], "texture": "#2"},
				"down": {"uv": [3, 4, 2, 3], "texture": "#2"}
			}
		},
		{
			"from": [9.86868, 14.33846, 7.85935],
			"to": [10.78573, 21.40821, 8.06553],
			"rotation": {"angle": 22.5, "axis": "y", "origin": [10.66089, 13.36065, 7.96244]},
			"faces": {
				"north": {"uv": [3, 4, 2, 3], "texture": "#2"},
				"east": {"uv": [3, 4, 2, 3], "texture": "#2"},
				"south": {"uv": [3, 4, 2, 3], "texture": "#2"},
				"west": {"uv": [3, 4, 2, 3], "texture": "#2"},
				"up": {"uv": [3, 4, 2, 3], "texture": "#2"},
				"down": {"uv": [3, 4, 2, 3], "texture": "#2"}
			}
		},
		{
			"from": [10.07314, 14.33846, 7.67568],
			"to": [10.27932, 21.40821, 8.49739],
			"shade": false,
			"rotation": {"angle": 22.5, "axis": "y", "origin": [10.03331, 27.73343, 7.84892]},
			"faces": {
				"north": {"uv": [3, 4, 2, 3], "texture": "#2"},
				"east": {"uv": [3, 4, 2, 3], "texture": "#2"},
				"south": {"uv": [3, 4, 2, 3], "texture": "#2"},
				"west": {"uv": [3, 4, 2, 3], "texture": "#2"},
				"up": {"uv": [3, 4, 2, 3], "texture": "#2"},
				"down": {"uv": [3, 4, 2, 3], "texture": "#2"}
			}
		},
		{
			"from": [9.93021, 14.33846, 7.70411],
			"to": [10.1364, 21.40821, 8.52582],
			"rotation": {"angle": 45, "axis": "y", "origin": [10.03331, 27.73343, 7.84892]},
			"faces": {
				"north": {"uv": [3, 4, 2, 3], "texture": "#2"},
				"east": {"uv": [3, 4, 2, 3], "texture": "#2"},
				"south": {"uv": [3, 4, 2, 3], "texture": "#2"},
				"west": {"uv": [3, 4, 2, 3], "texture": "#2"},
				"up": {"uv": [3, 4, 2, 3], "texture": "#2"},
				"down": {"uv": [3, 4, 2, 3], "texture": "#2"}
			}
		},
		{
			"from": [10.1943, 14.33846, 7.59472],
			"to": [10.40049, 21.40821, 8.41643],
			"rotation": {"angle": 0, "axis": "y", "origin": [10.09933, 13.36065, 7.81658]},
			"faces": {
				"north": {"uv": [3, 4, 2, 3], "texture": "#2"},
				"east": {"uv": [3, 4, 2, 3], "texture": "#2"},
				"south": {"uv": [3, 4, 2, 3], "texture": "#2"},
				"west": {"uv": [3, 4, 2, 3], "texture": "#2"},
				"up": {"uv": [3, 4, 2, 3], "texture": "#2"},
				"down": {"uv": [3, 4, 2, 3], "texture": "#2"}
			}
		},
		{
			"from": [10.1943, 14.33846, 8.38161],
			"to": [10.40049, 21.40821, 8.63129],
			"rotation": {"angle": 0, "axis": "y", "origin": [10.09933, 13.36065, 8.40944]},
			"faces": {
				"north": {"uv": [3, 4, 2, 3], "texture": "#2"},
				"east": {"uv": [3, 4, 2, 3], "texture": "#2"},
				"south": {"uv": [3, 4, 2, 3], "texture": "#2"},
				"west": {"uv": [3, 4, 2, 3], "texture": "#2"},
				"up": {"uv": [3, 4, 2, 3], "texture": "#2"},
				"down": {"uv": [3, 4, 2, 3], "texture": "#2"}
			}
		},
		{
			"from": [10.06579, 14.33846, 8.32838],
			"to": [10.27197, 21.40821, 8.57806],
			"rotation": {"angle": -22.5, "axis": "y", "origin": [10.09933, 13.36065, 8.40944]},
			"faces": {
				"north": {"uv": [3, 4, 2, 3], "texture": "#2"},
				"east": {"uv": [3, 4, 2, 3], "texture": "#2"},
				"south": {"uv": [3, 4, 2, 3], "texture": "#2"},
				"west": {"uv": [3, 4, 2, 3], "texture": "#2"},
				"up": {"uv": [3, 4, 2, 3], "texture": "#2"},
				"down": {"uv": [3, 4, 2, 3], "texture": "#2"}
			}
		},
		{
			"from": [9.92668, 14.33846, 8.32838],
			"to": [10.13287, 21.40821, 8.57806],
			"shade": false,
			"rotation": {"angle": -45, "axis": "y", "origin": [10.09933, 13.36065, 8.40944]},
			"faces": {
				"north": {"uv": [3, 4, 2, 3], "texture": "#2"},
				"east": {"uv": [3, 4, 2, 3], "texture": "#2"},
				"south": {"uv": [3, 4, 2, 3], "texture": "#2"},
				"west": {"uv": [3, 4, 2, 3], "texture": "#2"},
				"up": {"uv": [3, 4, 2, 3], "texture": "#2"},
				"down": {"uv": [3, 4, 2, 3], "texture": "#2"}
			}
		},
		{
			"from": [9.87747, 14.33846, 8.10827],
			"to": [10.12715, 21.40821, 8.31446],
			"rotation": {"angle": 22.5, "axis": "y", "origin": [10.09933, 13.36065, 8.40944]},
			"faces": {
				"north": {"uv": [3, 4, 2, 3], "texture": "#2"},
				"east": {"uv": [3, 4, 2, 3], "texture": "#2"},
				"south": {"uv": [3, 4, 2, 3], "texture": "#2"},
				"west": {"uv": [3, 4, 2, 3], "texture": "#2"},
				"up": {"uv": [3, 4, 2, 3], "texture": "#2"},
				"down": {"uv": [3, 4, 2, 3], "texture": "#2"}
			}
		},
		{
			"from": [10.40192, 14.33846, 8.25548],
			"to": [10.6516, 21.40821, 8.46167],
			"rotation": {"angle": -45, "axis": "y", "origin": [10.51178, 13.36065, 8.43386]},
			"faces": {
				"north": {"uv": [3, 4, 2, 3], "texture": "#2"},
				"east": {"uv": [3, 4, 2, 3], "texture": "#2"},
				"south": {"uv": [3, 4, 2, 3], "texture": "#2"},
				"west": {"uv": [3, 4, 2, 3], "texture": "#2"},
				"up": {"uv": [3, 4, 2, 3], "texture": "#2"},
				"down": {"uv": [3, 4, 2, 3], "texture": "#2"}
			}
		},
		{
			"from": [10.33341, 14.33846, 8.32399],
			"to": [10.53959, 21.40821, 8.57367],
			"rotation": {"angle": 22.5, "axis": "y", "origin": [10.51178, 13.36065, 8.43386]},
			"faces": {
				"north": {"uv": [3, 3, 2, 3], "texture": "#2"},
				"east": {"uv": [3, 3, 2, 3], "texture": "#2"},
				"south": {"uv": [3, 3, 2, 3], "texture": "#2"},
				"west": {"uv": [3, 3, 2, 3], "texture": "#2"},
				"up": {"uv": [3, 3, 2, 3], "texture": "#2"},
				"down": {"uv": [3, 3, 2, 3], "texture": "#2"}
			}
		},
		{
			"from": [10.53605, 14.33846, 8.16048],
			"to": [10.78573, 21.40821, 8.36667],
			"rotation": {"angle": -22.5, "axis": "y", "origin": [10.66089, 13.36065, 8.26357]},
			"faces": {
				"north": {"uv": [3, 3.0625, 2, 3], "texture": "#2"},
				"east": {"uv": [3, 3.0625, 2, 3], "texture": "#2"},
				"south": {"uv": [3, 3.0625, 2, 3], "texture": "#2"},
				"west": {"uv": [3, 3.0625, 2, 3], "texture": "#2"},
				"up": {"uv": [3, 3.0625, 2, 3], "texture": "#2"},
				"down": {"uv": [3, 3.0625, 2, 3], "texture": "#2"}
			}
		},
		{
			"from": [10.566, 14.33846, 8.00991],
			"to": [10.81568, 21.40821, 8.2161],
			"rotation": {"angle": 0, "axis": "y", "origin": [9.60353, 12.1928, 12.50254]},
			"faces": {
				"north": {"uv": [3, 3.125, 2, 3], "texture": "#2"},
				"east": {"uv": [3, 3.125, 2, 3], "texture": "#2"},
				"south": {"uv": [3, 3.125, 2, 3], "texture": "#2"},
				"west": {"uv": [3, 3.125, 2, 3], "texture": "#2"},
				"up": {"uv": [3, 3.125, 2, 3], "texture": "#2"},
				"down": {"uv": [3, 3.125, 2, 3], "texture": "#2"}
			}
		},
		{
			"from": [10.23542, 14.33846, 7.6029],
			"to": [10.4416, 21.40821, 8.42461],
			"rotation": {"angle": -22.5, "axis": "y", "origin": [10.33851, 15.72079, 8.01375]},
			"faces": {
				"north": {"uv": [3, 3.1875, 2, 3], "texture": "#2"},
				"east": {"uv": [3, 3.1875, 2, 3], "texture": "#2"},
				"south": {"uv": [3, 3.1875, 2, 3], "texture": "#2"},
				"west": {"uv": [3, 3.1875, 2, 3], "texture": "#2"},
				"up": {"uv": [3, 3.1875, 2, 3], "texture": "#2"},
				"down": {"uv": [3, 3.1875, 2, 3], "texture": "#2"}
			}
		},
		{
			"from": [9.3758, 20.81804, 5.20049],
			"to": [10.52185, 21.55119, 9.76777],
			"rotation": {"angle": -22.5, "axis": "y", "origin": [10.22903, 22.14935, 8.5254]},
			"faces": {
				"north": {"uv": [3, 4, 2, 3], "texture": "#2"},
				"east": {"uv": [3, 4, 2, 3], "texture": "#2"},
				"south": {"uv": [3, 4, 2, 3], "texture": "#2"},
				"west": {"uv": [3, 4, 2, 3], "texture": "#2"},
				"up": {"uv": [3, 4, 2, 3], "texture": "#2"},
				"down": {"uv": [3, 4, 2, 3], "texture": "#2"}
			}
		},
		{
			"from": [11.6331, 20.81805, 7.43482],
			"to": [13.02089, 21.55119, 8.58086],
			"rotation": {"angle": 0, "axis": "y", "origin": [10.22903, 22.14935, 8.5254]},
			"faces": {
				"north": {"uv": [3, 3.4375, 2, 3], "texture": "#2"},
				"east": {"uv": [3, 3.4375, 2, 3], "texture": "#2"},
				"south": {"uv": [3, 3.4375, 2, 3], "texture": "#2"},
				"west": {"uv": [3, 3.4375, 2, 3], "texture": "#2"},
				"up": {"uv": [3, 3.4375, 2, 3], "texture": "#2"},
				"down": {"uv": [3, 3.4375, 2, 3], "texture": "#2"}
			}
		},
		{
			"from": [11.44181, 20.81805, 7.50824],
			"to": [12.82959, 21.55119, 8.65428],
			"rotation": {"angle": -22.5, "axis": "y", "origin": [10.22903, 22.14935, 8.5254]},
			"faces": {
				"north": {"uv": [3, 3.625, 2, 3], "texture": "#2"},
				"east": {"uv": [3, 3.625, 2, 3], "texture": "#2"},
				"south": {"uv": [3, 3.625, 2, 3], "texture": "#2"},
				"west": {"uv": [3, 3.625, 2, 3], "texture": "#2"},
				"up": {"uv": [3, 3.625, 2, 3], "texture": "#2"},
				"down": {"uv": [3, 3.625, 2, 3], "texture": "#2"}
			}
		},
		{
			"from": [9.77193, 20.81805, 9.5062],
			"to": [10.91797, 21.55119, 10.89398],
			"rotation": {"angle": 22.5, "axis": "y", "origin": [10.22903, 22.14935, 8.5254]},
			"faces": {
				"north": {"uv": [3, 3.8125, 2, 3], "texture": "#2"},
				"east": {"uv": [3, 3.8125, 2, 3], "texture": "#2"},
				"south": {"uv": [3, 3.8125, 2, 3], "texture": "#2"},
				"west": {"uv": [3, 3.8125, 2, 3], "texture": "#2"},
				"up": {"uv": [3, 3.8125, 2, 3], "texture": "#2"},
				"down": {"uv": [3, 3.8125, 2, 3], "texture": "#2"}
			}
		},
		{
			"from": [11.29317, 20.81805, 7.64928],
			"to": [12.68096, 21.55119, 8.79532],
			"rotation": {"angle": -45, "axis": "y", "origin": [10.22903, 22.14935, 8.5254]},
			"faces": {
				"north": {"uv": [3, 4, 2, 3], "texture": "#2"},
				"east": {"uv": [3, 4, 2, 3], "texture": "#2"},
				"south": {"uv": [3, 4, 2, 3], "texture": "#2"},
				"west": {"uv": [3, 4, 2, 3], "texture": "#2"},
				"up": {"uv": [3, 4, 2, 3], "texture": "#2"},
				"down": {"uv": [3, 4, 2, 3], "texture": "#2"}
			}
		},
		{
			"from": [7.46418, 20.81805, 7.44019],
			"to": [8.85196, 21.55119, 8.58623],
			"rotation": {"angle": 22.5, "axis": "y", "origin": [10.22903, 22.14935, 8.5254]},
			"faces": {
				"north": {"uv": [3, 4, 2, 3], "texture": "#2"},
				"east": {"uv": [3, 4, 2, 3], "texture": "#2"},
				"south": {"uv": [3, 4, 2, 3], "texture": "#2"},
				"west": {"uv": [3, 4, 2, 3], "texture": "#2"},
				"up": {"uv": [3, 4, 2, 3], "texture": "#2"},
				"down": {"uv": [3, 4, 2, 3], "texture": "#2"}
			}
		},
		{
			"from": [9.22717, 20.81805, 9.71528],
			"to": [10.37321, 21.55119, 11.10307],
			"rotation": {"angle": -45, "axis": "y", "origin": [10.22903, 22.14935, 8.5254]},
			"faces": {
				"north": {"uv": [3, 4, 2, 3], "texture": "#2"},
				"east": {"uv": [3, 4, 2, 3], "texture": "#2"},
				"south": {"uv": [3, 4, 2, 3], "texture": "#2"},
				"west": {"uv": [3, 4, 2, 3], "texture": "#2"},
				"up": {"uv": [3, 4, 2, 3], "texture": "#2"},
				"down": {"uv": [3, 4, 2, 3], "texture": "#2"}
			}
		},
		{
			"from": [9.3758, 20.81805, 9.57425],
			"to": [10.52185, 21.55119, 10.96203],
			"rotation": {"angle": -22.5, "axis": "y", "origin": [10.22903, 22.14935, 8.5254]},
			"faces": {
				"north": {"uv": [3, 4, 2, 3], "texture": "#2"},
				"east": {"uv": [3, 4, 2, 3], "texture": "#2"},
				"south": {"uv": [3, 4, 2, 3], "texture": "#2"},
				"west": {"uv": [3, 4, 2, 3], "texture": "#2"},
				"up": {"uv": [3, 4, 2, 3], "texture": "#2"},
				"down": {"uv": [3, 4, 2, 3], "texture": "#2"}
			}
		},
		{
			"from": [9.5671, 20.81805, 9.50082],
			"to": [10.71314, 21.55119, 10.88861],
			"rotation": {"angle": 0, "axis": "y", "origin": [10.22903, 22.14935, 8.5254]},
			"faces": {
				"north": {"uv": [3, 4, 2, 3], "texture": "#2"},
				"east": {"uv": [3, 4, 2, 3], "texture": "#2"},
				"south": {"uv": [3, 4, 2, 3], "texture": "#2"},
				"west": {"uv": [3, 4, 2, 3], "texture": "#2"},
				"up": {"uv": [3, 4, 2, 3], "texture": "#2"},
				"down": {"uv": [3, 4, 2, 3], "texture": "#2"}
			}
		},
		{
			"from": [9.5671, 20.81805, 5.12707],
			"to": [10.71314, 21.55119, 9.69435],
			"shade": false,
			"rotation": {"angle": 0, "axis": "y", "origin": [10.22903, 22.14935, 8.5254]},
			"faces": {
				"north": {"uv": [3, 4, 2, 3], "texture": "#2"},
				"east": {"uv": [3, 4, 2, 3], "texture": "#2"},
				"south": {"uv": [3, 4, 2, 3], "texture": "#2"},
				"west": {"uv": [3, 4, 2, 3], "texture": "#2"},
				"up": {"uv": [3, 4, 2, 3], "texture": "#2"},
				"down": {"uv": [3, 4, 2, 3], "texture": "#2"}
			}
		},
		{
			"from": [9.95911, 20.81805, 5.21579],
			"to": [11.10515, 21.55119, 9.78307],
			"shade": false,
			"rotation": {"angle": 45, "axis": "y", "origin": [10.22903, 22.14935, 8.5254]},
			"faces": {
				"north": {"uv": [3, 4, 2, 3], "texture": "#2"},
				"east": {"uv": [3, 4, 2, 3], "texture": "#2"},
				"south": {"uv": [3, 4, 2, 3], "texture": "#2"},
				"west": {"uv": [3, 4, 2, 3], "texture": "#2"},
				"up": {"uv": [3, 4, 2, 3], "texture": "#2"},
				"down": {"uv": [3, 4, 2, 3], "texture": "#2"}
			}
		},
		{
			"from": [9.77193, 20.81805, 5.13244],
			"to": [10.91797, 21.55119, 9.69972],
			"rotation": {"angle": 22.5, "axis": "y", "origin": [10.22903, 22.14935, 8.5254]},
			"faces": {
				"north": {"uv": [3, 4, 2, 3], "texture": "#2"},
				"east": {"uv": [3, 4, 2, 3], "texture": "#2"},
				"south": {"uv": [3, 4, 2, 3], "texture": "#2"},
				"west": {"uv": [3, 4, 2, 3], "texture": "#2"},
				"up": {"uv": [3, 4, 2, 3], "texture": "#2"},
				"down": {"uv": [3, 4, 2, 3], "texture": "#2"}
			}
		},
		{
			"from": [8.12852, 20.81805, 7.44019],
			"to": [13.22572, 21.55119, 8.58623],
			"shade": false,
			"rotation": {"angle": 22.5, "axis": "y", "origin": [10.22903, 22.14935, 8.5254]},
			"faces": {
				"north": {"uv": [2, 4, 3, 3], "texture": "#2"},
				"east": {"uv": [2, 4, 3, 3], "texture": "#2"},
				"south": {"uv": [2, 4, 3, 3], "texture": "#2"},
				"west": {"uv": [2, 4, 3, 3], "texture": "#2"},
				"up": {"uv": [2, 4, 3, 3], "texture": "#2"},
				"down": {"uv": [2, 4, 3, 3], "texture": "#2"}
			}
		},
		{
			"from": [8.31571, 20.81805, 7.52354],
			"to": [13.4129, 21.55119, 8.66958],
			"shade": false,
			"rotation": {"angle": 45, "axis": "y", "origin": [10.22903, 22.14935, 8.5254]},
			"faces": {
				"north": {"uv": [2, 4, 3, 3], "texture": "#2"},
				"east": {"uv": [2, 4, 3, 3], "texture": "#2"},
				"south": {"uv": [2, 4, 3, 3], "texture": "#2"},
				"west": {"uv": [2, 4, 3, 3], "texture": "#2"},
				"up": {"uv": [2, 4, 3, 3], "texture": "#2"},
				"down": {"uv": [2, 4, 3, 3], "texture": "#2"}
			}
		},
		{
			"from": [7.25935, 20.81805, 7.43482],
			"to": [12.35654, 21.55119, 8.58086],
			"shade": false,
			"rotation": {"angle": 0, "axis": "y", "origin": [10.22903, 22.14935, 8.5254]},
			"faces": {
				"north": {"uv": [2, 4, 3, 3], "texture": "#2"},
				"east": {"uv": [2, 4, 3, 3], "texture": "#2"},
				"south": {"uv": [2, 4, 3, 3], "texture": "#2"},
				"west": {"uv": [2, 4, 3, 3], "texture": "#2"},
				"up": {"uv": [2, 4, 3, 3], "texture": "#2"},
				"down": {"uv": [2, 4, 3, 3], "texture": "#2"}
			}
		},
		{
			"from": [7.06805, 20.81805, 7.50824],
			"to": [11.63533, 21.55119, 8.65428],
			"shade": false,
			"rotation": {"angle": -22.5, "axis": "y", "origin": [10.22903, 22.14935, 8.5254]},
			"faces": {
				"north": {"uv": [2, 4, 3, 3], "texture": "#2"},
				"east": {"uv": [2, 4, 3, 3], "texture": "#2"},
				"south": {"uv": [2, 4, 3, 3], "texture": "#2"},
				"west": {"uv": [2, 4, 3, 3], "texture": "#2"},
				"up": {"uv": [2, 4, 3, 3], "texture": "#2"},
				"down": {"uv": [2, 4, 3, 3], "texture": "#2"}
			}
		},
		{
			"from": [7.06805, 22.77491, 7.50824],
			"to": [7.7216, 23.50805, 8.65428],
			"rotation": {"angle": -22.5, "axis": "y", "origin": [10.22903, 24.10621, 8.5254]},
			"faces": {
				"north": {"uv": [3, 4, 2, 3], "texture": "#2"},
				"east": {"uv": [3, 4, 2, 3], "texture": "#2"},
				"south": {"uv": [3, 4, 2, 3], "texture": "#2"},
				"west": {"uv": [3, 4, 2, 3], "texture": "#2"},
				"up": {"uv": [3, 4, 2, 3], "texture": "#2"},
				"down": {"uv": [3, 4, 2, 3], "texture": "#2"}
			}
		},
		{
			"from": [7.25935, 22.77491, 7.43482],
			"to": [7.85575, 23.50805, 8.58086],
			"rotation": {"angle": 0, "axis": "y", "origin": [10.22903, 24.10621, 8.5254]},
			"faces": {
				"north": {"uv": [3, 4, 2, 3], "texture": "#2"},
				"east": {"uv": [3, 4, 2, 3], "texture": "#2"},
				"south": {"uv": [3, 4, 2, 3], "texture": "#2"},
				"west": {"uv": [3, 4, 2, 3], "texture": "#2"},
				"up": {"uv": [3, 4, 2, 3], "texture": "#2"},
				"down": {"uv": [3, 4, 2, 3], "texture": "#2"}
			}
		},
		{
			"from": [12.75392, 22.77491, 7.58612],
			"to": [13.43882, 23.50805, 8.73216],
			"rotation": {"angle": 45, "axis": "y", "origin": [10.16645, 24.10621, 8.58797]},
			"faces": {
				"north": {"uv": [3, 4, 2, 3], "texture": "#2"},
				"east": {"uv": [3, 4, 2, 3], "texture": "#2"},
				"south": {"uv": [3, 4, 2, 3], "texture": "#2"},
				"west": {"uv": [3, 4, 2, 3], "texture": "#2"},
				"up": {"uv": [3, 4, 2, 3], "texture": "#2"},
				"down": {"uv": [3, 4, 2, 3], "texture": "#2"}
			}
		},
		{
			"from": [12.54755, 22.77491, 7.47406],
			"to": [13.23245, 23.50805, 8.6201],
			"rotation": {"angle": 22.5, "axis": "y", "origin": [10.14727, 24.10621, 8.55926]},
			"faces": {
				"north": {"uv": [3, 4, 2, 3], "texture": "#2"},
				"east": {"uv": [3, 4, 2, 3], "texture": "#2"},
				"south": {"uv": [3, 4, 2, 3], "texture": "#2"},
				"west": {"uv": [3, 4, 2, 3], "texture": "#2"},
				"up": {"uv": [3, 4, 2, 3], "texture": "#2"},
				"down": {"uv": [3, 4, 2, 3], "texture": "#2"}
			}
		},
		{
			"from": [9.77193, 22.77491, 5.13244],
			"to": [10.91797, 23.50805, 5.78599],
			"rotation": {"angle": 22.5, "axis": "y", "origin": [10.22903, 24.10621, 8.5254]},
			"faces": {
				"north": {"uv": [3, 4, 2, 3], "texture": "#2"},
				"east": {"uv": [3, 4, 2, 3], "texture": "#2"},
				"south": {"uv": [3, 4, 2, 3], "texture": "#2"},
				"west": {"uv": [3, 4, 2, 3], "texture": "#2"},
				"up": {"uv": [3, 4, 2, 3], "texture": "#2"},
				"down": {"uv": [3, 4, 2, 3], "texture": "#2"}
			}
		},
		{
			"from": [9.95911, 22.77491, 5.21579],
			"to": [11.10515, 23.50805, 5.90069],
			"rotation": {"angle": 45, "axis": "y", "origin": [10.22903, 24.10621, 8.5254]},
			"faces": {
				"north": {"uv": [3, 4, 2, 3], "texture": "#2"},
				"east": {"uv": [3, 4, 2, 3], "texture": "#2"},
				"south": {"uv": [3, 4, 2, 3], "texture": "#2"},
				"west": {"uv": [3, 4, 2, 3], "texture": "#2"},
				"up": {"uv": [3, 4, 2, 3], "texture": "#2"},
				"down": {"uv": [3, 4, 2, 3], "texture": "#2"}
			}
		},
		{
			"from": [9.5671, 22.77491, 5.12707],
			"to": [10.71314, 23.50805, 5.78062],
			"rotation": {"angle": 0, "axis": "y", "origin": [10.22903, 24.10621, 8.5254]},
			"faces": {
				"north": {"uv": [3, 4, 2, 3], "texture": "#2"},
				"east": {"uv": [3, 4, 2, 3], "texture": "#2"},
				"south": {"uv": [3, 4, 2, 3], "texture": "#2"},
				"west": {"uv": [3, 4, 2, 3], "texture": "#2"},
				"up": {"uv": [3, 4, 2, 3], "texture": "#2"},
				"down": {"uv": [3, 4, 2, 3], "texture": "#2"}
			}
		},
		{
			"from": [9.5671, 22.77491, 10.20371],
			"to": [10.71314, 23.50805, 10.88861],
			"rotation": {"angle": 0, "axis": "y", "origin": [10.22903, 24.10621, 8.64122]},
			"faces": {
				"north": {"uv": [3, 4, 2, 3], "texture": "#2"},
				"east": {"uv": [3, 4, 2, 3], "texture": "#2"},
				"south": {"uv": [3, 4, 2, 3], "texture": "#2"},
				"west": {"uv": [3, 4, 2, 3], "texture": "#2"},
				"up": {"uv": [3, 4, 2, 3], "texture": "#2"},
				"down": {"uv": [3, 4, 2, 3], "texture": "#2"}
			}
		},
		{
			"from": [9.3758, 22.77491, 10.35699],
			"to": [10.52185, 23.50805, 10.96203],
			"rotation": {"angle": -22.5, "axis": "y", "origin": [10.22903, 24.10621, 8.5254]},
			"faces": {
				"north": {"uv": [3, 4, 2, 3], "texture": "#2"},
				"east": {"uv": [3, 4, 2, 3], "texture": "#2"},
				"south": {"uv": [3, 4, 2, 3], "texture": "#2"},
				"west": {"uv": [3, 4, 2, 3], "texture": "#2"},
				"up": {"uv": [3, 4, 2, 3], "texture": "#2"},
				"down": {"uv": [3, 4, 2, 3], "texture": "#2"}
			}
		},
		{
			"from": [9.22717, 22.77491, 10.49803],
			"to": [10.37321, 23.50805, 11.10307],
			"rotation": {"angle": -45, "axis": "y", "origin": [10.22903, 24.10621, 8.5254]},
			"faces": {
				"north": {"uv": [3, 4, 2, 3], "texture": "#2"},
				"east": {"uv": [3, 4, 2, 3], "texture": "#2"},
				"south": {"uv": [3, 4, 2, 3], "texture": "#2"},
				"west": {"uv": [3, 4, 2, 3], "texture": "#2"},
				"up": {"uv": [3, 4, 2, 3], "texture": "#2"},
				"down": {"uv": [3, 4, 2, 3], "texture": "#2"}
			}
		},
		{
			"from": [7.46418, 22.77491, 7.44019],
			"to": [8.06922, 23.50805, 8.58623],
			"rotation": {"angle": 22.5, "axis": "y", "origin": [10.22903, 24.10621, 8.5254]},
			"faces": {
				"north": {"uv": [3, 4, 2, 3], "texture": "#2"},
				"east": {"uv": [3, 4, 2, 3], "texture": "#2"},
				"south": {"uv": [3, 4, 2, 3], "texture": "#2"},
				"west": {"uv": [3, 4, 2, 3], "texture": "#2"},
				"up": {"uv": [3, 4, 2, 3], "texture": "#2"},
				"down": {"uv": [3, 4, 2, 3], "texture": "#2"}
			}
		},
		{
			"from": [12.01945, 22.77491, 7.5928],
			"to": [12.70435, 23.50805, 8.73885],
			"rotation": {"angle": -45, "axis": "y", "origin": [10.17256, 24.10621, 8.46893]},
			"faces": {
				"north": {"uv": [3, 4, 2, 3], "texture": "#2"},
				"east": {"uv": [3, 4, 2, 3], "texture": "#2"},
				"south": {"uv": [3, 4, 2, 3], "texture": "#2"},
				"west": {"uv": [3, 4, 2, 3], "texture": "#2"},
				"up": {"uv": [3, 4, 2, 3], "texture": "#2"},
				"down": {"uv": [3, 4, 2, 3], "texture": "#2"}
			}
		},
		{
			"from": [9.74136, 22.77491, 10.21516],
			"to": [10.88741, 23.50805, 10.90006],
			"rotation": {"angle": 22.5, "axis": "y", "origin": [10.19847, 24.10621, 8.45161]},
			"faces": {
				"north": {"uv": [3, 4, 2, 3], "texture": "#2"},
				"east": {"uv": [3, 4, 2, 3], "texture": "#2"},
				"south": {"uv": [3, 4, 2, 3], "texture": "#2"},
				"west": {"uv": [3, 4, 2, 3], "texture": "#2"},
				"up": {"uv": [3, 4, 2, 3], "texture": "#2"},
				"down": {"uv": [3, 4, 2, 3], "texture": "#2"}
			}
		},
		{
			"from": [12.15077, 22.77491, 7.47768],
			"to": [12.83567, 23.50805, 8.62372],
			"rotation": {"angle": -22.5, "axis": "y", "origin": [10.15524, 24.10621, 8.49483]},
			"faces": {
				"north": {"uv": [3, 4, 2, 3], "texture": "#2"},
				"east": {"uv": [3, 4, 2, 3], "texture": "#2"},
				"south": {"uv": [3, 4, 2, 3], "texture": "#2"},
				"west": {"uv": [3, 4, 2, 3], "texture": "#2"},
				"up": {"uv": [3, 4, 2, 3], "texture": "#2"},
				"down": {"uv": [3, 4, 2, 3], "texture": "#2"}
			}
		},
		{
			"from": [12.33599, 22.77491, 7.43482],
			"to": [13.02089, 23.50805, 8.58086],
			"rotation": {"angle": 0, "axis": "y", "origin": [10.14916, 24.10621, 8.5254]},
			"faces": {
				"north": {"uv": [16, 16, 0, 0], "texture": "#2"},
				"east": {"uv": [16, 16, 0, 0], "texture": "#2"},
				"south": {"uv": [16, 16, 0, 0], "texture": "#2"},
				"west": {"uv": [16, 16, 0, 0], "texture": "#2"},
				"up": {"uv": [16, 16, 0, 0], "texture": "#2"},
				"down": {"uv": [16, 16, 0, 0], "texture": "#2"}
			}
		},
		{
			"from": [9.3758, 22.77491, 5.20049],
			"to": [10.52185, 23.50805, 5.85404],
			"rotation": {"angle": -22.5, "axis": "y", "origin": [10.22903, 24.10621, 8.5254]},
			"faces": {
				"north": {"uv": [3, 4, 2, 3], "texture": "#2"},
				"east": {"uv": [3, 4, 2, 3], "texture": "#2"},
				"south": {"uv": [3, 4, 2, 3], "texture": "#2"},
				"west": {"uv": [3, 4, 2, 3], "texture": "#2"},
				"up": {"uv": [3, 4, 2, 3], "texture": "#2"},
				"down": {"uv": [3, 4, 2, 3], "texture": "#2"}
			}
		},
		{
			"from": [9.76718, 21.4051, 5.39618],
			"to": [10.32616, 22.92099, 6.04972],
			"rotation": {"angle": -22.5, "axis": "y", "origin": [10.22903, 23.12778, 8.5254]},
			"faces": {
				"north": {"uv": [3, 4, 2, 3], "texture": "#2"},
				"east": {"uv": [3, 4, 2, 3], "texture": "#2"},
				"south": {"uv": [3, 4, 2, 3], "texture": "#2"},
				"west": {"uv": [3, 4, 2, 3], "texture": "#2"},
				"up": {"uv": [3, 4, 2, 3], "texture": "#2"},
				"down": {"uv": [3, 4, 2, 3], "texture": "#2"}
			}
		},
		{
			"from": [9.96761, 21.4051, 5.32813],
			"to": [10.52659, 22.92099, 5.98168],
			"rotation": {"angle": 22.5, "axis": "y", "origin": [10.22903, 23.12778, 8.5254]},
			"faces": {
				"north": {"uv": [3, 4, 2, 3], "texture": "#2"},
				"east": {"uv": [3, 4, 2, 3], "texture": "#2"},
				"south": {"uv": [3, 4, 2, 3], "texture": "#2"},
				"west": {"uv": [3, 4, 2, 3], "texture": "#2"},
				"up": {"uv": [3, 4, 2, 3], "texture": "#2"},
				"down": {"uv": [3, 4, 2, 3], "texture": "#2"}
			}
		},
		{
			"from": [9.87508, 21.4051, 5.34403],
			"to": [10.43406, 22.92099, 5.99758],
			"rotation": {"angle": 0, "axis": "y", "origin": [11.133, 22.16305, 5.86649]},
			"faces": {
				"north": {"uv": [3, 4, 2, 3], "texture": "#2"},
				"east": {"uv": [3, 4, 2, 3], "texture": "#2"},
				"south": {"uv": [3, 4, 2, 3], "texture": "#2"},
				"west": {"uv": [3, 4, 2, 3], "texture": "#2"},
				"up": {"uv": [3, 4, 2, 3], "texture": "#2"},
				"down": {"uv": [3, 4, 2, 3], "texture": "#2"}
			}
		},
		{
			"from": [8.65071, 21.4051, 6.52644],
			"to": [9.20969, 22.92099, 7.17999],
			"rotation": {"angle": 45, "axis": "y", "origin": [7.99238, 22.16305, 7.17106]},
			"faces": {
				"north": {"uv": [3, 4, 2, 3], "texture": "#2"},
				"east": {"uv": [3, 4, 2, 3], "texture": "#2"},
				"south": {"uv": [3, 4, 2, 3], "texture": "#2"},
				"west": {"uv": [3, 4, 2, 3], "texture": "#2"},
				"up": {"uv": [3, 4, 2, 3], "texture": "#2"},
				"down": {"uv": [3, 4, 2, 3], "texture": "#2"}
			}
		},
		{
			"from": [7.53515, 21.4051, 6.88194],
			"to": [8.1887, 22.92099, 7.44092],
			"rotation": {"angle": -22.5, "axis": "y", "origin": [7.99238, 22.16305, 7.17106]},
			"faces": {
				"north": {"uv": [3, 4, 2, 3], "texture": "#2"},
				"east": {"uv": [3, 4, 2, 3], "texture": "#2"},
				"south": {"uv": [3, 4, 2, 3], "texture": "#2"},
				"west": {"uv": [3, 4, 2, 3], "texture": "#2"},
				"up": {"uv": [3, 4, 2, 3], "texture": "#2"},
				"down": {"uv": [3, 4, 2, 3], "texture": "#2"}
			}
		},
		{
			"from": [9.96761, 21.4051, 10.17685],
			"to": [10.52659, 22.92099, 10.83039],
			"rotation": {"angle": -22.5, "axis": "y", "origin": [10.22903, 23.12778, 7.63312]},
			"faces": {
				"north": {"uv": [3, 4, 2, 3], "texture": "#2"},
				"east": {"uv": [3, 4, 2, 3], "texture": "#2"},
				"south": {"uv": [3, 4, 2, 3], "texture": "#2"},
				"west": {"uv": [3, 4, 2, 3], "texture": "#2"},
				"up": {"uv": [3, 4, 2, 3], "texture": "#2"},
				"down": {"uv": [3, 4, 2, 3], "texture": "#2"}
			}
		},
		{
			"from": [9.87508, 21.4051, 10.16095],
			"to": [10.43406, 22.92099, 10.81449],
			"rotation": {"angle": 0, "axis": "y", "origin": [11.133, 22.16305, 10.29203]},
			"faces": {
				"north": {"uv": [3, 4, 2, 3], "texture": "#2"},
				"east": {"uv": [3, 4, 2, 3], "texture": "#2"},
				"south": {"uv": [3, 4, 2, 3], "texture": "#2"},
				"west": {"uv": [3, 4, 2, 3], "texture": "#2"},
				"up": {"uv": [3, 4, 2, 3], "texture": "#2"},
				"down": {"uv": [3, 4, 2, 3], "texture": "#2"}
			}
		},
		{
			"from": [9.76718, 21.4051, 10.1088],
			"to": [10.32616, 22.92099, 10.76235],
			"rotation": {"angle": 22.5, "axis": "y", "origin": [10.22903, 23.12778, 7.63312]},
			"faces": {
				"north": {"uv": [3, 4, 2, 3], "texture": "#2"},
				"east": {"uv": [3, 4, 2, 3], "texture": "#2"},
				"south": {"uv": [3, 4, 2, 3], "texture": "#2"},
				"west": {"uv": [3, 4, 2, 3], "texture": "#2"},
				"up": {"uv": [3, 4, 2, 3], "texture": "#2"},
				"down": {"uv": [3, 4, 2, 3], "texture": "#2"}
			}
		},
		{
			"from": [8.65071, 21.4051, 8.97854],
			"to": [9.20969, 22.92099, 9.63208],
			"rotation": {"angle": -45, "axis": "y", "origin": [7.99238, 22.16305, 8.98746]},
			"faces": {
				"north": {"uv": [3, 4, 2, 3], "texture": "#2"},
				"east": {"uv": [3, 4, 2, 3], "texture": "#2"},
				"south": {"uv": [3, 4, 2, 3], "texture": "#2"},
				"west": {"uv": [3, 4, 2, 3], "texture": "#2"},
				"up": {"uv": [3, 4, 2, 3], "texture": "#2"},
				"down": {"uv": [3, 4, 2, 3], "texture": "#2"}
			}
		},
		{
			"from": [7.34407, 21.4051, 7.76125],
			"to": [7.99762, 22.92099, 8.34831],
			"rotation": {"angle": 0, "axis": "y", "origin": [7.99238, 22.16305, 8.98746]},
			"faces": {
				"north": {"uv": [3, 4, 2, 3], "texture": "#2"},
				"east": {"uv": [3, 4, 2, 3], "texture": "#2"},
				"south": {"uv": [3, 4, 2, 3], "texture": "#2"},
				"west": {"uv": [3, 4, 2, 3], "texture": "#2"},
				"up": {"uv": [3, 4, 2, 3], "texture": "#2"},
				"down": {"uv": [3, 4, 2, 3], "texture": "#2"}
			}
		},
		{
			"from": [7.53515, 21.4051, 8.7176],
			"to": [8.1887, 22.92099, 9.27658],
			"rotation": {"angle": 22.5, "axis": "y", "origin": [7.99238, 22.16305, 8.98746]},
			"faces": {
				"north": {"uv": [3, 4, 2, 3], "texture": "#2"},
				"east": {"uv": [3, 4, 2, 3], "texture": "#2"},
				"south": {"uv": [3, 4, 2, 3], "texture": "#2"},
				"west": {"uv": [3, 4, 2, 3], "texture": "#2"},
				"up": {"uv": [3, 4, 2, 3], "texture": "#2"},
				"down": {"uv": [3, 4, 2, 3], "texture": "#2"}
			}
		},
		{
			"from": [11.01407, 21.4051, 8.97854],
			"to": [11.57306, 22.92099, 9.63208],
			"rotation": {"angle": 45, "axis": "y", "origin": [12.23138, 22.16305, 8.98746]},
			"faces": {
				"north": {"uv": [3, 4, 2, 3], "texture": "#2"},
				"east": {"uv": [3, 4, 2, 3], "texture": "#2"},
				"south": {"uv": [3, 4, 2, 3], "texture": "#2"},
				"west": {"uv": [3, 4, 2, 3], "texture": "#2"},
				"up": {"uv": [3, 4, 2, 3], "texture": "#2"},
				"down": {"uv": [3, 4, 2, 3], "texture": "#2"}
			}
		},
		{
			"from": [11.01407, 21.4051, 6.52644],
			"to": [11.57306, 22.92099, 7.17999],
			"rotation": {"angle": -45, "axis": "y", "origin": [12.23138, 22.16305, 7.17106]},
			"faces": {
				"north": {"uv": [3, 4, 2, 3], "texture": "#2"},
				"east": {"uv": [3, 4, 2, 3], "texture": "#2"},
				"south": {"uv": [3, 4, 2, 3], "texture": "#2"},
				"west": {"uv": [3, 4, 2, 3], "texture": "#2"},
				"up": {"uv": [3, 4, 2, 3], "texture": "#2"},
				"down": {"uv": [3, 4, 2, 3], "texture": "#2"}
			}
		},
		{
			"from": [12.03506, 21.4051, 8.7176],
			"to": [12.68861, 22.92099, 9.27658],
			"rotation": {"angle": -22.5, "axis": "y", "origin": [12.23138, 22.16305, 8.98746]},
			"faces": {
				"north": {"uv": [3, 4, 2, 3], "texture": "#2"},
				"east": {"uv": [3, 4, 2, 3], "texture": "#2"},
				"south": {"uv": [3, 4, 2, 3], "texture": "#2"},
				"west": {"uv": [3, 4, 2, 3], "texture": "#2"},
				"up": {"uv": [3, 4, 2, 3], "texture": "#2"},
				"down": {"uv": [3, 4, 2, 3], "texture": "#2"}
			}
		},
		{
			"from": [12.22614, 21.4051, 7.76125],
			"to": [12.87969, 22.92099, 8.34831],
			"rotation": {"angle": 0, "axis": "y", "origin": [12.23138, 22.16305, 8.98746]},
			"faces": {
				"north": {"uv": [3, 4, 2, 3], "texture": "#2"},
				"east": {"uv": [3, 4, 2, 3], "texture": "#2"},
				"south": {"uv": [3, 4, 2, 3], "texture": "#2"},
				"west": {"uv": [3, 4, 2, 3], "texture": "#2"},
				"up": {"uv": [3, 4, 2, 3], "texture": "#2"},
				"down": {"uv": [3, 4, 2, 3], "texture": "#2"}
			}
		},
		{
			"from": [12.03506, 21.4051, 6.88194],
			"to": [12.68861, 22.92099, 7.44092],
			"rotation": {"angle": 22.5, "axis": "y", "origin": [12.23138, 22.16305, 7.17106]},
			"faces": {
				"north": {"uv": [3, 4, 2, 3], "texture": "#2"},
				"east": {"uv": [3, 4, 2, 3], "texture": "#2"},
				"south": {"uv": [3, 4, 2, 3], "texture": "#2"},
				"west": {"uv": [3, 4, 2, 3], "texture": "#2"},
				"up": {"uv": [3, 4, 2, 3], "texture": "#2"},
				"down": {"uv": [3, 4, 2, 3], "texture": "#2"}
			}
		},
		{
			"from": [9.84824, 20.1093, 5.8735],
			"to": [9.96783, 31.59888, 6.35009],
			"rotation": {"angle": 22.5, "axis": "y", "origin": [9.90803, 24.38644, 6.1118]},
			"faces": {
				"north": {"uv": [3, 4, 2, 3], "texture": "#2"},
				"east": {"uv": [3, 4, 2, 3], "texture": "#2"},
				"south": {"uv": [3, 4, 2, 3], "texture": "#2"},
				"west": {"uv": [3, 4, 2, 3], "texture": "#2"},
				"up": {"uv": [3, 4, 2, 3], "texture": "#2"},
				"down": {"uv": [3, 4, 2, 3], "texture": "#2"}
			}
		},
		{
			"from": [9.63127, 20.1093, 6.10957],
			"to": [9.77609, 31.59888, 6.22916],
			"rotation": {"angle": 0, "axis": "y", "origin": [10.33432, 22.34021, 8.71529]},
			"faces": {
				"north": {"uv": [3, 4, 2, 3], "texture": "#2"},
				"east": {"uv": [3, 4, 2, 3], "texture": "#2"},
				"south": {"uv": [3, 4, 2, 3], "texture": "#2"},
				"west": {"uv": [3, 4, 2, 3], "texture": "#2"},
				"up": {"uv": [3, 4, 2, 3], "texture": "#2"},
				"down": {"uv": [3, 4, 2, 3], "texture": "#2"}
			}
		},
		{
			"from": [9.64864, 20.1093, 6.1969],
			"to": [9.79346, 31.59888, 6.31649],
			"shade": false,
			"rotation": {"angle": 22.5, "axis": "y", "origin": [9.72105, 23.01757, 6.25669]},
			"faces": {
				"north": {"uv": [3, 4, 2, 3], "texture": "#2"},
				"east": {"uv": [3, 4, 2, 3], "texture": "#2"},
				"south": {"uv": [3, 4, 2, 3], "texture": "#2"},
				"west": {"uv": [3, 4, 2, 3], "texture": "#2"},
				"up": {"uv": [3, 4, 2, 3], "texture": "#2"},
				"down": {"uv": [3, 4, 2, 3], "texture": "#2"}
			}
		},
		{
			"from": [9.7914, 20.1093, 6.29174],
			"to": [9.91099, 31.59888, 6.43655],
			"rotation": {"angle": -22.5, "axis": "y", "origin": [9.80753, 23.01757, 6.35546]},
			"faces": {
				"north": {"uv": [3, 4, 2, 3], "texture": "#2"},
				"east": {"uv": [3, 4, 2, 3], "texture": "#2"},
				"south": {"uv": [3, 4, 2, 3], "texture": "#2"},
				"west": {"uv": [3, 4, 2, 3], "texture": "#2"},
				"up": {"uv": [3, 4, 2, 3], "texture": "#2"},
				"down": {"uv": [3, 4, 2, 3], "texture": "#2"}
			}
		},
		{
			"from": [9.72644, 20.1093, 6.252],
			"to": [9.87126, 31.59888, 6.37159],
			"rotation": {"angle": 45, "axis": "y", "origin": [9.80753, 23.01757, 6.35546]},
			"faces": {
				"north": {"uv": [3, 4, 2, 3], "texture": "#2"},
				"east": {"uv": [3, 4, 2, 3], "texture": "#2"},
				"south": {"uv": [3, 4, 2, 3], "texture": "#2"},
				"west": {"uv": [3, 4, 2, 3], "texture": "#2"},
				"up": {"uv": [3, 4, 2, 3], "texture": "#2"},
				"down": {"uv": [3, 4, 2, 3], "texture": "#2"}
			}
		},
		{
			"from": [10.03062, 20.1093, 6.16662],
			"to": [10.17544, 31.59888, 6.28621],
			"rotation": {"angle": -22.5, "axis": "y", "origin": [10.04676, 23.01757, 6.34129]},
			"faces": {
				"north": {"uv": [3, 4, 2, 3], "texture": "#2"},
				"east": {"uv": [3, 4, 2, 3], "texture": "#2"},
				"south": {"uv": [3, 4, 2, 3], "texture": "#2"},
				"west": {"uv": [3, 4, 2, 3], "texture": "#2"},
				"up": {"uv": [3, 4, 2, 3], "texture": "#2"},
				"down": {"uv": [3, 4, 2, 3], "texture": "#2"}
			}
		},
		{
			"from": [10.0273, 20.1093, 6.29428],
			"to": [10.14689, 31.59888, 6.4391],
			"rotation": {"angle": 45, "axis": "y", "origin": [10.04676, 23.01757, 6.34129]},
			"faces": {
				"north": {"uv": [3, 4, 2, 3], "texture": "#2"},
				"east": {"uv": [3, 4, 2, 3], "texture": "#2"},
				"south": {"uv": [3, 4, 2, 3], "texture": "#2"},
				"west": {"uv": [3, 4, 2, 3], "texture": "#2"},
				"up": {"uv": [3, 4, 2, 3], "texture": "#2"},
				"down": {"uv": [3, 4, 2, 3], "texture": "#2"}
			}
		},
		{
			"from": [9.94662, 20.1093, 6.29428],
			"to": [10.06621, 31.59888, 6.4391],
			"rotation": {"angle": 22.5, "axis": "y", "origin": [10.04676, 23.01757, 6.34129]},
			"faces": {
				"north": {"uv": [3, 4, 2, 3], "texture": "#2"},
				"east": {"uv": [3, 4, 2, 3], "texture": "#2"},
				"south": {"uv": [3, 4, 2, 3], "texture": "#2"},
				"west": {"uv": [3, 4, 2, 3], "texture": "#2"},
				"up": {"uv": [3, 4, 2, 3], "texture": "#2"},
				"down": {"uv": [3, 4, 2, 3], "texture": "#2"}
			}
		},
		{
			"from": [9.87209, 20.1093, 6.32516],
			"to": [9.99167, 31.59888, 6.46997],
			"rotation": {"angle": 0, "axis": "y", "origin": [10.04676, 23.01757, 6.34129]},
			"faces": {
				"north": {"uv": [3, 4, 2, 3], "texture": "#2"},
				"east": {"uv": [3, 4, 2, 3], "texture": "#2"},
				"south": {"uv": [3, 4, 2, 3], "texture": "#2"},
				"west": {"uv": [3, 4, 2, 3], "texture": "#2"},
				"up": {"uv": [3, 4, 2, 3], "texture": "#2"},
				"down": {"uv": [3, 4, 2, 3], "texture": "#2"}
			}
		},
		{
			"from": [9.87209, 20.1093, 5.86876],
			"to": [9.99167, 31.59888, 6.34535],
			"rotation": {"angle": 0, "axis": "y", "origin": [10.04676, 23.01757, 5.99744]},
			"faces": {
				"north": {"uv": [3, 4, 2, 3], "texture": "#2"},
				"east": {"uv": [3, 4, 2, 3], "texture": "#2"},
				"south": {"uv": [3, 4, 2, 3], "texture": "#2"},
				"west": {"uv": [3, 4, 2, 3], "texture": "#2"},
				"up": {"uv": [3, 4, 2, 3], "texture": "#2"},
				"down": {"uv": [3, 4, 2, 3], "texture": "#2"}
			}
		},
		{
			"from": [10.02526, 20.1093, 5.93221],
			"to": [10.14485, 31.59888, 6.4088],
			"rotation": {"angle": -45, "axis": "y", "origin": [10.08505, 31.35377, 6.01619]},
			"faces": {
				"north": {"uv": [3, 4, 2, 3], "texture": "#2"},
				"east": {"uv": [3, 4, 2, 3], "texture": "#2"},
				"south": {"uv": [3, 4, 2, 3], "texture": "#2"},
				"west": {"uv": [3, 4, 2, 3], "texture": "#2"},
				"up": {"uv": [3, 4, 2, 3], "texture": "#2"},
				"down": {"uv": [3, 4, 2, 3], "texture": "#2"}
			}
		},
		{
			"from": [9.94236, 20.1093, 5.91572],
			"to": [10.06195, 31.59888, 6.39231],
			"rotation": {"angle": -22.5, "axis": "y", "origin": [10.08505, 31.35377, 6.01619]},
			"faces": {
				"north": {"uv": [3, 4, 2, 3], "texture": "#2"},
				"east": {"uv": [3, 4, 2, 3], "texture": "#2"},
				"south": {"uv": [3, 4, 2, 3], "texture": "#2"},
				"west": {"uv": [3, 4, 2, 3], "texture": "#2"},
				"up": {"uv": [3, 4, 2, 3], "texture": "#2"},
				"down": {"uv": [3, 4, 2, 3], "texture": "#2"}
			}
		},
		{
			"from": [9.64864, 20.1093, 6.02224],
			"to": [10.18053, 31.59888, 6.14183],
			"rotation": {"angle": -22.5, "axis": "y", "origin": [9.72105, 23.01757, 6.08204]},
			"faces": {
				"north": {"uv": [3, 4, 2, 3], "texture": "#2"},
				"east": {"uv": [3, 4, 2, 3], "texture": "#2"},
				"south": {"uv": [3, 4, 2, 3], "texture": "#2"},
				"west": {"uv": [3, 4, 2, 3], "texture": "#2"},
				"up": {"uv": [3, 4, 2, 3], "texture": "#2"},
				"down": {"uv": [3, 4, 2, 3], "texture": "#2"}
			}
		},
		{
			"from": [9.72644, 20.1093, 5.96714],
			"to": [10.25833, 31.59888, 6.08673],
			"rotation": {"angle": -45, "axis": "y", "origin": [9.80753, 23.01757, 5.98327]},
			"faces": {
				"north": {"uv": [3, 4, 2, 3], "texture": "#2"},
				"east": {"uv": [3, 4, 2, 3], "texture": "#2"},
				"south": {"uv": [3, 4, 2, 3], "texture": "#2"},
				"west": {"uv": [3, 4, 2, 3], "texture": "#2"},
				"up": {"uv": [3, 4, 2, 3], "texture": "#2"},
				"down": {"uv": [3, 4, 2, 3], "texture": "#2"}
			}
		},
		{
			"from": [9.7006, 20.1093, 6.10957],
			"to": [10.23249, 31.59888, 6.22916],
			"rotation": {"angle": 0, "axis": "y", "origin": [10.32358, 22.34021, 8.71529]},
			"faces": {
				"north": {"uv": [3, 4, 2, 3], "texture": "#2"},
				"east": {"uv": [3, 4, 2, 3], "texture": "#2"},
				"south": {"uv": [3, 4, 2, 3], "texture": "#2"},
				"west": {"uv": [3, 4, 2, 3], "texture": "#2"},
				"up": {"uv": [3, 4, 2, 3], "texture": "#2"},
				"down": {"uv": [3, 4, 2, 3], "texture": "#2"}
			}
		},
		{
			"from": [9.70894, 20.1093, 6.03929],
			"to": [10.18553, 31.59888, 6.15888],
			"shade": false,
			"rotation": {"angle": 22.5, "axis": "y", "origin": [10.08505, 31.35377, 6.01619]},
			"faces": {
				"north": {"uv": [3, 4, 2, 3], "texture": "#2"},
				"east": {"uv": [3, 4, 2, 3], "texture": "#2"},
				"south": {"uv": [3, 4, 2, 3], "texture": "#2"},
				"west": {"uv": [3, 4, 2, 3], "texture": "#2"},
				"up": {"uv": [3, 4, 2, 3], "texture": "#2"},
				"down": {"uv": [3, 4, 2, 3], "texture": "#2"}
			}
		},
		{
			"from": [9.98539, 28.05844, 6.12677],
			"to": [13.47967, 30.94413, 6.12677],
			"rotation": {"angle": 0, "axis": "y", "origin": [7.1339, 23.33717, 5.86649]},
			"faces": {
				"north": {"uv": [0, 0, 16, 16], "texture": "#4"},
				"east": {"uv": [0, 0, 16, 16], "texture": "#4"},
				"south": {"uv": [0, 0, 16, 16], "texture": "#4"},
				"west": {"uv": [0, 0, 16, 16], "texture": "#4"},
				"up": {"uv": [0, 0, 16, 16], "texture": "#4"},
				"down": {"uv": [0, 0, 16, 16], "texture": "#4"}
			}
		},
		{
			"from": [8.50829, 18.52849, 19.89014],
			"to": [9.09535, 19.11552, 20.35733],
			"rotation": {"angle": 45, "axis": "x", "origin": [8.70398, 31.92594, 17.45882]},
			"faces": {
				"north": {"uv": [3, 4, 2, 3], "texture": "#2"},
				"east": {"uv": [3, 4, 2, 3], "texture": "#2"},
				"south": {"uv": [3, 4, 2, 3], "texture": "#2"},
				"west": {"uv": [3, 4, 2, 3], "texture": "#2"},
				"up": {"uv": [3, 4, 2, 3], "texture": "#2"},
				"down": {"uv": [3, 4, 2, 3], "texture": "#2"}
			}
		},
		{
			"from": [9.17155, 18.52849, 19.89014],
			"to": [9.75861, 19.11552, 20.35733],
			"rotation": {"angle": 45, "axis": "x", "origin": [9.56292, 31.92594, 17.45882]},
			"faces": {
				"north": {"uv": [3, 4, 2, 3], "texture": "#2"},
				"east": {"uv": [3, 4, 2, 3], "texture": "#2"},
				"south": {"uv": [3, 4, 2, 3], "texture": "#2"},
				"west": {"uv": [3, 4, 2, 3], "texture": "#2"},
				"up": {"uv": [3, 4, 2, 3], "texture": "#2"},
				"down": {"uv": [3, 4, 2, 3], "texture": "#2"}
			}
		},
		{
			"from": [10.80445, -11.28717, 7.70282],
			"to": [11.31693, 18.51789, 8.12603],
			"rotation": {"angle": 0, "axis": "y", "origin": [8.82893, -42.07838, 16.92414]},
			"faces": {
				"north": {"uv": [15, 11, 13, 9], "texture": "#2"},
				"east": {"uv": [15, 11, 13, 9], "texture": "#2"},
				"south": {"uv": [15, 11, 13, 9], "texture": "#2"},
				"west": {"uv": [15, 11, 13, 9], "texture": "#2"},
				"up": {"uv": [15, 11, 13, 9], "texture": "#2"},
				"down": {"uv": [15, 11, 13, 9], "texture": "#2"}
			}
		},
		{
			"from": [9.12667, -11.28717, 7.99082],
			"to": [11.25965, 18.51789, 8.41402],
			"rotation": {"angle": -22.5, "axis": "y", "origin": [10.9484, -39.6813, 8.20242]},
			"faces": {
				"north": {"uv": [15, 11, 13, 9], "texture": "#2"},
				"east": {"uv": [15, 11, 13, 9], "texture": "#2"},
				"south": {"uv": [15, 11, 13, 9], "texture": "#2"},
				"west": {"uv": [15, 11, 13, 9], "texture": "#2"},
				"up": {"uv": [15, 11, 13, 9], "texture": "#2"},
				"down": {"uv": [15, 11, 13, 9], "texture": "#2"}
			}
		},
		{
			"from": [10.32704, -11.28717, 8.34749],
			"to": [10.75025, 18.51789, 8.85997],
			"rotation": {"angle": 22.5, "axis": "y", "origin": [10.69316, -39.6813, 8.57299]},
			"faces": {
				"north": {"uv": [15, 11, 13, 9], "texture": "#2"},
				"east": {"uv": [15, 11, 13, 9], "texture": "#2"},
				"south": {"uv": [15, 11, 13, 9], "texture": "#2"},
				"west": {"uv": [15, 11, 13, 9], "texture": "#2"},
				"up": {"uv": [15, 11, 13, 9], "texture": "#2"},
				"down": {"uv": [15, 11, 13, 9], "texture": "#2"}
			}
		},
		{
			"from": [10.46766, -11.28717, 8.20687],
			"to": [10.98014, 18.51789, 8.63008],
			"rotation": {"angle": -45, "axis": "y", "origin": [10.69316, -39.6813, 8.57299]},
			"faces": {
				"north": {"uv": [15, 11, 13, 9], "texture": "#2"},
				"east": {"uv": [15, 11, 13, 9], "texture": "#2"},
				"south": {"uv": [15, 11, 13, 9], "texture": "#2"},
				"west": {"uv": [15, 11, 13, 9], "texture": "#2"},
				"up": {"uv": [15, 11, 13, 9], "texture": "#2"},
				"down": {"uv": [15, 11, 13, 9], "texture": "#2"}
			}
		},
		{
			"from": [9.39121, -11.28717, 7.90472],
			"to": [9.90369, 18.51789, 8.32792],
			"rotation": {"angle": 22.5, "axis": "y", "origin": [9.84658, -39.6813, 8.52286]},
			"faces": {
				"north": {"uv": [15, 11, 13, 9], "texture": "#2"},
				"east": {"uv": [15, 11, 13, 9], "texture": "#2"},
				"south": {"uv": [15, 11, 13, 9], "texture": "#2"},
				"west": {"uv": [15, 11, 13, 9], "texture": "#2"},
				"up": {"uv": [15, 11, 13, 9], "texture": "#2"},
				"down": {"uv": [15, 11, 13, 9], "texture": "#2"}
			}
		},
		{
			"from": [9.49222, -11.28717, 8.35649],
			"to": [9.91543, 18.51789, 8.86897],
			"rotation": {"angle": -45, "axis": "y", "origin": [9.84658, -39.6813, 8.52286]},
			"faces": {
				"north": {"uv": [15, 11, 13, 9], "texture": "#2"},
				"east": {"uv": [15, 11, 13, 9], "texture": "#2"},
				"south": {"uv": [15, 11, 13, 9], "texture": "#2"},
				"west": {"uv": [15, 11, 13, 9], "texture": "#2"},
				"up": {"uv": [15, 11, 13, 9], "texture": "#2"},
				"down": {"uv": [15, 11, 13, 9], "texture": "#2"}
			}
		},
		{
			"from": [9.77774, -11.28717, 8.35649],
			"to": [10.20095, 18.51789, 8.86897],
			"rotation": {"angle": -22.5, "axis": "y", "origin": [9.84658, -39.6813, 8.52286]},
			"faces": {
				"north": {"uv": [15, 11, 13, 9], "texture": "#2"},
				"east": {"uv": [15, 11, 13, 9], "texture": "#2"},
				"south": {"uv": [15, 11, 13, 9], "texture": "#2"},
				"west": {"uv": [15, 11, 13, 9], "texture": "#2"},
				"up": {"uv": [15, 11, 13, 9], "texture": "#2"},
				"down": {"uv": [15, 11, 13, 9], "texture": "#2"}
			}
		},
		{
			"from": [10.04152, -11.28717, 8.46576],
			"to": [10.46473, 18.51789, 8.97824],
			"rotation": {"angle": 0, "axis": "y", "origin": [9.84658, -39.6813, 8.52286]},
			"faces": {
				"north": {"uv": [15, 11, 13, 9], "texture": "#2"},
				"east": {"uv": [15, 11, 13, 9], "texture": "#2"},
				"south": {"uv": [15, 11, 13, 9], "texture": "#2"},
				"west": {"uv": [15, 11, 13, 9], "texture": "#2"},
				"up": {"uv": [15, 11, 13, 9], "texture": "#2"},
				"down": {"uv": [15, 11, 13, 9], "texture": "#2"}
			}
		},
		{
			"from": [10.04152, -11.28717, 6.85062],
			"to": [10.46473, 18.51789, 8.53722],
			"rotation": {"angle": 0, "axis": "y", "origin": [9.84658, -39.6813, 7.30599]},
			"faces": {
				"north": {"uv": [15, 11, 13, 9], "texture": "#2"},
				"east": {"uv": [15, 11, 13, 9], "texture": "#2"},
				"south": {"uv": [15, 11, 13, 9], "texture": "#2"},
				"west": {"uv": [15, 11, 13, 9], "texture": "#2"},
				"up": {"uv": [15, 11, 13, 9], "texture": "#2"},
				"down": {"uv": [15, 11, 13, 9], "texture": "#2"}
			}
		},
		{
			"from": [9.49946, -11.28717, 7.07515],
			"to": [9.92267, 18.51789, 8.76175],
			"rotation": {"angle": 45, "axis": "y", "origin": [9.71107, -10.18053, 7.37237]},
			"faces": {
				"north": {"uv": [15, 11, 13, 9], "texture": "#2"},
				"east": {"uv": [15, 11, 13, 9], "texture": "#2"},
				"south": {"uv": [15, 11, 13, 9], "texture": "#2"},
				"west": {"uv": [15, 11, 13, 9], "texture": "#2"},
				"up": {"uv": [15, 11, 13, 9], "texture": "#2"},
				"down": {"uv": [15, 11, 13, 9], "texture": "#2"}
			}
		},
		{
			"from": [9.79282, -11.28717, 7.0168],
			"to": [10.21603, 18.51789, 8.70339],
			"rotation": {"angle": 22.5, "axis": "y", "origin": [9.71107, -10.18053, 7.37237]},
			"faces": {
				"north": {"uv": [15, 11, 13, 9], "texture": "#2"},
				"east": {"uv": [15, 11, 13, 9], "texture": "#2"},
				"south": {"uv": [15, 11, 13, 9], "texture": "#2"},
				"west": {"uv": [15, 11, 13, 9], "texture": "#2"},
				"up": {"uv": [15, 11, 13, 9], "texture": "#2"},
				"down": {"uv": [15, 11, 13, 9], "texture": "#2"}
			}
		},
		{
			"from": [10.32704, -11.28717, 6.96889],
			"to": [10.75025, 18.51789, 7.48137],
			"shade": false,
			"rotation": {"angle": -22.5, "axis": "y", "origin": [10.69316, -39.6813, 7.25586]},
			"faces": {
				"north": {"uv": [15, 11, 13, 9], "texture": "#2"},
				"east": {"uv": [15, 11, 13, 9], "texture": "#2"},
				"south": {"uv": [15, 11, 13, 9], "texture": "#2"},
				"west": {"uv": [15, 11, 13, 9], "texture": "#2"},
				"up": {"uv": [15, 11, 13, 9], "texture": "#2"},
				"down": {"uv": [15, 11, 13, 9], "texture": "#2"}
			}
		},
		{
			"from": [9.37318, -11.28717, 7.39378],
			"to": [11.25546, 18.51789, 7.81699],
			"rotation": {"angle": 22.5, "axis": "y", "origin": [10.99922, -39.6813, 7.60539]},
			"faces": {
				"north": {"uv": [15, 11, 13, 9], "texture": "#2"},
				"east": {"uv": [15, 11, 13, 9], "texture": "#2"},
				"south": {"uv": [15, 11, 13, 9], "texture": "#2"},
				"west": {"uv": [15, 11, 13, 9], "texture": "#2"},
				"up": {"uv": [15, 11, 13, 9], "texture": "#2"},
				"down": {"uv": [15, 11, 13, 9], "texture": "#2"}
			}
		},
		{
			"from": [9.09786, -11.28717, 7.19878],
			"to": [10.98014, 18.51789, 7.62199],
			"rotation": {"angle": 45, "axis": "y", "origin": [10.69316, -39.6813, 7.25586]},
			"faces": {
				"north": {"uv": [15, 11, 13, 9], "texture": "#2"},
				"east": {"uv": [15, 11, 13, 9], "texture": "#2"},
				"south": {"uv": [15, 11, 13, 9], "texture": "#2"},
				"west": {"uv": [15, 11, 13, 9], "texture": "#2"},
				"up": {"uv": [15, 11, 13, 9], "texture": "#2"},
				"down": {"uv": [15, 11, 13, 9], "texture": "#2"}
			}
		},
		{
			"from": [9.18932, -11.28717, 7.70282],
			"to": [11.0716, 18.51789, 8.12603],
			"rotation": {"angle": 0, "axis": "y", "origin": [8.86695, -42.07838, 16.92414]},
			"faces": {
				"north": {"uv": [15, 11, 13, 9], "texture": "#2"},
				"east": {"uv": [15, 11, 13, 9], "texture": "#2"},
				"south": {"uv": [15, 11, 13, 9], "texture": "#2"},
				"west": {"uv": [15, 11, 13, 9], "texture": "#2"},
				"up": {"uv": [15, 11, 13, 9], "texture": "#2"},
				"down": {"uv": [15, 11, 13, 9], "texture": "#2"}
			}
		},
		{
			"from": [8.21018, 6.53294, -4.62194],
			"to": [8.21018, 11.37549, 17.46255],
			"rotation": {"angle": -45, "axis": "z", "origin": [9.18861, 9.93265, 7.30089]},
			"faces": {
				"north": {"uv": [0, 0, 16, 16], "texture": "#4"},
				"east": {"uv": [0, 0, 16, 16], "texture": "#1"},
				"south": {"uv": [0, 0, 16, 16], "texture": "#4"},
				"west": {"uv": [0, 0, 16, 16], "texture": "#1"},
				"up": {"uv": [0, 0, 16, 16], "rotation": 270, "texture": "#4"},
				"down": {"uv": [0, 0, 16, 16], "rotation": 90, "texture": "#4"}
			}
		},
		{
			"from": [9.18932, 11.75116, -8.22932],
			"to": [11.0716, 12.17437, 23.92397],
			"rotation": {"angle": 0, "axis": "y", "origin": [10.28386, 11.93203, 7.94516]},
			"faces": {
				"north": {"uv": [15, 11, 13, 9], "rotation": 180, "texture": "#2"},
				"east": {"uv": [15, 11, 13, 9], "rotation": 270, "texture": "#2"},
				"south": {"uv": [15, 11, 13, 9], "texture": "#2"},
				"west": {"uv": [15, 11, 13, 9], "rotation": 90, "texture": "#2"},
				"up": {"uv": [15, 11, 13, 9], "rotation": 180, "texture": "#2"},
				"down": {"uv": [15, 11, 13, 9], "texture": "#2"}
			}
		},
		{
			"from": [9.46538, 11.76389, -8.22932],
			"to": [11.34767, 12.1871, 23.92397],
			"rotation": {"angle": 45, "axis": "z", "origin": [10.28386, 11.93203, 7.94516]},
			"faces": {
				"north": {"uv": [15, 11, 13, 9], "rotation": 180, "texture": "#2"},
				"east": {"uv": [15, 11, 13, 9], "rotation": 270, "texture": "#2"},
				"south": {"uv": [15, 11, 13, 9], "texture": "#2"},
				"west": {"uv": [15, 11, 13, 9], "rotation": 90, "texture": "#2"},
				"up": {"uv": [15, 11, 13, 9], "rotation": 180, "texture": "#2"},
				"down": {"uv": [15, 11, 13, 9], "texture": "#2"}
			}
		},
		{
			"from": [9.44875, 11.76058, -8.22932],
			"to": [11.33103, 12.18379, 23.92397],
			"rotation": {"angle": 22.5, "axis": "z", "origin": [10.28386, 11.93203, 7.94516]},
			"faces": {
				"north": {"uv": [15, 11, 13, 9], "rotation": 180, "texture": "#2"},
				"east": {"uv": [15, 11, 13, 9], "rotation": 270, "texture": "#2"},
				"south": {"uv": [15, 11, 13, 9], "texture": "#2"},
				"west": {"uv": [15, 11, 13, 9], "rotation": 90, "texture": "#2"},
				"up": {"uv": [15, 11, 13, 9], "rotation": 180, "texture": "#2"},
				"down": {"uv": [15, 11, 13, 9], "texture": "#2"}
			}
		},
		{
			"from": [10.0321, 12.49999, -8.22932],
			"to": [10.45531, 13.01247, 23.92397],
			"shade": false,
			"rotation": {"angle": -22.5, "axis": "z", "origin": [10.28386, 11.93203, 7.94516]},
			"faces": {
				"north": {"uv": [15, 11, 13, 9], "rotation": 180, "texture": "#2"},
				"east": {"uv": [15, 11, 13, 9], "rotation": 270, "texture": "#2"},
				"south": {"uv": [15, 11, 13, 9], "texture": "#2"},
				"west": {"uv": [15, 11, 13, 9], "rotation": 90, "texture": "#2"},
				"up": {"uv": [15, 11, 13, 9], "rotation": 180, "texture": "#2"},
				"down": {"uv": [15, 11, 13, 9], "texture": "#2"}
			}
		},
		{
			"from": [10.05562, 11.3494, -8.22932],
			"to": [10.47883, 13.03599, 23.92397],
			"rotation": {"angle": 22.5, "axis": "z", "origin": [10.28386, 11.93203, 7.94516]},
			"faces": {
				"north": {"uv": [15, 11, 13, 9], "rotation": 180, "texture": "#2"},
				"east": {"uv": [15, 11, 13, 9], "rotation": 270, "texture": "#2"},
				"south": {"uv": [15, 11, 13, 9], "texture": "#2"},
				"west": {"uv": [15, 11, 13, 9], "rotation": 90, "texture": "#2"},
				"up": {"uv": [15, 11, 13, 9], "rotation": 180, "texture": "#2"},
				"down": {"uv": [15, 11, 13, 9], "texture": "#2"}
			}
		},
		{
			"from": [10.07226, 11.35271, -8.22932],
			"to": [10.49547, 13.0393, 23.92397],
			"rotation": {"angle": 45, "axis": "z", "origin": [10.28386, 11.93203, 7.94516]},
			"faces": {
				"north": {"uv": [15, 11, 13, 9], "rotation": 180, "texture": "#2"},
				"east": {"uv": [15, 11, 13, 9], "rotation": 270, "texture": "#2"},
				"south": {"uv": [15, 11, 13, 9], "texture": "#2"},
				"west": {"uv": [15, 11, 13, 9], "rotation": 90, "texture": "#2"},
				"up": {"uv": [15, 11, 13, 9], "rotation": 180, "texture": "#2"},
				"down": {"uv": [15, 11, 13, 9], "texture": "#2"}
			}
		},
		{
			"from": [10.04152, 11.33997, -8.22932],
			"to": [10.46473, 13.02657, 23.92397],
			"rotation": {"angle": 0, "axis": "y", "origin": [10.28386, 11.93203, 7.94516]},
			"faces": {
				"north": {"uv": [15, 11, 13, 9], "rotation": 180, "texture": "#2"},
				"east": {"uv": [15, 11, 13, 9], "rotation": 270, "texture": "#2"},
				"south": {"uv": [15, 11, 13, 9], "texture": "#2"},
				"west": {"uv": [15, 11, 13, 9], "rotation": 90, "texture": "#2"},
				"up": {"uv": [15, 11, 13, 9], "rotation": 180, "texture": "#2"},
				"down": {"uv": [15, 11, 13, 9], "texture": "#2"}
			}
		},
		{
			"from": [10.04152, 10.89896, -8.22932],
			"to": [10.46473, 11.41144, 23.92397],
			"rotation": {"angle": 0, "axis": "y", "origin": [10.28386, 11.93203, 7.94516]},
			"faces": {
				"north": {"uv": [15, 11, 13, 9], "rotation": 180, "texture": "#2"},
				"east": {"uv": [15, 11, 13, 9], "rotation": 270, "texture": "#2"},
				"south": {"uv": [15, 11, 13, 9], "texture": "#2"},
				"west": {"uv": [15, 11, 13, 9], "rotation": 90, "texture": "#2"},
				"up": {"uv": [15, 11, 13, 9], "rotation": 180, "texture": "#2"},
				"down": {"uv": [15, 11, 13, 9], "texture": "#2"}
			}
		},
		{
			"from": [10.0321, 10.88486, -8.22932],
			"to": [10.45531, 11.39734, 23.92397],
			"rotation": {"angle": -22.5, "axis": "z", "origin": [10.28386, 11.93203, 7.94516]},
			"faces": {
				"north": {"uv": [15, 11, 13, 9], "rotation": 180, "texture": "#2"},
				"east": {"uv": [15, 11, 13, 9], "rotation": 270, "texture": "#2"},
				"south": {"uv": [15, 11, 13, 9], "texture": "#2"},
				"west": {"uv": [15, 11, 13, 9], "rotation": 90, "texture": "#2"},
				"up": {"uv": [15, 11, 13, 9], "rotation": 180, "texture": "#2"},
				"down": {"uv": [15, 11, 13, 9], "texture": "#2"}
			}
		},
		{
			"from": [10.02879, 10.86822, -8.22932],
			"to": [10.452, 11.3807, 23.92397],
			"rotation": {"angle": -45, "axis": "z", "origin": [10.28386, 11.93203, 7.94516]},
			"faces": {
				"north": {"uv": [15, 11, 13, 9], "rotation": 180, "texture": "#2"},
				"east": {"uv": [15, 11, 13, 9], "rotation": 270, "texture": "#2"},
				"south": {"uv": [15, 11, 13, 9], "texture": "#2"},
				"west": {"uv": [15, 11, 13, 9], "rotation": 90, "texture": "#2"},
				"up": {"uv": [15, 11, 13, 9], "rotation": 180, "texture": "#2"},
				"down": {"uv": [15, 11, 13, 9], "texture": "#2"}
			}
		},
		{
			"from": [9.20342, 11.76058, -8.22932],
			"to": [9.7159, 12.18379, 23.92397],
			"rotation": {"angle": 22.5, "axis": "z", "origin": [10.28386, 11.93203, 7.94516]},
			"faces": {
				"north": {"uv": [15, 11, 13, 9], "rotation": 180, "texture": "#2"},
				"east": {"uv": [15, 11, 13, 9], "rotation": 270, "texture": "#2"},
				"south": {"uv": [15, 11, 13, 9], "texture": "#2"},
				"west": {"uv": [15, 11, 13, 9], "rotation": 90, "texture": "#2"},
				"up": {"uv": [15, 11, 13, 9], "rotation": 180, "texture": "#2"},
				"down": {"uv": [15, 11, 13, 9], "texture": "#2"}
			}
		},
		{
			"from": [10.79172, 11.72043, -8.22932],
			"to": [11.3042, 12.14363, 23.92397],
			"rotation": {"angle": -45, "axis": "z", "origin": [10.28386, 11.93203, 7.94516]},
			"faces": {
				"north": {"uv": [15, 11, 13, 9], "rotation": 180, "texture": "#2"},
				"east": {"uv": [15, 11, 13, 9], "rotation": 270, "texture": "#2"},
				"south": {"uv": [15, 11, 13, 9], "texture": "#2"},
				"west": {"uv": [15, 11, 13, 9], "rotation": 90, "texture": "#2"},
				"up": {"uv": [15, 11, 13, 9], "rotation": 180, "texture": "#2"},
				"down": {"uv": [15, 11, 13, 9], "texture": "#2"}
			}
		},
		{
			"from": [10.05562, 10.90838, -8.22932],
			"to": [10.47883, 11.42086, 23.92397],
			"rotation": {"angle": 22.5, "axis": "z", "origin": [10.28386, 11.93203, 7.94516]},
			"faces": {
				"north": {"uv": [15, 11, 13, 9], "rotation": 180, "texture": "#2"},
				"east": {"uv": [15, 11, 13, 9], "rotation": 270, "texture": "#2"},
				"south": {"uv": [15, 11, 13, 9], "texture": "#2"},
				"west": {"uv": [15, 11, 13, 9], "rotation": 90, "texture": "#2"},
				"up": {"uv": [15, 11, 13, 9], "rotation": 180, "texture": "#2"},
				"down": {"uv": [15, 11, 13, 9], "texture": "#2"}
			}
		},
		{
			"from": [9.22954, 11.73706, -8.22932],
			"to": [11.30751, 12.16027, 23.92397],
			"rotation": {"angle": -22.5, "axis": "z", "origin": [10.28386, 11.93203, 7.94516]},
			"faces": {
				"north": {"uv": [15, 11, 13, 9], "rotation": 180, "texture": "#2"},
				"east": {"uv": [15, 11, 13, 9], "rotation": 270, "texture": "#2"},
				"south": {"uv": [15, 11, 13, 9], "texture": "#2"},
				"west": {"uv": [15, 11, 13, 9], "rotation": 90, "texture": "#2"},
				"up": {"uv": [15, 11, 13, 9], "rotation": 180, "texture": "#2"},
				"down": {"uv": [15, 11, 13, 9], "texture": "#2"}
			}
		},
		{
			"from": [10.80445, 11.75116, -8.22932],
			"to": [11.31693, 12.17437, 23.92397],
			"rotation": {"angle": 0, "axis": "y", "origin": [10.28386, 11.93203, 7.94516]},
			"faces": {
				"north": {"uv": [15, 11, 13, 9], "rotation": 180, "texture": "#2"},
				"east": {"uv": [15, 11, 13, 9], "rotation": 270, "texture": "#2"},
				"south": {"uv": [15, 11, 13, 9], "texture": "#2"},
				"west": {"uv": [15, 11, 13, 9], "rotation": 90, "texture": "#2"},
				"up": {"uv": [15, 11, 13, 9], "rotation": 180, "texture": "#2"},
				"down": {"uv": [15, 11, 13, 9], "texture": "#2"}
			}
		},
		{
			"from": [10.80445, -12.90533, -12.73011],
			"to": [11.31693, -12.48212, 25.29377],
			"rotation": {"angle": 0, "axis": "y", "origin": [10.28386, -12.72446, 7.94516]},
			"faces": {
				"north": {"uv": [15, 11, 13, 9], "rotation": 180, "texture": "#2"},
				"east": {"uv": [15, 11, 13, 9], "rotation": 270, "texture": "#2"},
				"south": {"uv": [15, 11, 13, 9], "texture": "#2"},
				"west": {"uv": [15, 11, 13, 9], "rotation": 90, "texture": "#2"},
				"up": {"uv": [15, 11, 13, 9], "rotation": 180, "texture": "#2"},
				"down": {"uv": [15, 11, 13, 9], "texture": "#2"}
			}
		},
		{
			"from": [9.22954, -12.91943, -12.73011],
			"to": [11.30751, -12.49622, 25.29377],
			"rotation": {"angle": -22.5, "axis": "z", "origin": [10.28386, -12.72446, 7.94516]},
			"faces": {
				"north": {"uv": [15, 11, 13, 9], "rotation": 180, "texture": "#2"},
				"east": {"uv": [15, 11, 13, 9], "rotation": 270, "texture": "#2"},
				"south": {"uv": [15, 11, 13, 9], "texture": "#2"},
				"west": {"uv": [15, 11, 13, 9], "rotation": 90, "texture": "#2"},
				"up": {"uv": [15, 11, 13, 9], "rotation": 180, "texture": "#2"},
				"down": {"uv": [15, 11, 13, 9], "texture": "#2"}
			}
		},
		{
			"from": [10.05562, -13.7481, -12.73011],
			"to": [10.47883, -13.23563, 25.29377],
			"rotation": {"angle": 22.5, "axis": "z", "origin": [10.28386, -12.72446, 7.94516]},
			"faces": {
				"north": {"uv": [15, 11, 13, 9], "rotation": 180, "texture": "#2"},
				"east": {"uv": [15, 11, 13, 9], "rotation": 270, "texture": "#2"},
				"south": {"uv": [15, 11, 13, 9], "texture": "#2"},
				"west": {"uv": [15, 11, 13, 9], "rotation": 90, "texture": "#2"},
				"up": {"uv": [15, 11, 13, 9], "rotation": 180, "texture": "#2"},
				"down": {"uv": [15, 11, 13, 9], "texture": "#2"}
			}
		},
		{
			"from": [10.79172, -12.93606, -12.73011],
			"to": [11.3042, -12.51285, 25.29377],
			"rotation": {"angle": -45, "axis": "z", "origin": [10.28386, -12.72446, 7.94516]},
			"faces": {
				"north": {"uv": [15, 11, 13, 9], "rotation": 180, "texture": "#2"},
				"east": {"uv": [15, 11, 13, 9], "rotation": 270, "texture": "#2"},
				"south": {"uv": [15, 11, 13, 9], "texture": "#2"},
				"west": {"uv": [15, 11, 13, 9], "rotation": 90, "texture": "#2"},
				"up": {"uv": [15, 11, 13, 9], "rotation": 180, "texture": "#2"},
				"down": {"uv": [15, 11, 13, 9], "texture": "#2"}
			}
		},
		{
			"from": [9.20342, -12.8959, -12.73011],
			"to": [9.7159, -12.47269, 25.29377],
			"rotation": {"angle": 22.5, "axis": "z", "origin": [10.28386, -12.72446, 7.94516]},
			"faces": {
				"north": {"uv": [15, 11, 13, 9], "rotation": 180, "texture": "#2"},
				"east": {"uv": [15, 11, 13, 9], "rotation": 270, "texture": "#2"},
				"south": {"uv": [15, 11, 13, 9], "texture": "#2"},
				"west": {"uv": [15, 11, 13, 9], "rotation": 90, "texture": "#2"},
				"up": {"uv": [15, 11, 13, 9], "rotation": 180, "texture": "#2"},
				"down": {"uv": [15, 11, 13, 9], "texture": "#2"}
			}
		},
		{
			"from": [10.02879, -13.78826, -12.73011],
			"to": [10.452, -13.27578, 25.29377],
			"rotation": {"angle": -45, "axis": "z", "origin": [10.28386, -12.72446, 7.94516]},
			"faces": {
				"north": {"uv": [15, 11, 13, 9], "rotation": 180, "texture": "#2"},
				"east": {"uv": [15, 11, 13, 9], "rotation": 270, "texture": "#2"},
				"south": {"uv": [15, 11, 13, 9], "texture": "#2"},
				"west": {"uv": [15, 11, 13, 9], "rotation": 90, "texture": "#2"},
				"up": {"uv": [15, 11, 13, 9], "rotation": 180, "texture": "#2"},
				"down": {"uv": [15, 11, 13, 9], "texture": "#2"}
			}
		},
		{
			"from": [10.0321, -13.77163, -12.73011],
			"to": [10.45531, -13.25915, 25.29377],
			"rotation": {"angle": -22.5, "axis": "z", "origin": [10.28386, -12.72446, 7.94516]},
			"faces": {
				"north": {"uv": [15, 11, 13, 9], "rotation": 180, "texture": "#2"},
				"east": {"uv": [15, 11, 13, 9], "rotation": 270, "texture": "#2"},
				"south": {"uv": [15, 11, 13, 9], "texture": "#2"},
				"west": {"uv": [15, 11, 13, 9], "rotation": 90, "texture": "#2"},
				"up": {"uv": [15, 11, 13, 9], "rotation": 180, "texture": "#2"},
				"down": {"uv": [15, 11, 13, 9], "texture": "#2"}
			}
		},
		{
			"from": [10.04152, -13.75753, -12.73011],
			"to": [10.46473, -13.24505, 25.29377],
			"rotation": {"angle": 0, "axis": "y", "origin": [10.28386, -12.72446, 7.94516]},
			"faces": {
				"north": {"uv": [15, 11, 13, 9], "rotation": 180, "texture": "#2"},
				"east": {"uv": [15, 11, 13, 9], "rotation": 270, "texture": "#2"},
				"south": {"uv": [15, 11, 13, 9], "texture": "#2"},
				"west": {"uv": [15, 11, 13, 9], "rotation": 90, "texture": "#2"},
				"up": {"uv": [15, 11, 13, 9], "rotation": 180, "texture": "#2"},
				"down": {"uv": [15, 11, 13, 9], "texture": "#2"}
			}
		},
		{
			"from": [10.04152, -13.31651, -12.73011],
			"to": [10.46473, -11.62991, 25.29377],
			"rotation": {"angle": 0, "axis": "y", "origin": [10.28386, -12.72446, 7.94516]},
			"faces": {
				"north": {"uv": [15, 11, 13, 9], "rotation": 180, "texture": "#2"},
				"east": {"uv": [15, 11, 13, 9], "rotation": 270, "texture": "#2"},
				"south": {"uv": [15, 11, 13, 9], "texture": "#2"},
				"west": {"uv": [15, 11, 13, 9], "rotation": 90, "texture": "#2"},
				"up": {"uv": [15, 11, 13, 9], "rotation": 180, "texture": "#2"},
				"down": {"uv": [15, 11, 13, 9], "texture": "#2"}
			}
		},
		{
			"from": [10.07226, -13.30378, -12.73011],
			"to": [10.49547, -11.61718, 25.29377],
			"rotation": {"angle": 45, "axis": "z", "origin": [10.28386, -12.72446, 7.94516]},
			"faces": {
				"north": {"uv": [15, 11, 13, 9], "rotation": 180, "texture": "#2"},
				"east": {"uv": [15, 11, 13, 9], "rotation": 270, "texture": "#2"},
				"south": {"uv": [15, 11, 13, 9], "texture": "#2"},
				"west": {"uv": [15, 11, 13, 9], "rotation": 90, "texture": "#2"},
				"up": {"uv": [15, 11, 13, 9], "rotation": 180, "texture": "#2"},
				"down": {"uv": [15, 11, 13, 9], "texture": "#2"}
			}
		},
		{
			"from": [10.05562, -13.30709, -12.73011],
			"to": [10.47883, -11.62049, 25.29377],
			"rotation": {"angle": 22.5, "axis": "z", "origin": [10.28386, -12.72446, 7.94516]},
			"faces": {
				"north": {"uv": [15, 11, 13, 9], "rotation": 180, "texture": "#2"},
				"east": {"uv": [15, 11, 13, 9], "rotation": 270, "texture": "#2"},
				"south": {"uv": [15, 11, 13, 9], "texture": "#2"},
				"west": {"uv": [15, 11, 13, 9], "rotation": 90, "texture": "#2"},
				"up": {"uv": [15, 11, 13, 9], "rotation": 180, "texture": "#2"},
				"down": {"uv": [15, 11, 13, 9], "texture": "#2"}
			}
		},
		{
			"from": [10.0321, -12.1565, -12.73011],
			"to": [10.45531, -11.64402, 25.29377],
			"shade": false,
			"rotation": {"angle": -22.5, "axis": "z", "origin": [10.28386, -12.72446, 7.94516]},
			"faces": {
				"north": {"uv": [15, 11, 13, 9], "rotation": 180, "texture": "#2"},
				"east": {"uv": [15, 11, 13, 9], "rotation": 270, "texture": "#2"},
				"south": {"uv": [15, 11, 13, 9], "texture": "#2"},
				"west": {"uv": [15, 11, 13, 9], "rotation": 90, "texture": "#2"},
				"up": {"uv": [15, 11, 13, 9], "rotation": 180, "texture": "#2"},
				"down": {"uv": [15, 11, 13, 9], "texture": "#2"}
			}
		},
		{
			"from": [9.44875, -12.8959, -12.73011],
			"to": [11.33103, -12.47269, 25.29377],
			"rotation": {"angle": 22.5, "axis": "z", "origin": [10.28386, -12.72446, 7.94516]},
			"faces": {
				"north": {"uv": [15, 11, 13, 9], "rotation": 180, "texture": "#2"},
				"east": {"uv": [15, 11, 13, 9], "rotation": 270, "texture": "#2"},
				"south": {"uv": [15, 11, 13, 9], "texture": "#2"},
				"west": {"uv": [15, 11, 13, 9], "rotation": 90, "texture": "#2"},
				"up": {"uv": [15, 11, 13, 9], "rotation": 180, "texture": "#2"},
				"down": {"uv": [15, 11, 13, 9], "texture": "#2"}
			}
		},
		{
			"from": [9.46538, -12.89259, -12.73011],
			"to": [11.34767, -12.46938, 25.29377],
			"rotation": {"angle": 45, "axis": "z", "origin": [10.28386, -12.72446, 7.94516]},
			"faces": {
				"north": {"uv": [15, 11, 13, 9], "rotation": 180, "texture": "#2"},
				"east": {"uv": [15, 11, 13, 9], "rotation": 270, "texture": "#2"},
				"south": {"uv": [15, 11, 13, 9], "texture": "#2"},
				"west": {"uv": [15, 11, 13, 9], "rotation": 90, "texture": "#2"},
				"up": {"uv": [15, 11, 13, 9], "rotation": 180, "texture": "#2"},
				"down": {"uv": [15, 11, 13, 9], "texture": "#2"}
			}
		},
		{
			"from": [9.18932, -12.90533, -12.73011],
			"to": [11.0716, -12.48212, 25.29377],
			"rotation": {"angle": 0, "axis": "y", "origin": [10.28386, -12.72446, 7.94516]},
			"faces": {
				"north": {"uv": [15, 11, 13, 9], "rotation": 180, "texture": "#2"},
				"east": {"uv": [15, 11, 13, 9], "rotation": 270, "texture": "#2"},
				"south": {"uv": [15, 11, 13, 9], "texture": "#2"},
				"west": {"uv": [15, 11, 13, 9], "rotation": 90, "texture": "#2"},
				"up": {"uv": [15, 11, 13, 9], "rotation": 180, "texture": "#2"},
				"down": {"uv": [15, 11, 13, 9], "texture": "#2"}
			}
		},
		{
			"from": [5.16621, 1.21406, -7.16586],
			"to": [5.16621, 8.40485, 19.41941],
			"rotation": {"angle": -22.5, "axis": "z", "origin": [5.16621, 5.98358, 7.30089]},
			"faces": {
				"north": {"uv": [0, 0, 16, 16], "texture": "#4"},
				"east": {"uv": [0, 0, 16, 16], "texture": "#1"},
				"south": {"uv": [0, 0, 16, 16], "texture": "#4"},
				"west": {"uv": [0, 0, 16, 16], "texture": "#1"},
				"up": {"uv": [0, 0, 16, 16], "rotation": 270, "texture": "#4"},
				"down": {"uv": [0, 0, 16, 16], "rotation": 90, "texture": "#4"}
			}
		},
		{
			"from": [3.341, -4.43956, -9.12273],
			"to": [3.341, 1.57712, 20.20215],
			"rotation": {"angle": 0, "axis": "y", "origin": [3.341, -2.01828, 5.34403]},
			"faces": {
				"north": {"uv": [0, 0, 16, 16], "texture": "#4"},
				"east": {"uv": [0, 0, 16, 16], "texture": "#1"},
				"south": {"uv": [0, 0, 16, 16], "texture": "#4"},
				"west": {"uv": [0, 0, 16, 16], "texture": "#1"},
				"up": {"uv": [0, 0, 16, 16], "rotation": 270, "texture": "#4"},
				"down": {"uv": [0, 0, 16, 16], "rotation": 90, "texture": "#4"}
			}
		},
		{
			"from": [4.49224, -9.05312, -11.07959],
			"to": [4.49224, -4.21056, 23.52882],
			"rotation": {"angle": 22.5, "axis": "z", "origin": [4.49224, -7.2189, 7.30089]},
			"faces": {
				"north": {"uv": [0, 0, 16, 16], "texture": "#4"},
				"east": {"uv": [0, 0, 16, 16], "texture": "#1"},
				"south": {"uv": [0, 0, 16, 16], "texture": "#4"},
				"west": {"uv": [0, 0, 16, 16], "texture": "#1"},
				"up": {"uv": [0, 0, 16, 16], "rotation": 270, "texture": "#4"},
				"down": {"uv": [0, 0, 16, 16], "rotation": 90, "texture": "#4"}
			}
		},
		{
			"from": [8.16207, -13.37262, -12.4494],
			"to": [8.16207, -7.55163, 25.09431],
			"rotation": {"angle": 45, "axis": "z", "origin": [7.77069, -12.12546, 7.00736]},
			"faces": {
				"north": {"uv": [0, 0, 16, 16], "texture": "#4"},
				"east": {"uv": [0, 0, 16, 16], "texture": "#1"},
				"south": {"uv": [0, 0, 16, 16], "texture": "#4"},
				"west": {"uv": [0, 0, 16, 16], "texture": "#1"},
				"up": {"uv": [0, 0, 16, 16], "rotation": 270, "texture": "#4"},
				"down": {"uv": [0, 0, 16, 16], "rotation": 90, "texture": "#4"}
			}
		},
		{
			"from": [3.32156, -4.43956, 4.37963],
			"to": [3.32156, 1.57712, 11.39627],
			"rotation": {"angle": 0, "axis": "y", "origin": [3.341, -2.01828, 5.34403]},
			"faces": {
				"north": {"uv": [0, 0, 16, 16], "texture": "#4"},
				"east": {"uv": [0, 0, 16, 16], "texture": "#1"},
				"south": {"uv": [0, 0, 16, 16], "texture": "#4"},
				"west": {"uv": [0, 0, 16, 16], "texture": "#4"},
				"up": {"uv": [0, 0, 16, 16], "rotation": 270, "texture": "#4"},
				"down": {"uv": [0, 0, 16, 16], "rotation": 90, "texture": "#4"}
			}
		}
	],
	"display": {
		"thirdperson_righthand": {
			"rotation": [69, -90, 0],
			"translation": [-12.5, 4.75, 3.5],
			"scale": [0.2, 0.2, 0.2]
		},
		"thirdperson_lefthand": {
			"rotation": [69, 90, 0],
			"translation": [-12.5, 4.75, 3.5],
			"scale": [0.2, 0.2, 0.2]
		},
		"firstperson_righthand": {
			"translation": [-17.25, 4, -0.5],
			"scale": [0.15, 0.15, 0.15]
		},
		"firstperson_lefthand": {
			"translation": [-17.25, 4, -0.5],
			"scale": [0.15, 0.15, 0.15]
		},
		"ground": {
			"scale": [0.23, 0.2, 0.2]
		},
		"gui": {
			"scale": [0.25, 0.29, 1]
		},
		"head": {
            "translation": [21, -14, -2],
			"rotation": [0, 270, 0],
			"scale": [3.5, 3.5, 3.5]
		},
		"fixed": {
			"translation": [0, 0, -3],
			"scale": [0.56, 0.47, 0.52]
		}
	},
	"groups": [
		{
			"name": "sail1part2",
			"origin": [3.341, -2.01828, 5.34403],
			"color": 0,
			"children": [
				0,
				1,
				2,
				3,
				4,
				5,
				6,
				7,
				8,
				9,
				10,
				11,
				12,
				13,
				14,
				15,
				16,
				17,
				18,
				19,
				20,
				21,
				22,
				23,
				24,
				25,
				26,
				27,
				28,
				29,
				30,
				31,
				32,
				33,
				34,
				35,
				36,
				37,
				38,
				39,
				40,
				41,
				42,
				43,
				44,
				45,
				46,
				47,
				48,
				49,
				50,
				51,
				52,
				53,
				54,
				55,
				56,
				57,
				58,
				59,
				60,
				61,
				62,
				63,
				64,
				65,
				66,
				67,
				68,
				69,
				70,
				71,
				72,
				73,
				74,
				75,
				76,
				77,
				78,
				79,
				80,
				81,
				82,
				83,
				84,
				85,
				86,
				87,
				88,
				89,
				90,
				91,
				92,
				93,
				94,
				95,
				96,
				97,
				98,
				99,
				100,
				101,
				102,
				103,
				104,
				105,
				106,
				107,
				108,
				109,
				110,
				111,
				112,
				113,
				114,
				115,
				116,
				117,
				118,
				119,
				120,
				121,
				122,
				123,
				124,
				125,
				126,
				127,
				128,
				129,
				130,
				131,
				132,
				133
			]
		}
	]
}