{
	"credit": "Made with Blockbench",
	"texture_size": [350, 950],
	"textures": {
		"0": "concrete:flags/banner_base",
		"1": "concrete:flags/kmt",
		"particle": "concrete:flags/banner_base"
	},
	"elements": [
		{
			"from": [7, -15, 7],
			"to": [7.5, 29, 7.5],
			"faces": {
				"north": {"uv": [0, 0, 0.25, 11], "texture": "#0"},
				"east": {"uv": [0.25, 0, 0.5, 11], "texture": "#0"},
				"south": {"uv": [0.5, 0, 0.75, 11], "texture": "#0"},
				"west": {"uv": [0.75, 0, 1, 11], "texture": "#0"},
				"up": {"uv": [3.75, 3.5, 3.5, 3.25], "texture": "#0"},
				"down": {"uv": [3.75, 3.5, 3.5, 3.75], "texture": "#0"}
			}
		},
		{
			"from": [-2, 27.2, 6.95],
			"to": [8, 27.7, 7.45],
			"rotation": {"angle": -22.5, "axis": "x", "origin": [7.5, 27.4, 7.3]},
			"faces": {
				"north": {"uv": [1, 0, 4.25, 0.25], "texture": "#0"},
				"east": {"uv": [4, 1, 4.25, 1.25], "texture": "#0"},
				"south": {"uv": [1, 0.25, 4.25, 0.5], "texture": "#0"},
				"west": {"uv": [4, 1.25, 4.25, 1.5], "texture": "#0"},
				"up": {"uv": [4.25, 0.75, 1, 0.5], "texture": "#0"},
				"down": {"uv": [4.25, 0.75, 1, 1], "texture": "#0"}
			}
		},
		{
			"from": [-0.45, 7.75, 7.25],
			"to": [6.55, 26.75, 7.3],
			"faces": {
				"north": {"uv": [0, 0, 16, 16], "texture": "#1"},
				"east": {"uv": [0, 0, 0.0125, 4.75], "texture": "#1"},
				"south": {"uv": [0, 0, 16, 16], "texture": "#1"},
				"west": {"uv": [0, 0, 0.0125, 4.75], "texture": "#1"},
				"up": {"uv": [0, 0, 1.75, 0.0125], "texture": "#1"},
				"down": {"uv": [0, 0, 1.75, 0.0125], "texture": "#1"}
			}
		},
		{
			"from": [6.55, 8.75, 7.25],
			"to": [7.3, 9.5, 7.3],
			"faces": {
				"north": {"uv": [1, 1.25, 1.1875, 1.4375], "texture": "#0"},
				"east": {"uv": [0, 0, 0.0125, 0.1875], "texture": "#0"},
				"south": {"uv": [1, 1.125, 1.1875, 1.3125], "texture": "#0"},
				"west": {"uv": [0, 0, 0.0125, 0.1875], "texture": "#0"},
				"up": {"uv": [0, 0, 0.1875, 0.0125], "texture": "#0"},
				"down": {"uv": [0, 0, 0.1875, 0.0125], "texture": "#0"}
			}
		},
		{
			"from": [6.55, 10.75, 7.25],
			"to": [7.3, 11.5, 7.3],
			"faces": {
				"north": {"uv": [1, 1.25, 1.1875, 1.4375], "texture": "#0"},
				"east": {"uv": [0, 0, 0.0125, 0.1875], "texture": "#0"},
				"south": {"uv": [1, 1.125, 1.1875, 1.3125], "texture": "#0"},
				"west": {"uv": [0, 0, 0.0125, 0.1875], "texture": "#0"},
				"up": {"uv": [0, 0, 0.1875, 0.0125], "texture": "#0"},
				"down": {"uv": [0, 0, 0.1875, 0.0125], "texture": "#0"}
			}
		},
		{
			"from": [6.55, 12.75, 7.25],
			"to": [7.3, 13.5, 7.3],
			"faces": {
				"north": {"uv": [1, 1.25, 1.1875, 1.4375], "texture": "#0"},
				"east": {"uv": [0, 0, 0.0125, 0.1875], "texture": "#0"},
				"south": {"uv": [1, 1.125, 1.1875, 1.3125], "texture": "#0"},
				"west": {"uv": [0, 0, 0.0125, 0.1875], "texture": "#0"},
				"up": {"uv": [0, 0, 0.1875, 0.0125], "texture": "#0"},
				"down": {"uv": [0, 0, 0.1875, 0.0125], "texture": "#0"}
			}
		},
		{
			"from": [6.55, 14.75, 7.25],
			"to": [7.3, 15.5, 7.3],
			"faces": {
				"north": {"uv": [1, 1.25, 1.1875, 1.4375], "texture": "#0"},
				"east": {"uv": [0, 0, 0.0125, 0.1875], "texture": "#0"},
				"south": {"uv": [1, 1.125, 1.1875, 1.3125], "texture": "#0"},
				"west": {"uv": [0, 0, 0.0125, 0.1875], "texture": "#0"},
				"up": {"uv": [0, 0, 0.1875, 0.0125], "texture": "#0"},
				"down": {"uv": [0, 0, 0.1875, 0.0125], "texture": "#0"}
			}
		},
		{
			"from": [6.55, 16.75, 7.25],
			"to": [7.3, 17.5, 7.3],
			"faces": {
				"north": {"uv": [1, 1.25, 1.1875, 1.4375], "texture": "#0"},
				"east": {"uv": [0, 0, 0.0125, 0.1875], "texture": "#0"},
				"south": {"uv": [1, 1.125, 1.1875, 1.3125], "texture": "#0"},
				"west": {"uv": [0, 0, 0.0125, 0.1875], "texture": "#0"},
				"up": {"uv": [0, 0, 0.1875, 0.0125], "texture": "#0"},
				"down": {"uv": [0, 0, 0.1875, 0.0125], "texture": "#0"}
			}
		},
		{
			"from": [6.55, 18.75, 7.25],
			"to": [7.3, 19.5, 7.3],
			"faces": {
				"north": {"uv": [1, 1.25, 1.1875, 1.4375], "texture": "#0"},
				"east": {"uv": [0, 0, 0.0125, 0.1875], "texture": "#0"},
				"south": {"uv": [1, 1.125, 1.1875, 1.3125], "texture": "#0"},
				"west": {"uv": [0, 0, 0.0125, 0.1875], "texture": "#0"},
				"up": {"uv": [0, 0, 0.1875, 0.0125], "texture": "#0"},
				"down": {"uv": [0, 0, 0.1875, 0.0125], "texture": "#0"}
			}
		},
		{
			"from": [6.55, 20.75, 7.25],
			"to": [7.3, 21.5, 7.3],
			"faces": {
				"north": {"uv": [1, 1.25, 1.1875, 1.4375], "texture": "#0"},
				"east": {"uv": [0, 0, 0.0125, 0.1875], "texture": "#0"},
				"south": {"uv": [1, 1.125, 1.1875, 1.3125], "texture": "#0"},
				"west": {"uv": [0, 0, 0.0125, 0.1875], "texture": "#0"},
				"up": {"uv": [0, 0, 0.1875, 0.0125], "texture": "#0"},
				"down": {"uv": [0, 0, 0.1875, 0.0125], "texture": "#0"}
			}
		},
		{
			"from": [6.55, 22.75, 7.25],
			"to": [7.3, 23.5, 7.3],
			"faces": {
				"north": {"uv": [1, 1.25, 1.1875, 1.4375], "texture": "#0"},
				"east": {"uv": [0, 0, 0.0125, 0.1875], "texture": "#0"},
				"south": {"uv": [1, 1.125, 1.1875, 1.3125], "texture": "#0"},
				"west": {"uv": [0, 0, 0.0125, 0.1875], "texture": "#0"},
				"up": {"uv": [0, 0, 0.1875, 0.0125], "texture": "#0"},
				"down": {"uv": [0, 0, 0.1875, 0.0125], "texture": "#0"}
			}
		},
		{
			"from": [6.55, 24.75, 7.25],
			"to": [7.3, 25.5, 7.3],
			"faces": {
				"north": {"uv": [1, 1.25, 1.1875, 1.4375], "texture": "#0"},
				"east": {"uv": [0, 0, 0.0125, 0.1875], "texture": "#0"},
				"south": {"uv": [1, 1.125, 1.1875, 1.3125], "texture": "#0"},
				"west": {"uv": [0, 0, 0.0125, 0.1875], "texture": "#0"},
				"up": {"uv": [0, 0, 0.1875, 0.0125], "texture": "#0"},
				"down": {"uv": [0, 0, 0.1875, 0.0125], "texture": "#0"}
			}
		},
		{
			"from": [6.3, 26.5, 7.25],
			"to": [7.05, 27.25, 7.3],
			"faces": {
				"north": {"uv": [1, 1.25, 1.1875, 1.4375], "texture": "#0"},
				"east": {"uv": [0, 0, 0.0125, 0.1875], "texture": "#0"},
				"south": {"uv": [1, 1.125, 1.1875, 1.3125], "texture": "#0"},
				"west": {"uv": [0, 0, 0.0125, 0.1875], "texture": "#0"},
				"up": {"uv": [0, 0, 0.1875, 0.0125], "texture": "#0"},
				"down": {"uv": [0, 0, 0.1875, 0.0125], "texture": "#0"}
			}
		},
		{
			"from": [1.8, 26.75, 7.25],
			"to": [2.55, 27.5, 7.3],
			"faces": {
				"north": {"uv": [1, 1.25, 1.1875, 1.4375], "texture": "#0"},
				"east": {"uv": [0, 0, 0.0125, 0.1875], "texture": "#0"},
				"south": {"uv": [1, 1.125, 1.1875, 1.3125], "texture": "#0"},
				"west": {"uv": [0, 0, 0.0125, 0.1875], "texture": "#0"},
				"up": {"uv": [0, 0, 0.1875, 0.0125], "texture": "#0"},
				"down": {"uv": [0, 0, 0.1875, 0.0125], "texture": "#0"}
			}
		},
		{
			"from": [4.3, 26.75, 7.25],
			"to": [5.05, 27.5, 7.3],
			"faces": {
				"north": {"uv": [1, 1.25, 1.1875, 1.4375], "texture": "#0"},
				"east": {"uv": [0, 0, 0.0125, 0.1875], "texture": "#0"},
				"south": {"uv": [1, 1.125, 1.1875, 1.3125], "texture": "#0"},
				"west": {"uv": [0, 0, 0.0125, 0.1875], "texture": "#0"},
				"up": {"uv": [0, 0, 0.1875, 0.0125], "texture": "#0"},
				"down": {"uv": [0, 0, 0.1875, 0.0125], "texture": "#0"}
			}
		},
		{
			"from": [-0.45, 26.75, 7.25],
			"to": [0.3, 27.5, 7.3],
			"faces": {
				"north": {"uv": [1, 1.25, 1.1875, 1.4375], "texture": "#0"},
				"east": {"uv": [0, 0, 0.0125, 0.1875], "texture": "#0"},
				"south": {"uv": [1, 1.125, 1.1875, 1.3125], "texture": "#0"},
				"west": {"uv": [0, 0, 0.0125, 0.1875], "texture": "#0"},
				"up": {"uv": [0, 0, 0.1875, 0.0125], "texture": "#0"},
				"down": {"uv": [0, 0, 0.1875, 0.0125], "texture": "#0"}
			}
		}
	],
	"display": {
		"thirdperson_righthand": {
			"rotation": [70, 0, 0],
			"translation": [0.25, 8, 26],
			"scale": [1.3, 1.3, 1.3]
		},
		"thirdperson_lefthand": {
			"rotation": [70, 0, 0],
			"translation": [-1, 8, 26],
			"scale": [1.3, 1.3, 1.3]
		},
		"firstperson_righthand": {
			"translation": [3.75, 18.5, 0]
		},
		"firstperson_lefthand": {
			"translation": [3.75, 18.5, 0]
		},
		"ground": {
			"translation": [0, 12, 0]
		},
		"gui": {
			"rotation": [0, -180, 30],
			"scale": [0.3, 0.3, 0.3]
		},
		"fixed": {
			"translation": [3, 80, 21],
			"scale": [4, 4, 4]
		}
	}
}