{
	"credit": "Made with Blockbench",
	"texture_size": [32, 32],
	"textures": {
		"2": "concrete:flags/base",
		"1": "concrete:flags/flag_poland",
		"particle": "concrete:flags/base"
	},
	"elements": [
		{
			"from": [1.01011, -13.20431, -6.68564],
			"to": [1.75386, 30.38988, -6.49902],
			"rotation": {"angle": -22.5, "axis": "y", "origin": [1.16691, 36.11496, -6.7217]},
			"faces": {
				"north": {"uv": [3, 4, 2, 3], "texture": "#2"},
				"east": {"uv": [3, 4, 2, 3], "texture": "#2"},
				"south": {"uv": [3, 4, 2, 3], "texture": "#2"},
				"west": {"uv": [3, 4, 2, 3], "texture": "#2"},
				"up": {"uv": [3, 4, 2, 3], "texture": "#2"},
				"down": {"uv": [3, 4, 2, 3], "texture": "#2"}
			}
		},
		{
			"from": [0.93683, -13.20431, -6.57598],
			"to": [1.76688, 30.38988, -6.38935],
			"rotation": {"angle": 0, "axis": "y", "origin": [0.79468, 22.0488, -2.5096]},
			"faces": {
				"north": {"uv": [3, 4, 2, 3], "texture": "#2"},
				"east": {"uv": [3, 4, 2, 3], "texture": "#2"},
				"south": {"uv": [3, 4, 2, 3], "texture": "#2"},
				"west": {"uv": [3, 4, 2, 3], "texture": "#2"},
				"up": {"uv": [3, 4, 2, 3], "texture": "#2"},
				"down": {"uv": [3, 4, 2, 3], "texture": "#2"}
			}
		},
		{
			"from": [0.8965, -13.20431, -6.79825],
			"to": [1.72654, 30.38988, -6.61162],
			"rotation": {"angle": 45, "axis": "y", "origin": [1.59999, 23.10585, -6.77307]},
			"faces": {
				"north": {"uv": [3, 4, 2, 3], "texture": "#2"},
				"east": {"uv": [3, 4, 2, 3], "texture": "#2"},
				"south": {"uv": [3, 4, 2, 3], "texture": "#2"},
				"west": {"uv": [3, 4, 2, 3], "texture": "#2"},
				"up": {"uv": [3, 4, 2, 3], "texture": "#2"},
				"down": {"uv": [3, 4, 2, 3], "texture": "#2"}
			}
		},
		{
			"from": [1.01791, -13.20431, -6.71226],
			"to": [1.84795, 30.38988, -6.52563],
			"rotation": {"angle": 22.5, "axis": "y", "origin": [1.73496, 23.10585, -6.61894]},
			"faces": {
				"north": {"uv": [3, 4, 2, 3], "texture": "#2"},
				"east": {"uv": [3, 4, 2, 3], "texture": "#2"},
				"south": {"uv": [3, 4, 2, 3], "texture": "#2"},
				"west": {"uv": [3, 4, 2, 3], "texture": "#2"},
				"up": {"uv": [3, 4, 2, 3], "texture": "#2"},
				"down": {"uv": [3, 4, 2, 3], "texture": "#2"}
			}
		},
		{
			"from": [1.20297, -13.20431, -6.8785],
			"to": [1.38959, 30.38988, -6.13475],
			"shade": false,
			"rotation": {"angle": 22.5, "axis": "y", "origin": [1.16691, 36.11496, -6.7217]},
			"faces": {
				"north": {"uv": [3, 4, 2, 3], "texture": "#2"},
				"east": {"uv": [3, 4, 2, 3], "texture": "#2"},
				"south": {"uv": [3, 4, 2, 3], "texture": "#2"},
				"west": {"uv": [3, 4, 2, 3], "texture": "#2"},
				"up": {"uv": [3, 4, 2, 3], "texture": "#2"},
				"down": {"uv": [3, 4, 2, 3], "texture": "#2"}
			}
		},
		{
			"from": [1.0736, -13.20431, -6.85276],
			"to": [1.26023, 30.38988, -6.10902],
			"rotation": {"angle": 45, "axis": "y", "origin": [1.16691, 36.11496, -6.7217]},
			"faces": {
				"north": {"uv": [3, 4, 2, 3], "texture": "#2"},
				"east": {"uv": [3, 4, 2, 3], "texture": "#2"},
				"south": {"uv": [3, 4, 2, 3], "texture": "#2"},
				"west": {"uv": [3, 4, 2, 3], "texture": "#2"},
				"up": {"uv": [3, 4, 2, 3], "texture": "#2"},
				"down": {"uv": [3, 4, 2, 3], "texture": "#2"}
			}
		},
		{
			"from": [1.31264, -13.20431, -6.95178],
			"to": [1.49926, 30.38988, -6.20803],
			"rotation": {"angle": 0, "axis": "y", "origin": [1.22667, 23.10585, -6.75097]},
			"faces": {
				"north": {"uv": [3, 4, 2, 3], "texture": "#2"},
				"east": {"uv": [3, 4, 2, 3], "texture": "#2"},
				"south": {"uv": [3, 4, 2, 3], "texture": "#2"},
				"west": {"uv": [3, 4, 2, 3], "texture": "#2"},
				"up": {"uv": [3, 4, 2, 3], "texture": "#2"},
				"down": {"uv": [3, 4, 2, 3], "texture": "#2"}
			}
		},
		{
			"from": [1.31264, -13.20431, -6.23954],
			"to": [1.49926, 30.38988, -6.01355],
			"rotation": {"angle": 0, "axis": "y", "origin": [1.22667, 23.10585, -6.21436]},
			"faces": {
				"north": {"uv": [3, 4, 2, 3], "texture": "#2"},
				"east": {"uv": [3, 4, 2, 3], "texture": "#2"},
				"south": {"uv": [3, 4, 2, 3], "texture": "#2"},
				"west": {"uv": [3, 4, 2, 3], "texture": "#2"},
				"up": {"uv": [3, 4, 2, 3], "texture": "#2"},
				"down": {"uv": [3, 4, 2, 3], "texture": "#2"}
			}
		},
		{
			"from": [1.19631, -13.20431, -6.28772],
			"to": [1.38294, 30.38988, -6.06173],
			"rotation": {"angle": -22.5, "axis": "y", "origin": [1.22667, 23.10585, -6.21436]},
			"faces": {
				"north": {"uv": [3, 4, 2, 3], "texture": "#2"},
				"east": {"uv": [3, 4, 2, 3], "texture": "#2"},
				"south": {"uv": [3, 4, 2, 3], "texture": "#2"},
				"west": {"uv": [3, 4, 2, 3], "texture": "#2"},
				"up": {"uv": [3, 4, 2, 3], "texture": "#2"},
				"down": {"uv": [3, 4, 2, 3], "texture": "#2"}
			}
		},
		{
			"from": [1.07041, -13.20431, -6.28772],
			"to": [1.25703, 30.38988, -6.06173],
			"shade": false,
			"rotation": {"angle": -45, "axis": "y", "origin": [1.22667, 23.10585, -6.21436]},
			"faces": {
				"north": {"uv": [3, 4, 2, 3], "texture": "#2"},
				"east": {"uv": [3, 4, 2, 3], "texture": "#2"},
				"south": {"uv": [3, 4, 2, 3], "texture": "#2"},
				"west": {"uv": [3, 4, 2, 3], "texture": "#2"},
				"up": {"uv": [3, 4, 2, 3], "texture": "#2"},
				"down": {"uv": [3, 4, 2, 3], "texture": "#2"}
			}
		},
		{
			"from": [1.02586, -13.20431, -6.48695],
			"to": [1.25185, 30.38988, -6.30032],
			"rotation": {"angle": 22.5, "axis": "y", "origin": [1.22667, 23.10585, -6.21436]},
			"faces": {
				"north": {"uv": [3, 4, 2, 3], "texture": "#2"},
				"east": {"uv": [3, 4, 2, 3], "texture": "#2"},
				"south": {"uv": [3, 4, 2, 3], "texture": "#2"},
				"west": {"uv": [3, 4, 2, 3], "texture": "#2"},
				"up": {"uv": [3, 4, 2, 3], "texture": "#2"},
				"down": {"uv": [3, 4, 2, 3], "texture": "#2"}
			}
		},
		{
			"from": [1.50055, -13.20431, -6.3537],
			"to": [1.72654, 30.38988, -6.16708],
			"rotation": {"angle": -45, "axis": "y", "origin": [1.59999, 23.10585, -6.19225]},
			"faces": {
				"north": {"uv": [3, 4, 2, 3], "texture": "#2"},
				"east": {"uv": [3, 4, 2, 3], "texture": "#2"},
				"south": {"uv": [3, 4, 2, 3], "texture": "#2"},
				"west": {"uv": [3, 4, 2, 3], "texture": "#2"},
				"up": {"uv": [3, 4, 2, 3], "texture": "#2"},
				"down": {"uv": [3, 4, 2, 3], "texture": "#2"}
			}
		},
		{
			"from": [1.43854, -13.20431, -6.29169],
			"to": [1.62517, 30.38988, -6.0657],
			"rotation": {"angle": 22.5, "axis": "y", "origin": [1.59999, 23.10585, -6.19225]},
			"faces": {
				"north": {"uv": [3, 3, 2, 3], "texture": "#2"},
				"east": {"uv": [3, 3, 2, 3], "texture": "#2"},
				"south": {"uv": [3, 3, 2, 3], "texture": "#2"},
				"west": {"uv": [3, 3, 2, 3], "texture": "#2"},
				"up": {"uv": [3, 3, 2, 3], "texture": "#2"},
				"down": {"uv": [3, 3, 2, 3], "texture": "#2"}
			}
		},
		{
			"from": [1.62196, -13.20431, -6.43969],
			"to": [1.84795, 30.38988, -6.25307],
			"rotation": {"angle": -22.5, "axis": "y", "origin": [1.73496, 23.10585, -6.34638]},
			"faces": {
				"north": {"uv": [3, 3.0625, 2, 3], "texture": "#2"},
				"east": {"uv": [3, 3.0625, 2, 3], "texture": "#2"},
				"south": {"uv": [3, 3.0625, 2, 3], "texture": "#2"},
				"west": {"uv": [3, 3.0625, 2, 3], "texture": "#2"},
				"up": {"uv": [3, 3.0625, 2, 3], "texture": "#2"},
				"down": {"uv": [3, 3.0625, 2, 3], "texture": "#2"}
			}
		},
		{
			"from": [1.64907, -13.20431, -6.57598],
			"to": [1.87506, 30.38988, -6.38935],
			"rotation": {"angle": 0, "axis": "y", "origin": [0.77791, 22.0488, -2.5096]},
			"faces": {
				"north": {"uv": [3, 3.125, 2, 3], "texture": "#2"},
				"east": {"uv": [3, 3.125, 2, 3], "texture": "#2"},
				"south": {"uv": [3, 3.125, 2, 3], "texture": "#2"},
				"west": {"uv": [3, 3.125, 2, 3], "texture": "#2"},
				"up": {"uv": [3, 3.125, 2, 3], "texture": "#2"},
				"down": {"uv": [3, 3.125, 2, 3], "texture": "#2"}
			}
		},
		{
			"from": [1.34985, -13.20431, -6.94437],
			"to": [1.53647, 30.38988, -6.20063],
			"rotation": {"angle": -22.5, "axis": "y", "origin": [1.44316, 25.24206, -6.5725]},
			"faces": {
				"north": {"uv": [3, 3.1875, 2, 3], "texture": "#2"},
				"east": {"uv": [3, 3.1875, 2, 3], "texture": "#2"},
				"south": {"uv": [3, 3.1875, 2, 3], "texture": "#2"},
				"west": {"uv": [3, 3.1875, 2, 3], "texture": "#2"},
				"up": {"uv": [3, 3.1875, 2, 3], "texture": "#2"},
				"down": {"uv": [3, 3.1875, 2, 3], "texture": "#2"}
			}
		},
		{
			"from": [0.91612, 30.00448, -6.76197],
			"to": [1.83063, 31.99244, -6.5325],
			"rotation": {"angle": -22.5, "axis": "y", "origin": [1.10892, 50.5747, -6.8063]},
			"faces": {
				"north": {"uv": [3, 4, 2, 3], "texture": "#2"},
				"east": {"uv": [3, 4, 2, 3], "texture": "#2"},
				"south": {"uv": [3, 4, 2, 3], "texture": "#2"},
				"west": {"uv": [3, 4, 2, 3], "texture": "#2"},
				"up": {"uv": [3, 4, 2, 3], "texture": "#2"},
				"down": {"uv": [3, 4, 2, 3], "texture": "#2"}
			}
		},
		{
			"from": [0.82601, 30.00448, -6.62712],
			"to": [1.84663, 31.99244, -6.39765],
			"rotation": {"angle": 0, "axis": "y", "origin": [0.65122, 33.27895, -1.62711]},
			"faces": {
				"north": {"uv": [3, 4, 2, 3], "texture": "#2"},
				"east": {"uv": [3, 4, 2, 3], "texture": "#2"},
				"south": {"uv": [3, 4, 2, 3], "texture": "#2"},
				"west": {"uv": [3, 4, 2, 3], "texture": "#2"},
				"up": {"uv": [3, 4, 2, 3], "texture": "#2"},
				"down": {"uv": [3, 4, 2, 3], "texture": "#2"}
			}
		},
		{
			"from": [0.77642, 30.00448, -6.90042],
			"to": [1.79704, 31.99244, -6.67095],
			"rotation": {"angle": 45, "axis": "y", "origin": [1.64143, 34.5787, -6.86947]},
			"faces": {
				"north": {"uv": [3, 4, 2, 3], "texture": "#2"},
				"east": {"uv": [3, 4, 2, 3], "texture": "#2"},
				"south": {"uv": [3, 4, 2, 3], "texture": "#2"},
				"west": {"uv": [3, 4, 2, 3], "texture": "#2"},
				"up": {"uv": [3, 4, 2, 3], "texture": "#2"},
				"down": {"uv": [3, 4, 2, 3], "texture": "#2"}
			}
		},
		{
			"from": [0.92571, 30.00448, -6.79469],
			"to": [1.94632, 31.99244, -6.56522],
			"rotation": {"angle": 22.5, "axis": "y", "origin": [1.80739, 34.5787, -6.67995]},
			"faces": {
				"north": {"uv": [3, 4, 2, 3], "texture": "#2"},
				"east": {"uv": [3, 4, 2, 3], "texture": "#2"},
				"south": {"uv": [3, 4, 2, 3], "texture": "#2"},
				"west": {"uv": [3, 4, 2, 3], "texture": "#2"},
				"up": {"uv": [3, 4, 2, 3], "texture": "#2"},
				"down": {"uv": [3, 4, 2, 3], "texture": "#2"}
			}
		},
		{
			"from": [1.15325, 30.00448, -6.9991],
			"to": [1.38272, 31.99244, -6.08459],
			"shade": false,
			"rotation": {"angle": 22.5, "axis": "y", "origin": [1.10892, 50.5747, -6.8063]},
			"faces": {
				"north": {"uv": [3, 4, 2, 3], "texture": "#2"},
				"east": {"uv": [3, 4, 2, 3], "texture": "#2"},
				"south": {"uv": [3, 4, 2, 3], "texture": "#2"},
				"west": {"uv": [3, 4, 2, 3], "texture": "#2"},
				"up": {"uv": [3, 4, 2, 3], "texture": "#2"},
				"down": {"uv": [3, 4, 2, 3], "texture": "#2"}
			}
		},
		{
			"from": [0.99418, 30.00448, -6.96746],
			"to": [1.22366, 31.99244, -6.05295],
			"rotation": {"angle": 45, "axis": "y", "origin": [1.10892, 50.5747, -6.8063]},
			"faces": {
				"north": {"uv": [3, 4, 2, 3], "texture": "#2"},
				"east": {"uv": [3, 4, 2, 3], "texture": "#2"},
				"south": {"uv": [3, 4, 2, 3], "texture": "#2"},
				"west": {"uv": [3, 4, 2, 3], "texture": "#2"},
				"up": {"uv": [3, 4, 2, 3], "texture": "#2"},
				"down": {"uv": [3, 4, 2, 3], "texture": "#2"}
			}
		},
		{
			"from": [1.2881, 30.00448, -7.0892],
			"to": [1.51757, 31.99244, -6.17469],
			"rotation": {"angle": 0, "axis": "y", "origin": [1.1824, 34.5787, -6.84229]},
			"faces": {
				"north": {"uv": [3, 4, 2, 3], "texture": "#2"},
				"east": {"uv": [3, 4, 2, 3], "texture": "#2"},
				"south": {"uv": [3, 4, 2, 3], "texture": "#2"},
				"west": {"uv": [3, 4, 2, 3], "texture": "#2"},
				"up": {"uv": [3, 4, 2, 3], "texture": "#2"},
				"down": {"uv": [3, 4, 2, 3], "texture": "#2"}
			}
		},
		{
			"from": [1.2881, 30.00448, -6.21344],
			"to": [1.51757, 31.99244, -5.93556],
			"rotation": {"angle": 0, "axis": "y", "origin": [1.1824, 34.5787, -6.18247]},
			"faces": {
				"north": {"uv": [3, 4, 2, 3], "texture": "#2"},
				"east": {"uv": [3, 4, 2, 3], "texture": "#2"},
				"south": {"uv": [3, 4, 2, 3], "texture": "#2"},
				"west": {"uv": [3, 4, 2, 3], "texture": "#2"},
				"up": {"uv": [3, 4, 2, 3], "texture": "#2"},
				"down": {"uv": [3, 4, 2, 3], "texture": "#2"}
			}
		},
		{
			"from": [1.14507, 30.00448, -6.27268],
			"to": [1.37454, 31.99244, -5.99481],
			"rotation": {"angle": -22.5, "axis": "y", "origin": [1.1824, 34.5787, -6.18247]},
			"faces": {
				"north": {"uv": [3, 4, 2, 3], "texture": "#2"},
				"east": {"uv": [3, 4, 2, 3], "texture": "#2"},
				"south": {"uv": [3, 4, 2, 3], "texture": "#2"},
				"west": {"uv": [3, 4, 2, 3], "texture": "#2"},
				"up": {"uv": [3, 4, 2, 3], "texture": "#2"},
				"down": {"uv": [3, 4, 2, 3], "texture": "#2"}
			}
		},
		{
			"from": [0.99025, 30.00448, -6.27268],
			"to": [1.21973, 31.99244, -5.99481],
			"shade": false,
			"rotation": {"angle": -45, "axis": "y", "origin": [1.1824, 34.5787, -6.18247]},
			"faces": {
				"north": {"uv": [3, 4, 2, 3], "texture": "#2"},
				"east": {"uv": [3, 4, 2, 3], "texture": "#2"},
				"south": {"uv": [3, 4, 2, 3], "texture": "#2"},
				"west": {"uv": [3, 4, 2, 3], "texture": "#2"},
				"up": {"uv": [3, 4, 2, 3], "texture": "#2"},
				"down": {"uv": [3, 4, 2, 3], "texture": "#2"}
			}
		},
		{
			"from": [0.93549, 30.00448, -6.51765],
			"to": [1.21336, 31.99244, -6.28817],
			"rotation": {"angle": 22.5, "axis": "y", "origin": [1.1824, 34.5787, -6.18247]},
			"faces": {
				"north": {"uv": [3, 4, 2, 3], "texture": "#2"},
				"east": {"uv": [3, 4, 2, 3], "texture": "#2"},
				"south": {"uv": [3, 4, 2, 3], "texture": "#2"},
				"west": {"uv": [3, 4, 2, 3], "texture": "#2"},
				"up": {"uv": [3, 4, 2, 3], "texture": "#2"},
				"down": {"uv": [3, 4, 2, 3], "texture": "#2"}
			}
		},
		{
			"from": [1.51916, 30.00448, -6.35381],
			"to": [1.79704, 31.99244, -6.12434],
			"rotation": {"angle": -45, "axis": "y", "origin": [1.64143, 34.5787, -6.15529]},
			"faces": {
				"north": {"uv": [3, 4, 2, 3], "texture": "#2"},
				"east": {"uv": [3, 4, 2, 3], "texture": "#2"},
				"south": {"uv": [3, 4, 2, 3], "texture": "#2"},
				"west": {"uv": [3, 4, 2, 3], "texture": "#2"},
				"up": {"uv": [3, 4, 2, 3], "texture": "#2"},
				"down": {"uv": [3, 4, 2, 3], "texture": "#2"}
			}
		},
		{
			"from": [1.44291, 30.00448, -6.27757],
			"to": [1.67239, 31.99244, -5.99969],
			"rotation": {"angle": 22.5, "axis": "y", "origin": [1.64143, 34.5787, -6.15529]},
			"faces": {
				"north": {"uv": [3, 3, 2, 3], "texture": "#2"},
				"east": {"uv": [3, 3, 2, 3], "texture": "#2"},
				"south": {"uv": [3, 3, 2, 3], "texture": "#2"},
				"west": {"uv": [3, 3, 2, 3], "texture": "#2"},
				"up": {"uv": [3, 3, 2, 3], "texture": "#2"},
				"down": {"uv": [3, 3, 2, 3], "texture": "#2"}
			}
		},
		{
			"from": [1.66845, 30.00448, -6.45955],
			"to": [1.94632, 31.99244, -6.23008],
			"rotation": {"angle": -22.5, "axis": "y", "origin": [1.80739, 34.5787, -6.34481]},
			"faces": {
				"north": {"uv": [3, 3.0625, 2, 3], "texture": "#2"},
				"east": {"uv": [3, 3.0625, 2, 3], "texture": "#2"},
				"south": {"uv": [3, 3.0625, 2, 3], "texture": "#2"},
				"west": {"uv": [3, 3.0625, 2, 3], "texture": "#2"},
				"up": {"uv": [3, 3.0625, 2, 3], "texture": "#2"},
				"down": {"uv": [3, 3.0625, 2, 3], "texture": "#2"}
			}
		},
		{
			"from": [1.70178, 30.00448, -6.62712],
			"to": [1.97966, 31.99244, -6.39765],
			"rotation": {"angle": 0, "axis": "y", "origin": [0.6306, 33.27895, -1.62711]},
			"faces": {
				"north": {"uv": [3, 3.125, 2, 3], "texture": "#2"},
				"east": {"uv": [3, 3.125, 2, 3], "texture": "#2"},
				"south": {"uv": [3, 3.125, 2, 3], "texture": "#2"},
				"west": {"uv": [3, 3.125, 2, 3], "texture": "#2"},
				"up": {"uv": [3, 3.125, 2, 3], "texture": "#2"},
				"down": {"uv": [3, 3.125, 2, 3], "texture": "#2"}
			}
		},
		{
			"from": [1.33385, 30.00448, -7.0801],
			"to": [1.56333, 31.99244, -6.16559],
			"rotation": {"angle": -22.5, "axis": "y", "origin": [1.44859, 37.20538, -6.62285]},
			"faces": {
				"north": {"uv": [3, 3.1875, 2, 3], "texture": "#2"},
				"east": {"uv": [3, 3.1875, 2, 3], "texture": "#2"},
				"south": {"uv": [3, 3.1875, 2, 3], "texture": "#2"},
				"west": {"uv": [3, 3.1875, 2, 3], "texture": "#2"},
				"up": {"uv": [3, 3.1875, 2, 3], "texture": "#2"},
				"down": {"uv": [3, 3.1875, 2, 3], "texture": "#2"}
			}
		},
		{
			"from": [1.24689, 10.00554, -4.99102],
			"to": [1.24689, 28.204, 24.14885],
			"rotation": {"angle": 0, "axis": "y", "origin": [27.83248, 9.18605, -8.98893]},
			"faces": {
				"north": {"uv": [0, 0, 16, 16], "texture": "#1"},
				"east": {"uv": [0, 0, 16, 16], "texture": "#1"},
				"south": {"uv": [0, 0, 16, 16], "texture": "#1"},
				"west": {"uv": [0, 0, 16, 16], "texture": "#1"},
				"up": {"uv": [0, 0, 16, 16], "texture": "#1"},
				"down": {"uv": [0, 0, 16, 16], "texture": "#1"}
			}
		},
		{
			"from": [1.20261, 28.71587, -6.72355],
			"to": [1.33545, 28.84809, -4.6678],
			"rotation": {"angle": 22.5, "axis": "x", "origin": [1.31331, 28.78198, -6.55914]},
			"faces": {
				"north": {"uv": [0, 0, 16, 16], "texture": "#1"},
				"east": {"uv": [0, 0, 16, 16], "texture": "#1"},
				"south": {"uv": [0, 0, 16, 16], "texture": "#1"},
				"west": {"uv": [0, 0, 16, 16], "texture": "#1"},
				"up": {"uv": [0, 0, 16, 16], "texture": "#1"},
				"down": {"uv": [0, 0, 16, 16], "texture": "#1"}
			}
		},
		{
			"from": [1.20261, 9.19885, -6.74466],
			"to": [1.33545, 9.33107, -4.68891],
			"rotation": {"angle": -22.5, "axis": "x", "origin": [1.35759, 9.22068, -6.71308]},
			"faces": {
				"north": {"uv": [0, 16, 16, 0], "texture": "#1"},
				"east": {"uv": [0, 16, 16, 0], "texture": "#1"},
				"south": {"uv": [0, 16, 16, 0], "texture": "#1"},
				"west": {"uv": [0, 16, 16, 0], "texture": "#1"},
				"up": {"uv": [0, 16, 16, 0], "texture": "#1"},
				"down": {"uv": [0, 16, 16, 0], "texture": "#1"}
			}
		}
	],
	"display": {
		"thirdperson_righthand": {
			"rotation": [7, 180, 0],
			"translation": [-5, 15, -7.25],
			"scale": [0.83, 0.83, 0.83]
		},
		"thirdperson_lefthand": {
			"rotation": [7, 180, 0],
			"translation": [5.75, 15, -8.25],
			"scale": [0.83, 0.83, 0.83]
		},
		"firstperson_righthand": {
			"rotation": [7, 180, 0],
			"translation": [5.75, 11, -17.75],
			"scale": [0.83, 0.83, 0.83]
		},
		"firstperson_lefthand": {
			"rotation": [7, 180, 0],
			"translation": [15, 6.75, -17.75],
			"scale": [0.83, 0.83, 0.83]
		},
		"ground": {
			"translation": [1.25, 0, 3],
			"scale": [0.23, 0.2, 0.2]
		},
		"gui": {
			"rotation": [0, 48, 0],
			"translation": [1.75, 0, 0],
			"scale": [0.25, 0.25, 0.31]
		},
		"head": {
			"rotation": [0, 90, 0],
			"translation": [7.75, 6.25, -4.75]
		},
		"fixed": {
			"rotation": [-29, -180, 0],
			"translation": [-27.5, 29, -80],
			"scale": [4, 4, 4]
		}
	},
	"groups": [
		{
			"name": "part 1 boat",
			"origin": [-14.86091, -4.29564, 8.15416],
			"color": 0,
			"children": []
		},
		{
			"name": "part 2 boat",
			"origin": [21.79306, -1.36043, 17.14004],
			"color": 0,
			"children": []
		},
		{
			"name": "sail1part1",
			"origin": [0.77264, -0.82108, 7.80224],
			"color": 0,
			"children": []
		},
		{
			"name": "sail1part2",
			"origin": [-0.21007, 13.80557, 7.00224],
			"color": 0,
			"children": [0, 1, 2, 3, 4, 5, 6, 7, 8, 9, 10, 11, 12, 13, 14, 15, 16, 17, 18, 19, 20, 21, 22, 23, 24, 25, 26, 27, 28, 29, 30, 31, 32, 33, 34]
		},
		{
			"name": "sail2part1",
			"origin": [15.29438, -6.66601, 12.91993],
			"color": 0,
			"children": []
		},
		{
			"name": "sail2part2",
			"origin": [-0.21007, 13.80557, 7.00224],
			"color": 0,
			"children": []
		}
	]
}