{
	"credit": "Made with Blockbench",
	"textures": {
		"1": "concrete:helmets/spanish_helm",
		"2": "concrete:helmets/spanish_helm_2",
		"particle": "concrete:helmets/spanish_helm_2"
	},
	"elements": [
		{
			"from": [1.225, 11, 1.725],
			"to": [14.775, 13.1, 14.25],
			"rotation": {"angle": 0, "axis": "y", "origin": [12.76178, 8.59633, 7.85714]},
			"faces": {
				"north": {"uv": [10, 4, 14, 4.75], "texture": "#1"},
				"east": {"uv": [10, 4, 14, 4.75], "rotation": 180, "texture": "#1"},
				"south": {"uv": [10, 4.5, 14, 5.25], "texture": "#1"},
				"west": {"uv": [10, 4, 14, 4.75], "rotation": 180, "texture": "#1"},
				"up": {"uv": [12, 0, 16, 4], "texture": "#1"},
				"down": {"uv": [0, 4, 0.25, 4.25], "texture": "#1"}
			}
		},
		{
			"from": [1.8056, 13.088, 7.4056],
			"to": [14.1944, 14.60608, 8.5944],
			"rotation": {"angle": 0, "axis": "y", "origin": [8.13714, 0.24757, 7.99589]},
			"faces": {
				"north": {"uv": [13.5, 0, 16, 0.5], "rotation": 180, "texture": "#1"},
				"east": {"uv": [15.5, 0, 16, 0.5], "texture": "#1"},
				"south": {"uv": [13.5, 0, 15.75, 0.75], "texture": "#1"},
				"west": {"uv": [15.5, 0, 16, 0.5], "texture": "#1"},
				"up": {"uv": [15.25, 0, 16, 0.75], "texture": "#1"},
				"down": {"uv": [0, 0, 13.5, 13.5], "texture": "#1"}
			}
		},
		{
			"from": [2.8056, 14.60608, 7.4056],
			"to": [13.1944, 16.60608, 8.5944],
			"rotation": {"angle": 0, "axis": "y", "origin": [8.13714, 0.24757, 7.99589]},
			"faces": {
				"north": {"uv": [12.5, 0.25, 14.5, 1], "texture": "#1"},
				"east": {"uv": [12.5, 0, 13, 0.75], "texture": "#1"},
				"south": {"uv": [12.25, 0, 14.75, 0.75], "rotation": 180, "texture": "#1"},
				"west": {"uv": [15.5, 0, 16, 0.75], "texture": "#1"},
				"up": {"uv": [15.25, 0, 16, 2.25], "rotation": 90, "texture": "#1"},
				"down": {"uv": [0, 0, 13.5, 13.5], "texture": "#1"}
			}
		},
		{
			"from": [1.225, 4.9, 1.25],
			"to": [14.775, 11, 1.725],
			"rotation": {"angle": 0, "axis": "y", "origin": [12.76178, 7.09633, 7.85714]},
			"faces": {
				"north": {"uv": [2.25, 4, 5.75, 5.25], "rotation": 180, "texture": "#1"},
				"east": {"uv": [13.75, 4, 14, 5.25], "texture": "#1"},
				"south": {"uv": [0, 4, 0.25, 4.25], "rotation": 180, "texture": "#1"},
				"west": {"uv": [13.75, 4, 14, 5.5], "texture": "#1"},
				"up": {"uv": [9.75, 5.25, 13.75, 5.5], "texture": "#1"},
				"down": {"uv": [0, 4, 0.25, 4.25], "texture": "#1"}
			}
		},
		{
			"from": [5.25, 3.6, 1.25],
			"to": [10.75, 4.9, 1.725],
			"rotation": {"angle": 0, "axis": "y", "origin": [12.76178, 7.09633, 7.85714]},
			"faces": {
				"north": {"uv": [10.75, 4, 11.25, 4.25], "texture": "#1"},
				"east": {"uv": [0, 4, 0.25, 4.25], "texture": "#1"},
				"south": {"uv": [0, 4, 0.25, 4.25], "texture": "#1"},
				"west": {"uv": [0, 4, 0.25, 4.25], "texture": "#1"},
				"up": {"uv": [0, 0, 5.5, 0.5], "texture": "#1"},
				"down": {"uv": [0, 0, 5.5, 0.5], "texture": "#1"}
			}
		},
		{
			"from": [5.25, 3.6, 14.25],
			"to": [10.75, 4.9, 14.75],
			"rotation": {"angle": 0, "axis": "y", "origin": [12.76178, 7.09633, 20.85714]},
			"faces": {
				"north": {"uv": [0, 4, 0.25, 4.25], "texture": "#1"},
				"east": {"uv": [0, 4, 0.25, 4.25], "texture": "#1"},
				"south": {"uv": [10, 4, 11, 4.25], "texture": "#1"},
				"west": {"uv": [0, 4, 0.25, 4.25], "texture": "#1"},
				"up": {"uv": [0, 4, 0.25, 4.25], "texture": "#1"},
				"down": {"uv": [0, 0, 5.5, 0.5], "texture": "#1"}
			}
		},
		{
			"from": [2.90808, 4.6029, 1.275],
			"to": [5.70808, 5.9029, 1.725],
			"rotation": {"angle": -22.5, "axis": "z", "origin": [2.95808, 5.2529, 1.5]},
			"faces": {
				"north": {"uv": [10.75, 4, 11.25, 4.25], "texture": "#1"},
				"east": {"uv": [0, 0, 0.475, 1.3], "texture": "#1"},
				"south": {"uv": [0, 4, 0.25, 4.25], "texture": "#1"},
				"west": {"uv": [0, 0, 0.475, 1.3], "texture": "#1"},
				"up": {"uv": [0, 0, 2.8, 0.475], "texture": "#1"},
				"down": {"uv": [0, 0, 2.8, 0.475], "texture": "#1"}
			}
		},
		{
			"from": [2.90808, 4.6029, 14.25],
			"to": [5.70808, 5.9029, 14.725],
			"rotation": {"angle": -22.5, "axis": "z", "origin": [2.95808, 5.2529, 14.5]},
			"faces": {
				"north": {"uv": [0, 4, 0.25, 4.25], "texture": "#1"},
				"east": {"uv": [0, 0, 0.475, 1.3], "texture": "#1"},
				"south": {"uv": [10, 4, 11, 4.25], "texture": "#1"},
				"west": {"uv": [0, 4, 0.25, 4.25], "texture": "#1"},
				"up": {"uv": [0, 4, 0.25, 4.25], "texture": "#1"},
				"down": {"uv": [0, 0, 2.8, 0.475], "texture": "#1"}
			}
		},
		{
			"from": [10.49745, 3.56966, 1.275],
			"to": [13.29745, 4.86966, 1.725],
			"rotation": {"angle": 22.5, "axis": "z", "origin": [10.54745, 4.21966, 1.5]},
			"faces": {
				"north": {"uv": [10.75, 4, 11.25, 4.25], "texture": "#1"},
				"east": {"uv": [0, 0, 0.475, 1.3], "texture": "#1"},
				"south": {"uv": [0, 4, 0.25, 4.25], "texture": "#1"},
				"west": {"uv": [0, 0, 0.475, 1.3], "texture": "#1"},
				"up": {"uv": [0, 0, 2.8, 0.475], "texture": "#1"},
				"down": {"uv": [0, 0, 2.8, 0.475], "texture": "#1"}
			}
		},
		{
			"from": [10.49745, 3.56966, 14.25],
			"to": [13.29745, 4.86966, 14.725],
			"rotation": {"angle": 22.5, "axis": "z", "origin": [10.54745, 4.21966, 14.5]},
			"faces": {
				"north": {"uv": [0, 4, 0.25, 4.25], "texture": "#1"},
				"east": {"uv": [0, 4, 0.25, 4.25], "texture": "#1"},
				"south": {"uv": [10, 4, 11, 4.25], "texture": "#1"},
				"west": {"uv": [0, 0, 0.475, 1.3], "texture": "#1"},
				"up": {"uv": [0, 4, 0.25, 4.25], "texture": "#1"},
				"down": {"uv": [0, 0, 2.8, 0.475], "texture": "#1"}
			}
		},
		{
			"from": [1.225, 4.9, 14.25],
			"to": [14.775, 11, 14.75],
			"rotation": {"angle": 0, "axis": "y", "origin": [12.76178, 7.09633, 7.85714]},
			"faces": {
				"north": {"uv": [0, 4, 0.25, 4.25], "texture": "#1"},
				"east": {"uv": [13.75, 4, 14, 5.25], "texture": "#1"},
				"south": {"uv": [2.25, 4, 5.75, 5.25], "rotation": 180, "texture": "#1"},
				"west": {"uv": [13.75, 4, 14, 5.5], "texture": "#1"},
				"up": {"uv": [12, 5.25, 16, 5.5], "texture": "#1"},
				"down": {"uv": [0, 4, 0.25, 4.25], "texture": "#1"}
			}
		},
		{
			"from": [14.25, 8.59035, 6.8881],
			"to": [18.1, 9.39035, 12.4131],
			"rotation": {"angle": 45, "axis": "x", "origin": [31.475, 8.99035, 9.6506]},
			"faces": {
				"north": {"uv": [7.5, 4.25, 7.75, 4.5], "rotation": 90, "texture": "#1"},
				"east": {"uv": [0, 5.25, 2, 5.5], "rotation": 180, "texture": "#1"},
				"south": {"uv": [0, 4, 1, 4.5], "rotation": 180, "texture": "#1"},
				"west": {"uv": [0, 4, 0.25, 4.25], "rotation": 270, "texture": "#1"},
				"up": {"uv": [6.25, 4, 8, 5.25], "rotation": 270, "texture": "#1"},
				"down": {"uv": [6.25, 4, 8, 5.25], "rotation": 270, "texture": "#1"}
			}
		},
		{
			"from": [-2.1, 8.59035, 6.8881],
			"to": [1.75, 9.39035, 12.4131],
			"rotation": {"angle": 45, "axis": "x", "origin": [15.625, 8.99035, 9.6506]},
			"faces": {
				"north": {"uv": [7.5, 4.25, 7.75, 4.5], "rotation": 90, "texture": "#1"},
				"east": {"uv": [0, 4, 0.25, 4.25], "rotation": 180, "texture": "#1"},
				"south": {"uv": [0, 4, 1, 4.5], "rotation": 180, "texture": "#1"},
				"west": {"uv": [0, 5.25, 2, 5.5], "rotation": 180, "texture": "#1"},
				"up": {"uv": [6.25, 4, 8, 5.25], "rotation": 270, "texture": "#1"},
				"down": {"uv": [6.25, 4, 8, 5.25], "rotation": 270, "texture": "#1"}
			}
		},
		{
			"from": [14.25, 6.22785, 5.88784],
			"to": [18.075, 11.75285, 6.68784],
			"rotation": {"angle": 45, "axis": "x", "origin": [15.625, 8.99035, 6.28784]},
			"faces": {
				"north": {"uv": [6.25, 4, 8, 5.25], "rotation": 90, "texture": "#1"},
				"east": {"uv": [0, 5.25, 2, 5.5], "rotation": 90, "texture": "#1"},
				"south": {"uv": [6.25, 4, 8, 5.25], "rotation": 270, "texture": "#1"},
				"west": {"uv": [0, 4, 0.25, 4.25], "texture": "#1"},
				"up": {"uv": [7, 4.25, 7.25, 4.5], "rotation": 270, "texture": "#1"},
				"down": {"uv": [0, 4, 1, 4.5], "rotation": 180, "texture": "#1"}
			}
		},
		{
			"from": [-2.075, 6.22785, 5.88784],
			"to": [1.75, 11.75285, 6.68784],
			"rotation": {"angle": 45, "axis": "x", "origin": [-0.225, 8.99035, 6.28784]},
			"faces": {
				"north": {"uv": [6.25, 4, 8, 5.25], "rotation": 90, "texture": "#1"},
				"east": {"uv": [0, 4, 0.25, 4.25], "rotation": 90, "texture": "#1"},
				"south": {"uv": [6.25, 4, 8, 5.25], "rotation": 270, "texture": "#1"},
				"west": {"uv": [0, 5.25, 2, 5.5], "rotation": 90, "texture": "#1"},
				"up": {"uv": [7, 4.25, 7.25, 4.5], "rotation": 270, "texture": "#1"},
				"down": {"uv": [0, 4, 1, 4.5], "rotation": 180, "texture": "#1"}
			}
		},
		{
			"from": [14.25, 8.12934, 11.18373],
			"to": [17.6, 8.92934, 16.70873],
			"rotation": {"angle": 22.5, "axis": "x", "origin": [12.76178, 7.09633, 7.79559]},
			"faces": {
				"north": {"uv": [6.25, 4.25, 8, 4.75], "texture": "#1"},
				"east": {"uv": [0, 5.25, 2, 5.5], "rotation": 180, "texture": "#1"},
				"south": {"uv": [7.25, 4.25, 9, 4.75], "rotation": 180, "texture": "#1"},
				"west": {"uv": [0, 4, 0.25, 4.25], "rotation": 270, "texture": "#1"},
				"up": {"uv": [6.25, 4.25, 8, 5.25], "rotation": 270, "texture": "#1"},
				"down": {"uv": [6.25, 4.25, 8, 5.25], "rotation": 270, "texture": "#1"}
			}
		},
		{
			"from": [-1.6, 8.12934, 11.18373],
			"to": [1.75, 8.92934, 16.70873],
			"rotation": {"angle": 22.5, "axis": "x", "origin": [-3.08822, 7.09633, 7.79559]},
			"faces": {
				"north": {"uv": [6.25, 4.25, 8, 4.75], "texture": "#1"},
				"east": {"uv": [0, 4, 0.25, 4.25], "rotation": 180, "texture": "#1"},
				"south": {"uv": [7.25, 4.25, 9, 4.75], "rotation": 180, "texture": "#1"},
				"west": {"uv": [0, 5.25, 2, 5.5], "rotation": 180, "texture": "#1"},
				"up": {"uv": [6.25, 4.25, 8, 5.25], "rotation": 270, "texture": "#1"},
				"down": {"uv": [6.25, 4.25, 8, 5.25], "rotation": 270, "texture": "#1"}
			}
		},
		{
			"from": [14.25, 8.02, -0.79203],
			"to": [17.6, 8.82, 4.73297],
			"rotation": {"angle": -22.5, "axis": "x", "origin": [12.76178, 7.09633, 7.85714]},
			"faces": {
				"north": {"uv": [0, 4, 2, 4.5], "texture": "#1"},
				"east": {"uv": [0, 5.25, 2, 5.5], "rotation": 180, "texture": "#1"},
				"south": {"uv": [2.5, 4.25, 4, 4.75], "rotation": 180, "texture": "#1"},
				"west": {"uv": [0, 4, 0.25, 4.25], "rotation": 270, "texture": "#1"},
				"up": {"uv": [6.25, 4.25, 8, 5.25], "rotation": 270, "texture": "#1"},
				"down": {"uv": [6.25, 4.25, 8, 5.25], "rotation": 270, "texture": "#1"}
			}
		},
		{
			"from": [-1.6, 5.66651, -0.85049],
			"to": [1.75, 6.46651, 4.67451],
			"rotation": {"angle": -22.5, "axis": "x", "origin": [0.075, 6.06651, 1.91201]},
			"faces": {
				"north": {"uv": [0, 4, 2, 4.5], "texture": "#1"},
				"east": {"uv": [0, 4, 0.25, 4.25], "rotation": 180, "texture": "#1"},
				"south": {"uv": [2.5, 4.25, 4, 4.75], "rotation": 180, "texture": "#1"},
				"west": {"uv": [0, 5.25, 2, 5.5], "rotation": 180, "texture": "#1"},
				"up": {"uv": [6.25, 4.25, 8, 5.25], "rotation": 270, "texture": "#1"},
				"down": {"uv": [6.25, 4.25, 8, 5.25], "rotation": 270, "texture": "#1"}
			}
		},
		{
			"from": [1.46942, 3.96835, -0.76828],
			"to": [5.81942, 4.76835, 1.73172],
			"rotation": {"angle": -22.5, "axis": "z", "origin": [3.14442, 4.36835, 0.46922]},
			"faces": {
				"north": {"uv": [0, 5.25, 1.75, 5.5], "rotation": 180, "texture": "#1"},
				"east": {"uv": [10, 4, 12.25, 4.75], "rotation": 180, "texture": "#1"},
				"south": {"uv": [0, 5.25, 1.75, 5.5], "rotation": 180, "texture": "#1"},
				"west": {"uv": [10, 4, 11.5, 4.75], "rotation": 180, "texture": "#1"},
				"up": {"uv": [6.25, 4.5, 8, 5.25], "rotation": 180, "texture": "#1"},
				"down": {"uv": [6.25, 4.5, 8, 5.25], "texture": "#1"}
			}
		},
		{
			"from": [1.46942, 3.96835, 14.20672],
			"to": [5.81942, 4.76835, 16.70672],
			"rotation": {"angle": -22.5, "axis": "z", "origin": [3.14442, 4.36835, 15.46922]},
			"faces": {
				"north": {"uv": [0, 5.25, 1.75, 5.5], "rotation": 180, "texture": "#1"},
				"east": {"uv": [10, 4, 12.25, 4.75], "rotation": 180, "texture": "#1"},
				"south": {"uv": [0, 5.25, 1.75, 5.5], "rotation": 180, "texture": "#1"},
				"west": {"uv": [10, 4, 11.5, 4.75], "rotation": 180, "texture": "#1"},
				"up": {"uv": [6.25, 4.5, 8, 5.25], "rotation": 180, "texture": "#1"},
				"down": {"uv": [6.25, 4.5, 8, 5.25], "texture": "#1"}
			}
		},
		{
			"from": [14.25, 4.5789, -0.79328],
			"to": [17.625, 5.3789, 1.73172],
			"rotation": {"angle": 0, "axis": "y", "origin": [14.925, 4.9789, 0.46922]},
			"faces": {
				"north": {"uv": [8.5, 4, 9.75, 4.5], "texture": "#1"},
				"east": {"uv": [11, 4.25, 12.25, 4.75], "rotation": 180, "texture": "#1"},
				"south": {"uv": [10, 4, 12, 4.75], "rotation": 180, "texture": "#1"},
				"west": {"uv": [10.5, 4.25, 12.5, 5], "rotation": 180, "texture": "#1"},
				"up": {"uv": [6.25, 4.25, 8, 5.25], "rotation": 270, "texture": "#1"},
				"down": {"uv": [7, 4, 9, 5.25], "rotation": 180, "texture": "#1"}
			}
		},
		{
			"from": [-1.625, 4.5789, -0.79328],
			"to": [1.75, 5.3789, 1.73172],
			"rotation": {"angle": 0, "axis": "y", "origin": [0.0625, 5.2539, 0.96922]},
			"faces": {
				"north": {"uv": [10, 4, 12, 4.75], "rotation": 180, "texture": "#1"},
				"east": {"uv": [10.5, 4.25, 12.5, 5], "rotation": 180, "texture": "#1"},
				"south": {"uv": [8.5, 4, 9.75, 4.5], "texture": "#1"},
				"west": {"uv": [11, 4.25, 12.25, 4.75], "rotation": 180, "texture": "#1"},
				"up": {"uv": [6.25, 4.25, 8, 5.25], "rotation": 90, "texture": "#1"},
				"down": {"uv": [7, 4, 9, 5.25], "texture": "#1"}
			}
		},
		{
			"from": [-1.625, 4.5789, 14.20672],
			"to": [1.75, 5.3789, 16.73172],
			"rotation": {"angle": 0, "axis": "y", "origin": [0.0625, 5.2539, 0.96922]},
			"faces": {
				"north": {"uv": [10, 4, 12, 4.75], "rotation": 180, "texture": "#1"},
				"east": {"uv": [10.5, 4.25, 12.5, 5], "rotation": 180, "texture": "#1"},
				"south": {"uv": [8.5, 4, 9.75, 4.5], "texture": "#1"},
				"west": {"uv": [11, 4.25, 12.25, 4.75], "rotation": 180, "texture": "#1"},
				"up": {"uv": [6.25, 4.25, 8, 5.25], "rotation": 90, "texture": "#1"},
				"down": {"uv": [7, 4, 9, 5.25], "texture": "#1"}
			}
		},
		{
			"from": [14.25, 4.5789, 14.20672],
			"to": [17.625, 5.3789, 16.73172],
			"rotation": {"angle": 0, "axis": "y", "origin": [15.9375, 5.2539, 0.96922]},
			"faces": {
				"north": {"uv": [10, 4, 12, 4.75], "rotation": 180, "texture": "#1"},
				"east": {"uv": [10.5, 4.25, 12.5, 5], "rotation": 180, "texture": "#1"},
				"south": {"uv": [8.5, 4, 9.75, 4.5], "rotation": 180, "texture": "#1"},
				"west": {"uv": [11, 4.25, 12.25, 4.75], "rotation": 180, "texture": "#1"},
				"up": {"uv": [6.25, 4.25, 8, 5.25], "rotation": 90, "texture": "#1"},
				"down": {"uv": [7, 4, 9, 5.25], "texture": "#1"}
			}
		},
		{
			"from": [14.25, 5.3789, 1.20672],
			"to": [17.625, 5.6789, 1.73172],
			"rotation": {"angle": 0, "axis": "y", "origin": [14.925, 4.9789, 0.46922]},
			"faces": {
				"north": {"uv": [6.25, 4, 6.5, 4.5], "rotation": 90, "texture": "#1"},
				"east": {"uv": [11, 4.25, 11.25, 4.5], "rotation": 270, "texture": "#1"},
				"south": {"uv": [0.25, 4, 1.75, 4.25], "rotation": 180, "texture": "#1"},
				"west": {"uv": [0, 4, 0.25, 4.25], "rotation": 270, "texture": "#1"},
				"up": {"uv": [6.25, 4.25, 8, 5.25], "rotation": 270, "texture": "#1"},
				"down": {"uv": [0, 4, 0.25, 4.25], "rotation": 270, "texture": "#1"}
			}
		},
		{
			"from": [-1.625, 5.3789, 1.20672],
			"to": [1.75, 5.6789, 1.73172],
			"rotation": {"angle": 0, "axis": "y", "origin": [0.0625, 5.2539, 0.96922]},
			"faces": {
				"north": {"uv": [0.25, 4, 1.75, 4.25], "rotation": 180, "texture": "#1"},
				"east": {"uv": [0, 4, 0.25, 4.25], "rotation": 270, "texture": "#1"},
				"south": {"uv": [6.25, 4, 6.5, 4.5], "rotation": 90, "texture": "#1"},
				"west": {"uv": [11, 4.25, 11.25, 4.5], "rotation": 270, "texture": "#1"},
				"up": {"uv": [6.25, 4.25, 8, 5.25], "rotation": 90, "texture": "#1"},
				"down": {"uv": [0, 4, 0.25, 4.25], "rotation": 90, "texture": "#1"}
			}
		},
		{
			"from": [-1.625, 5.3789, 14.20672],
			"to": [1.75, 5.6789, 14.73172],
			"rotation": {"angle": 0, "axis": "y", "origin": [0.0625, 5.2539, 0.96922]},
			"faces": {
				"north": {"uv": [0.25, 4, 1.75, 4.25], "rotation": 180, "texture": "#1"},
				"east": {"uv": [0, 4, 0.25, 4.25], "rotation": 270, "texture": "#1"},
				"south": {"uv": [6.25, 4, 6.5, 4.5], "rotation": 90, "texture": "#1"},
				"west": {"uv": [11, 4.25, 11.25, 4.5], "rotation": 270, "texture": "#1"},
				"up": {"uv": [6.25, 4.25, 8, 5.25], "rotation": 90, "texture": "#1"},
				"down": {"uv": [0, 4, 0.25, 4.25], "rotation": 90, "texture": "#1"}
			}
		},
		{
			"from": [14.25, 5.3789, 14.20672],
			"to": [17.625, 5.6789, 14.73172],
			"rotation": {"angle": 0, "axis": "y", "origin": [15.9375, 5.2539, 0.96922]},
			"faces": {
				"north": {"uv": [0.25, 4, 1.75, 4.25], "rotation": 180, "texture": "#1"},
				"east": {"uv": [0, 4, 0.25, 4.25], "rotation": 270, "texture": "#1"},
				"south": {"uv": [6.25, 4, 6.5, 4.5], "rotation": 90, "texture": "#1"},
				"west": {"uv": [11, 4.25, 11.25, 4.5], "rotation": 270, "texture": "#1"},
				"up": {"uv": [6.25, 4.25, 8, 5.25], "rotation": 90, "texture": "#1"},
				"down": {"uv": [0, 4, 0.25, 4.25], "rotation": 90, "texture": "#1"}
			}
		},
		{
			"from": [10.2567, 3.58567, -0.81828],
			"to": [14.6067, 4.38567, 1.73172],
			"rotation": {"angle": 22.5, "axis": "z", "origin": [11.9317, 3.98567, 0.46922]},
			"faces": {
				"north": {"uv": [0, 5.25, 1.75, 5.5], "rotation": 180, "texture": "#1"},
				"east": {"uv": [10.5, 4, 12, 4.5], "rotation": 180, "texture": "#1"},
				"south": {"uv": [0, 5.25, 1.75, 5.5], "rotation": 180, "texture": "#1"},
				"west": {"uv": [10.25, 4.25, 12, 4.75], "rotation": 180, "texture": "#1"},
				"up": {"uv": [6.25, 4.5, 8, 5.25], "rotation": 180, "texture": "#1"},
				"down": {"uv": [6.25, 4.5, 8, 5.25], "texture": "#1"}
			}
		},
		{
			"from": [10.2567, 3.58567, 14.15672],
			"to": [14.6067, 4.38567, 16.70672],
			"rotation": {"angle": 22.5, "axis": "z", "origin": [11.9317, 3.98567, 15.46922]},
			"faces": {
				"north": {"uv": [0, 5.25, 1.75, 5.5], "rotation": 180, "texture": "#1"},
				"east": {"uv": [10.5, 4, 12, 4.5], "rotation": 180, "texture": "#1"},
				"south": {"uv": [0, 5.25, 1.75, 5.5], "rotation": 180, "texture": "#1"},
				"west": {"uv": [10.25, 4.25, 12, 4.75], "rotation": 180, "texture": "#1"},
				"up": {"uv": [6.25, 4.5, 8, 5.25], "rotation": 180, "texture": "#1"},
				"down": {"uv": [6.25, 4.5, 8, 5.25], "texture": "#1"}
			}
		},
		{
			"from": [5.38112, 2.98923, -0.79328],
			"to": [10.63112, 3.71423, 1.73172],
			"rotation": {"angle": 0, "axis": "y", "origin": [7.55612, 3.31423, 0.46922]},
			"faces": {
				"north": {"uv": [0, 5.25, 1.75, 5.5], "rotation": 180, "texture": "#1"},
				"east": {"uv": [10.5, 4.25, 12.75, 4.75], "rotation": 180, "texture": "#1"},
				"south": {"uv": [0, 5.25, 1.75, 5.5], "rotation": 180, "texture": "#1"},
				"west": {"uv": [10.25, 4.25, 12, 4.75], "rotation": 180, "texture": "#1"},
				"up": {"uv": [6.25, 4.5, 8, 5.25], "rotation": 180, "texture": "#1"},
				"down": {"uv": [6.25, 4.5, 8, 5.25], "texture": "#1"}
			}
		},
		{
			"from": [5.38112, 2.98923, 14.20672],
			"to": [10.63112, 3.71423, 16.73172],
			"rotation": {"angle": 0, "axis": "y", "origin": [7.55612, 3.31423, 15.46922]},
			"faces": {
				"north": {"uv": [0, 5.25, 1.75, 5.5], "rotation": 180, "texture": "#1"},
				"east": {"uv": [10.5, 4.25, 12.75, 4.75], "rotation": 180, "texture": "#1"},
				"south": {"uv": [0, 5.25, 1.75, 5.5], "rotation": 180, "texture": "#1"},
				"west": {"uv": [10.25, 4.25, 12, 4.75], "rotation": 180, "texture": "#1"},
				"up": {"uv": [6.25, 4.5, 8, 5.25], "rotation": 180, "texture": "#1"},
				"down": {"uv": [6.25, 4.5, 8, 5.25], "texture": "#1"}
			}
		},
		{
			"from": [1.225, 7.9, 10.75],
			"to": [1.75, 11, 14.25],
			"rotation": {"angle": 0, "axis": "y", "origin": [12.76178, 7.09633, 7.85714]},
			"faces": {
				"north": {"uv": [0, 0, 0.525, 3.1], "texture": "#1"},
				"east": {"uv": [0, 4, 0.25, 4.25], "texture": "#1"},
				"south": {"uv": [10, 4, 14, 5.25], "rotation": 90, "texture": "#1"},
				"west": {"uv": [14.25, 4, 16, 5.25], "texture": "#1"},
				"up": {"uv": [14.25, 4, 16, 5.25], "texture": "#1"},
				"down": {"uv": [0, 0, 0.525, 3.5], "texture": "#1"}
			}
		},
		{
			"from": [14.2375, 7.9, 1.75625],
			"to": [14.7625, 11, 5.25625],
			"rotation": {"angle": 0, "axis": "y", "origin": [14.49375, 8.68573, 8.00312]},
			"faces": {
				"north": {"uv": [10, 4, 14, 5.25], "rotation": 90, "texture": "#1"},
				"east": {"uv": [14.25, 4, 16, 5.25], "texture": "#1"},
				"south": {"uv": [0, 0, 0.525, 3.1], "texture": "#1"},
				"west": {"uv": [0, 4, 0.25, 4.25], "texture": "#1"},
				"up": {"uv": [14.25, 4, 16, 5.25], "rotation": 180, "texture": "#1"},
				"down": {"uv": [0, 0, 0.525, 3.5], "rotation": 180, "texture": "#1"}
			}
		},
		{
			"from": [1.225, 7.9, 1.75],
			"to": [1.75, 11, 5.25],
			"rotation": {"angle": 0, "axis": "y", "origin": [12.76178, 7.09633, 7.85714]},
			"faces": {
				"north": {"uv": [15.5, 4, 16, 5], "texture": "#1"},
				"east": {"uv": [0, 4, 0.25, 4.25], "texture": "#1"},
				"south": {"uv": [14.25, 4, 16, 5.25], "texture": "#1"},
				"west": {"uv": [14.25, 4, 16, 5.25], "texture": "#1"},
				"up": {"uv": [14.25, 4, 16, 5.25], "texture": "#1"},
				"down": {"uv": [14.25, 4, 16, 5.25], "texture": "#1"}
			}
		},
		{
			"from": [14.2375, 7.9, 10.75625],
			"to": [14.7625, 11, 14.25625],
			"rotation": {"angle": 0, "axis": "y", "origin": [14.49375, 8.68573, 8.00312]},
			"faces": {
				"north": {"uv": [14.25, 4, 16, 5.25], "texture": "#1"},
				"east": {"uv": [14.25, 4, 16, 5.25], "texture": "#1"},
				"south": {"uv": [15.5, 4, 16, 5], "texture": "#1"},
				"west": {"uv": [0, 4, 0.25, 4.25], "texture": "#1"},
				"up": {"uv": [14.25, 4, 16, 5.25], "rotation": 180, "texture": "#1"},
				"down": {"uv": [14.25, 4, 16, 5.25], "rotation": 180, "texture": "#1"}
			}
		},
		{
			"from": [14.7875, 5.9, 1.70625],
			"to": [14.7875, 11, 14.25625],
			"rotation": {"angle": 0, "axis": "y", "origin": [14.49375, 8.68573, 8.00312]},
			"faces": {
				"north": {"uv": [10, 12.5, 11.75, 13.75], "texture": "#2"},
				"east": {"uv": [0, 0, 16, 6], "texture": "#2"},
				"south": {"uv": [11, 10, 12.5, 12.5], "texture": "#2"},
				"west": {"uv": [3, 8.5, 7, 11.5], "texture": "#2"},
				"up": {"uv": [9.5, 9, 11.25, 10.25], "rotation": 180, "texture": "#2"},
				"down": {"uv": [8.5, 8.5, 10.25, 9.75], "rotation": 180, "texture": "#2"}
			}
		},
		{
			"from": [1.1875, 5.9, 1.70625],
			"to": [1.1875, 11, 14.25625],
			"rotation": {"angle": 0, "axis": "y", "origin": [-7.2125, 8.45, 7.98125]},
			"faces": {
				"north": {"uv": [11, 10, 12.5, 12.5], "texture": "#2"},
				"east": {"uv": [3, 8.5, 7, 11.5], "texture": "#2"},
				"south": {"uv": [10, 12.5, 11.75, 13.75], "texture": "#2"},
				"west": {"uv": [0, 0, 16, 6], "texture": "#2"},
				"up": {"uv": [9.5, 9, 11.25, 10.25], "texture": "#2"},
				"down": {"uv": [8.5, 8.5, 10.25, 9.75], "texture": "#2"}
			}
		},
		{
			"from": [1.225, 7.3, 1.75],
			"to": [1.75, 7.9, 3.15],
			"rotation": {"angle": 0, "axis": "y", "origin": [12.76178, 7.09633, 7.85714]},
			"faces": {
				"north": {"uv": [14.75, 4, 15.25, 4.5], "texture": "#1"},
				"east": {"uv": [0, 4, 0.25, 4.25], "texture": "#1"},
				"south": {"uv": [14.75, 4.25, 15.275, 4.85], "texture": "#1"},
				"west": {"uv": [14.25, 4, 14.75, 4.75], "rotation": 90, "texture": "#1"},
				"up": {"uv": [0, 0, 0.525, 1.4], "texture": "#1"},
				"down": {"uv": [0, 0, 0.525, 1.4], "texture": "#1"}
			}
		},
		{
			"from": [14.2375, 7.3, 12.85625],
			"to": [14.7625, 7.9, 14.25625],
			"rotation": {"angle": 0, "axis": "y", "origin": [14.49375, 8.68573, 8.00312]},
			"faces": {
				"north": {"uv": [0, 0, 0.525, 0.6], "texture": "#1"},
				"east": {"uv": [14.25, 4, 14.75, 4.75], "rotation": 90, "texture": "#1"},
				"south": {"uv": [14.75, 4, 15.25, 4.5], "texture": "#1"},
				"west": {"uv": [0, 4, 0.25, 4.25], "texture": "#1"},
				"up": {"uv": [0, 0, 0.525, 1.4], "rotation": 180, "texture": "#1"},
				"down": {"uv": [0, 0, 0.525, 1.4], "rotation": 180, "texture": "#1"}
			}
		},
		{
			"from": [1.225, 7.3, 12.875],
			"to": [1.75, 7.9, 14.275],
			"rotation": {"angle": 0, "axis": "y", "origin": [12.76178, 7.09633, 7.85714]},
			"faces": {
				"north": {"uv": [0, 0, 0.525, 0.6], "texture": "#1"},
				"east": {"uv": [0, 4, 0.25, 4.25], "texture": "#1"},
				"south": {"uv": [10, 4, 14, 5], "rotation": 90, "texture": "#1"},
				"west": {"uv": [14.25, 4, 14.75, 4.75], "rotation": 90, "texture": "#1"},
				"up": {"uv": [0, 0, 0.525, 1.4], "texture": "#1"},
				"down": {"uv": [0, 0, 0.525, 1.4], "texture": "#1"}
			}
		},
		{
			"from": [14.2375, 7.3, 1.73125],
			"to": [14.7625, 7.9, 3.13125],
			"rotation": {"angle": 0, "axis": "y", "origin": [14.49375, 8.68573, 8.00312]},
			"faces": {
				"north": {"uv": [10, 4, 14, 5], "rotation": 90, "texture": "#1"},
				"east": {"uv": [14.25, 4, 14.75, 4.75], "rotation": 90, "texture": "#1"},
				"south": {"uv": [0, 0, 0.525, 0.6], "texture": "#1"},
				"west": {"uv": [0, 4, 0.25, 4.25], "texture": "#1"},
				"up": {"uv": [0, 0, 0.525, 1.4], "rotation": 180, "texture": "#1"},
				"down": {"uv": [0, 0, 0.525, 1.4], "rotation": 180, "texture": "#1"}
			}
		},
		{
			"from": [1.25, 5.54298, 7.13301],
			"to": [1.75, 9.64298, 9.33301],
			"rotation": {"angle": 45, "axis": "x", "origin": [12.76178, 11.65012, 10.13668]},
			"faces": {
				"north": {"uv": [14.25, 4, 16, 5.25], "rotation": 180, "texture": "#1"},
				"east": {"uv": [0, 4, 0.25, 4.25], "rotation": 90, "texture": "#1"},
				"south": {"uv": [6.25, 4, 9.75, 4.25], "rotation": 90, "texture": "#1"},
				"west": {"uv": [14.25, 4, 16, 5.25], "rotation": 270, "texture": "#1"},
				"up": {"uv": [14.25, 4, 16, 5.25], "texture": "#1"},
				"down": {"uv": [4.75, 0.5, 5.25, 2.7], "rotation": 180, "texture": "#1"}
			}
		},
		{
			"from": [14.25, 6.18338, 4.41197],
			"to": [14.75, 10.28338, 6.61197],
			"rotation": {"angle": 45, "axis": "x", "origin": [14.49375, 8.68573, 8.00312]},
			"faces": {
				"north": {"uv": [14.25, 4, 16, 5.25], "rotation": 180, "texture": "#1"},
				"east": {"uv": [14.25, 4, 16, 5.25], "rotation": 90, "texture": "#1"},
				"south": {"uv": [6.25, 4, 9.75, 4.25], "rotation": 90, "texture": "#1"},
				"west": {"uv": [0, 4, 0.25, 4.25], "rotation": 270, "texture": "#1"},
				"up": {"uv": [14.25, 4, 16, 5.25], "texture": "#1"},
				"down": {"uv": [4.75, 0.5, 5.25, 2.7], "rotation": 180, "texture": "#1"}
			}
		},
		{
			"from": [1.25, 8.67928, 1.60477],
			"to": [1.75, 9.57928, 5.40477],
			"rotation": {"angle": -22.5, "axis": "x", "origin": [12.76178, 7.9256, 7.41191]},
			"faces": {
				"north": {"uv": [15.5, 4.25, 16, 5.1], "texture": "#1"},
				"east": {"uv": [0, 4, 0.25, 4.25], "texture": "#1"},
				"south": {"uv": [0, 0, 0.5, 0.85], "texture": "#1"},
				"west": {"uv": [14.25, 4, 16, 5.25], "texture": "#1"},
				"up": {"uv": [15.5, 4, 16, 4.5], "texture": "#1"},
				"down": {"uv": [6.25, 4, 9.75, 4.25], "rotation": 90, "texture": "#1"}
			}
		},
		{
			"from": [14.25, 8.98839, 1.35888],
			"to": [14.75, 9.86339, 5.15888],
			"rotation": {"angle": -22.5, "axis": "x", "origin": [14.49375, 8.68573, 8.00312]},
			"faces": {
				"north": {"uv": [15.5, 4.25, 16, 5.1], "texture": "#1"},
				"east": {"uv": [14.25, 4, 16, 4.5], "texture": "#1"},
				"south": {"uv": [0, 0, 0.5, 0.85], "texture": "#1"},
				"west": {"uv": [0, 4, 0.25, 4.25], "texture": "#1"},
				"up": {"uv": [15.5, 4, 16, 4.5], "texture": "#1"},
				"down": {"uv": [6.25, 4, 9.75, 4.25], "rotation": 90, "texture": "#1"}
			}
		},
		{
			"from": [1.25, 5.66388, 10.00041],
			"to": [1.75, 6.58888, 13.80041],
			"rotation": {"angle": 22.5, "axis": "x", "origin": [12.76178, 4.93521, 15.80755]},
			"faces": {
				"north": {"uv": [0, 0, 0.5, 0.85], "texture": "#1"},
				"east": {"uv": [0, 4, 0.25, 4.25], "texture": "#1"},
				"south": {"uv": [10, 4, 13.75, 5.25], "rotation": 90, "texture": "#1"},
				"west": {"uv": [14.25, 4, 16, 5.25], "texture": "#1"},
				"up": {"uv": [10, 4, 14, 5.25], "rotation": 90, "texture": "#1"},
				"down": {"uv": [6.25, 4, 9.75, 4.25], "rotation": 90, "texture": "#1"}
			}
		},
		{
			"from": [14.25, 8.96099, 10.84159],
			"to": [14.75, 9.86099, 14.64159],
			"rotation": {"angle": 22.5, "axis": "x", "origin": [14.49375, 8.68573, 8.00312]},
			"faces": {
				"north": {"uv": [0, 0, 0.5, 0.85], "texture": "#1"},
				"east": {"uv": [14.25, 4, 16, 4.5], "texture": "#1"},
				"south": {"uv": [10, 4, 13.75, 5.25], "rotation": 90, "texture": "#1"},
				"west": {"uv": [0, 4, 0.25, 4.25], "texture": "#1"},
				"up": {"uv": [10, 4, 14, 5.25], "rotation": 90, "texture": "#1"},
				"down": {"uv": [6.25, 4, 9.75, 4.25], "rotation": 90, "texture": "#1"}
			}
		},
		{
			"from": [1.25, 8.23518, 5.55184],
			"to": [1.75, 12.33518, 7.75184],
			"rotation": {"angle": -45, "axis": "x", "origin": [12.76178, 14.34232, 8.55552]},
			"faces": {
				"north": {"uv": [6.25, 4, 9.75, 4.25], "rotation": 90, "texture": "#1"},
				"east": {"uv": [0, 4, 0.25, 4.25], "rotation": 90, "texture": "#1"},
				"south": {"uv": [14.25, 4, 16, 5.25], "texture": "#1"},
				"west": {"uv": [14.25, 4, 16, 5.25], "rotation": 270, "texture": "#1"},
				"up": {"uv": [14.25, 4, 16, 5.25], "texture": "#1"},
				"down": {"uv": [4.75, 0.5, 5.25, 2.7], "rotation": 180, "texture": "#1"}
			}
		},
		{
			"from": [14.25, 6.1878, 9.38986],
			"to": [14.75, 10.2878, 11.58986],
			"rotation": {"angle": -45, "axis": "x", "origin": [14.49375, 8.68573, 8.00312]},
			"faces": {
				"north": {"uv": [6.25, 4, 9.75, 4.25], "rotation": 90, "texture": "#1"},
				"east": {"uv": [14.25, 4, 16, 5.25], "rotation": 90, "texture": "#1"},
				"south": {"uv": [14.25, 4, 16, 5.25], "texture": "#1"},
				"west": {"uv": [0, 4, 0.25, 4.25], "rotation": 270, "texture": "#1"},
				"up": {"uv": [14.25, 4, 16, 5.25], "texture": "#1"},
				"down": {"uv": [4.75, 0.5, 5.25, 2.7], "rotation": 180, "texture": "#1"}
			}
		}
	],
	"display": {
		"thirdperson_righthand": {
			"rotation": [0, 90, 0],
			"translation": [0, 0.5, 0],
			"scale": [0.56, 0.7, 0.56]
		},
		"thirdperson_lefthand": {
			"rotation": [0, 90, 0],
			"translation": [0, 0.5, 0],
			"scale": [0.56, 0.7, 0.56]
		},
		"firstperson_righthand": {
			"rotation": [0, 90, 0],
			"scale": [0.9, 0.9, 0.9]
		},
		"firstperson_lefthand": {
			"rotation": [0, 90, 0],
			"scale": [0.9, 0.9, 0.9]
		},
		"ground": {
			"scale": [0.56, 0.7, 0.56]
		},
		"gui": {
			"rotation": [0, -37, 0],
			"translation": [-0.5, -0.25, 0],
			"scale": [0.6, 0.6, 0.6]
		},
		"head": {
			"rotation": [0, 90, 0],
			"translation": [0, 2.25, 0],
			"scale": [1.1, 1.1, 1.1]
		},
		"fixed": {
			"rotation": [-46, 90, 0],
			"translation": [0, 0, -5],
			"scale": [1.12, 1.4, 1.12]
		}
	}
}