{
	"textures": {
		"1": "concrete:helmets/kettle_helm"
	},
	"elements": [
		{
			"from": [-2, 9, -2],
			"to": [18, 10, 18],
			"rotation": {"angle": 0, "axis": "y", "origin": [8, 7, 8]},
			"faces": {
				"north": {"uv": [0, 5.25, 4, 5.313], "texture": "#1"},
				"east": {"uv": [12, 5.375, 16, 5.438], "texture": "#1"},
				"south": {"uv": [8, 5.25, 12, 5.313], "texture": "#1"},
				"west": {"uv": [4, 5.25, 8, 5.313], "texture": "#1"},
				"up": {"uv": [12, 0, 16, 4], "texture": "#1"},
				"down": {"uv": [12, 0, 16, 4], "texture": "#1"}
			}
		},
		{
			"from": [1, 10, 1],
			"to": [15, 16, 15],
			"rotation": {"angle": 0, "axis": "y", "origin": [8, 7, 8]},
			"faces": {
				"north": {"uv": [4, 4, 8, 5.938], "texture": "#1"},
				"east": {"uv": [0, 4, 4, 5.938], "texture": "#1"},
				"south": {"uv": [12, 4, 16, 5.938], "texture": "#1"},
				"west": {"uv": [8, 4, 12, 5.938], "texture": "#1"},
				"up": {"uv": [4, 0, 8, 3.938], "texture": "#1"},
				"down": {"uv": [0, 0, 14, 14], "texture": "#missing"}
			}
		},
		{
			"from": [1.5, 0, 1.5],
			"to": [14.5, 10, 14.5],
			"faces": {
				"north": {"uv": [4.25, 13.5, 7.75, 16], "texture": "#1"},
				"east": {"uv": [0.25, 13.25, 3.75, 15.75], "texture": "#1"},
				"south": {"uv": [12.25, 13.25, 15.75, 15.75], "texture": "#1"},
				"west": {"uv": [8.25, 13.25, 11.75, 15.75], "texture": "#1"},
				"up": {"uv": [0, 0, 13, 13], "texture": "#missing"},
				"down": {"uv": [8, 8, 12, 12], "texture": "#1"}
			}
		}
	],
	"display": {
		"thirdperson_righthand": {
			"rotation": [75, 45, 0],
			"translation": [0, 2.5, 0],
			"scale": [0.45, 0.45, 0.45]
		},
		"thirdperson_lefthand": {
			"rotation": [75, 45, 0],
			"translation": [0, 2.5, 0],
			"scale": [0.45, 0.45, 0.45]
		},
		"firstperson_righthand": {
			"rotation": [-14.5, 134.25, 0],
			"translation": [0, 4.25, 0],
			"scale": [0.5, 0.5, 0.5]
		},
		"firstperson_lefthand": {
			"rotation": [-14.5, 134.25, 0],
			"translation": [0, 4.25, 0],
			"scale": [0.5, 0.5, 0.5]
		},
		"ground": {
			"translation": [0, 3, 0],
			"scale": [0.45, 0.45, 0.45]
		},
		"gui": {
			"rotation": [30, 225, 0],
			"scale": [0.625, 0.625, 0.625]
		},
		"head": {
			"translation": [0, 1, 0],
			"scale": [1.11133, 1.11133, 1.11133]
		},
		"fixed": {
			"rotation": [-77.25, 0, 0],
			"translation": [0, 0, -7.75]
		}
	}
}
