{
	"credit": "Made with Blockbench",
	"textures": {
		"0": "concrete:helmets/viking_helm"
	},
	"elements": [
		{
			"from": [0, 0, 0],
			"to": [16, 16, 16],
			"faces": {
				"north": {"uv": [4, 4, 8, 8], "texture": "#0"},
				"east": {"uv": [0, 4, 4.25, 8], "texture": "#0"},
				"south": {"uv": [16, 4, 12, 8], "texture": "#0"},
				"west": {"uv": [8, 4, 12, 8], "texture": "#0"},
				"up": {"uv": [4, 4, 8, 0], "rotation": 180, "texture": "#0"},
				"down": {"uv": [0, 0, 0, 0], "texture": "#0"}
			}
		},
		{
			"from": [7, 5, -0.5],
			"to": [9, 16, 0.5],
			"rotation": {"angle": 0, "axis": "y", "origin": [8, 8, 7]},
			"faces": {
				"north": {"uv": [5.75, 4, 6.25, 6.75], "texture": "#0"},
				"east": {"uv": [5.75, 4, 6, 6.75], "texture": "#0"},
				"south": {"uv": [5.75, 3.75, 6.25, 6.5], "rotation": 180, "texture": "#0"},
				"west": {"uv": [6, 4, 6.25, 6.75], "texture": "#0"},
				"up": {"uv": [6.25, 4, 5.75, 4.25], "texture": "#0"},
				"down": {"uv": [6.25, 6.5, 5.75, 6.75], "texture": "#0"}
			}
		},
		{
			"from": [7, 11, 16],
			"to": [9, 16, 16.5],
			"rotation": {"angle": 0, "axis": "y", "origin": [8, 10.5, 16.25]},
			"faces": {
				"east": {"uv": [14, 4, 14.25, 5.25], "texture": "#0"},
				"south": {"uv": [13.75, 4, 14.25, 5.25], "texture": "#0"},
				"west": {"uv": [13.75, 4, 14, 5.25], "texture": "#0"},
				"up": {"uv": [6.25, 4, 5.75, 4.25], "rotation": 180, "texture": "#0"},
				"down": {"uv": [14.25, 5, 13.75, 5.25], "rotation": 180, "texture": "#0"}
			}
		},
		{
			"from": [7, 16, -0.5],
			"to": [9, 17, 16.5],
			"rotation": {"angle": 0, "axis": "y", "origin": [8, 19, 7]},
			"faces": {
				"north": {"uv": [5.75, 3.75, 6.25, 4], "texture": "#0"},
				"east": {"uv": [5.75, 4, 6, 0], "rotation": 90, "texture": "#0"},
				"south": {"uv": [5.75, 0, 6.25, 0.25], "rotation": 180, "texture": "#0"},
				"west": {"uv": [6.25, 4, 6, 0], "rotation": 270, "texture": "#0"},
				"up": {"uv": [6.25, 4, 5.75, 0], "texture": "#0"},
				"down": {"uv": [6.25, 6.5, 5.75, 6.75], "texture": "#0"}
			}
		},
		{
			"from": [7, 17, 0.5],
			"to": [9, 18, 15.5],
			"rotation": {"angle": 0, "axis": "y", "origin": [8, 19, 7]},
			"faces": {
				"north": {"uv": [5.75, 3.75, 6.25, 4], "texture": "#0"},
				"east": {"uv": [5.75, 4.25, 6, 0.75], "rotation": 90, "texture": "#0"},
				"south": {"uv": [5.75, 0, 6.25, 0.25], "rotation": 180, "texture": "#0"},
				"west": {"uv": [6.25, 4.5, 6, 1], "rotation": 270, "texture": "#0"},
				"up": {"uv": [6.25, 4, 5.75, 0], "texture": "#0"},
				"down": {"uv": [6.25, 6.5, 5.75, 6.75], "texture": "#0"}
			}
		},
		{
			"from": [7, 18, 1.425],
			"to": [9, 19, 14.5],
			"rotation": {"angle": 0, "axis": "y", "origin": [8, 19, 7]},
			"faces": {
				"north": {"uv": [5.75, 3.75, 6.25, 4], "texture": "#0"},
				"east": {"uv": [5.75, 5, 6, 2], "rotation": 90, "texture": "#0"},
				"south": {"uv": [5.75, 0, 6.25, 0.25], "rotation": 180, "texture": "#0"},
				"west": {"uv": [6.25, 3, 6, 0], "rotation": 270, "texture": "#0"},
				"up": {"uv": [6.25, 4, 5.75, 0], "texture": "#0"},
				"down": {"uv": [6.25, 6.5, 5.75, 6.75], "texture": "#0"}
			}
		},
		{
			"from": [0, 8, 0],
			"to": [1, 8, 16],
			"faces": {
				"north": {"uv": [0, 0, 1, 8], "texture": "#0"},
				"east": {"uv": [0, 0, 16, 8], "texture": "#0"},
				"south": {"uv": [0, 0, 1, 8], "texture": "#0"},
				"west": {"uv": [8, 4, 12.25, 6], "texture": "#0"},
				"up": {"uv": [4, 0, 4.25, 4], "texture": "#0"},
				"down": {"uv": [0, 5.75, 4.25, 6], "rotation": 90, "texture": "#0", "cullface": "down"}
			}
		},
		{
			"from": [15, 8, 0],
			"to": [16, 8, 16],
			"faces": {
				"north": {"uv": [0, 0, 1, 8], "texture": "#missing"},
				"east": {"uv": [0, 0, 16, 8], "texture": "#missing"},
				"south": {"uv": [5.25, 4.5, 13, 12.5], "texture": "#0"},
				"west": {"uv": [0, 0, 16, 8], "texture": "#missing"},
				"up": {"uv": [7.75, 0, 8, 4], "texture": "#0"},
				"down": {"uv": [8, 5.75, 12.25, 6], "rotation": 90, "texture": "#0"}
			}
		},
		{
			"from": [1, 8, 15],
			"to": [15, 8, 16],
			"faces": {
				"north": {"uv": [0, 0, 14, 0], "texture": "#0"},
				"east": {"uv": [0, 0, 1, 0], "texture": "#0"},
				"south": {"uv": [0, 0, 14, 0], "texture": "#0"},
				"west": {"uv": [0, 0, 1, 0], "texture": "#0"},
				"up": {"uv": [0, 0, 14, 1], "texture": "#0"},
				"down": {"uv": [12.25, 5.75, 15.75, 6], "texture": "#0"}
			}
		},
		{
			"from": [1, 2, 0],
			"to": [15, 15, 0],
			"rotation": {"angle": 0, "axis": "y", "origin": [8, 8, 7]},
			"faces": {
				"south": {"uv": [4, 4, 8, 7.5], "texture": "#0"}
			}
		}
	],
	"display": {
		"thirdperson_righthand": {
			"rotation": [75, 45, 0],
			"translation": [0, 2.5, 0],
			"scale": [0.375, 0.375, 0.375]
		},
		"thirdperson_lefthand": {
			"rotation": [75, 45, 0],
			"translation": [0, 2.5, 0],
			"scale": [0.375, 0.375, 0.375]
		},
		"firstperson_righthand": {
			"rotation": [-8, 134.25, 0],
			"translation": [0, 4.25, 0],
			"scale": [0.4, 0.4, 0.4]
		},
		"firstperson_lefthand": {
			"rotation": [-8, 134.25, 0],
			"translation": [0, 4.25, 0],
			"scale": [0.4, 0.4, 0.4]
		},
		"ground": {
			"translation": [0, 3, 0],
			"scale": [0.33, 0.33, 0.33]
		},
		"gui": {
			"rotation": [30, 225, 0],
			"scale": [0.625, 0.625, 0.625]
		},
		"head": {
			"translation": [0, -0.5, 0],
			"scale": [0.9635, 0.9635, 0.9635]
		},
		"fixed": {
			"rotation": [-77.25, 0, 0],
			"translation": [0, 0, -7.75]
		}
	},
	"groups": [0, 1, 2, 3, 4, 5,
		{
			"name": "group",
			"origin": [0, 0, 0],
			"children": [6, 7, 8, 9]
		}
	]
}
