{
	"credit": "Made with Blockbench",
	"texture_size": [8, 8],
	"textures": {
		"0": "concrete:helmets/crowns/ruby",
		"1": "concrete:helmets/crowns/gold_texture",
		"particle": "concrete:helmets/crowns/gold_texture"
	},
	"elements": [
		{
			"from": [1.29802, 10.77979, 14.08662],
			"to": [15.06615, 12.5943, 14.94713],
			"rotation": {"angle": 0, "axis": "y", "origin": [8.09104, 13.64713, 8.53153]},
			"faces": {
				"north": {"uv": [0, 0, 16, 3.62902], "texture": "#1"},
				"east": {"uv": [0, 0, 1.72102, 3.62902], "texture": "#1"},
				"south": {"uv": [0, 0, 16, 3.62902], "texture": "#1"},
				"west": {"uv": [0, 0, 1.72102, 3.62902], "texture": "#1"},
				"up": {"uv": [0, 0, 16, 1.72102], "rotation": 180, "texture": "#1"},
				"down": {"uv": [0, 0, 16, 1.72102], "rotation": 180, "texture": "#1"}
			}
		},
		{
			"from": [1.29802, 12.27979, 14.94713],
			"to": [15.06615, 12.5943, 15.04713],
			"rotation": {"angle": 0, "axis": "y", "origin": [8.09104, 13.64713, 8.53153]},
			"faces": {
				"north": {"uv": [0, 0, 16, 0.62902], "texture": "#1"},
				"east": {"uv": [0, 0, 0.2, 0.62902], "texture": "#1"},
				"south": {"uv": [0, 0, 16, 0.62902], "texture": "#1"},
				"west": {"uv": [0, 0, 0.2, 0.62902], "texture": "#1"},
				"up": {"uv": [0, 0, 16, 0.2], "rotation": 180, "texture": "#1"},
				"down": {"uv": [0, 0, 16, 0.2], "rotation": 180, "texture": "#1"}
			}
		},
		{
			"from": [1.29802, 10.77979, 14.94713],
			"to": [15.06615, 11.0943, 15.04713],
			"rotation": {"angle": 0, "axis": "y", "origin": [8.09104, 13.64713, 8.53153]},
			"faces": {
				"north": {"uv": [0, 0, 16, 0.62902], "texture": "#1"},
				"east": {"uv": [0, 0, 0.2, 0.62902], "texture": "#1"},
				"south": {"uv": [0, 0, 16, 0.62902], "texture": "#1"},
				"west": {"uv": [0, 0, 0.2, 0.62902], "texture": "#1"},
				"up": {"uv": [0, 0, 16, 0.2], "rotation": 180, "texture": "#1"},
				"down": {"uv": [0, 0, 16, 0.2], "rotation": 180, "texture": "#1"}
			}
		},
		{
			"from": [1.19802, 10.77979, 1.079],
			"to": [1.29802, 11.0943, 15.04713],
			"rotation": {"angle": 0, "axis": "y", "origin": [8.09104, 13.64713, 8.53153]},
			"faces": {
				"north": {"uv": [0, 0, 0.2, 0.62902], "texture": "#1"},
				"east": {"uv": [0, 0, 16, 0.62902], "texture": "#1"},
				"south": {"uv": [0, 0, 0.2, 0.62902], "texture": "#1"},
				"west": {"uv": [0, 0, 16, 0.62902], "texture": "#1"},
				"up": {"uv": [0, 0, 16, 0.2], "rotation": 270, "texture": "#1"},
				"down": {"uv": [0, 0, 16, 0.2], "rotation": 90, "texture": "#1"}
			}
		},
		{
			"from": [1.19802, 12.27979, 1.079],
			"to": [1.29802, 12.5943, 15.04713],
			"rotation": {"angle": 0, "axis": "y", "origin": [8.09104, 13.64713, 8.53153]},
			"faces": {
				"north": {"uv": [0, 0, 0.2, 0.62902], "texture": "#1"},
				"east": {"uv": [0, 0, 16, 0.62902], "texture": "#1"},
				"south": {"uv": [0, 0, 0.2, 0.62902], "texture": "#1"},
				"west": {"uv": [0, 0, 16, 0.62902], "texture": "#1"},
				"up": {"uv": [0, 0, 16, 0.2], "rotation": 270, "texture": "#1"},
				"down": {"uv": [0, 0, 16, 0.2], "rotation": 90, "texture": "#1"}
			}
		},
		{
			"from": [1.29802, 12.27979, 1.079],
			"to": [15.06615, 12.5943, 1.179],
			"rotation": {"angle": 0, "axis": "y", "origin": [8.09104, 13.64713, 8.53153]},
			"faces": {
				"north": {"uv": [0, 0, 16, 0.62902], "texture": "#1"},
				"east": {"uv": [0, 0, 0.2, 0.62902], "texture": "#1"},
				"south": {"uv": [0, 0, 16, 0.62902], "texture": "#1"},
				"west": {"uv": [0, 0, 0.2, 0.62902], "texture": "#1"},
				"up": {"uv": [0, 0, 16, 0.2], "texture": "#1"},
				"down": {"uv": [0, 0, 16, 0.2], "texture": "#1"}
			}
		},
		{
			"from": [15.06615, 12.27979, 1.079],
			"to": [15.16615, 12.5943, 15.04713],
			"rotation": {"angle": 0, "axis": "y", "origin": [8.09104, 13.64713, 8.53153]},
			"faces": {
				"north": {"uv": [0, 0, 0.2, 0.62902], "texture": "#1"},
				"east": {"uv": [0, 0, 16, 0.62902], "texture": "#1"},
				"south": {"uv": [0, 0, 0.2, 0.62902], "texture": "#1"},
				"west": {"uv": [0, 0, 16, 0.62902], "texture": "#1"},
				"up": {"uv": [0, 0, 16, 0.2], "rotation": 90, "texture": "#1"},
				"down": {"uv": [0, 0, 16, 0.2], "rotation": 270, "texture": "#1"}
			}
		},
		{
			"from": [1.29802, 10.77979, 1.079],
			"to": [15.06615, 11.0943, 1.179],
			"rotation": {"angle": 0, "axis": "y", "origin": [8.09104, 13.64713, 8.53153]},
			"faces": {
				"north": {"uv": [0, 0, 16, 0.62902], "texture": "#1"},
				"east": {"uv": [0, 0, 0.2, 0.62902], "texture": "#1"},
				"south": {"uv": [0, 0, 16, 0.62902], "texture": "#1"},
				"west": {"uv": [0, 0, 0.2, 0.62902], "texture": "#1"},
				"up": {"uv": [0, 0, 16, 0.2], "texture": "#1"},
				"down": {"uv": [0, 0, 16, 0.2], "texture": "#1"}
			}
		},
		{
			"from": [15.06615, 10.77979, 1.079],
			"to": [15.16615, 11.0943, 15.04713],
			"rotation": {"angle": 0, "axis": "y", "origin": [8.09104, 13.64713, 8.53153]},
			"faces": {
				"north": {"uv": [0, 0, 0.2, 0.62902], "texture": "#1"},
				"east": {"uv": [0, 0, 16, 0.62902], "texture": "#1"},
				"south": {"uv": [0, 0, 0.2, 0.62902], "texture": "#1"},
				"west": {"uv": [0, 0, 16, 0.62902], "texture": "#1"},
				"up": {"uv": [0, 0, 16, 0.2], "rotation": 90, "texture": "#1"},
				"down": {"uv": [0, 0, 16, 0.2], "rotation": 270, "texture": "#1"}
			}
		},
		{
			"from": [1.29802, 10.77979, 1.179],
			"to": [15.06615, 12.5943, 2.03951],
			"rotation": {"angle": 0, "axis": "y", "origin": [8.09104, 13.64713, 8.53153]},
			"faces": {
				"north": {"uv": [0, 0, 16, 3.62902], "texture": "#1"},
				"east": {"uv": [0, 0, 1.72102, 3.62902], "texture": "#1"},
				"south": {"uv": [0, 0, 16, 3.62902], "texture": "#1"},
				"west": {"uv": [0, 0, 1.72102, 3.62902], "texture": "#1"},
				"up": {"uv": [0, 0, 16, 1.72102], "rotation": 180, "texture": "#1"},
				"down": {"uv": [0, 0, 16, 1.72102], "rotation": 180, "texture": "#1"}
			}
		},
		{
			"from": [14.20564, 10.77979, 2.03951],
			"to": [15.06615, 12.5943, 14.08662],
			"rotation": {"angle": 0, "axis": "y", "origin": [8.09104, 13.64713, 8.53153]},
			"faces": {
				"north": {"uv": [0, 0, 1.72102, 3.62902], "texture": "#1"},
				"east": {"uv": [0, 0, 16, 3.62902], "texture": "#1"},
				"south": {"uv": [0, 0, 1.72102, 3.62902], "texture": "#1"},
				"west": {"uv": [0, 0, 16, 3.62902], "texture": "#1"},
				"up": {"uv": [0, 0, 16, 1.72102], "rotation": 270, "texture": "#1"},
				"down": {"uv": [0, 0, 16, 1.72102], "rotation": 90, "texture": "#1"}
			}
		},
		{
			"from": [1.29802, 10.77979, 2.03951],
			"to": [2.15853, 12.5943, 14.08662],
			"rotation": {"angle": 0, "axis": "y", "origin": [8.09104, 13.64713, 8.53153]},
			"faces": {
				"north": {"uv": [0, 0, 1.72102, 3.62902], "texture": "#1"},
				"east": {"uv": [0, 0, 16, 3.62902], "texture": "#1"},
				"south": {"uv": [0, 0, 1.72102, 3.62902], "texture": "#1"},
				"west": {"uv": [0, 0, 16, 3.62902], "texture": "#1"},
				"up": {"uv": [0, 0, 16, 1.72102], "rotation": 270, "texture": "#1"},
				"down": {"uv": [0, 0, 16, 1.72102], "rotation": 90, "texture": "#1"}
			}
		},
		{
			"from": [14.56209, 12.014, 0.94307],
			"to": [15.30209, 12.754, 1.68307],
			"rotation": {"angle": 0, "axis": "y", "origin": [8.09104, 13.64713, 8.53153]},
			"faces": {
				"north": {"uv": [0, 0, 1.48, 1.48], "texture": "#1"},
				"east": {"uv": [0, 0, 1.48, 1.48], "texture": "#1"},
				"south": {"uv": [0, 0, 1.48, 1.48], "texture": "#1"},
				"west": {"uv": [0, 0, 1.48, 1.48], "texture": "#1"},
				"up": {"uv": [0, 0, 1.48, 1.48], "rotation": 180, "texture": "#1"},
				"down": {"uv": [0, 0, 1.48, 1.48], "rotation": 180, "texture": "#1"}
			}
		},
		{
			"from": [14.56209, 10.646, 0.94307],
			"to": [15.30209, 11.386, 1.68307],
			"rotation": {"angle": 0, "axis": "y", "origin": [8.09104, 13.64713, 8.53153]},
			"faces": {
				"north": {"uv": [0, 0, 1.48, 1.48], "texture": "#1"},
				"east": {"uv": [0, 0, 1.48, 1.48], "texture": "#1"},
				"south": {"uv": [0, 0, 1.48, 1.48], "texture": "#1"},
				"west": {"uv": [0, 0, 1.48, 1.48], "texture": "#1"},
				"up": {"uv": [0, 0, 1.48, 1.48], "rotation": 180, "texture": "#1"},
				"down": {"uv": [0, 0, 1.48, 1.48], "rotation": 180, "texture": "#1"}
			}
		},
		{
			"from": [1.06209, 10.646, 0.94307],
			"to": [1.80209, 11.386, 1.68307],
			"rotation": {"angle": 0, "axis": "y", "origin": [8.09104, 13.64713, 8.53153]},
			"faces": {
				"north": {"uv": [0, 0, 1.48, 1.48], "texture": "#1"},
				"east": {"uv": [0, 0, 1.48, 1.48], "texture": "#1"},
				"south": {"uv": [0, 0, 1.48, 1.48], "texture": "#1"},
				"west": {"uv": [0, 0, 1.48, 1.48], "texture": "#1"},
				"up": {"uv": [0, 0, 1.48, 1.48], "rotation": 180, "texture": "#1"},
				"down": {"uv": [0, 0, 1.48, 1.48], "rotation": 180, "texture": "#1"}
			}
		},
		{
			"from": [1.06209, 12.014, 0.94307],
			"to": [1.80209, 12.754, 1.68307],
			"rotation": {"angle": 0, "axis": "y", "origin": [8.09104, 13.64713, 8.53153]},
			"faces": {
				"north": {"uv": [0, 0, 1.48, 1.48], "texture": "#1"},
				"east": {"uv": [0, 0, 1.48, 1.48], "texture": "#1"},
				"south": {"uv": [0, 0, 1.48, 1.48], "texture": "#1"},
				"west": {"uv": [0, 0, 1.48, 1.48], "texture": "#1"},
				"up": {"uv": [0, 0, 1.48, 1.48], "rotation": 180, "texture": "#1"},
				"down": {"uv": [0, 0, 1.48, 1.48], "rotation": 180, "texture": "#1"}
			}
		},
		{
			"from": [1.06209, 10.646, 14.44307],
			"to": [1.80209, 11.386, 15.18307],
			"rotation": {"angle": 0, "axis": "y", "origin": [8.09104, 13.64713, 8.53153]},
			"faces": {
				"north": {"uv": [0, 0, 1.48, 1.48], "texture": "#1"},
				"east": {"uv": [0, 0, 1.48, 1.48], "texture": "#1"},
				"south": {"uv": [0, 0, 1.48, 1.48], "texture": "#1"},
				"west": {"uv": [0, 0, 1.48, 1.48], "texture": "#1"},
				"up": {"uv": [0, 0, 1.48, 1.48], "rotation": 180, "texture": "#1"},
				"down": {"uv": [0, 0, 1.48, 1.48], "rotation": 180, "texture": "#1"}
			}
		},
		{
			"from": [1.06209, 12.014, 14.44307],
			"to": [1.80209, 12.754, 15.18307],
			"rotation": {"angle": 0, "axis": "y", "origin": [8.09104, 13.64713, 8.53153]},
			"faces": {
				"north": {"uv": [0, 0, 1.48, 1.48], "texture": "#1"},
				"east": {"uv": [0, 0, 1.48, 1.48], "texture": "#1"},
				"south": {"uv": [0, 0, 1.48, 1.48], "texture": "#1"},
				"west": {"uv": [0, 0, 1.48, 1.48], "texture": "#1"},
				"up": {"uv": [0, 0, 1.48, 1.48], "rotation": 180, "texture": "#1"},
				"down": {"uv": [0, 0, 1.48, 1.48], "rotation": 180, "texture": "#1"}
			}
		},
		{
			"from": [14.56209, 12.014, 14.44307],
			"to": [15.30209, 12.754, 15.18307],
			"rotation": {"angle": 0, "axis": "y", "origin": [8.09104, 13.64713, 8.53153]},
			"faces": {
				"north": {"uv": [0, 0, 1.48, 1.48], "texture": "#1"},
				"east": {"uv": [0, 0, 1.48, 1.48], "texture": "#1"},
				"south": {"uv": [0, 0, 1.48, 1.48], "texture": "#1"},
				"west": {"uv": [0, 0, 1.48, 1.48], "texture": "#1"},
				"up": {"uv": [0, 0, 1.48, 1.48], "rotation": 180, "texture": "#1"},
				"down": {"uv": [0, 0, 1.48, 1.48], "rotation": 180, "texture": "#1"}
			}
		},
		{
			"from": [14.56209, 10.646, 14.44307],
			"to": [15.30209, 11.386, 15.18307],
			"rotation": {"angle": 0, "axis": "y", "origin": [8.09104, 13.64713, 8.53153]},
			"faces": {
				"north": {"uv": [0, 0, 1.48, 1.48], "texture": "#1"},
				"east": {"uv": [0, 0, 1.48, 1.48], "texture": "#1"},
				"south": {"uv": [0, 0, 1.48, 1.48], "texture": "#1"},
				"west": {"uv": [0, 0, 1.48, 1.48], "texture": "#1"},
				"up": {"uv": [0, 0, 1.48, 1.48], "rotation": 180, "texture": "#1"},
				"down": {"uv": [0, 0, 1.48, 1.48], "rotation": 180, "texture": "#1"}
			}
		},
		{
			"from": [12.06209, 12.014, 14.44307],
			"to": [12.80209, 12.754, 15.18307],
			"rotation": {"angle": 0, "axis": "y", "origin": [8.09104, 13.64713, 8.53153]},
			"faces": {
				"north": {"uv": [0, 0, 1.48, 1.48], "texture": "#1"},
				"east": {"uv": [0, 0, 1.48, 1.48], "texture": "#1"},
				"south": {"uv": [0, 0, 1.48, 1.48], "texture": "#1"},
				"west": {"uv": [0, 0, 1.48, 1.48], "texture": "#1"},
				"up": {"uv": [0, 0, 1.48, 1.48], "rotation": 180, "texture": "#1"},
				"down": {"uv": [0, 0, 1.48, 1.48], "rotation": 180, "texture": "#1"}
			}
		},
		{
			"from": [12.06209, 10.646, 14.44307],
			"to": [12.80209, 11.386, 15.18307],
			"rotation": {"angle": 0, "axis": "y", "origin": [8.09104, 13.64713, 8.53153]},
			"faces": {
				"north": {"uv": [0, 0, 1.48, 1.48], "texture": "#1"},
				"east": {"uv": [0, 0, 1.48, 1.48], "texture": "#1"},
				"south": {"uv": [0, 0, 1.48, 1.48], "texture": "#1"},
				"west": {"uv": [0, 0, 1.48, 1.48], "texture": "#1"},
				"up": {"uv": [0, 0, 1.48, 1.48], "rotation": 180, "texture": "#1"},
				"down": {"uv": [0, 0, 1.48, 1.48], "rotation": 180, "texture": "#1"}
			}
		},
		{
			"from": [9.11209, 12.014, 14.44307],
			"to": [9.85209, 12.754, 15.18307],
			"rotation": {"angle": 0, "axis": "y", "origin": [8.09104, 13.64713, 8.53153]},
			"faces": {
				"north": {"uv": [0, 0, 1.48, 1.48], "texture": "#1"},
				"east": {"uv": [0, 0, 1.48, 1.48], "texture": "#1"},
				"south": {"uv": [0, 0, 1.48, 1.48], "texture": "#1"},
				"west": {"uv": [0, 0, 1.48, 1.48], "texture": "#1"},
				"up": {"uv": [0, 0, 1.48, 1.48], "rotation": 180, "texture": "#1"},
				"down": {"uv": [0, 0, 1.48, 1.48], "rotation": 180, "texture": "#1"}
			}
		},
		{
			"from": [9.11209, 10.646, 14.44307],
			"to": [9.85209, 11.386, 15.18307],
			"rotation": {"angle": 0, "axis": "y", "origin": [8.09104, 13.64713, 8.53153]},
			"faces": {
				"north": {"uv": [0, 0, 1.48, 1.48], "texture": "#1"},
				"east": {"uv": [0, 0, 1.48, 1.48], "texture": "#1"},
				"south": {"uv": [0, 0, 1.48, 1.48], "texture": "#1"},
				"west": {"uv": [0, 0, 1.48, 1.48], "texture": "#1"},
				"up": {"uv": [0, 0, 1.48, 1.48], "rotation": 180, "texture": "#1"},
				"down": {"uv": [0, 0, 1.48, 1.48], "rotation": 180, "texture": "#1"}
			}
		},
		{
			"from": [6.26209, 12.014, 14.44307],
			"to": [7.00209, 12.754, 15.18307],
			"rotation": {"angle": 0, "axis": "y", "origin": [8.09104, 13.64713, 8.53153]},
			"faces": {
				"north": {"uv": [0, 0, 1.48, 1.48], "texture": "#1"},
				"east": {"uv": [0, 0, 1.48, 1.48], "texture": "#1"},
				"south": {"uv": [0, 0, 1.48, 1.48], "texture": "#1"},
				"west": {"uv": [0, 0, 1.48, 1.48], "texture": "#1"},
				"up": {"uv": [0, 0, 1.48, 1.48], "rotation": 180, "texture": "#1"},
				"down": {"uv": [0, 0, 1.48, 1.48], "rotation": 180, "texture": "#1"}
			}
		},
		{
			"from": [6.26209, 10.646, 14.44307],
			"to": [7.00209, 11.386, 15.18307],
			"rotation": {"angle": 0, "axis": "y", "origin": [8.09104, 13.64713, 8.53153]},
			"faces": {
				"north": {"uv": [0, 0, 1.48, 1.48], "texture": "#1"},
				"east": {"uv": [0, 0, 1.48, 1.48], "texture": "#1"},
				"south": {"uv": [0, 0, 1.48, 1.48], "texture": "#1"},
				"west": {"uv": [0, 0, 1.48, 1.48], "texture": "#1"},
				"up": {"uv": [0, 0, 1.48, 1.48], "rotation": 180, "texture": "#1"},
				"down": {"uv": [0, 0, 1.48, 1.48], "rotation": 180, "texture": "#1"}
			}
		},
		{
			"from": [3.46209, 12.014, 14.44307],
			"to": [4.20209, 12.754, 15.18307],
			"rotation": {"angle": 0, "axis": "y", "origin": [8.09104, 13.64713, 8.53153]},
			"faces": {
				"north": {"uv": [0, 0, 1.48, 1.48], "texture": "#1"},
				"east": {"uv": [0, 0, 1.48, 1.48], "texture": "#1"},
				"south": {"uv": [0, 0, 1.48, 1.48], "texture": "#1"},
				"west": {"uv": [0, 0, 1.48, 1.48], "texture": "#1"},
				"up": {"uv": [0, 0, 1.48, 1.48], "rotation": 180, "texture": "#1"},
				"down": {"uv": [0, 0, 1.48, 1.48], "rotation": 180, "texture": "#1"}
			}
		},
		{
			"from": [3.46209, 10.646, 14.44307],
			"to": [4.20209, 11.386, 15.18307],
			"rotation": {"angle": 0, "axis": "y", "origin": [8.09104, 13.64713, 8.53153]},
			"faces": {
				"north": {"uv": [0, 0, 1.48, 1.48], "texture": "#1"},
				"east": {"uv": [0, 0, 1.48, 1.48], "texture": "#1"},
				"south": {"uv": [0, 0, 1.48, 1.48], "texture": "#1"},
				"west": {"uv": [0, 0, 1.48, 1.48], "texture": "#1"},
				"up": {"uv": [0, 0, 1.48, 1.48], "rotation": 180, "texture": "#1"},
				"down": {"uv": [0, 0, 1.48, 1.48], "rotation": 180, "texture": "#1"}
			}
		},
		{
			"from": [3.81209, 10.646, 0.94307],
			"to": [4.55209, 11.386, 1.68307],
			"rotation": {"angle": 0, "axis": "y", "origin": [8.09104, 13.64713, 8.53153]},
			"faces": {
				"north": {"uv": [0, 0, 1.48, 1.48], "texture": "#1"},
				"east": {"uv": [0, 0, 1.48, 1.48], "texture": "#1"},
				"south": {"uv": [0, 0, 1.48, 1.48], "texture": "#1"},
				"west": {"uv": [0, 0, 1.48, 1.48], "texture": "#1"},
				"up": {"uv": [0, 0, 1.48, 1.48], "rotation": 180, "texture": "#1"},
				"down": {"uv": [0, 0, 1.48, 1.48], "rotation": 180, "texture": "#1"}
			}
		},
		{
			"from": [3.92309, 10.757, 1.05407],
			"to": [4.44109, 12.275, 1.57207],
			"rotation": {"angle": 0, "axis": "y", "origin": [8.09104, 13.64713, 8.53153]},
			"faces": {
				"north": {"uv": [0, 0, 1.036, 3.036], "texture": "#1"},
				"east": {"uv": [0, 0, 1.036, 3.036], "texture": "#1"},
				"south": {"uv": [0, 0, 1.036, 3.036], "texture": "#1"},
				"west": {"uv": [0, 0, 1.036, 3.036], "texture": "#1"},
				"up": {"uv": [0, 0, 1.036, 1.036], "rotation": 180, "texture": "#1"},
				"down": {"uv": [0, 0, 1.036, 1.036], "rotation": 180, "texture": "#1"}
			}
		},
		{
			"from": [6.67309, 10.757, 1.05407],
			"to": [7.19109, 12.275, 1.57207],
			"rotation": {"angle": 0, "axis": "y", "origin": [8.09104, 13.64713, 8.53153]},
			"faces": {
				"north": {"uv": [0, 0, 1.036, 3.036], "texture": "#1"},
				"east": {"uv": [0, 0, 1.036, 3.036], "texture": "#1"},
				"south": {"uv": [0, 0, 1.036, 3.036], "texture": "#1"},
				"west": {"uv": [0, 0, 1.036, 3.036], "texture": "#1"},
				"up": {"uv": [0, 0, 1.036, 1.036], "rotation": 180, "texture": "#1"},
				"down": {"uv": [0, 0, 1.036, 1.036], "rotation": 180, "texture": "#1"}
			}
		},
		{
			"from": [8.92309, 10.757, 1.05407],
			"to": [9.44109, 12.275, 1.57207],
			"rotation": {"angle": 0, "axis": "y", "origin": [8.09104, 13.64713, 8.53153]},
			"faces": {
				"north": {"uv": [0, 0, 1.036, 3.036], "texture": "#1"},
				"east": {"uv": [0, 0, 1.036, 3.036], "texture": "#1"},
				"south": {"uv": [0, 0, 1.036, 3.036], "texture": "#1"},
				"west": {"uv": [0, 0, 1.036, 3.036], "texture": "#1"},
				"up": {"uv": [0, 0, 1.036, 1.036], "rotation": 180, "texture": "#1"},
				"down": {"uv": [0, 0, 1.036, 1.036], "rotation": 180, "texture": "#1"}
			}
		},
		{
			"from": [7.17309, 10.607, 0.80407],
			"to": [8.92309, 12.775, 1.57207],
			"rotation": {"angle": 0, "axis": "y", "origin": [8.09104, 13.64713, 8.53153]},
			"faces": {
				"north": {"uv": [0, 0, 3.5, 4.336], "texture": "#1"},
				"east": {"uv": [0, 0, 1.536, 4.336], "texture": "#1"},
				"south": {"uv": [0, 0, 3.5, 4.336], "texture": "#1"},
				"west": {"uv": [0, 0, 1.536, 4.336], "texture": "#1"},
				"up": {"uv": [0, 0, 3.5, 1.536], "rotation": 180, "texture": "#1"},
				"down": {"uv": [0, 0, 3.5, 1.536], "rotation": 180, "texture": "#1"}
			}
		},
		{
			"from": [7.26059, 10.7154, 0.59247],
			"to": [8.83559, 12.6666, 1.53367],
			"rotation": {"angle": 0, "axis": "y", "origin": [8.09104, 13.64713, 8.53153]},
			"faces": {
				"north": {"uv": [0, 0, 3.15, 3.9024], "texture": "#1"},
				"east": {"uv": [0, 0, 1.8824, 3.9024], "texture": "#1"},
				"south": {"uv": [0, 0, 3.15, 3.9024], "texture": "#1"},
				"west": {"uv": [0, 0, 1.8824, 3.9024], "texture": "#1"},
				"up": {"uv": [0, 0, 3.15, 1.8824], "rotation": 180, "texture": "#1"},
				"down": {"uv": [0, 0, 3.15, 1.8824], "rotation": 180, "texture": "#1"}
			}
		},
		{
			"from": [7.33559, 10.8154, 0.56747],
			"to": [8.78559, 12.5916, 0.59247],
			"rotation": {"angle": 0, "axis": "y", "origin": [8.09104, 13.64713, 8.53153]},
			"faces": {
				"north": {"uv": [0, 0, 16, 16], "texture": "#0"}
			}
		},
		{
			"from": [7.33559, 10.7154, 0.49247],
			"to": [8.76059, 10.8166, 0.59247],
			"rotation": {"angle": 0, "axis": "y", "origin": [8.09104, 13.64713, 8.53153]},
			"faces": {
				"north": {"uv": [0, 0, 2.85, 0.2024], "texture": "#1"},
				"east": {"uv": [0, 0, 0.2, 0.2024], "texture": "#1"},
				"south": {"uv": [0, 0, 2.85, 0.2024], "texture": "#1"},
				"west": {"uv": [0, 0, 0.2, 0.2024], "texture": "#1"},
				"up": {"uv": [0, 0, 2.85, 0.2], "rotation": 180, "texture": "#1"},
				"down": {"uv": [0, 0, 2.85, 0.2], "rotation": 180, "texture": "#1"}
			}
		},
		{
			"from": [7.33559, 12.5654, 0.49247],
			"to": [8.76059, 12.6666, 0.59247],
			"rotation": {"angle": 0, "axis": "y", "origin": [8.09104, 13.64713, 8.53153]},
			"faces": {
				"north": {"uv": [0, 0, 2.85, 0.2024], "texture": "#1"},
				"east": {"uv": [0, 0, 0.2, 0.2024], "texture": "#1"},
				"south": {"uv": [0, 0, 2.85, 0.2024], "texture": "#1"},
				"west": {"uv": [0, 0, 0.2, 0.2024], "texture": "#1"},
				"up": {"uv": [0, 0, 2.85, 0.2], "rotation": 180, "texture": "#1"},
				"down": {"uv": [0, 0, 2.85, 0.2], "rotation": 180, "texture": "#1"}
			}
		},
		{
			"from": [8.76059, 10.7154, 0.49247],
			"to": [8.83559, 12.6666, 0.59247],
			"rotation": {"angle": 0, "axis": "y", "origin": [8.09104, 13.64713, 8.53153]},
			"faces": {
				"north": {"uv": [0, 0, 0.15, 3.9024], "texture": "#1"},
				"east": {"uv": [0, 0, 0.2, 3.9024], "texture": "#1"},
				"south": {"uv": [0, 0, 0.15, 3.9024], "texture": "#1"},
				"west": {"uv": [0, 0, 0.2, 3.9024], "texture": "#1"},
				"up": {"uv": [0, 0, 0.15, 0.2], "rotation": 180, "texture": "#1"},
				"down": {"uv": [0, 0, 0.15, 0.2], "rotation": 180, "texture": "#1"}
			}
		},
		{
			"from": [7.26059, 10.7154, 0.49247],
			"to": [7.33559, 12.6666, 0.59247],
			"rotation": {"angle": 0, "axis": "y", "origin": [8.09104, 13.64713, 8.53153]},
			"faces": {
				"north": {"uv": [0, 0, 0.15, 3.9024], "texture": "#1"},
				"east": {"uv": [0, 0, 0.2, 3.9024], "texture": "#1"},
				"south": {"uv": [0, 0, 0.15, 3.9024], "texture": "#1"},
				"west": {"uv": [0, 0, 0.2, 3.9024], "texture": "#1"},
				"up": {"uv": [0, 0, 0.15, 0.2], "rotation": 180, "texture": "#1"},
				"down": {"uv": [0, 0, 0.15, 0.2], "rotation": 180, "texture": "#1"}
			}
		},
		{
			"from": [8.96109, 11.40007, 1.00772],
			"to": [9.38859, 11.43043, 1.03772],
			"rotation": {"angle": 0, "axis": "y", "origin": [9.17559, 11.6935, 1.02497]},
			"faces": {
				"north": {"uv": [0, 0, 2.85, 0.2024], "texture": "#1"},
				"east": {"uv": [0, 0, 0.2, 0.2024], "texture": "#1"},
				"south": {"uv": [0, 0, 2.85, 0.2024], "texture": "#1"},
				"west": {"uv": [0, 0, 0.2, 0.2024], "texture": "#1"},
				"up": {"uv": [0, 0, 2.85, 0.2], "rotation": 180, "texture": "#1"},
				"down": {"uv": [0, 0, 2.85, 0.2], "rotation": 180, "texture": "#1"}
			}
		},
		{
			"from": [9.38859, 11.40007, 1.00772],
			"to": [9.41109, 11.98543, 1.03772],
			"rotation": {"angle": 0, "axis": "y", "origin": [9.17559, 11.6935, 1.02497]},
			"faces": {
				"north": {"uv": [0, 0, 0.15, 3.9024], "texture": "#1"},
				"east": {"uv": [0, 0, 0.2, 3.9024], "texture": "#1"},
				"south": {"uv": [0, 0, 0.15, 3.9024], "texture": "#1"},
				"west": {"uv": [0, 0, 0.2, 3.9024], "texture": "#1"},
				"up": {"uv": [0, 0, 0.15, 0.2], "rotation": 180, "texture": "#1"},
				"down": {"uv": [0, 0, 0.15, 0.2], "rotation": 180, "texture": "#1"}
			}
		},
		{
			"from": [8.96109, 11.95507, 1.00772],
			"to": [9.38859, 11.98543, 1.03772],
			"rotation": {"angle": 0, "axis": "y", "origin": [9.17559, 11.6935, 1.02497]},
			"faces": {
				"north": {"uv": [0, 0, 2.85, 0.2024], "texture": "#1"},
				"east": {"uv": [0, 0, 0.2, 0.2024], "texture": "#1"},
				"south": {"uv": [0, 0, 2.85, 0.2024], "texture": "#1"},
				"west": {"uv": [0, 0, 0.2, 0.2024], "texture": "#1"},
				"up": {"uv": [0, 0, 2.85, 0.2], "rotation": 180, "texture": "#1"},
				"down": {"uv": [0, 0, 2.85, 0.2], "rotation": 180, "texture": "#1"}
			}
		},
		{
			"from": [8.93859, 11.40007, 1.00772],
			"to": [8.96109, 11.98543, 1.03772],
			"rotation": {"angle": 0, "axis": "y", "origin": [9.17559, 11.6935, 1.02497]},
			"faces": {
				"north": {"uv": [0, 0, 0.15, 3.9024], "texture": "#1"},
				"east": {"uv": [0, 0, 0.2, 3.9024], "texture": "#1"},
				"south": {"uv": [0, 0, 0.15, 3.9024], "texture": "#1"},
				"west": {"uv": [0, 0, 0.2, 3.9024], "texture": "#1"},
				"up": {"uv": [0, 0, 0.15, 0.2], "rotation": 180, "texture": "#1"},
				"down": {"uv": [0, 0, 0.15, 0.2], "rotation": 180, "texture": "#1"}
			}
		},
		{
			"from": [8.96109, 11.43007, 1.03022],
			"to": [9.39609, 11.96293, 1.03772],
			"rotation": {"angle": 0, "axis": "y", "origin": [9.17559, 11.6935, 1.02497]},
			"faces": {
				"north": {"uv": [0, 0, 16, 16], "texture": "#0"}
			}
		},
		{
			"from": [13.22529, 11.3247, 1.15732],
			"to": [13.83429, 12.0707, 1.19282],
			"rotation": {"angle": 0, "axis": "y", "origin": [7.43559, 11.6935, 0.96497]},
			"faces": {
				"north": {"uv": [0, 0, 16, 16], "texture": "#0"}
			}
		},
		{
			"from": [13.19379, 11.2827, 1.12582],
			"to": [13.22529, 12.1022, 1.19282],
			"rotation": {"angle": 0, "axis": "y", "origin": [7.43559, 11.6935, 0.96497]},
			"faces": {
				"north": {"uv": [0, 0, 0.15, 3.9024], "texture": "#1"},
				"east": {"uv": [0, 0, 0.2, 3.9024], "texture": "#1"},
				"south": {"uv": [0, 0, 0.15, 3.9024], "texture": "#1"},
				"west": {"uv": [0, 0, 0.2, 3.9024], "texture": "#1"},
				"up": {"uv": [0, 0, 0.15, 0.2], "rotation": 180, "texture": "#1"},
				"down": {"uv": [0, 0, 0.15, 0.2], "rotation": 180, "texture": "#1"}
			}
		},
		{
			"from": [13.22529, 12.0597, 1.12582],
			"to": [13.82379, 12.1022, 1.19282],
			"rotation": {"angle": 0, "axis": "y", "origin": [7.43559, 11.6935, 0.96497]},
			"faces": {
				"north": {"uv": [0, 0, 2.85, 0.2024], "texture": "#1"},
				"east": {"uv": [0, 0, 0.2, 0.2024], "texture": "#1"},
				"south": {"uv": [0, 0, 2.85, 0.2024], "texture": "#1"},
				"west": {"uv": [0, 0, 0.2, 0.2024], "texture": "#1"},
				"up": {"uv": [0, 0, 2.85, 0.2], "rotation": 180, "texture": "#1"},
				"down": {"uv": [0, 0, 2.85, 0.2], "rotation": 180, "texture": "#1"}
			}
		},
		{
			"from": [13.82379, 11.2827, 1.12582],
			"to": [13.85529, 12.1022, 1.19282],
			"rotation": {"angle": 0, "axis": "y", "origin": [7.43559, 11.6935, 0.96497]},
			"faces": {
				"north": {"uv": [0, 0, 0.15, 3.9024], "texture": "#1"},
				"east": {"uv": [0, 0, 0.2, 3.9024], "texture": "#1"},
				"south": {"uv": [0, 0, 0.15, 3.9024], "texture": "#1"},
				"west": {"uv": [0, 0, 0.2, 3.9024], "texture": "#1"},
				"up": {"uv": [0, 0, 0.15, 0.2], "rotation": 180, "texture": "#1"},
				"down": {"uv": [0, 0, 0.15, 0.2], "rotation": 180, "texture": "#1"}
			}
		},
		{
			"from": [13.22529, 11.2827, 1.12582],
			"to": [13.82379, 11.3252, 1.19282],
			"rotation": {"angle": 0, "axis": "y", "origin": [7.43559, 11.6935, 0.96497]},
			"faces": {
				"north": {"uv": [0, 0, 2.85, 0.2024], "texture": "#1"},
				"east": {"uv": [0, 0, 0.2, 0.2024], "texture": "#1"},
				"south": {"uv": [0, 0, 2.85, 0.2024], "texture": "#1"},
				"west": {"uv": [0, 0, 0.2, 0.2024], "texture": "#1"},
				"up": {"uv": [0, 0, 2.85, 0.2], "rotation": 180, "texture": "#1"},
				"down": {"uv": [0, 0, 2.85, 0.2], "rotation": 180, "texture": "#1"}
			}
		},
		{
			"from": [2.50029, 11.3247, 1.15732],
			"to": [3.10929, 12.0707, 1.19282],
			"rotation": {"angle": 0, "axis": "y", "origin": [7.43559, 11.6935, 0.96497]},
			"faces": {
				"north": {"uv": [0, 0, 16, 16], "texture": "#0"}
			}
		},
		{
			"from": [2.50029, 12.0597, 1.12582],
			"to": [3.09879, 12.1022, 1.19282],
			"rotation": {"angle": 0, "axis": "y", "origin": [7.43559, 11.6935, 0.96497]},
			"faces": {
				"north": {"uv": [0, 0, 2.85, 0.2024], "texture": "#1"},
				"east": {"uv": [0, 0, 0.2, 0.2024], "texture": "#1"},
				"south": {"uv": [0, 0, 2.85, 0.2024], "texture": "#1"},
				"west": {"uv": [0, 0, 0.2, 0.2024], "texture": "#1"},
				"up": {"uv": [0, 0, 2.85, 0.2], "rotation": 180, "texture": "#1"},
				"down": {"uv": [0, 0, 2.85, 0.2], "rotation": 180, "texture": "#1"}
			}
		},
		{
			"from": [2.46879, 11.2827, 1.12582],
			"to": [2.50029, 12.1022, 1.19282],
			"rotation": {"angle": 0, "axis": "y", "origin": [7.43559, 11.6935, 0.96497]},
			"faces": {
				"north": {"uv": [0, 0, 0.15, 3.9024], "texture": "#1"},
				"east": {"uv": [0, 0, 0.2, 3.9024], "texture": "#1"},
				"south": {"uv": [0, 0, 0.15, 3.9024], "texture": "#1"},
				"west": {"uv": [0, 0, 0.2, 3.9024], "texture": "#1"},
				"up": {"uv": [0, 0, 0.15, 0.2], "rotation": 180, "texture": "#1"},
				"down": {"uv": [0, 0, 0.15, 0.2], "rotation": 180, "texture": "#1"}
			}
		},
		{
			"from": [2.50029, 11.2827, 1.12582],
			"to": [3.09879, 11.3252, 1.19282],
			"rotation": {"angle": 0, "axis": "y", "origin": [7.43559, 11.6935, 0.96497]},
			"faces": {
				"north": {"uv": [0, 0, 2.85, 0.2024], "texture": "#1"},
				"east": {"uv": [0, 0, 0.2, 0.2024], "texture": "#1"},
				"south": {"uv": [0, 0, 2.85, 0.2024], "texture": "#1"},
				"west": {"uv": [0, 0, 0.2, 0.2024], "texture": "#1"},
				"up": {"uv": [0, 0, 2.85, 0.2], "rotation": 180, "texture": "#1"},
				"down": {"uv": [0, 0, 2.85, 0.2], "rotation": 180, "texture": "#1"}
			}
		},
		{
			"from": [3.09879, 11.2827, 1.12582],
			"to": [3.13029, 12.1022, 1.19282],
			"rotation": {"angle": 0, "axis": "y", "origin": [7.43559, 11.6935, 0.96497]},
			"faces": {
				"north": {"uv": [0, 0, 0.15, 3.9024], "texture": "#1"},
				"east": {"uv": [0, 0, 0.2, 3.9024], "texture": "#1"},
				"south": {"uv": [0, 0, 0.15, 3.9024], "texture": "#1"},
				"west": {"uv": [0, 0, 0.2, 3.9024], "texture": "#1"},
				"up": {"uv": [0, 0, 0.15, 0.2], "rotation": 180, "texture": "#1"},
				"down": {"uv": [0, 0, 0.15, 0.2], "rotation": 180, "texture": "#1"}
			}
		},
		{
			"from": [6.71109, 11.43007, 1.03022],
			"to": [7.14609, 11.96293, 1.03772],
			"rotation": {"angle": 0, "axis": "y", "origin": [8.05059, 11.6935, 1.02497]},
			"faces": {
				"north": {"uv": [0, 0, 16, 16], "texture": "#0"}
			}
		},
		{
			"from": [6.71109, 11.95507, 1.00772],
			"to": [7.13859, 11.98543, 1.03772],
			"rotation": {"angle": 0, "axis": "y", "origin": [8.05059, 11.6935, 1.02497]},
			"faces": {
				"north": {"uv": [0, 0, 2.85, 0.2024], "texture": "#1"},
				"east": {"uv": [0, 0, 0.2, 0.2024], "texture": "#1"},
				"south": {"uv": [0, 0, 2.85, 0.2024], "texture": "#1"},
				"west": {"uv": [0, 0, 0.2, 0.2024], "texture": "#1"},
				"up": {"uv": [0, 0, 2.85, 0.2], "rotation": 180, "texture": "#1"},
				"down": {"uv": [0, 0, 2.85, 0.2], "rotation": 180, "texture": "#1"}
			}
		},
		{
			"from": [6.68859, 11.40007, 1.00772],
			"to": [6.71109, 11.98543, 1.03772],
			"rotation": {"angle": 0, "axis": "y", "origin": [8.05059, 11.6935, 1.02497]},
			"faces": {
				"north": {"uv": [0, 0, 0.15, 3.9024], "texture": "#1"},
				"east": {"uv": [0, 0, 0.2, 3.9024], "texture": "#1"},
				"south": {"uv": [0, 0, 0.15, 3.9024], "texture": "#1"},
				"west": {"uv": [0, 0, 0.2, 3.9024], "texture": "#1"},
				"up": {"uv": [0, 0, 0.15, 0.2], "rotation": 180, "texture": "#1"},
				"down": {"uv": [0, 0, 0.15, 0.2], "rotation": 180, "texture": "#1"}
			}
		},
		{
			"from": [6.71109, 11.40007, 1.00772],
			"to": [7.13859, 11.43043, 1.03772],
			"rotation": {"angle": 0, "axis": "y", "origin": [8.05059, 11.6935, 1.02497]},
			"faces": {
				"north": {"uv": [0, 0, 2.85, 0.2024], "texture": "#1"},
				"east": {"uv": [0, 0, 0.2, 0.2024], "texture": "#1"},
				"south": {"uv": [0, 0, 2.85, 0.2024], "texture": "#1"},
				"west": {"uv": [0, 0, 0.2, 0.2024], "texture": "#1"},
				"up": {"uv": [0, 0, 2.85, 0.2], "rotation": 180, "texture": "#1"},
				"down": {"uv": [0, 0, 2.85, 0.2], "rotation": 180, "texture": "#1"}
			}
		},
		{
			"from": [7.13859, 11.40007, 1.00772],
			"to": [7.16109, 11.98543, 1.03772],
			"rotation": {"angle": 0, "axis": "y", "origin": [8.05059, 11.6935, 1.02497]},
			"faces": {
				"north": {"uv": [0, 0, 0.15, 3.9024], "texture": "#1"},
				"east": {"uv": [0, 0, 0.2, 3.9024], "texture": "#1"},
				"south": {"uv": [0, 0, 0.15, 3.9024], "texture": "#1"},
				"west": {"uv": [0, 0, 0.2, 3.9024], "texture": "#1"},
				"up": {"uv": [0, 0, 0.15, 0.2], "rotation": 180, "texture": "#1"},
				"down": {"uv": [0, 0, 0.15, 0.2], "rotation": 180, "texture": "#1"}
			}
		},
		{
			"from": [11.87309, 10.757, 1.05407],
			"to": [12.39109, 12.275, 1.57207],
			"rotation": {"angle": 0, "axis": "y", "origin": [8.09104, 13.64713, 8.53153]},
			"faces": {
				"north": {"uv": [0, 0, 1.036, 3.036], "texture": "#1"},
				"east": {"uv": [0, 0, 1.036, 3.036], "texture": "#1"},
				"south": {"uv": [0, 0, 1.036, 3.036], "texture": "#1"},
				"west": {"uv": [0, 0, 1.036, 3.036], "texture": "#1"},
				"up": {"uv": [0, 0, 1.036, 1.036], "rotation": 180, "texture": "#1"},
				"down": {"uv": [0, 0, 1.036, 1.036], "rotation": 180, "texture": "#1"}
			}
		},
		{
			"from": [14.67309, 10.757, 1.05407],
			"to": [15.19109, 12.275, 1.57207],
			"rotation": {"angle": 0, "axis": "y", "origin": [8.09104, 13.64713, 8.53153]},
			"faces": {
				"north": {"uv": [0, 0, 1.036, 3.036], "texture": "#1"},
				"east": {"uv": [0, 0, 1.036, 3.036], "texture": "#1"},
				"south": {"uv": [0, 0, 1.036, 3.036], "texture": "#1"},
				"west": {"uv": [0, 0, 1.036, 3.036], "texture": "#1"},
				"up": {"uv": [0, 0, 1.036, 1.036], "rotation": 180, "texture": "#1"},
				"down": {"uv": [0, 0, 1.036, 1.036], "rotation": 180, "texture": "#1"}
			}
		},
		{
			"from": [14.67309, 10.757, 14.55407],
			"to": [15.19109, 12.275, 15.07207],
			"rotation": {"angle": 0, "axis": "y", "origin": [8.09104, 13.64713, 8.53153]},
			"faces": {
				"north": {"uv": [0, 0, 1.036, 3.036], "texture": "#1"},
				"east": {"uv": [0, 0, 1.036, 3.036], "texture": "#1"},
				"south": {"uv": [0, 0, 1.036, 3.036], "texture": "#1"},
				"west": {"uv": [0, 0, 1.036, 3.036], "texture": "#1"},
				"up": {"uv": [0, 0, 1.036, 1.036], "rotation": 180, "texture": "#1"},
				"down": {"uv": [0, 0, 1.036, 1.036], "rotation": 180, "texture": "#1"}
			}
		},
		{
			"from": [12.17309, 10.757, 14.55407],
			"to": [12.69109, 12.275, 15.07207],
			"rotation": {"angle": 0, "axis": "y", "origin": [8.09104, 13.64713, 8.53153]},
			"faces": {
				"north": {"uv": [0, 0, 1.036, 3.036], "texture": "#1"},
				"east": {"uv": [0, 0, 1.036, 3.036], "texture": "#1"},
				"south": {"uv": [0, 0, 1.036, 3.036], "texture": "#1"},
				"west": {"uv": [0, 0, 1.036, 3.036], "texture": "#1"},
				"up": {"uv": [0, 0, 1.036, 1.036], "rotation": 180, "texture": "#1"},
				"down": {"uv": [0, 0, 1.036, 1.036], "rotation": 180, "texture": "#1"}
			}
		},
		{
			"from": [6.37309, 10.757, 14.55407],
			"to": [6.89109, 12.275, 15.07207],
			"rotation": {"angle": 0, "axis": "y", "origin": [8.09104, 13.64713, 8.53153]},
			"faces": {
				"north": {"uv": [0, 0, 1.036, 3.036], "texture": "#1"},
				"east": {"uv": [0, 0, 1.036, 3.036], "texture": "#1"},
				"south": {"uv": [0, 0, 1.036, 3.036], "texture": "#1"},
				"west": {"uv": [0, 0, 1.036, 3.036], "texture": "#1"},
				"up": {"uv": [0, 0, 1.036, 1.036], "rotation": 180, "texture": "#1"},
				"down": {"uv": [0, 0, 1.036, 1.036], "rotation": 180, "texture": "#1"}
			}
		},
		{
			"from": [9.22309, 10.757, 14.55407],
			"to": [9.74109, 12.275, 15.07207],
			"rotation": {"angle": 0, "axis": "y", "origin": [8.09104, 13.64713, 8.53153]},
			"faces": {
				"north": {"uv": [0, 0, 1.036, 3.036], "texture": "#1"},
				"east": {"uv": [0, 0, 1.036, 3.036], "texture": "#1"},
				"south": {"uv": [0, 0, 1.036, 3.036], "texture": "#1"},
				"west": {"uv": [0, 0, 1.036, 3.036], "texture": "#1"},
				"up": {"uv": [0, 0, 1.036, 1.036], "rotation": 180, "texture": "#1"},
				"down": {"uv": [0, 0, 1.036, 1.036], "rotation": 180, "texture": "#1"}
			}
		},
		{
			"from": [3.57309, 10.757, 14.55407],
			"to": [4.09109, 12.275, 15.07207],
			"rotation": {"angle": 0, "axis": "y", "origin": [8.09104, 13.64713, 8.53153]},
			"faces": {
				"north": {"uv": [0, 0, 1.036, 3.036], "texture": "#1"},
				"east": {"uv": [0, 0, 1.036, 3.036], "texture": "#1"},
				"south": {"uv": [0, 0, 1.036, 3.036], "texture": "#1"},
				"west": {"uv": [0, 0, 1.036, 3.036], "texture": "#1"},
				"up": {"uv": [0, 0, 1.036, 1.036], "rotation": 180, "texture": "#1"},
				"down": {"uv": [0, 0, 1.036, 1.036], "rotation": 180, "texture": "#1"}
			}
		},
		{
			"from": [1.17309, 10.757, 14.55407],
			"to": [1.69109, 12.275, 15.07207],
			"rotation": {"angle": 0, "axis": "y", "origin": [8.09104, 13.64713, 8.53153]},
			"faces": {
				"north": {"uv": [0, 0, 1.036, 3.036], "texture": "#1"},
				"east": {"uv": [0, 0, 1.036, 3.036], "texture": "#1"},
				"south": {"uv": [0, 0, 1.036, 3.036], "texture": "#1"},
				"west": {"uv": [0, 0, 1.036, 3.036], "texture": "#1"},
				"up": {"uv": [0, 0, 1.036, 1.036], "rotation": 180, "texture": "#1"},
				"down": {"uv": [0, 0, 1.036, 1.036], "rotation": 180, "texture": "#1"}
			}
		},
		{
			"from": [1.17309, 10.757, 12.35407],
			"to": [1.69109, 12.275, 12.87207],
			"rotation": {"angle": 0, "axis": "y", "origin": [8.09104, 13.64713, 8.53153]},
			"faces": {
				"north": {"uv": [0, 0, 1.036, 3.036], "texture": "#1"},
				"east": {"uv": [0, 0, 1.036, 3.036], "texture": "#1"},
				"south": {"uv": [0, 0, 1.036, 3.036], "texture": "#1"},
				"west": {"uv": [0, 0, 1.036, 3.036], "texture": "#1"},
				"up": {"uv": [0, 0, 1.036, 1.036], "rotation": 180, "texture": "#1"},
				"down": {"uv": [0, 0, 1.036, 1.036], "rotation": 180, "texture": "#1"}
			}
		},
		{
			"from": [1.17309, 10.757, 9.35407],
			"to": [1.69109, 12.275, 9.87207],
			"rotation": {"angle": 0, "axis": "y", "origin": [8.09104, 13.64713, 8.53153]},
			"faces": {
				"north": {"uv": [0, 0, 1.036, 3.036], "texture": "#1"},
				"east": {"uv": [0, 0, 1.036, 3.036], "texture": "#1"},
				"south": {"uv": [0, 0, 1.036, 3.036], "texture": "#1"},
				"west": {"uv": [0, 0, 1.036, 3.036], "texture": "#1"},
				"up": {"uv": [0, 0, 1.036, 1.036], "rotation": 180, "texture": "#1"},
				"down": {"uv": [0, 0, 1.036, 1.036], "rotation": 180, "texture": "#1"}
			}
		},
		{
			"from": [1.17309, 10.757, 6.35407],
			"to": [1.69109, 12.275, 6.87207],
			"rotation": {"angle": 0, "axis": "y", "origin": [8.09104, 13.64713, 8.53153]},
			"faces": {
				"north": {"uv": [0, 0, 1.036, 3.036], "texture": "#1"},
				"east": {"uv": [0, 0, 1.036, 3.036], "texture": "#1"},
				"south": {"uv": [0, 0, 1.036, 3.036], "texture": "#1"},
				"west": {"uv": [0, 0, 1.036, 3.036], "texture": "#1"},
				"up": {"uv": [0, 0, 1.036, 1.036], "rotation": 180, "texture": "#1"},
				"down": {"uv": [0, 0, 1.036, 1.036], "rotation": 180, "texture": "#1"}
			}
		},
		{
			"from": [1.17309, 10.757, 3.35407],
			"to": [1.69109, 12.275, 3.87207],
			"rotation": {"angle": 0, "axis": "y", "origin": [8.09104, 13.64713, 8.53153]},
			"faces": {
				"north": {"uv": [0, 0, 1.036, 3.036], "texture": "#1"},
				"east": {"uv": [0, 0, 1.036, 3.036], "texture": "#1"},
				"south": {"uv": [0, 0, 1.036, 3.036], "texture": "#1"},
				"west": {"uv": [0, 0, 1.036, 3.036], "texture": "#1"},
				"up": {"uv": [0, 0, 1.036, 1.036], "rotation": 180, "texture": "#1"},
				"down": {"uv": [0, 0, 1.036, 1.036], "rotation": 180, "texture": "#1"}
			}
		},
		{
			"from": [1.17309, 10.757, 1.05407],
			"to": [1.69109, 12.275, 1.57207],
			"rotation": {"angle": 0, "axis": "y", "origin": [8.09104, 13.64713, 8.53153]},
			"faces": {
				"north": {"uv": [0, 0, 1.036, 3.036], "texture": "#1"},
				"east": {"uv": [0, 0, 1.036, 3.036], "texture": "#1"},
				"south": {"uv": [0, 0, 1.036, 3.036], "texture": "#1"},
				"west": {"uv": [0, 0, 1.036, 3.036], "texture": "#1"},
				"up": {"uv": [0, 0, 1.036, 1.036], "rotation": 180, "texture": "#1"},
				"down": {"uv": [0, 0, 1.036, 1.036], "rotation": 180, "texture": "#1"}
			}
		},
		{
			"from": [3.81209, 12.014, 0.94307],
			"to": [4.55209, 12.754, 1.68307],
			"rotation": {"angle": 0, "axis": "y", "origin": [8.09104, 13.64713, 8.53153]},
			"faces": {
				"north": {"uv": [0, 0, 1.48, 1.48], "texture": "#1"},
				"east": {"uv": [0, 0, 1.48, 1.48], "texture": "#1"},
				"south": {"uv": [0, 0, 1.48, 1.48], "texture": "#1"},
				"west": {"uv": [0, 0, 1.48, 1.48], "texture": "#1"},
				"up": {"uv": [0, 0, 1.48, 1.48], "rotation": 180, "texture": "#1"},
				"down": {"uv": [0, 0, 1.48, 1.48], "rotation": 180, "texture": "#1"}
			}
		},
		{
			"from": [6.56209, 12.014, 0.94307],
			"to": [7.30209, 12.754, 1.68307],
			"rotation": {"angle": 0, "axis": "y", "origin": [8.09104, 13.64713, 8.53153]},
			"faces": {
				"north": {"uv": [0, 0, 1.48, 1.48], "texture": "#1"},
				"east": {"uv": [0, 0, 1.48, 1.48], "texture": "#1"},
				"south": {"uv": [0, 0, 1.48, 1.48], "texture": "#1"},
				"west": {"uv": [0, 0, 1.48, 1.48], "texture": "#1"},
				"up": {"uv": [0, 0, 1.48, 1.48], "rotation": 180, "texture": "#1"},
				"down": {"uv": [0, 0, 1.48, 1.48], "rotation": 180, "texture": "#1"}
			}
		},
		{
			"from": [6.56209, 10.646, 0.94307],
			"to": [7.30209, 11.386, 1.68307],
			"rotation": {"angle": 0, "axis": "y", "origin": [8.09104, 13.64713, 8.53153]},
			"faces": {
				"north": {"uv": [0, 0, 1.48, 1.48], "texture": "#1"},
				"east": {"uv": [0, 0, 1.48, 1.48], "texture": "#1"},
				"south": {"uv": [0, 0, 1.48, 1.48], "texture": "#1"},
				"west": {"uv": [0, 0, 1.48, 1.48], "texture": "#1"},
				"up": {"uv": [0, 0, 1.48, 1.48], "rotation": 180, "texture": "#1"},
				"down": {"uv": [0, 0, 1.48, 1.48], "rotation": 180, "texture": "#1"}
			}
		},
		{
			"from": [8.81209, 10.646, 0.94307],
			"to": [9.55209, 11.386, 1.68307],
			"rotation": {"angle": 0, "axis": "y", "origin": [8.09104, 13.64713, 8.53153]},
			"faces": {
				"north": {"uv": [0, 0, 1.48, 1.48], "texture": "#1"},
				"east": {"uv": [0, 0, 1.48, 1.48], "texture": "#1"},
				"south": {"uv": [0, 0, 1.48, 1.48], "texture": "#1"},
				"west": {"uv": [0, 0, 1.48, 1.48], "texture": "#1"},
				"up": {"uv": [0, 0, 1.48, 1.48], "rotation": 180, "texture": "#1"},
				"down": {"uv": [0, 0, 1.48, 1.48], "rotation": 180, "texture": "#1"}
			}
		},
		{
			"from": [8.81209, 12.014, 0.94307],
			"to": [9.55209, 12.754, 1.68307],
			"rotation": {"angle": 0, "axis": "y", "origin": [8.09104, 13.64713, 8.53153]},
			"faces": {
				"north": {"uv": [0, 0, 1.48, 1.48], "texture": "#1"},
				"east": {"uv": [0, 0, 1.48, 1.48], "texture": "#1"},
				"south": {"uv": [0, 0, 1.48, 1.48], "texture": "#1"},
				"west": {"uv": [0, 0, 1.48, 1.48], "texture": "#1"},
				"up": {"uv": [0, 0, 1.48, 1.48], "rotation": 180, "texture": "#1"},
				"down": {"uv": [0, 0, 1.48, 1.48], "rotation": 180, "texture": "#1"}
			}
		},
		{
			"from": [11.76209, 12.014, 0.94307],
			"to": [12.50209, 12.754, 1.68307],
			"rotation": {"angle": 0, "axis": "y", "origin": [8.09104, 13.64713, 8.53153]},
			"faces": {
				"north": {"uv": [0, 0, 1.48, 1.48], "texture": "#1"},
				"east": {"uv": [0, 0, 1.48, 1.48], "texture": "#1"},
				"south": {"uv": [0, 0, 1.48, 1.48], "texture": "#1"},
				"west": {"uv": [0, 0, 1.48, 1.48], "texture": "#1"},
				"up": {"uv": [0, 0, 1.48, 1.48], "rotation": 180, "texture": "#1"},
				"down": {"uv": [0, 0, 1.48, 1.48], "rotation": 180, "texture": "#1"}
			}
		},
		{
			"from": [11.76209, 10.646, 0.94307],
			"to": [12.50209, 11.386, 1.68307],
			"rotation": {"angle": 0, "axis": "y", "origin": [8.09104, 13.64713, 8.53153]},
			"faces": {
				"north": {"uv": [0, 0, 1.48, 1.48], "texture": "#1"},
				"east": {"uv": [0, 0, 1.48, 1.48], "texture": "#1"},
				"south": {"uv": [0, 0, 1.48, 1.48], "texture": "#1"},
				"west": {"uv": [0, 0, 1.48, 1.48], "texture": "#1"},
				"up": {"uv": [0, 0, 1.48, 1.48], "rotation": 180, "texture": "#1"},
				"down": {"uv": [0, 0, 1.48, 1.48], "rotation": 180, "texture": "#1"}
			}
		},
		{
			"from": [1.02042, 12.014, 3.23474],
			"to": [1.76042, 12.754, 3.97474],
			"rotation": {"angle": 0, "axis": "y", "origin": [8.09104, 13.64713, 8.53153]},
			"faces": {
				"north": {"uv": [0, 0, 1.48, 1.48], "texture": "#1"},
				"east": {"uv": [0, 0, 1.48, 1.48], "texture": "#1"},
				"south": {"uv": [0, 0, 1.48, 1.48], "texture": "#1"},
				"west": {"uv": [0, 0, 1.48, 1.48], "texture": "#1"},
				"up": {"uv": [0, 0, 1.48, 1.48], "rotation": 270, "texture": "#1"},
				"down": {"uv": [0, 0, 1.48, 1.48], "rotation": 90, "texture": "#1"}
			}
		},
		{
			"from": [1.02042, 10.646, 3.23474],
			"to": [1.76042, 11.386, 3.97474],
			"rotation": {"angle": 0, "axis": "y", "origin": [8.09104, 13.64713, 8.53153]},
			"faces": {
				"north": {"uv": [0, 0, 1.48, 1.48], "texture": "#1"},
				"east": {"uv": [0, 0, 1.48, 1.48], "texture": "#1"},
				"south": {"uv": [0, 0, 1.48, 1.48], "texture": "#1"},
				"west": {"uv": [0, 0, 1.48, 1.48], "texture": "#1"},
				"up": {"uv": [0, 0, 1.48, 1.48], "rotation": 270, "texture": "#1"},
				"down": {"uv": [0, 0, 1.48, 1.48], "rotation": 90, "texture": "#1"}
			}
		},
		{
			"from": [1.02042, 10.646, 6.23474],
			"to": [1.76042, 11.386, 6.97474],
			"rotation": {"angle": 0, "axis": "y", "origin": [8.09104, 13.64713, 8.53153]},
			"faces": {
				"north": {"uv": [0, 0, 1.48, 1.48], "texture": "#1"},
				"east": {"uv": [0, 0, 1.48, 1.48], "texture": "#1"},
				"south": {"uv": [0, 0, 1.48, 1.48], "texture": "#1"},
				"west": {"uv": [0, 0, 1.48, 1.48], "texture": "#1"},
				"up": {"uv": [0, 0, 1.48, 1.48], "rotation": 270, "texture": "#1"},
				"down": {"uv": [0, 0, 1.48, 1.48], "rotation": 90, "texture": "#1"}
			}
		},
		{
			"from": [1.02042, 12.014, 6.23474],
			"to": [1.76042, 12.754, 6.97474],
			"rotation": {"angle": 0, "axis": "y", "origin": [8.09104, 13.64713, 8.53153]},
			"faces": {
				"north": {"uv": [0, 0, 1.48, 1.48], "texture": "#1"},
				"east": {"uv": [0, 0, 1.48, 1.48], "texture": "#1"},
				"south": {"uv": [0, 0, 1.48, 1.48], "texture": "#1"},
				"west": {"uv": [0, 0, 1.48, 1.48], "texture": "#1"},
				"up": {"uv": [0, 0, 1.48, 1.48], "rotation": 270, "texture": "#1"},
				"down": {"uv": [0, 0, 1.48, 1.48], "rotation": 90, "texture": "#1"}
			}
		},
		{
			"from": [1.02042, 12.014, 9.23474],
			"to": [1.76042, 12.754, 9.97474],
			"rotation": {"angle": 0, "axis": "y", "origin": [8.09104, 13.64713, 8.53153]},
			"faces": {
				"north": {"uv": [0, 0, 1.48, 1.48], "texture": "#1"},
				"east": {"uv": [0, 0, 1.48, 1.48], "texture": "#1"},
				"south": {"uv": [0, 0, 1.48, 1.48], "texture": "#1"},
				"west": {"uv": [0, 0, 1.48, 1.48], "texture": "#1"},
				"up": {"uv": [0, 0, 1.48, 1.48], "rotation": 270, "texture": "#1"},
				"down": {"uv": [0, 0, 1.48, 1.48], "rotation": 90, "texture": "#1"}
			}
		},
		{
			"from": [1.02042, 10.646, 9.23474],
			"to": [1.76042, 11.386, 9.97474],
			"rotation": {"angle": 0, "axis": "y", "origin": [8.09104, 13.64713, 8.53153]},
			"faces": {
				"north": {"uv": [0, 0, 1.48, 1.48], "texture": "#1"},
				"east": {"uv": [0, 0, 1.48, 1.48], "texture": "#1"},
				"south": {"uv": [0, 0, 1.48, 1.48], "texture": "#1"},
				"west": {"uv": [0, 0, 1.48, 1.48], "texture": "#1"},
				"up": {"uv": [0, 0, 1.48, 1.48], "rotation": 270, "texture": "#1"},
				"down": {"uv": [0, 0, 1.48, 1.48], "rotation": 90, "texture": "#1"}
			}
		},
		{
			"from": [1.02042, 10.646, 12.23474],
			"to": [1.76042, 11.386, 12.97474],
			"rotation": {"angle": 0, "axis": "y", "origin": [8.09104, 13.64713, 8.53153]},
			"faces": {
				"north": {"uv": [0, 0, 1.48, 1.48], "texture": "#1"},
				"east": {"uv": [0, 0, 1.48, 1.48], "texture": "#1"},
				"south": {"uv": [0, 0, 1.48, 1.48], "texture": "#1"},
				"west": {"uv": [0, 0, 1.48, 1.48], "texture": "#1"},
				"up": {"uv": [0, 0, 1.48, 1.48], "rotation": 270, "texture": "#1"},
				"down": {"uv": [0, 0, 1.48, 1.48], "rotation": 90, "texture": "#1"}
			}
		},
		{
			"from": [1.02042, 12.014, 12.23474],
			"to": [1.76042, 12.754, 12.97474],
			"rotation": {"angle": 0, "axis": "y", "origin": [8.09104, 13.64713, 8.53153]},
			"faces": {
				"north": {"uv": [0, 0, 1.48, 1.48], "texture": "#1"},
				"east": {"uv": [0, 0, 1.48, 1.48], "texture": "#1"},
				"south": {"uv": [0, 0, 1.48, 1.48], "texture": "#1"},
				"west": {"uv": [0, 0, 1.48, 1.48], "texture": "#1"},
				"up": {"uv": [0, 0, 1.48, 1.48], "rotation": 270, "texture": "#1"},
				"down": {"uv": [0, 0, 1.48, 1.48], "rotation": 90, "texture": "#1"}
			}
		},
		{
			"from": [14.62042, 10.646, 3.23474],
			"to": [15.36042, 11.386, 3.97474],
			"rotation": {"angle": 0, "axis": "y", "origin": [8.09104, 13.64713, 8.53153]},
			"faces": {
				"north": {"uv": [0, 0, 1.48, 1.48], "texture": "#1"},
				"east": {"uv": [0, 0, 1.48, 1.48], "texture": "#1"},
				"south": {"uv": [0, 0, 1.48, 1.48], "texture": "#1"},
				"west": {"uv": [0, 0, 1.48, 1.48], "texture": "#1"},
				"up": {"uv": [0, 0, 1.48, 1.48], "rotation": 270, "texture": "#1"},
				"down": {"uv": [0, 0, 1.48, 1.48], "rotation": 90, "texture": "#1"}
			}
		},
		{
			"from": [14.62042, 12.014, 3.23474],
			"to": [15.36042, 12.754, 3.97474],
			"rotation": {"angle": 0, "axis": "y", "origin": [8.09104, 13.64713, 8.53153]},
			"faces": {
				"north": {"uv": [0, 0, 1.48, 1.48], "texture": "#1"},
				"east": {"uv": [0, 0, 1.48, 1.48], "texture": "#1"},
				"south": {"uv": [0, 0, 1.48, 1.48], "texture": "#1"},
				"west": {"uv": [0, 0, 1.48, 1.48], "texture": "#1"},
				"up": {"uv": [0, 0, 1.48, 1.48], "rotation": 270, "texture": "#1"},
				"down": {"uv": [0, 0, 1.48, 1.48], "rotation": 90, "texture": "#1"}
			}
		},
		{
			"from": [14.77309, 10.757, 3.35407],
			"to": [15.29109, 12.275, 3.87207],
			"rotation": {"angle": 0, "axis": "y", "origin": [8.09104, 13.64713, 8.53153]},
			"faces": {
				"north": {"uv": [0, 0, 1.036, 3.036], "texture": "#1"},
				"east": {"uv": [0, 0, 1.036, 3.036], "texture": "#1"},
				"south": {"uv": [0, 0, 1.036, 3.036], "texture": "#1"},
				"west": {"uv": [0, 0, 1.036, 3.036], "texture": "#1"},
				"up": {"uv": [0, 0, 1.036, 1.036], "rotation": 180, "texture": "#1"},
				"down": {"uv": [0, 0, 1.036, 1.036], "rotation": 180, "texture": "#1"}
			}
		},
		{
			"from": [14.77309, 10.757, 6.35407],
			"to": [15.29109, 12.275, 6.87207],
			"rotation": {"angle": 0, "axis": "y", "origin": [8.09104, 13.64713, 8.53153]},
			"faces": {
				"north": {"uv": [0, 0, 1.036, 3.036], "texture": "#1"},
				"east": {"uv": [0, 0, 1.036, 3.036], "texture": "#1"},
				"south": {"uv": [0, 0, 1.036, 3.036], "texture": "#1"},
				"west": {"uv": [0, 0, 1.036, 3.036], "texture": "#1"},
				"up": {"uv": [0, 0, 1.036, 1.036], "rotation": 180, "texture": "#1"},
				"down": {"uv": [0, 0, 1.036, 1.036], "rotation": 180, "texture": "#1"}
			}
		},
		{
			"from": [14.62042, 10.646, 6.23474],
			"to": [15.36042, 11.386, 6.97474],
			"rotation": {"angle": 0, "axis": "y", "origin": [8.09104, 13.64713, 8.53153]},
			"faces": {
				"north": {"uv": [0, 0, 1.48, 1.48], "texture": "#1"},
				"east": {"uv": [0, 0, 1.48, 1.48], "texture": "#1"},
				"south": {"uv": [0, 0, 1.48, 1.48], "texture": "#1"},
				"west": {"uv": [0, 0, 1.48, 1.48], "texture": "#1"},
				"up": {"uv": [0, 0, 1.48, 1.48], "rotation": 270, "texture": "#1"},
				"down": {"uv": [0, 0, 1.48, 1.48], "rotation": 90, "texture": "#1"}
			}
		},
		{
			"from": [14.62042, 12.014, 6.23474],
			"to": [15.36042, 12.754, 6.97474],
			"rotation": {"angle": 0, "axis": "y", "origin": [8.09104, 13.64713, 8.53153]},
			"faces": {
				"north": {"uv": [0, 0, 1.48, 1.48], "texture": "#1"},
				"east": {"uv": [0, 0, 1.48, 1.48], "texture": "#1"},
				"south": {"uv": [0, 0, 1.48, 1.48], "texture": "#1"},
				"west": {"uv": [0, 0, 1.48, 1.48], "texture": "#1"},
				"up": {"uv": [0, 0, 1.48, 1.48], "rotation": 270, "texture": "#1"},
				"down": {"uv": [0, 0, 1.48, 1.48], "rotation": 90, "texture": "#1"}
			}
		},
		{
			"from": [14.62042, 12.014, 9.23474],
			"to": [15.36042, 12.754, 9.97474],
			"rotation": {"angle": 0, "axis": "y", "origin": [8.09104, 13.64713, 8.53153]},
			"faces": {
				"north": {"uv": [0, 0, 1.48, 1.48], "texture": "#1"},
				"east": {"uv": [0, 0, 1.48, 1.48], "texture": "#1"},
				"south": {"uv": [0, 0, 1.48, 1.48], "texture": "#1"},
				"west": {"uv": [0, 0, 1.48, 1.48], "texture": "#1"},
				"up": {"uv": [0, 0, 1.48, 1.48], "rotation": 270, "texture": "#1"},
				"down": {"uv": [0, 0, 1.48, 1.48], "rotation": 90, "texture": "#1"}
			}
		},
		{
			"from": [14.77309, 10.757, 9.35407],
			"to": [15.29109, 12.275, 9.87207],
			"rotation": {"angle": 0, "axis": "y", "origin": [8.09104, 13.64713, 8.53153]},
			"faces": {
				"north": {"uv": [0, 0, 1.036, 3.036], "texture": "#1"},
				"east": {"uv": [0, 0, 1.036, 3.036], "texture": "#1"},
				"south": {"uv": [0, 0, 1.036, 3.036], "texture": "#1"},
				"west": {"uv": [0, 0, 1.036, 3.036], "texture": "#1"},
				"up": {"uv": [0, 0, 1.036, 1.036], "rotation": 180, "texture": "#1"},
				"down": {"uv": [0, 0, 1.036, 1.036], "rotation": 180, "texture": "#1"}
			}
		},
		{
			"from": [14.62042, 10.646, 9.23474],
			"to": [15.36042, 11.386, 9.97474],
			"rotation": {"angle": 0, "axis": "y", "origin": [8.09104, 13.64713, 8.53153]},
			"faces": {
				"north": {"uv": [0, 0, 1.48, 1.48], "texture": "#1"},
				"east": {"uv": [0, 0, 1.48, 1.48], "texture": "#1"},
				"south": {"uv": [0, 0, 1.48, 1.48], "texture": "#1"},
				"west": {"uv": [0, 0, 1.48, 1.48], "texture": "#1"},
				"up": {"uv": [0, 0, 1.48, 1.48], "rotation": 270, "texture": "#1"},
				"down": {"uv": [0, 0, 1.48, 1.48], "rotation": 90, "texture": "#1"}
			}
		},
		{
			"from": [14.62042, 12.014, 12.23474],
			"to": [15.36042, 12.754, 12.97474],
			"rotation": {"angle": 0, "axis": "y", "origin": [8.09104, 13.64713, 8.53153]},
			"faces": {
				"north": {"uv": [0, 0, 1.48, 1.48], "texture": "#1"},
				"east": {"uv": [0, 0, 1.48, 1.48], "texture": "#1"},
				"south": {"uv": [0, 0, 1.48, 1.48], "texture": "#1"},
				"west": {"uv": [0, 0, 1.48, 1.48], "texture": "#1"},
				"up": {"uv": [0, 0, 1.48, 1.48], "rotation": 270, "texture": "#1"},
				"down": {"uv": [0, 0, 1.48, 1.48], "rotation": 90, "texture": "#1"}
			}
		},
		{
			"from": [14.77309, 10.757, 12.35407],
			"to": [15.29109, 12.275, 12.87207],
			"rotation": {"angle": 0, "axis": "y", "origin": [8.09104, 13.64713, 8.53153]},
			"faces": {
				"north": {"uv": [0, 0, 1.036, 3.036], "texture": "#1"},
				"east": {"uv": [0, 0, 1.036, 3.036], "texture": "#1"},
				"south": {"uv": [0, 0, 1.036, 3.036], "texture": "#1"},
				"west": {"uv": [0, 0, 1.036, 3.036], "texture": "#1"},
				"up": {"uv": [0, 0, 1.036, 1.036], "rotation": 180, "texture": "#1"},
				"down": {"uv": [0, 0, 1.036, 1.036], "rotation": 180, "texture": "#1"}
			}
		},
		{
			"from": [14.62042, 10.646, 12.23474],
			"to": [15.36042, 11.386, 12.97474],
			"rotation": {"angle": 0, "axis": "y", "origin": [8.09104, 13.64713, 8.53153]},
			"faces": {
				"north": {"uv": [0, 0, 1.48, 1.48], "texture": "#1"},
				"east": {"uv": [0, 0, 1.48, 1.48], "texture": "#1"},
				"south": {"uv": [0, 0, 1.48, 1.48], "texture": "#1"},
				"west": {"uv": [0, 0, 1.48, 1.48], "texture": "#1"},
				"up": {"uv": [0, 0, 1.48, 1.48], "rotation": 270, "texture": "#1"},
				"down": {"uv": [0, 0, 1.48, 1.48], "rotation": 90, "texture": "#1"}
			}
		}
	],
	"display": {
		"thirdperson_righthand": {
			"translation": [0, -4, -3.25],
			"scale": [0.5, 0.5, 0.5]
		},
		"thirdperson_lefthand": {
			"translation": [0, -4, -3.25],
			"scale": [0.5, 0.5, 0.5]
		},
		"firstperson_righthand": {
			"translation": [0, 0, 0.75],
			"scale": [0.7, 0.7, 0.7]
		},
		"firstperson_lefthand": {
			"translation": [0, 0, 0.75],
			"scale": [0.7, 0.7, 0.7]
		},
		"ground": {
			"translation": [0, -4.25, 0],
			"scale": [0.7, 0.7, 0.7]
		},
		"gui": {
			"rotation": [23, -118, 0],
			"translation": [0, -2.25, 0],
			"scale": [0.8, 0.8, 0.8]
		},
		"fixed": {
			"rotation": [-90, 0, 0],
			"translation": [0, 0, 3.75],
			"scale": [1.5, 1.5, 1.5]
		}
	}
}
