{
	"credit": "Made with Blockbench",
	"textures": {
		"0": "concrete:helmets/crowns/ducal_mortier",
		"1": "concrete:helmets/crowns/ducal_mortier2",
		"particle": "concrete:helmets/crowns/ducal_mortier"
	},
	"elements": [
		{
			"from": [1.26173, 5.18912, 3.16173],
			"to": [1.38673, 14.41088, 11.83827],
			"rotation": {"angle": -22.5, "axis": "x", "origin": [1.26173, 11, 8]},
			"faces": {
				"north": {"uv": [2.84163, 2.98643, 2.87783, 3.02262], "texture": "#1"},
				"east": {"uv": [2.84163, 2.98643, 2.87783, 3.02262], "texture": "#1"},
				"south": {"uv": [2.84163, 2.98643, 2.87783, 3.02262], "texture": "#1"},
				"west": {"uv": [2.84163, 2.98643, 2.87783, 3.02262], "texture": "#1"},
				"up": {"uv": [2.84163, 2.98643, 2.87783, 3.02262], "texture": "#1"},
				"down": {"uv": [2.84163, 2.98643, 2.87783, 3.02262], "texture": "#1"}
			}
		},
		{
			"from": [14.66173, 5.18912, 3.16173],
			"to": [14.76173, 14.41088, 11.83827],
			"rotation": {"angle": -22.5, "axis": "x", "origin": [1.26173, 11, 8]},
			"faces": {
				"north": {"uv": [2.84163, 2.98643, 2.87783, 3.02262], "texture": "#1"},
				"east": {"uv": [2.84163, 2.98643, 2.87783, 3.02262], "texture": "#1"},
				"south": {"uv": [2.84163, 2.98643, 2.87783, 3.02262], "texture": "#1"},
				"west": {"uv": [2.84163, 2.98643, 2.87783, 3.02262], "texture": "#1"},
				"up": {"uv": [2.84163, 2.98643, 2.87783, 3.02262], "texture": "#1"},
				"down": {"uv": [2.84163, 2.98643, 2.87783, 3.02262], "texture": "#1"}
			}
		},
		{
			"from": [1.26173, 7.10029, 11.34328],
			"to": [1.38673, 12.32205, 13.76983],
			"rotation": {"angle": 0, "axis": "x", "origin": [1.26173, 12.91117, 9.93156]},
			"faces": {
				"north": {"uv": [2.84163, 2.98643, 2.87783, 3.02262], "texture": "#1"},
				"east": {"uv": [2.84163, 2.98643, 2.87783, 3.02262], "texture": "#1"},
				"south": {"uv": [2.84163, 2.98643, 2.87783, 3.02262], "texture": "#1"},
				"west": {"uv": [2.84163, 2.98643, 2.87783, 3.02262], "texture": "#1"},
				"up": {"uv": [2.84163, 2.98643, 2.87783, 3.02262], "texture": "#1"},
				"down": {"uv": [2.84163, 2.98643, 2.87783, 3.02262], "texture": "#1"}
			}
		},
		{
			"from": [14.66173, 7.10029, 11.34328],
			"to": [14.76173, 12.32205, 13.76983],
			"rotation": {"angle": 0, "axis": "x", "origin": [1.26173, 12.91117, 9.93156]},
			"faces": {
				"north": {"uv": [2.84163, 2.98643, 2.87783, 3.02262], "texture": "#1"},
				"east": {"uv": [2.84163, 2.98643, 2.87783, 3.02262], "texture": "#1"},
				"south": {"uv": [2.84163, 2.98643, 2.87783, 3.02262], "texture": "#1"},
				"west": {"uv": [2.84163, 2.98643, 2.87783, 3.02262], "texture": "#1"},
				"up": {"uv": [2.84163, 2.98643, 2.87783, 3.02262], "texture": "#1"},
				"down": {"uv": [2.84163, 2.98643, 2.87783, 3.02262], "texture": "#1"}
			}
		},
		{
			"from": [0.24529, 16.37568, 0.24529],
			"to": [15.75471, 17.46608, 15.75471],
			"rotation": {"angle": 0, "axis": "y", "origin": [0.24529, 0.51332, 0.24529]},
			"faces": {
				"north": {"uv": [0, 0, 15.50942, 1.0904], "texture": "#0"},
				"east": {"uv": [0, 0, 15.50942, 1.0904], "texture": "#0"},
				"south": {"uv": [0, 0, 15.50942, 1.0904], "texture": "#0"},
				"west": {"uv": [0, 0, 15.50942, 1.0904], "texture": "#0"},
				"up": {"uv": [0, 0, 15.50942, 15.50942], "texture": "#0"},
				"down": {"uv": [0, 0, 15.50942, 15.50942], "texture": "#0"}
			}
		},
		{
			"from": [0.8882, 15.90088, 0.8882],
			"to": [15.1118, 16.42088, 15.1118],
			"rotation": {"angle": 0, "axis": "y", "origin": [0.8882, 1.9565, 0.8882]},
			"faces": {
				"north": {"uv": [0, 0, 14.22361, 0.52], "texture": "#0"},
				"east": {"uv": [0, 0, 14.22361, 0.52], "texture": "#0"},
				"south": {"uv": [0, 0, 14.22361, 0.52], "texture": "#0"},
				"west": {"uv": [0, 0, 14.22361, 0.52], "texture": "#0"},
				"up": {"uv": [0, 0, 14.22361, 14.22361], "texture": "#0"},
				"down": {"uv": [0, 0, 14.22361, 14.22361], "texture": "#0"}
			}
		},
		{
			"from": [1.16173, 11.08912, 1.16173],
			"to": [14.83827, 16.91088, 14.83827],
			"rotation": {"angle": 0, "axis": "y", "origin": [1.16173, 2.54128, 1.16173]},
			"faces": {
				"north": {"uv": [0, 0, 13.67654, 5.82176], "texture": "#0"},
				"east": {"uv": [0, 0, 13.67654, 5.82176], "texture": "#0"},
				"south": {"uv": [0, 0, 13.67654, 5.82176], "texture": "#0"},
				"west": {"uv": [0, 0, 13.67654, 5.82176], "texture": "#0"},
				"up": {"uv": [0, 0, 13.67654, 13.67654], "texture": "#0"},
				"down": {"uv": [0, 0, 13.67654, 13.67654], "texture": "#0"}
			}
		},
		{
			"from": [1.38673, 3.8079, 2.70655],
			"to": [1.38673, 12.32966, 13.7331],
			"rotation": {"angle": 0, "axis": "x", "origin": [1.23673, 8.06878, 8.21982]},
			"faces": {
				"east": {"uv": [8.0362, 0, 16, 16], "texture": "#1"}
			}
		},
		{
			"from": [14.78673, 3.8079, 2.70655],
			"to": [14.78673, 12.32966, 13.7331],
			"rotation": {"angle": 0, "axis": "x", "origin": [1.23673, 8.06878, 8.21982]},
			"faces": {
				"east": {"uv": [8.0362, 0, 16, 16], "texture": "#1"}
			}
		},
		{
			"from": [14.63673, 3.8079, 2.70655],
			"to": [14.63673, 12.32966, 13.7331],
			"rotation": {"angle": 0, "axis": "x", "origin": [1.23673, 8.06878, 8.21982]},
			"faces": {
				"west": {"uv": [0, 0.0543, 7.9638, 16.0543], "texture": "#1"}
			}
		},
		{
			"from": [1.23673, 3.8079, 2.70655],
			"to": [1.23673, 12.32966, 13.7331],
			"rotation": {"angle": 0, "axis": "x", "origin": [1.23673, 8.06878, 8.21982]},
			"faces": {
				"west": {"uv": [0, 0.0543, 7.9638, 16.0543], "texture": "#1"}
			}
		}
	],
	"display": {
		"thirdperson_righthand": {
			"translation": [0, -4.25, -0.5],
			"scale": [0.6, 0.6, 0.6]
		},
		"thirdperson_lefthand": {
			"translation": [0, -4.25, -0.5],
			"scale": [0.6, 0.6, 0.6]
		},
		"firstperson_righthand": {
			"scale": [0.6, 0.6, 0.6]
		},
		"firstperson_lefthand": {
			"scale": [0.6, 0.6, 0.6]
		},
		"ground": {
			"scale": [0.6, 0.6, 0.6]
		},
		"gui": {
			"rotation": [14, -126, 0],
			"translation": [0, -2.5, 0],
			"scale": [0.7, 0.7, 0.7]
		},
		"fixed": {
			"rotation": [-50, 0, 0],
			"translation": [0, -4.25, 0],
			"scale": [1.3, 1.3, 1.3]
		}
	},
	"groups": [0, 1, 2, 3,
		{
			"name": "group",
			"origin": [1.16173, 2.54128, 1.16173],
			"color": 0,
			"children": [4, 5, 6]
		},
		{
			"name": "group",
			"origin": [1.23673, 8.06878, 8.21982],
			"color": 0,
			"children": [7, 8, 9, 10]
		}
	]
}
