{
	"credit": "Made with Blockbench",
	"textures": {
		"2": "concrete:helmets/crowns/ruby",
		"3": "concrete:helmets/crowns/diamond",
		"4": "concrete:helmets/crowns/emerald",
		"5": "concrete:helmets/crowns/sapphire",
		"6": "concrete:helmets/crowns/hre_gold",
		"7": "concrete:helmets/crowns/ducal_mortier",
		"particle": "concrete:helmets/crowns/hre_gold"
	},
	"elements": [
		{
			"from": [0.39678, 12.76962, 1.42413],
			"to": [13.8203, 13.69765, 2.86475],
			"rotation": {"angle": 0, "axis": "y", "origin": [0.39678, 0.7052, 1.42413]},
			"faces": {
				"north": {"uv": [0, 0, 13.42351, 0.92803], "texture": "#6"},
				"east": {"uv": [0, 0, 1.44062, 0.92803], "texture": "#6"},
				"south": {"uv": [0, 0, 13.42351, 0.92803], "texture": "#6"},
				"west": {"uv": [0, 0, 1.44062, 0.92803], "texture": "#6"},
				"up": {"uv": [0, 0, 13.42351, 1.44062], "texture": "#6"},
				"down": {"uv": [0, 0, 13.42351, 1.44062], "texture": "#6"}
			}
		},
		{
			"from": [1.84678, 12.76962, 2.88975],
			"to": [13.8203, 18.69765, 14.86475],
			"rotation": {"angle": 0, "axis": "y", "origin": [0.39678, 0.7052, 1.42413]},
			"faces": {
				"north": {"uv": [0, 0, 12.07351, 5.92803], "texture": "#7"},
				"east": {"uv": [0, 0, 12, 5.92803], "texture": "#7"},
				"south": {"uv": [0, 0, 12.07351, 5.92803], "texture": "#7"},
				"west": {"uv": [0, 0, 12, 5.92803], "texture": "#7"},
				"up": {"uv": [0, 0, 12.07351, 12], "texture": "#7"}
			}
		},
		{
			"from": [4.58509, 13.67502, 1.46695],
			"to": [11.0573, 19.71409, 2.26327],
			"rotation": {"angle": 0, "axis": "y", "origin": [3.71731, 3.79239, 1.46695]},
			"faces": {
				"north": {"uv": [4.9427, 0, 11.41491, 6.03907], "texture": "#6"},
				"east": {"uv": [13.73673, 0, 14.53305, 6.03907], "texture": "#6"},
				"south": {"uv": [4.58509, 0, 11.0573, 6.03907], "texture": "#6"},
				"west": {"uv": [1.46695, 0, 2.26327, 6.03907], "texture": "#6"},
				"up": {"uv": [4.58509, 1.46695, 11.0573, 2.26327], "texture": "#6"},
				"down": {"uv": [4.58509, 13.73673, 11.0573, 14.53305], "texture": "#6"}
			}
		},
		{
			"from": [12.05177, 18.42558, 1.75818],
			"to": [13.21817, 19.28958, 2.25665],
			"rotation": {"angle": 45, "axis": "z", "origin": [13.06697, 18.85758, 2.00741]},
			"faces": {
				"north": {"uv": [0, 0, 1.1664, 0.864], "texture": "#6"},
				"east": {"uv": [0, 0, 0.54847, 0.864], "texture": "#6"},
				"south": {"uv": [0, 0, 1.1664, 0.864], "texture": "#6"},
				"west": {"uv": [0, 0, 0.54847, 0.864], "texture": "#6"},
				"up": {"uv": [0, 0, 1.1664, 0.54847], "texture": "#6"},
				"down": {"uv": [0, 0, 1.1664, 0.54847], "texture": "#6"}
			}
		},
		{
			"from": [12.04797, 18.43765, 15.62277],
			"to": [13.21437, 19.30165, 16.12124],
			"rotation": {"angle": 45, "axis": "z", "origin": [13.06317, 18.86965, 15.87201]},
			"faces": {
				"north": {"uv": [0, 0, 1.1664, 0.864], "texture": "#6"},
				"east": {"uv": [0, 0, 0.54847, 0.864], "texture": "#6"},
				"south": {"uv": [0, 0, 1.1664, 0.864], "texture": "#6"},
				"west": {"uv": [0, 0, 0.54847, 0.864], "texture": "#6"},
				"up": {"uv": [0, 0, 1.1664, 0.54847], "texture": "#6"},
				"down": {"uv": [0, 0, 1.1664, 0.54847], "texture": "#6"}
			}
		},
		{
			"from": [14.38958, 18.40597, 2.25421],
			"to": [14.93805, 19.26997, 3.80281],
			"rotation": {"angle": 0, "axis": "y", "origin": [7.98172, 17.24621, 8.6895]},
			"faces": {
				"north": {"uv": [0, 0, 0.54847, 0.864], "texture": "#6"},
				"east": {"uv": [0, 0, 1.5486, 0.864], "texture": "#6"},
				"south": {"uv": [0, 0, 0.54847, 0.864], "texture": "#6"},
				"west": {"uv": [0, 0, 1.5486, 0.864], "texture": "#6"},
				"up": {"uv": [0, 0, 1.5486, 0.54847], "rotation": 90, "texture": "#6"},
				"down": {"uv": [0, 0, 1.5486, 0.54847], "rotation": 270, "texture": "#6"}
			}
		},
		{
			"from": [12.86842, 18.40597, 1.73318],
			"to": [14.94202, 19.26997, 2.28165],
			"rotation": {"angle": 0, "axis": "y", "origin": [7.98172, 17.24621, 8.6895]},
			"faces": {
				"north": {"uv": [0, 0, 2.0736, 0.864], "texture": "#6"},
				"east": {"uv": [0, 0, 0.54847, 0.864], "texture": "#6"},
				"south": {"uv": [0, 0, 2.0736, 0.864], "texture": "#6"},
				"west": {"uv": [0, 0, 0.54847, 0.864], "texture": "#6"},
				"up": {"uv": [0, 0, 2.0736, 0.54847], "texture": "#6"},
				"down": {"uv": [0, 0, 2.0736, 0.54847], "texture": "#6"}
			}
		},
		{
			"from": [14.41458, 18.42558, 3.45305],
			"to": [14.91305, 19.28958, 4.61945],
			"rotation": {"angle": 45, "axis": "x", "origin": [14.66381, 18.85758, 3.60425]},
			"faces": {
				"north": {"uv": [0, 0, 0.54847, 0.864], "texture": "#6"},
				"east": {"uv": [0, 0, 1.1664, 0.864], "texture": "#6"},
				"south": {"uv": [0, 0, 0.54847, 0.864], "texture": "#6"},
				"west": {"uv": [0, 0, 1.1664, 0.864], "texture": "#6"},
				"up": {"uv": [0, 0, 1.1664, 0.54847], "rotation": 90, "texture": "#6"},
				"down": {"uv": [0, 0, 1.1664, 0.54847], "rotation": 270, "texture": "#6"}
			}
		},
		{
			"from": [0.543, 18.43765, 3.44988],
			"to": [1.04147, 19.30165, 4.61628],
			"rotation": {"angle": 45, "axis": "x", "origin": [0.79224, 18.86965, 3.60108]},
			"faces": {
				"north": {"uv": [0, 0, 0.54847, 0.864], "texture": "#6"},
				"east": {"uv": [0, 0, 1.1664, 0.864], "texture": "#6"},
				"south": {"uv": [0, 0, 0.54847, 0.864], "texture": "#6"},
				"west": {"uv": [0, 0, 1.1664, 0.864], "texture": "#6"},
				"up": {"uv": [0, 0, 1.1664, 0.54847], "rotation": 90, "texture": "#6"},
				"down": {"uv": [0, 0, 1.1664, 0.54847], "rotation": 270, "texture": "#6"}
			}
		},
		{
			"from": [14.41077, 17.85445, 13.84317],
			"to": [14.90924, 19.02085, 14.70717],
			"rotation": {"angle": 45, "axis": "x", "origin": [14.66001, 18.86965, 14.27517]},
			"faces": {
				"north": {"uv": [0, 0, 1.1664, 0.54847], "rotation": 90, "texture": "#6"},
				"east": {"uv": [0, 0, 1.1664, 0.864], "rotation": 270, "texture": "#6"},
				"south": {"uv": [0, 0, 1.1664, 0.54847], "rotation": 90, "texture": "#6"},
				"west": {"uv": [0, 0, 1.1664, 0.864], "rotation": 90, "texture": "#6"},
				"up": {"uv": [0, 0, 0.54847, 0.864], "rotation": 180, "texture": "#6"},
				"down": {"uv": [0, 0, 0.54847, 0.864], "texture": "#6"}
			}
		},
		{
			"from": [0.543, 18.13218, 13.3865],
			"to": [1.04147, 18.99618, 14.5529],
			"rotation": {"angle": -45, "axis": "x", "origin": [0.79224, 18.56418, 13.9697]},
			"faces": {
				"north": {"uv": [0, 0, 0.54847, 0.864], "texture": "#6"},
				"east": {"uv": [0, 0, 1.1664, 0.864], "texture": "#6"},
				"south": {"uv": [0, 0, 0.54847, 0.864], "texture": "#6"},
				"west": {"uv": [0, 0, 1.1664, 0.864], "texture": "#6"},
				"up": {"uv": [0, 0, 1.1664, 0.54847], "rotation": 90, "texture": "#6"},
				"down": {"uv": [0, 0, 1.1664, 0.54847], "rotation": 270, "texture": "#6"}
			}
		},
		{
			"from": [2.11135, 18.13218, 15.62277],
			"to": [3.27775, 18.99618, 16.12124],
			"rotation": {"angle": -45, "axis": "z", "origin": [2.69455, 18.56418, 17.60001]},
			"faces": {
				"north": {"uv": [0, 0, 1.1664, 0.864], "texture": "#6"},
				"east": {"uv": [0, 0, 0.54847, 0.864], "texture": "#6"},
				"south": {"uv": [0, 0, 1.1664, 0.864], "texture": "#6"},
				"west": {"uv": [0, 0, 0.54847, 0.864], "texture": "#6"},
				"up": {"uv": [0, 0, 1.1664, 0.54847], "texture": "#6"},
				"down": {"uv": [0, 0, 1.1664, 0.54847], "texture": "#6"}
			}
		},
		{
			"from": [2.11135, 18.13218, 1.755],
			"to": [3.27775, 18.99618, 2.25347],
			"rotation": {"angle": -45, "axis": "z", "origin": [2.69455, 18.56418, 3.73224]},
			"faces": {
				"north": {"uv": [0, 0, 1.1664, 0.864], "texture": "#6"},
				"east": {"uv": [0, 0, 0.54847, 0.864], "texture": "#6"},
				"south": {"uv": [0, 0, 1.1664, 0.864], "texture": "#6"},
				"west": {"uv": [0, 0, 0.54847, 0.864], "texture": "#6"},
				"up": {"uv": [0, 0, 1.1664, 0.54847], "texture": "#6"},
				"down": {"uv": [0, 0, 1.1664, 0.54847], "texture": "#6"}
			}
		},
		{
			"from": [14.38958, 12.8637, 2.25818],
			"to": [14.93805, 18.4452, 4.62758],
			"rotation": {"angle": 0, "axis": "y", "origin": [7.98172, 17.24621, 8.6895]},
			"faces": {
				"north": {"uv": [0, 0, 0.54847, 5.5815], "texture": "#6"},
				"east": {"uv": [0, 0, 2.3694, 5.5815], "texture": "#6"},
				"south": {"uv": [0, 0, 0.54847, 5.5815], "texture": "#6"},
				"west": {"uv": [0, 0, 2.3694, 5.5815], "texture": "#6"},
				"up": {"uv": [0, 0, 2.3694, 0.54847], "rotation": 270, "texture": "#6"},
				"down": {"uv": [0, 0, 2.3694, 0.54847], "rotation": 90, "texture": "#6"}
			}
		},
		{
			"from": [14.38958, 12.8637, 1.73318],
			"to": [14.93805, 18.4452, 4.62758],
			"rotation": {"angle": 0, "axis": "y", "origin": [14.77181, 15.76245, 3.07238]},
			"faces": {
				"north": {"uv": [0, 0, 0.54847, 5.5815], "texture": "#6"},
				"east": {"uv": [0, 0, 2.8944, 5.5815], "texture": "#6"},
				"south": {"uv": [0, 0, 0.54847, 5.5815], "texture": "#6"},
				"west": {"uv": [0, 0, 2.8944, 5.5815], "texture": "#6"},
				"up": {"uv": [0, 0, 2.8944, 0.54847], "rotation": 270, "texture": "#6"},
				"down": {"uv": [0, 0, 2.8944, 0.54847], "rotation": 90, "texture": "#6"}
			}
		},
		{
			"from": [12.04365, 12.8637, 1.73318],
			"to": [14.41305, 18.4452, 2.28165],
			"rotation": {"angle": 0, "axis": "y", "origin": [13.49085, 15.65445, 2.00741]},
			"faces": {
				"north": {"uv": [0, 0, 2.8944, 5.5815], "texture": "#6"},
				"east": {"uv": [0, 0, 0.54847, 5.5815], "texture": "#6"},
				"south": {"uv": [0, 0, 2.8944, 5.5815], "texture": "#6"},
				"west": {"uv": [0, 0, 0.54847, 5.5815], "texture": "#6"},
				"up": {"uv": [0, 0, 2.8944, 0.54847], "texture": "#6"},
				"down": {"uv": [0, 0, 2.8944, 0.54847], "texture": "#6"}
			}
		},
		{
			"from": [3.39365, 12.8637, 1.98318],
			"to": [12.08805, 18.4452, 2.03165],
			"rotation": {"angle": 0, "axis": "y", "origin": [13.49085, 15.65445, 2.00741]},
			"faces": {
				"north": {"uv": [0, 0, 8.6944, 5.5815], "texture": "#6"},
				"east": {"uv": [0, 0, 0.04847, 5.5815], "texture": "#6"},
				"south": {"uv": [0, 0, 8.6944, 5.5815], "texture": "#6"},
				"west": {"uv": [0, 0, 0.04847, 5.5815], "texture": "#6"},
				"up": {"uv": [0, 0, 8.6944, 0.04847], "texture": "#6"},
				"down": {"uv": [0, 0, 8.6944, 0.04847], "texture": "#6"}
			}
		},
		{
			"from": [3.39365, 12.8637, 15.88318],
			"to": [12.08805, 18.4452, 15.93165],
			"rotation": {"angle": 0, "axis": "y", "origin": [13.49085, 15.65445, 2.00741]},
			"faces": {
				"north": {"uv": [0, 0, 8.6944, 5.5815], "texture": "#6"},
				"east": {"uv": [0, 0, 0.04847, 5.5815], "texture": "#6"},
				"south": {"uv": [0, 0, 8.6944, 5.5815], "texture": "#6"},
				"west": {"uv": [0, 0, 0.04847, 5.5815], "texture": "#6"},
				"up": {"uv": [0, 0, 8.6944, 0.04847], "texture": "#6"},
				"down": {"uv": [0, 0, 8.6944, 0.04847], "texture": "#6"}
			}
		},
		{
			"from": [0.76661, 12.8637, 4.61021],
			"to": [0.81508, 18.4452, 13.30461],
			"rotation": {"angle": 0, "axis": "y", "origin": [7.74085, 15.65445, 8.95741]},
			"faces": {
				"north": {"uv": [0, 0, 0.04847, 5.5815], "texture": "#6"},
				"east": {"uv": [0, 0, 8.6944, 5.5815], "texture": "#6"},
				"south": {"uv": [0, 0, 0.04847, 5.5815], "texture": "#6"},
				"west": {"uv": [0, 0, 8.6944, 5.5815], "texture": "#6"},
				"up": {"uv": [0, 0, 8.6944, 0.04847], "rotation": 90, "texture": "#6"},
				"down": {"uv": [0, 0, 8.6944, 0.04847], "rotation": 270, "texture": "#6"}
			}
		},
		{
			"from": [14.66661, 12.8637, 4.61021],
			"to": [14.71508, 18.4452, 13.30461],
			"rotation": {"angle": 0, "axis": "y", "origin": [7.74085, 15.65445, 8.95741]},
			"faces": {
				"north": {"uv": [0, 0, 0.04847, 5.5815], "texture": "#6"},
				"east": {"uv": [0, 0, 8.6944, 5.5815], "texture": "#6"},
				"south": {"uv": [0, 0, 0.04847, 5.5815], "texture": "#6"},
				"west": {"uv": [0, 0, 8.6944, 5.5815], "texture": "#6"},
				"up": {"uv": [0, 0, 8.6944, 0.04847], "rotation": 90, "texture": "#6"},
				"down": {"uv": [0, 0, 8.6944, 0.04847], "rotation": 270, "texture": "#6"}
			}
		},
		{
			"from": [0.518, 12.87576, 13.25184],
			"to": [1.06647, 18.45727, 15.62124],
			"rotation": {"angle": 0, "axis": "y", "origin": [7.47433, 17.25827, 9.18992]},
			"faces": {
				"north": {"uv": [0, 0, 0.54847, 5.5815], "texture": "#6"},
				"east": {"uv": [0, 0, 2.3694, 5.5815], "texture": "#6"},
				"south": {"uv": [0, 0, 0.54847, 5.5815], "texture": "#6"},
				"west": {"uv": [0, 0, 2.3694, 5.5815], "texture": "#6"},
				"up": {"uv": [0, 0, 2.3694, 0.54847], "rotation": 90, "texture": "#6"},
				"down": {"uv": [0, 0, 2.3694, 0.54847], "rotation": 270, "texture": "#6"}
			}
		},
		{
			"from": [0.518, 12.87576, 15.59777],
			"to": [3.4124, 18.45727, 16.14624],
			"rotation": {"angle": 0, "axis": "y", "origin": [7.47433, 17.25827, 9.18992]},
			"faces": {
				"north": {"uv": [0, 0, 2.8944, 5.5815], "texture": "#6"},
				"east": {"uv": [0, 0, 0.54847, 5.5815], "texture": "#6"},
				"south": {"uv": [0, 0, 2.8944, 5.5815], "texture": "#6"},
				"west": {"uv": [0, 0, 0.54847, 5.5815], "texture": "#6"},
				"up": {"uv": [0, 0, 2.8944, 0.54847], "rotation": 180, "texture": "#6"},
				"down": {"uv": [0, 0, 2.8944, 0.54847], "rotation": 180, "texture": "#6"}
			}
		},
		{
			"from": [0.518, 18.41803, 14.07661],
			"to": [1.06647, 19.28203, 15.62521],
			"rotation": {"angle": 0, "axis": "y", "origin": [7.47433, 17.25827, 9.18992]},
			"faces": {
				"north": {"uv": [0, 0, 0.54847, 0.864], "texture": "#6"},
				"east": {"uv": [0, 0, 1.5486, 0.864], "texture": "#6"},
				"south": {"uv": [0, 0, 0.54847, 0.864], "texture": "#6"},
				"west": {"uv": [0, 0, 1.5486, 0.864], "texture": "#6"},
				"up": {"uv": [0, 0, 1.5486, 0.54847], "rotation": 270, "texture": "#6"},
				"down": {"uv": [0, 0, 1.5486, 0.54847], "rotation": 90, "texture": "#6"}
			}
		},
		{
			"from": [0.51403, 18.41803, 15.59777],
			"to": [2.58763, 19.28203, 16.14624],
			"rotation": {"angle": 0, "axis": "y", "origin": [7.47433, 17.25827, 9.18992]},
			"faces": {
				"north": {"uv": [0, 0, 2.0736, 0.864], "texture": "#6"},
				"east": {"uv": [0, 0, 0.54847, 0.864], "texture": "#6"},
				"south": {"uv": [0, 0, 2.0736, 0.864], "texture": "#6"},
				"west": {"uv": [0, 0, 0.54847, 0.864], "texture": "#6"},
				"up": {"uv": [0, 0, 2.0736, 0.54847], "rotation": 180, "texture": "#6"},
				"down": {"uv": [0, 0, 2.0736, 0.54847], "rotation": 180, "texture": "#6"}
			}
		},
		{
			"from": [12.03984, 12.87576, 15.59777],
			"to": [14.93424, 18.45727, 16.14624],
			"rotation": {"angle": 0, "axis": "y", "origin": [7.97792, 17.25827, 9.18992]},
			"faces": {
				"north": {"uv": [0, 0, 2.8944, 5.5815], "texture": "#6"},
				"east": {"uv": [0, 0, 0.54847, 5.5815], "texture": "#6"},
				"south": {"uv": [0, 0, 2.8944, 5.5815], "texture": "#6"},
				"west": {"uv": [0, 0, 0.54847, 5.5815], "texture": "#6"},
				"up": {"uv": [0, 0, 2.8944, 0.54847], "texture": "#6"},
				"down": {"uv": [0, 0, 2.8944, 0.54847], "texture": "#6"}
			}
		},
		{
			"from": [12.86461, 18.41803, 15.59777],
			"to": [14.93821, 19.28203, 16.14624],
			"rotation": {"angle": 0, "axis": "y", "origin": [7.97792, 17.25827, 9.18992]},
			"faces": {
				"north": {"uv": [0, 0, 2.0736, 0.864], "texture": "#6"},
				"east": {"uv": [0, 0, 0.54847, 0.864], "texture": "#6"},
				"south": {"uv": [0, 0, 2.0736, 0.864], "texture": "#6"},
				"west": {"uv": [0, 0, 0.54847, 0.864], "texture": "#6"},
				"up": {"uv": [0, 0, 2.0736, 0.54847], "rotation": 180, "texture": "#6"},
				"down": {"uv": [0, 0, 2.0736, 0.54847], "rotation": 180, "texture": "#6"}
			}
		},
		{
			"from": [14.38577, 18.41803, 14.07661],
			"to": [14.93424, 19.28203, 15.62521],
			"rotation": {"angle": 0, "axis": "y", "origin": [7.97792, 17.25827, 9.18992]},
			"faces": {
				"north": {"uv": [0, 0, 0.54847, 0.864], "texture": "#6"},
				"east": {"uv": [0, 0, 1.5486, 0.864], "texture": "#6"},
				"south": {"uv": [0, 0, 0.54847, 0.864], "texture": "#6"},
				"west": {"uv": [0, 0, 1.5486, 0.864], "texture": "#6"},
				"up": {"uv": [0, 0, 1.5486, 0.54847], "rotation": 90, "texture": "#6"},
				"down": {"uv": [0, 0, 1.5486, 0.54847], "rotation": 270, "texture": "#6"}
			}
		},
		{
			"from": [14.38577, 12.87576, 13.25184],
			"to": [14.93424, 18.45727, 15.62124],
			"rotation": {"angle": 0, "axis": "y", "origin": [7.97792, 17.25827, 9.18992]},
			"faces": {
				"north": {"uv": [0, 0, 0.54847, 5.5815], "texture": "#6"},
				"east": {"uv": [0, 0, 2.3694, 5.5815], "texture": "#6"},
				"south": {"uv": [0, 0, 0.54847, 5.5815], "texture": "#6"},
				"west": {"uv": [0, 0, 2.3694, 5.5815], "texture": "#6"},
				"up": {"uv": [0, 0, 2.3694, 0.54847], "rotation": 90, "texture": "#6"},
				"down": {"uv": [0, 0, 2.3694, 0.54847], "rotation": 270, "texture": "#6"}
			}
		},
		{
			"from": [0.518, 12.87576, 2.255],
			"to": [1.06647, 18.45727, 4.6244],
			"rotation": {"angle": 0, "axis": "y", "origin": [7.47433, 17.25827, 8.68633]},
			"faces": {
				"north": {"uv": [0, 0, 0.54847, 5.5815], "texture": "#6"},
				"east": {"uv": [0, 0, 2.3694, 5.5815], "texture": "#6"},
				"south": {"uv": [0, 0, 0.54847, 5.5815], "texture": "#6"},
				"west": {"uv": [0, 0, 2.3694, 5.5815], "texture": "#6"},
				"up": {"uv": [0, 0, 2.3694, 0.54847], "rotation": 270, "texture": "#6"},
				"down": {"uv": [0, 0, 2.3694, 0.54847], "rotation": 90, "texture": "#6"}
			}
		},
		{
			"from": [0.518, 18.41803, 2.25103],
			"to": [1.06647, 19.28203, 3.79963],
			"rotation": {"angle": 0, "axis": "y", "origin": [7.47433, 17.25827, 8.68633]},
			"faces": {
				"north": {"uv": [0, 0, 0.54847, 0.864], "texture": "#6"},
				"east": {"uv": [0, 0, 1.5486, 0.864], "texture": "#6"},
				"south": {"uv": [0, 0, 0.54847, 0.864], "texture": "#6"},
				"west": {"uv": [0, 0, 1.5486, 0.864], "texture": "#6"},
				"up": {"uv": [0, 0, 1.5486, 0.54847], "rotation": 270, "texture": "#6"},
				"down": {"uv": [0, 0, 1.5486, 0.54847], "rotation": 90, "texture": "#6"}
			}
		},
		{
			"from": [0.51403, 18.41803, 1.73],
			"to": [2.58763, 19.28203, 2.27847],
			"rotation": {"angle": 0, "axis": "y", "origin": [7.47433, 17.25827, 8.68633]},
			"faces": {
				"north": {"uv": [0, 0, 2.0736, 0.864], "texture": "#6"},
				"east": {"uv": [0, 0, 0.54847, 0.864], "texture": "#6"},
				"south": {"uv": [0, 0, 2.0736, 0.864], "texture": "#6"},
				"west": {"uv": [0, 0, 0.54847, 0.864], "texture": "#6"},
				"up": {"uv": [0, 0, 2.0736, 0.54847], "texture": "#6"},
				"down": {"uv": [0, 0, 2.0736, 0.54847], "texture": "#6"}
			}
		},
		{
			"from": [0.518, 12.87576, 1.73],
			"to": [3.4124, 18.45727, 2.27847],
			"rotation": {"angle": 0, "axis": "y", "origin": [7.47433, 17.25827, 8.68633]},
			"faces": {
				"north": {"uv": [0, 0, 2.8944, 5.5815], "texture": "#6"},
				"east": {"uv": [0, 0, 0.54847, 5.5815], "texture": "#6"},
				"south": {"uv": [0, 0, 2.8944, 5.5815], "texture": "#6"},
				"west": {"uv": [0, 0, 0.54847, 5.5815], "texture": "#6"},
				"up": {"uv": [0, 0, 2.8944, 0.54847], "rotation": 180, "texture": "#6"},
				"down": {"uv": [0, 0, 2.8944, 0.54847], "rotation": 180, "texture": "#6"}
			}
		},
		{
			"from": [7.65459, 19.03724, 1.49195],
			"to": [9.99068, 20.02551, 2.23827],
			"rotation": {"angle": 22.5, "axis": "z", "origin": [8.82263, 22.05678, 1.86511]},
			"faces": {
				"north": {"uv": [0, 0, 2.3361, 0.98827], "texture": "#6"},
				"east": {"uv": [0, 0, 0.79632, 0.98827], "texture": "#6"},
				"south": {"uv": [0, 0, 2.3361, 0.98827], "texture": "#6"},
				"west": {"uv": [0, 0, 0.79632, 0.98827], "texture": "#6"},
				"up": {"uv": [0, 0, 2.3361, 0.79632], "texture": "#6"},
				"down": {"uv": [0, 0, 2.3361, 0.79632], "texture": "#6"}
			}
		},
		{
			"from": [4.97726, 19.70038, 1.46695],
			"to": [10.6791, 20.62712, 2.26327],
			"rotation": {"angle": 0, "axis": "y", "origin": [9.51105, 20.13299, 1.86511]},
			"faces": {
				"north": {"uv": [0, 0, 5.70184, 0.92674], "texture": "#6"},
				"east": {"uv": [0, 0, 0.79632, 0.92674], "texture": "#6"},
				"south": {"uv": [0, 0, 5.70184, 0.92674], "texture": "#6"},
				"west": {"uv": [0, 0, 0.79632, 0.92674], "texture": "#6"},
				"up": {"uv": [0, 0, 5.70184, 0.79632], "texture": "#6"},
				"down": {"uv": [0, 0, 5.70184, 0.79632], "texture": "#6"}
			}
		},
		{
			"from": [7.33587, 19.95269, 1.51457],
			"to": [8.32049, 25.36683, 2.21565],
			"rotation": {"angle": 0, "axis": "y", "origin": [8.51742, 19.25432, 1.86511]},
			"faces": {
				"north": {"uv": [0, 0, 0.98461, 5.41415], "texture": "#6"},
				"east": {"uv": [0, 0, 0.70108, 5.41415], "texture": "#6"},
				"south": {"uv": [0, 0, 0.98461, 5.41415], "texture": "#6"},
				"west": {"uv": [0, 0, 0.70108, 5.41415], "texture": "#6"},
				"up": {"uv": [0, 0, 0.98461, 0.70108], "texture": "#6"},
				"down": {"uv": [0, 0, 0.98461, 0.70108], "texture": "#6"}
			}
		},
		{
			"from": [7.53587, 21.05922, 1.48304],
			"to": [8.12049, 22.7603, 4.32219],
			"rotation": {"angle": -45, "axis": "x", "origin": [7.82818, 22.65976, 1.86511]},
			"faces": {
				"north": {"uv": [0, 0, 0.58461, 1.70108], "rotation": 180, "texture": "#6"},
				"east": {"uv": [0, 0, 1.70108, 2.83915], "rotation": 270, "texture": "#6"},
				"south": {"uv": [0, 0, 0.58461, 1.70108], "texture": "#6"},
				"west": {"uv": [0, 0, 1.70108, 2.83915], "rotation": 90, "texture": "#6"},
				"up": {"uv": [0, 0, 0.58461, 2.83915], "rotation": 180, "texture": "#6"},
				"down": {"uv": [0, 0, 0.58461, 2.83915], "texture": "#6"}
			}
		},
		{
			"from": [7.56087, 22.92105, 3.54082],
			"to": [8.09549, 24.62213, 7.37997],
			"rotation": {"angle": -22.5, "axis": "x", "origin": [7.82818, 24.52159, 3.9229]},
			"faces": {
				"north": {"uv": [0, 0, 0.53461, 1.70108], "rotation": 180, "texture": "#6"},
				"east": {"uv": [0, 0, 1.70108, 3.83915], "rotation": 270, "texture": "#6"},
				"south": {"uv": [0, 0, 0.53461, 1.70108], "texture": "#6"},
				"west": {"uv": [0, 0, 1.70108, 3.83915], "rotation": 90, "texture": "#6"},
				"up": {"uv": [0, 0, 0.53461, 3.83915], "rotation": 180, "texture": "#6"},
				"down": {"uv": [0, 0, 0.53461, 3.83915], "texture": "#6"}
			}
		},
		{
			"from": [7.53587, 24.23636, 7.07834],
			"to": [8.12049, 25.93745, 10.91749],
			"rotation": {"angle": 0, "axis": "y", "origin": [7.82818, 25.8369, 7.46041]},
			"faces": {
				"north": {"uv": [0, 0, 0.58461, 1.70108], "rotation": 180, "texture": "#6"},
				"east": {"uv": [0, 0, 1.70108, 3.83915], "rotation": 270, "texture": "#6"},
				"south": {"uv": [0, 0, 0.58461, 1.70108], "texture": "#6"},
				"west": {"uv": [0, 0, 1.70108, 3.83915], "rotation": 90, "texture": "#6"},
				"up": {"uv": [0, 0, 0.58461, 3.83915], "rotation": 180, "texture": "#6"},
				"down": {"uv": [0, 0, 0.58461, 3.83915], "texture": "#6"}
			}
		},
		{
			"from": [7.56087, 24.0978, 10.84993],
			"to": [8.09549, 25.79889, 14.68908],
			"rotation": {"angle": 22.5, "axis": "x", "origin": [7.82818, 25.69834, 11.232]},
			"faces": {
				"north": {"uv": [0, 0, 0.53461, 1.70108], "rotation": 180, "texture": "#6"},
				"east": {"uv": [0, 0, 1.70108, 3.83915], "rotation": 270, "texture": "#6"},
				"south": {"uv": [0, 0, 0.53461, 1.70108], "texture": "#6"},
				"west": {"uv": [0, 0, 1.70108, 3.83915], "rotation": 90, "texture": "#6"},
				"up": {"uv": [0, 0, 0.53461, 3.83915], "rotation": 180, "texture": "#6"},
				"down": {"uv": [0, 0, 0.53461, 3.83915], "texture": "#6"}
			}
		},
		{
			"from": [7.53587, 22.52646, 14.2814],
			"to": [8.12049, 24.22755, 15.87054],
			"rotation": {"angle": 45, "axis": "x", "origin": [7.82818, 24.12701, 14.66347]},
			"faces": {
				"north": {"uv": [0, 0, 0.58461, 1.70108], "rotation": 180, "texture": "#6"},
				"east": {"uv": [0, 0, 1.70108, 1.58915], "rotation": 270, "texture": "#6"},
				"south": {"uv": [0, 0, 0.58461, 1.70108], "texture": "#6"},
				"west": {"uv": [0, 0, 1.70108, 1.58915], "rotation": 90, "texture": "#6"},
				"up": {"uv": [0, 0, 0.58461, 1.58915], "rotation": 180, "texture": "#6"},
				"down": {"uv": [0, 0, 0.58461, 1.58915], "texture": "#6"}
			}
		},
		{
			"from": [7.56087, 21.74603, 14.04088],
			"to": [8.09549, 23.33518, 15.74196],
			"rotation": {"angle": -22.5, "axis": "x", "origin": [7.82818, 22.95311, 15.64142]},
			"faces": {
				"north": {"uv": [0, 0, 0.53461, 1.58915], "rotation": 180, "texture": "#6"},
				"east": {"uv": [0, 0, 1.70108, 1.58915], "rotation": 180, "texture": "#6"},
				"south": {"uv": [0, 0, 0.53461, 1.58915], "rotation": 180, "texture": "#6"},
				"west": {"uv": [0, 0, 1.70108, 1.58915], "rotation": 180, "texture": "#6"},
				"up": {"uv": [0, 0, 0.53461, 1.70108], "texture": "#6"},
				"down": {"uv": [0, 0, 0.53461, 1.70108], "texture": "#6"}
			}
		},
		{
			"from": [7.53587, 19.53724, 14.49515],
			"to": [8.12049, 21.87639, 16.19623],
			"rotation": {"angle": 0, "axis": "y", "origin": [7.82818, 21.49432, 16.09569]},
			"faces": {
				"north": {"uv": [0, 0, 0.58461, 2.33915], "rotation": 180, "texture": "#6"},
				"east": {"uv": [0, 0, 1.70108, 2.33915], "rotation": 180, "texture": "#6"},
				"south": {"uv": [0, 0, 0.58461, 2.33915], "rotation": 180, "texture": "#6"},
				"west": {"uv": [0, 0, 1.70108, 2.33915], "rotation": 180, "texture": "#6"},
				"up": {"uv": [0, 0, 0.58461, 1.70108], "texture": "#6"},
				"down": {"uv": [0, 0, 0.58461, 1.70108], "texture": "#6"}
			}
		},
		{
			"from": [7.56087, 19.2692, 15.07857],
			"to": [8.09549, 20.97028, 16.16771],
			"rotation": {"angle": 22.5, "axis": "x", "origin": [7.82818, 20.86974, 15.46064]},
			"faces": {
				"north": {"uv": [0, 0, 0.53461, 1.70108], "rotation": 180, "texture": "#6"},
				"east": {"uv": [0, 0, 1.70108, 1.08915], "rotation": 270, "texture": "#6"},
				"south": {"uv": [0, 0, 0.53461, 1.70108], "texture": "#6"},
				"west": {"uv": [0, 0, 1.70108, 1.08915], "rotation": 90, "texture": "#6"},
				"up": {"uv": [0, 0, 0.53461, 1.08915], "rotation": 180, "texture": "#6"},
				"down": {"uv": [0, 0, 0.53461, 1.08915], "texture": "#6"}
			}
		},
		{
			"from": [7.56087, 21.25784, 2.13755],
			"to": [8.09549, 22.83392, 2.7267],
			"rotation": {"angle": 0, "axis": "y", "origin": [7.82818, 22.10838, 1.05713]},
			"faces": {
				"north": {"uv": [0, 0, 0.53461, 1.57608], "rotation": 180, "texture": "#6"},
				"east": {"uv": [0, 0, 1.57608, 0.58915], "rotation": 270, "texture": "#6"},
				"south": {"uv": [0, 0, 0.53461, 1.57608], "texture": "#6"},
				"west": {"uv": [0, 0, 1.57608, 0.58915], "rotation": 90, "texture": "#6"},
				"up": {"uv": [0, 0, 0.53461, 0.58915], "rotation": 180, "texture": "#6"},
				"down": {"uv": [0, 0, 0.53461, 0.58915], "texture": "#6"}
			}
		},
		{
			"from": [6.29048, 23.49274, 1.53957],
			"to": [9.36588, 24.47735, 2.19065],
			"rotation": {"angle": 0, "axis": "y", "origin": [7.82818, 21.65976, 1.86511]},
			"faces": {
				"north": {"uv": [0, 0, 0.98461, 3.07541], "rotation": 270, "texture": "#6"},
				"east": {"uv": [0, 0, 0.98461, 0.65108], "rotation": 90, "texture": "#6"},
				"south": {"uv": [0, 0, 0.98461, 3.07541], "rotation": 90, "texture": "#6"},
				"west": {"uv": [0, 0, 0.98461, 0.65108], "rotation": 90, "texture": "#6"},
				"up": {"uv": [0, 0, 0.65108, 3.07541], "rotation": 90, "texture": "#6"},
				"down": {"uv": [0, 0, 0.65108, 3.07541], "rotation": 90, "texture": "#6"}
			}
		},
		{
			"from": [4.87856, 19.19103, 1.49195],
			"to": [7.21466, 20.1793, 2.23827],
			"rotation": {"angle": -22.5, "axis": "z", "origin": [6.04661, 20.19025, 1.86511]},
			"faces": {
				"north": {"uv": [0, 0, 2.3361, 0.98827], "texture": "#6"},
				"east": {"uv": [0, 0, 0.79632, 0.98827], "texture": "#6"},
				"south": {"uv": [0, 0, 2.3361, 0.98827], "texture": "#6"},
				"west": {"uv": [0, 0, 0.79632, 0.98827], "texture": "#6"},
				"up": {"uv": [0, 0, 2.3361, 0.79632], "texture": "#6"},
				"down": {"uv": [0, 0, 2.3361, 0.79632], "texture": "#6"}
			}
		},
		{
			"from": [0.47303, 19.26793, 5.51091],
			"to": [1.21936, 20.25619, 7.847],
			"rotation": {"angle": 22.5, "axis": "x", "origin": [0.84619, 19.25698, 6.67896]},
			"faces": {
				"north": {"uv": [0, 0, 0.79632, 0.98827], "rotation": 180, "texture": "#6"},
				"east": {"uv": [0, 0, 2.3361, 0.98827], "rotation": 180, "texture": "#6"},
				"south": {"uv": [0, 0, 0.79632, 0.98827], "rotation": 180, "texture": "#6"},
				"west": {"uv": [0, 0, 2.3361, 0.98827], "rotation": 180, "texture": "#6"},
				"up": {"uv": [0, 0, 2.3361, 0.79632], "rotation": 90, "texture": "#6"},
				"down": {"uv": [0, 0, 2.3361, 0.79632], "rotation": 270, "texture": "#6"}
			}
		},
		{
			"from": [0.47303, 19.26793, 9.83322],
			"to": [1.21936, 20.25619, 12.16932],
			"rotation": {"angle": -22.5, "axis": "x", "origin": [0.84619, 19.25698, 11.00127]},
			"faces": {
				"north": {"uv": [0, 0, 0.79632, 0.98827], "rotation": 180, "texture": "#6"},
				"east": {"uv": [0, 0, 2.3361, 0.98827], "rotation": 180, "texture": "#6"},
				"south": {"uv": [0, 0, 0.79632, 0.98827], "rotation": 180, "texture": "#6"},
				"west": {"uv": [0, 0, 2.3361, 0.98827], "rotation": 180, "texture": "#6"},
				"up": {"uv": [0, 0, 2.3361, 0.79632], "rotation": 90, "texture": "#6"},
				"down": {"uv": [0, 0, 2.3361, 0.79632], "rotation": 270, "texture": "#6"}
			}
		},
		{
			"from": [14.42303, 19.26793, 5.51091],
			"to": [15.16936, 20.25619, 7.847],
			"rotation": {"angle": 22.5, "axis": "x", "origin": [14.79619, 19.25698, 6.67896]},
			"faces": {
				"north": {"uv": [0, 0, 0.79632, 0.98827], "rotation": 180, "texture": "#6"},
				"east": {"uv": [0, 0, 2.3361, 0.98827], "rotation": 180, "texture": "#6"},
				"south": {"uv": [0, 0, 0.79632, 0.98827], "rotation": 180, "texture": "#6"},
				"west": {"uv": [0, 0, 2.3361, 0.98827], "rotation": 180, "texture": "#6"},
				"up": {"uv": [0, 0, 2.3361, 0.79632], "rotation": 90, "texture": "#6"},
				"down": {"uv": [0, 0, 2.3361, 0.79632], "rotation": 270, "texture": "#6"}
			}
		},
		{
			"from": [14.42303, 19.26793, 9.83322],
			"to": [15.16936, 20.25619, 12.16932],
			"rotation": {"angle": -22.5, "axis": "x", "origin": [14.79619, 19.25698, 11.00127]},
			"faces": {
				"north": {"uv": [0, 0, 0.79632, 0.98827], "rotation": 180, "texture": "#6"},
				"east": {"uv": [0, 0, 2.3361, 0.98827], "rotation": 180, "texture": "#6"},
				"south": {"uv": [0, 0, 0.79632, 0.98827], "rotation": 180, "texture": "#6"},
				"west": {"uv": [0, 0, 2.3361, 0.98827], "rotation": 180, "texture": "#6"},
				"up": {"uv": [0, 0, 2.3361, 0.79632], "rotation": 90, "texture": "#6"},
				"down": {"uv": [0, 0, 2.3361, 0.79632], "rotation": 270, "texture": "#6"}
			}
		},
		{
			"from": [4.58509, 13.67502, 15.41695],
			"to": [11.0573, 19.71409, 16.21327],
			"rotation": {"angle": 0, "axis": "y", "origin": [3.71731, 3.79239, 15.41695]},
			"faces": {
				"north": {"uv": [0, 0, 6.4722, 6.03907], "texture": "#6"},
				"east": {"uv": [0, 0, 0.79632, 6.03907], "texture": "#6"},
				"south": {"uv": [0, 0, 6.4722, 6.03907], "texture": "#6"},
				"west": {"uv": [0, 0, 0.79632, 6.03907], "texture": "#6"},
				"up": {"uv": [0, 0, 6.4722, 0.79632], "texture": "#6"},
				"down": {"uv": [0, 0, 6.4722, 0.79632], "texture": "#6"}
			}
		},
		{
			"from": [0.44803, 13.67502, 5.60401],
			"to": [1.24436, 19.71409, 12.07621],
			"rotation": {"angle": 0, "axis": "y", "origin": [7.82119, 16.69455, 8.84011]},
			"faces": {
				"north": {"uv": [0, 0, 0.79632, 6.03907], "texture": "#6"},
				"east": {"uv": [0, 0, 6.4722, 6.03907], "texture": "#6"},
				"south": {"uv": [0, 0, 0.79632, 6.03907], "texture": "#6"},
				"west": {"uv": [0, 0, 6.4722, 6.03907], "texture": "#6"},
				"up": {"uv": [0, 0, 6.4722, 0.79632], "rotation": 90, "texture": "#6"},
				"down": {"uv": [0, 0, 6.4722, 0.79632], "rotation": 270, "texture": "#6"}
			}
		},
		{
			"from": [14.39803, 13.67502, 5.60401],
			"to": [15.19436, 19.71409, 12.07621],
			"rotation": {"angle": 0, "axis": "y", "origin": [7.82119, 16.69455, 8.84011]},
			"faces": {
				"north": {"uv": [0, 0, 0.79632, 6.03907], "texture": "#6"},
				"east": {"uv": [0, 0, 6.4722, 6.03907], "texture": "#6"},
				"south": {"uv": [0, 0, 0.79632, 6.03907], "texture": "#6"},
				"west": {"uv": [0, 0, 6.4722, 6.03907], "texture": "#6"},
				"up": {"uv": [0, 0, 6.4722, 0.79632], "rotation": 90, "texture": "#6"},
				"down": {"uv": [0, 0, 6.4722, 0.79632], "rotation": 270, "texture": "#6"}
			}
		},
		{
			"from": [4.97726, 19.70038, 15.41695],
			"to": [10.6791, 20.62712, 16.21327],
			"rotation": {"angle": 0, "axis": "y", "origin": [9.51105, 20.13299, 15.81511]},
			"faces": {
				"north": {"uv": [0, 0, 5.70184, 0.92674], "texture": "#6"},
				"east": {"uv": [0, 0, 0.79632, 0.92674], "texture": "#6"},
				"south": {"uv": [0, 0, 5.70184, 0.92674], "texture": "#6"},
				"west": {"uv": [0, 0, 0.79632, 0.92674], "texture": "#6"},
				"up": {"uv": [0, 0, 5.70184, 0.79632], "texture": "#6"},
				"down": {"uv": [0, 0, 5.70184, 0.79632], "texture": "#6"}
			}
		},
		{
			"from": [0.45502, 19.70038, 5.98919],
			"to": [1.25134, 20.62712, 11.69103],
			"rotation": {"angle": 0, "axis": "y", "origin": [7.82818, 20.16375, 8.84011]},
			"faces": {
				"north": {"uv": [0, 0, 0.79632, 0.92674], "texture": "#6"},
				"east": {"uv": [0, 0, 5.70184, 0.92674], "texture": "#6"},
				"south": {"uv": [0, 0, 0.79632, 0.92674], "texture": "#6"},
				"west": {"uv": [0, 0, 5.70184, 0.92674], "texture": "#6"},
				"up": {"uv": [0, 0, 5.70184, 0.79632], "rotation": 270, "texture": "#6"},
				"down": {"uv": [0, 0, 5.70184, 0.79632], "rotation": 90, "texture": "#6"}
			}
		},
		{
			"from": [14.40502, 19.70038, 5.98919],
			"to": [15.20134, 20.62712, 11.69103],
			"rotation": {"angle": 0, "axis": "y", "origin": [7.82818, 20.16375, 8.84011]},
			"faces": {
				"north": {"uv": [0, 0, 0.79632, 0.92674], "texture": "#6"},
				"east": {"uv": [0, 0, 5.70184, 0.92674], "texture": "#6"},
				"south": {"uv": [0, 0, 0.79632, 0.92674], "texture": "#6"},
				"west": {"uv": [0, 0, 5.70184, 0.92674], "texture": "#6"},
				"up": {"uv": [0, 0, 5.70184, 0.79632], "rotation": 270, "texture": "#6"},
				"down": {"uv": [0, 0, 5.70184, 0.79632], "rotation": 90, "texture": "#6"}
			}
		},
		{
			"from": [7.65459, 19.03724, 15.44195],
			"to": [9.99068, 20.02551, 16.18827],
			"rotation": {"angle": 22.5, "axis": "z", "origin": [8.82263, 22.05678, 15.81511]},
			"faces": {
				"north": {"uv": [0, 0, 2.3361, 0.98827], "texture": "#6"},
				"east": {"uv": [0, 0, 0.79632, 0.98827], "texture": "#6"},
				"south": {"uv": [0, 0, 2.3361, 0.98827], "texture": "#6"},
				"west": {"uv": [0, 0, 0.79632, 0.98827], "texture": "#6"},
				"up": {"uv": [0, 0, 2.3361, 0.79632], "texture": "#6"},
				"down": {"uv": [0, 0, 2.3361, 0.79632], "texture": "#6"}
			}
		},
		{
			"from": [4.87856, 19.19103, 15.44195],
			"to": [7.21466, 20.1793, 16.18827],
			"rotation": {"angle": -22.5, "axis": "z", "origin": [6.04661, 20.19025, 15.81511]},
			"faces": {
				"north": {"uv": [0, 0, 2.3361, 0.98827], "texture": "#6"},
				"east": {"uv": [0, 0, 0.79632, 0.98827], "texture": "#6"},
				"south": {"uv": [0, 0, 2.3361, 0.98827], "texture": "#6"},
				"west": {"uv": [0, 0, 0.79632, 0.98827], "texture": "#6"},
				"up": {"uv": [0, 0, 2.3361, 0.79632], "texture": "#6"},
				"down": {"uv": [0, 0, 2.3361, 0.79632], "texture": "#6"}
			}
		},
		{
			"from": [1.82178, 12.76962, 14.83203],
			"to": [15.2453, 13.69765, 16.27265],
			"rotation": {"angle": 0, "axis": "y", "origin": [0.39678, 0.7052, 1.42413]},
			"faces": {
				"north": {"uv": [0, 0, 13.42351, 0.92803], "texture": "#6"},
				"east": {"uv": [0, 0, 1.44062, 0.92803], "texture": "#6"},
				"south": {"uv": [0, 0, 13.42351, 0.92803], "texture": "#6"},
				"west": {"uv": [0, 0, 1.44062, 0.92803], "texture": "#6"},
				"up": {"uv": [0, 0, 13.42351, 1.44062], "texture": "#6"},
				"down": {"uv": [0, 0, 13.42351, 1.44062], "texture": "#6"}
			}
		},
		{
			"from": [13.80468, 12.76962, 1.42413],
			"to": [15.2453, 13.69765, 14.84765],
			"rotation": {"angle": 0, "axis": "y", "origin": [7.82104, 13.23363, 8.84839]},
			"faces": {
				"north": {"uv": [0, 0, 1.44062, 0.92803], "texture": "#6"},
				"east": {"uv": [0, 0, 13.42351, 0.92803], "texture": "#6"},
				"south": {"uv": [0, 0, 1.44062, 0.92803], "texture": "#6"},
				"west": {"uv": [0, 0, 13.42351, 0.92803], "texture": "#6"},
				"up": {"uv": [0, 0, 13.42351, 1.44062], "rotation": 90, "texture": "#6"},
				"down": {"uv": [0, 0, 13.42351, 1.44062], "rotation": 270, "texture": "#6"}
			}
		},
		{
			"from": [0.39678, 12.76962, 2.82413],
			"to": [1.8374, 13.69765, 16.27265],
			"rotation": {"angle": 0, "axis": "y", "origin": [7.82104, 13.23363, 8.84839]},
			"faces": {
				"north": {"uv": [0, 0, 1.44062, 0.92803], "texture": "#6"},
				"east": {"uv": [0, 0, 13.44851, 0.92803], "texture": "#6"},
				"south": {"uv": [0, 0, 1.44062, 0.92803], "texture": "#6"},
				"west": {"uv": [0, 0, 13.44851, 0.92803], "texture": "#6"},
				"up": {"uv": [0, 0, 13.44851, 1.44062], "rotation": 90, "texture": "#6"},
				"down": {"uv": [0, 0, 13.44851, 1.44062], "rotation": 270, "texture": "#6"}
			}
		},
		{
			"from": [7.10667, 14.62317, 1.35573],
			"to": [8.53571, 15.76593, 1.6245],
			"rotation": {"angle": 0, "axis": "y", "origin": [7.82119, 17.26678, 8.85261]},
			"faces": {
				"north": {"uv": [0, 0, 16, 16], "texture": "#3"},
				"east": {"uv": [0, 0, 16, 0.66667], "rotation": 90, "texture": "#3"},
				"south": {"uv": [0, 0, 16, 16], "rotation": 90, "texture": "#3"},
				"west": {"uv": [0, 0, 16, 16], "rotation": 90, "texture": "#3"},
				"up": {"uv": [0, 0, 0.66667, 16], "rotation": 90, "texture": "#3"},
				"down": {"uv": [15.33333, 0, 16, 16], "rotation": 90, "texture": "#3"}
			}
		},
		{
			"from": [7.43535, 18.46101, 1.34254],
			"to": [8.20703, 19.1781, 1.56268],
			"rotation": {"angle": 0, "axis": "y", "origin": [7.82119, 18.15355, 5.46586]},
			"faces": {
				"north": {"uv": [0, 0, 16, 16], "texture": "#4"},
				"east": {"uv": [0, 0, 16, 0.66667], "rotation": 90, "texture": "#4"},
				"south": {"uv": [0, 0, 16, 16], "rotation": 90, "texture": "#4"},
				"west": {"uv": [0, 0, 16, 16], "rotation": 90, "texture": "#4"},
				"up": {"uv": [0, 0, 0.66667, 16], "rotation": 90, "texture": "#4"},
				"down": {"uv": [15.33333, 0, 16, 16], "rotation": 90, "texture": "#4"}
			}
		},
		{
			"from": [7.34981, 19.33003, 1.35573],
			"to": [8.29257, 20.45907, 1.6245],
			"rotation": {"angle": 0, "axis": "y", "origin": [7.82119, 17.26678, 8.85261]},
			"faces": {
				"north": {"uv": [0, 0, 16, 16], "texture": "#5"},
				"east": {"uv": [15.33333, 0, 16, 16], "texture": "#5"},
				"south": {"uv": [0, 0, 16, 16], "texture": "#5"},
				"west": {"uv": [0, 0, 0.66667, 16], "texture": "#5"},
				"up": {"uv": [0, 0, 16, 0.66667], "texture": "#5"},
				"down": {"uv": [0, 0, 16, 16], "texture": "#5"}
			}
		},
		{
			"from": [7.5524, 21.38342, 1.42689],
			"to": [8.08999, 22.05568, 1.55333],
			"rotation": {"angle": 0, "axis": "y", "origin": [7.82119, 20.67875, 1.49011]},
			"faces": {
				"north": {"uv": [0, 0, 16, 16], "texture": "#4"},
				"east": {"uv": [15.33333, 0, 16, 16], "texture": "#4"},
				"south": {"uv": [0, 0, 16, 16], "texture": "#4"},
				"west": {"uv": [0, 0, 0.66667, 16], "texture": "#4"},
				"up": {"uv": [0, 0, 16, 0.66667], "texture": "#4"},
				"down": {"uv": [0, 0, 16, 16], "texture": "#4"}
			}
		},
		{
			"from": [7.45796, 23.51532, 1.40468],
			"to": [8.18443, 24.42378, 1.57554],
			"rotation": {"angle": 0, "axis": "y", "origin": [7.82119, 20.22522, 1.49011]},
			"faces": {
				"north": {"uv": [0, 0, 16, 16], "texture": "#3"},
				"east": {"uv": [15.33333, 0, 16, 16], "texture": "#3"},
				"south": {"uv": [0, 0, 16, 16], "texture": "#3"},
				"west": {"uv": [0, 0, 0.66667, 16], "texture": "#3"},
				"up": {"uv": [0, 0, 16, 0.66667], "texture": "#3"},
				"down": {"uv": [0, 0, 16, 16], "texture": "#3"}
			}
		},
		{
			"from": [7.63231, 24.73335, 1.44569],
			"to": [8.01007, 25.20575, 1.53454],
			"rotation": {"angle": 0, "axis": "y", "origin": [7.82119, 22.5025, 1.49011]},
			"faces": {
				"north": {"uv": [0, 0, 16, 16], "texture": "#5"},
				"east": {"uv": [15.33333, 0, 16, 16], "texture": "#5"},
				"south": {"uv": [0, 0, 16, 16], "texture": "#5"},
				"west": {"uv": [0, 0, 0.66667, 16], "texture": "#5"},
				"up": {"uv": [0, 0, 16, 0.66667], "texture": "#5"},
				"down": {"uv": [0, 0, 16, 16], "texture": "#5"}
			}
		},
		{
			"from": [7.63231, 22.48335, 1.44569],
			"to": [8.01007, 22.95575, 1.53454],
			"rotation": {"angle": 0, "axis": "y", "origin": [7.82119, 22.5025, 1.49011]},
			"faces": {
				"north": {"uv": [0, 0, 16, 16], "texture": "#2"},
				"east": {"uv": [15.33333, 0, 16, 16], "texture": "#2"},
				"south": {"uv": [0, 0, 16, 16], "texture": "#2"},
				"west": {"uv": [0, 0, 0.66667, 16], "texture": "#2"},
				"up": {"uv": [0, 0, 16, 0.66667], "texture": "#2"},
				"down": {"uv": [0, 0, 16, 16], "texture": "#2"}
			}
		},
		{
			"from": [8.5649, 23.64905, 1.50483],
			"to": [9.07749, 24.29006, 1.62539],
			"rotation": {"angle": 0, "axis": "y", "origin": [8.11559, 21.32756, 1.50211]},
			"faces": {
				"north": {"uv": [0, 0, 16, 16], "texture": "#2"},
				"east": {"uv": [15.33333, 0, 16, 16], "texture": "#2"},
				"south": {"uv": [0, 0, 16, 16], "texture": "#2"},
				"west": {"uv": [0, 0, 0.66667, 16], "texture": "#2"},
				"up": {"uv": [0, 0, 16, 0.66667], "texture": "#2"},
				"down": {"uv": [0, 0, 16, 16], "texture": "#2"}
			}
		},
		{
			"from": [6.5649, 23.64905, 1.50483],
			"to": [7.07749, 24.29006, 1.62539],
			"rotation": {"angle": 0, "axis": "y", "origin": [8.11559, 21.32756, 1.50211]},
			"faces": {
				"north": {"uv": [0, 0, 16, 16], "texture": "#2"},
				"east": {"uv": [15.33333, 0, 16, 16], "texture": "#2"},
				"south": {"uv": [0, 0, 16, 16], "texture": "#2"},
				"west": {"uv": [0, 0, 0.66667, 16], "texture": "#2"},
				"up": {"uv": [0, 0, 16, 0.66667], "texture": "#2"},
				"down": {"uv": [0, 0, 16, 16], "texture": "#2"}
			}
		},
		{
			"from": [6.98093, 16.14379, 1.29249],
			"to": [8.66146, 18.24532, 1.68774],
			"rotation": {"angle": 0, "axis": "y", "origin": [7.82119, 17.26678, 8.85261]},
			"faces": {
				"north": {"uv": [0, 0, 16, 16], "texture": "#2"},
				"east": {"uv": [15.33333, 0, 16, 16], "texture": "#2"},
				"south": {"uv": [0, 0, 16, 16], "texture": "#2"},
				"west": {"uv": [0, 0, 0.66667, 16], "texture": "#2"},
				"up": {"uv": [0, 0, 16, 0.66667], "texture": "#2"},
				"down": {"uv": [0, 0, 16, 16], "texture": "#2"}
			}
		},
		{
			"from": [9.26662, 16.50105, 1.35968],
			"to": [10.37577, 17.88806, 1.62054],
			"rotation": {"angle": 0, "axis": "y", "origin": [7.82119, 17.26678, 8.85261]},
			"faces": {
				"north": {"uv": [0, 0, 16, 16], "texture": "#4"},
				"east": {"uv": [15.33333, 0, 16, 16], "texture": "#4"},
				"south": {"uv": [0, 0, 16, 16], "texture": "#4"},
				"west": {"uv": [0, 0, 0.66667, 16], "texture": "#4"},
				"up": {"uv": [0, 0, 16, 0.66667], "texture": "#4"},
				"down": {"uv": [0, 0, 16, 16], "texture": "#4"}
			}
		},
		{
			"from": [9.39972, 14.66749, 1.39098],
			"to": [10.24267, 15.72162, 1.58924],
			"rotation": {"angle": 0, "axis": "y", "origin": [7.82119, 17.26678, 8.85261]},
			"faces": {
				"north": {"uv": [0, 0, 16, 16], "texture": "#2"},
				"east": {"uv": [15.33333, 0, 16, 16], "texture": "#2"},
				"south": {"uv": [0, 0, 16, 16], "texture": "#2"},
				"west": {"uv": [0, 0, 0.66667, 16], "texture": "#2"},
				"up": {"uv": [0, 0, 16, 0.66667], "texture": "#2"},
				"down": {"uv": [0, 0, 16, 16], "texture": "#2"}
			}
		},
		{
			"from": [5.26662, 16.50105, 1.35968],
			"to": [6.37577, 17.88806, 1.62054],
			"rotation": {"angle": 0, "axis": "y", "origin": [7.82119, 17.26678, 8.85261]},
			"faces": {
				"north": {"uv": [0, 0, 16, 16], "texture": "#4"},
				"east": {"uv": [15.33333, 0, 16, 16], "texture": "#4"},
				"south": {"uv": [0, 0, 16, 16], "texture": "#4"},
				"west": {"uv": [0, 0, 0.66667, 16], "texture": "#4"},
				"up": {"uv": [0, 0, 16, 0.66667], "texture": "#4"},
				"down": {"uv": [0, 0, 16, 16], "texture": "#4"}
			}
		},
		{
			"from": [5.39972, 14.66749, 1.39098],
			"to": [6.24267, 15.72162, 1.58924],
			"rotation": {"angle": 0, "axis": "y", "origin": [7.82119, 17.26678, 8.85261]},
			"faces": {
				"north": {"uv": [0, 0, 16, 16], "texture": "#2"},
				"east": {"uv": [15.33333, 0, 16, 16], "texture": "#2"},
				"south": {"uv": [0, 0, 16, 16], "texture": "#2"},
				"west": {"uv": [0, 0, 0.66667, 16], "texture": "#2"},
				"up": {"uv": [0, 0, 16, 0.66667], "texture": "#2"},
				"down": {"uv": [0, 0, 16, 16], "texture": "#2"}
			}
		},
		{
			"from": [5.39972, 18.86749, 1.39098],
			"to": [6.24267, 19.92162, 1.58924],
			"rotation": {"angle": 0, "axis": "y", "origin": [7.82119, 17.26678, 8.85261]},
			"faces": {
				"north": {"uv": [0, 0, 16, 16], "texture": "#2"},
				"east": {"uv": [15.33333, 0, 16, 16], "texture": "#2"},
				"south": {"uv": [0, 0, 16, 16], "texture": "#2"},
				"west": {"uv": [0, 0, 0.66667, 16], "texture": "#2"},
				"up": {"uv": [0, 0, 16, 0.66667], "texture": "#2"},
				"down": {"uv": [0, 0, 16, 16], "texture": "#2"}
			}
		},
		{
			"from": [9.39972, 18.86749, 1.39098],
			"to": [10.24267, 19.92162, 1.58924],
			"rotation": {"angle": 0, "axis": "y", "origin": [7.82119, 17.26678, 8.85261]},
			"faces": {
				"north": {"uv": [0, 0, 16, 16], "texture": "#2"},
				"east": {"uv": [15.33333, 0, 16, 16], "texture": "#2"},
				"south": {"uv": [0, 0, 16, 16], "texture": "#2"},
				"west": {"uv": [0, 0, 0.66667, 16], "texture": "#2"},
				"up": {"uv": [0, 0, 16, 0.66667], "texture": "#2"},
				"down": {"uv": [0, 0, 16, 16], "texture": "#2"}
			}
		},
		{
			"from": [7.10667, 14.62317, 16.08073],
			"to": [8.53571, 15.76593, 16.3495],
			"rotation": {"angle": 0, "axis": "y", "origin": [7.82119, 17.26678, 8.85261]},
			"faces": {
				"north": {"uv": [0, 0, 16, 16], "rotation": 90, "texture": "#3"},
				"east": {"uv": [0, 0, 16, 16], "rotation": 90, "texture": "#3"},
				"south": {"uv": [0, 0, 16, 16], "texture": "#3"},
				"west": {"uv": [0, 0, 16, 0.66667], "rotation": 90, "texture": "#3"},
				"up": {"uv": [0, 0, 0.66667, 16], "rotation": 270, "texture": "#3"},
				"down": {"uv": [15.33333, 0, 16, 16], "rotation": 270, "texture": "#3"}
			}
		},
		{
			"from": [7.24981, 18.73003, 16.08073],
			"to": [8.39257, 20.15907, 16.3495],
			"rotation": {"angle": 0, "axis": "y", "origin": [7.82119, 17.26678, 8.85261]},
			"faces": {
				"north": {"uv": [0, 0, 16, 16], "texture": "#5"},
				"east": {"uv": [0, 0, 0.66667, 16], "texture": "#5"},
				"south": {"uv": [0, 0, 16, 16], "texture": "#5"},
				"west": {"uv": [15.33333, 0, 16, 16], "texture": "#5"},
				"up": {"uv": [0, 0, 16, 0.66667], "rotation": 180, "texture": "#5"},
				"down": {"uv": [0, 0, 16, 16], "rotation": 180, "texture": "#5"}
			}
		},
		{
			"from": [6.98093, 16.14379, 16.01749],
			"to": [8.66146, 18.24532, 16.41274],
			"rotation": {"angle": 0, "axis": "y", "origin": [7.82119, 17.26678, 8.85261]},
			"faces": {
				"north": {"uv": [0, 0, 16, 16], "texture": "#2"},
				"east": {"uv": [0, 0, 0.66667, 16], "texture": "#2"},
				"south": {"uv": [0, 0, 16, 16], "texture": "#2"},
				"west": {"uv": [15.33333, 0, 16, 16], "texture": "#2"},
				"up": {"uv": [0, 0, 16, 0.66667], "rotation": 180, "texture": "#2"},
				"down": {"uv": [0, 0, 16, 16], "rotation": 180, "texture": "#2"}
			}
		},
		{
			"from": [5.26662, 16.50105, 16.08468],
			"to": [6.37577, 17.88806, 16.34554],
			"rotation": {"angle": 0, "axis": "y", "origin": [7.82119, 17.26678, 8.85261]},
			"faces": {
				"north": {"uv": [0, 0, 16, 16], "texture": "#4"},
				"east": {"uv": [0, 0, 0.66667, 16], "texture": "#4"},
				"south": {"uv": [0, 0, 16, 16], "texture": "#4"},
				"west": {"uv": [15.33333, 0, 16, 16], "texture": "#4"},
				"up": {"uv": [0, 0, 16, 0.66667], "rotation": 180, "texture": "#4"},
				"down": {"uv": [0, 0, 16, 16], "rotation": 180, "texture": "#4"}
			}
		},
		{
			"from": [5.39972, 14.66749, 16.11598],
			"to": [6.24267, 15.72162, 16.31424],
			"rotation": {"angle": 0, "axis": "y", "origin": [7.82119, 17.26678, 8.85261]},
			"faces": {
				"north": {"uv": [0, 0, 16, 16], "texture": "#2"},
				"east": {"uv": [0, 0, 0.66667, 16], "texture": "#2"},
				"south": {"uv": [0, 0, 16, 16], "texture": "#2"},
				"west": {"uv": [15.33333, 0, 16, 16], "texture": "#2"},
				"up": {"uv": [0, 0, 16, 0.66667], "rotation": 180, "texture": "#2"},
				"down": {"uv": [0, 0, 16, 16], "rotation": 180, "texture": "#2"}
			}
		},
		{
			"from": [9.26662, 16.50105, 16.08468],
			"to": [10.37577, 17.88806, 16.34554],
			"rotation": {"angle": 0, "axis": "y", "origin": [7.82119, 17.26678, 8.85261]},
			"faces": {
				"north": {"uv": [0, 0, 16, 16], "texture": "#4"},
				"east": {"uv": [0, 0, 0.66667, 16], "texture": "#4"},
				"south": {"uv": [0, 0, 16, 16], "texture": "#4"},
				"west": {"uv": [15.33333, 0, 16, 16], "texture": "#4"},
				"up": {"uv": [0, 0, 16, 0.66667], "rotation": 180, "texture": "#4"},
				"down": {"uv": [0, 0, 16, 16], "rotation": 180, "texture": "#4"}
			}
		},
		{
			"from": [9.39972, 14.66749, 16.11598],
			"to": [10.24267, 15.72162, 16.31424],
			"rotation": {"angle": 0, "axis": "y", "origin": [7.82119, 17.26678, 8.85261]},
			"faces": {
				"north": {"uv": [0, 0, 16, 16], "texture": "#2"},
				"east": {"uv": [0, 0, 0.66667, 16], "texture": "#2"},
				"south": {"uv": [0, 0, 16, 16], "texture": "#2"},
				"west": {"uv": [15.33333, 0, 16, 16], "texture": "#2"},
				"up": {"uv": [0, 0, 16, 0.66667], "rotation": 180, "texture": "#2"},
				"down": {"uv": [0, 0, 16, 16], "rotation": 180, "texture": "#2"}
			}
		},
		{
			"from": [9.39972, 18.86749, 16.11598],
			"to": [10.24267, 19.92162, 16.31424],
			"rotation": {"angle": 0, "axis": "y", "origin": [7.82119, 17.26678, 8.85261]},
			"faces": {
				"north": {"uv": [0, 0, 16, 16], "texture": "#3"},
				"east": {"uv": [0, 0, 0.66667, 16], "texture": "#3"},
				"south": {"uv": [0, 0, 16, 16], "texture": "#3"},
				"west": {"uv": [15.33333, 0, 16, 16], "texture": "#3"},
				"up": {"uv": [0, 0, 16, 0.66667], "rotation": 180, "texture": "#3"},
				"down": {"uv": [0, 0, 16, 16], "rotation": 180, "texture": "#3"}
			}
		},
		{
			"from": [5.39972, 18.86749, 16.11598],
			"to": [6.24267, 19.92162, 16.31424],
			"rotation": {"angle": 0, "axis": "y", "origin": [7.82119, 17.26678, 8.85261]},
			"faces": {
				"north": {"uv": [0, 0, 16, 16], "texture": "#3"},
				"east": {"uv": [0, 0, 0.66667, 16], "texture": "#3"},
				"south": {"uv": [0, 0, 16, 16], "texture": "#3"},
				"west": {"uv": [15.33333, 0, 16, 16], "texture": "#3"},
				"up": {"uv": [0, 0, 16, 0.66667], "rotation": 180, "texture": "#3"},
				"down": {"uv": [0, 0, 16, 16], "rotation": 180, "texture": "#3"}
			}
		},
		{
			"from": [15.04931, 14.62317, 8.13809],
			"to": [15.31808, 15.76593, 9.56713],
			"rotation": {"angle": 0, "axis": "y", "origin": [7.82119, 17.26678, 8.85261]},
			"faces": {
				"north": {"uv": [0, 0, 16, 16], "rotation": 90, "texture": "#3"},
				"east": {"uv": [0, 0, 16, 16], "texture": "#3"},
				"south": {"uv": [0, 0, 16, 0.66667], "rotation": 90, "texture": "#3"},
				"west": {"uv": [0, 0, 16, 16], "rotation": 90, "texture": "#3"},
				"up": {"uv": [0, 0, 0.66667, 16], "rotation": 180, "texture": "#3"},
				"down": {"uv": [15.33333, 0, 16, 16], "texture": "#3"}
			}
		},
		{
			"from": [15.04931, 18.73003, 8.28123],
			"to": [15.31808, 20.15907, 9.42399],
			"rotation": {"angle": 0, "axis": "y", "origin": [7.82119, 17.26678, 8.85261]},
			"faces": {
				"north": {"uv": [0, 0, 0.66667, 16], "texture": "#5"},
				"east": {"uv": [0, 0, 16, 16], "texture": "#5"},
				"south": {"uv": [15.33333, 0, 16, 16], "texture": "#5"},
				"west": {"uv": [0, 0, 16, 16], "texture": "#5"},
				"up": {"uv": [0, 0, 16, 0.66667], "rotation": 90, "texture": "#5"},
				"down": {"uv": [0, 0, 16, 16], "rotation": 270, "texture": "#5"}
			}
		},
		{
			"from": [14.98607, 16.14379, 8.01235],
			"to": [15.38132, 18.24532, 9.69288],
			"rotation": {"angle": 0, "axis": "y", "origin": [7.82119, 17.26678, 8.85261]},
			"faces": {
				"north": {"uv": [0, 0, 0.66667, 16], "texture": "#2"},
				"east": {"uv": [0, 0, 16, 16], "texture": "#2"},
				"south": {"uv": [15.33333, 0, 16, 16], "texture": "#2"},
				"west": {"uv": [0, 0, 16, 16], "texture": "#2"},
				"up": {"uv": [0, 0, 16, 0.66667], "rotation": 90, "texture": "#2"},
				"down": {"uv": [0, 0, 16, 16], "rotation": 270, "texture": "#2"}
			}
		},
		{
			"from": [15.05326, 16.50105, 10.29804],
			"to": [15.31413, 17.88806, 11.40719],
			"rotation": {"angle": 0, "axis": "y", "origin": [7.82119, 17.26678, 8.85261]},
			"faces": {
				"north": {"uv": [0, 0, 0.66667, 16], "texture": "#4"},
				"east": {"uv": [0, 0, 16, 16], "texture": "#4"},
				"south": {"uv": [15.33333, 0, 16, 16], "texture": "#4"},
				"west": {"uv": [0, 0, 16, 16], "texture": "#4"},
				"up": {"uv": [0, 0, 16, 0.66667], "rotation": 90, "texture": "#4"},
				"down": {"uv": [0, 0, 16, 16], "rotation": 270, "texture": "#4"}
			}
		},
		{
			"from": [15.08457, 14.66749, 10.43113],
			"to": [15.28282, 15.72162, 11.27409],
			"rotation": {"angle": 0, "axis": "y", "origin": [7.82119, 17.26678, 8.85261]},
			"faces": {
				"north": {"uv": [0, 0, 0.66667, 16], "texture": "#2"},
				"east": {"uv": [0, 0, 16, 16], "texture": "#2"},
				"south": {"uv": [15.33333, 0, 16, 16], "texture": "#2"},
				"west": {"uv": [0, 0, 16, 16], "texture": "#2"},
				"up": {"uv": [0, 0, 16, 0.66667], "rotation": 90, "texture": "#2"},
				"down": {"uv": [0, 0, 16, 16], "rotation": 270, "texture": "#2"}
			}
		},
		{
			"from": [14.83457, 13.86749, 13.43113],
			"to": [15.03282, 14.92162, 14.27409],
			"rotation": {"angle": 0, "axis": "y", "origin": [7.82119, 17.26678, 8.85261]},
			"faces": {
				"north": {"uv": [0, 0, 0.66667, 16], "texture": "#2"},
				"east": {"uv": [0, 0, 16, 16], "texture": "#2"},
				"south": {"uv": [15.33333, 0, 16, 16], "texture": "#2"},
				"west": {"uv": [0, 0, 16, 16], "texture": "#2"},
				"up": {"uv": [0, 0, 16, 0.66667], "rotation": 90, "texture": "#2"},
				"down": {"uv": [0, 0, 16, 16], "rotation": 270, "texture": "#2"}
			}
		},
		{
			"from": [14.83457, 13.86749, 3.58113],
			"to": [15.03282, 14.92162, 4.42409],
			"rotation": {"angle": 0, "axis": "y", "origin": [7.82119, 17.26678, 8.85261]},
			"faces": {
				"north": {"uv": [0, 0, 0.66667, 16], "texture": "#2"},
				"east": {"uv": [0, 0, 16, 16], "texture": "#2"},
				"south": {"uv": [15.33333, 0, 16, 16], "texture": "#2"},
				"west": {"uv": [0, 0, 16, 16], "texture": "#2"},
				"up": {"uv": [0, 0, 16, 0.66667], "rotation": 90, "texture": "#2"},
				"down": {"uv": [0, 0, 16, 16], "rotation": 270, "texture": "#2"}
			}
		},
		{
			"from": [0.43457, 13.86749, 13.43113],
			"to": [0.63282, 14.92162, 14.27409],
			"rotation": {"angle": 0, "axis": "y", "origin": [14.93369, 14.39455, 8.92761]},
			"faces": {
				"north": {"uv": [15.33333, 0, 16, 16], "texture": "#2"},
				"east": {"uv": [0, 0, 16, 16], "texture": "#2"},
				"south": {"uv": [0, 0, 0.66667, 16], "texture": "#2"},
				"west": {"uv": [0, 0, 16, 16], "texture": "#2"},
				"up": {"uv": [0, 0, 16, 0.66667], "rotation": 270, "texture": "#2"},
				"down": {"uv": [0, 0, 16, 16], "rotation": 90, "texture": "#2"}
			}
		},
		{
			"from": [0.43457, 13.86749, 3.58113],
			"to": [0.63282, 14.92162, 4.42409],
			"rotation": {"angle": 0, "axis": "y", "origin": [14.93369, 14.39455, 8.92761]},
			"faces": {
				"north": {"uv": [15.33333, 0, 16, 16], "texture": "#2"},
				"east": {"uv": [0, 0, 16, 16], "texture": "#2"},
				"south": {"uv": [0, 0, 0.66667, 16], "texture": "#2"},
				"west": {"uv": [0, 0, 16, 16], "texture": "#2"},
				"up": {"uv": [0, 0, 16, 0.66667], "rotation": 270, "texture": "#2"},
				"down": {"uv": [0, 0, 16, 16], "rotation": 90, "texture": "#2"}
			}
		},
		{
			"from": [2.38722, 13.86749, 16.02848],
			"to": [3.23017, 14.92162, 16.22674],
			"rotation": {"angle": 0, "axis": "y", "origin": [7.73369, 14.39455, 8.92761]},
			"faces": {
				"north": {"uv": [0, 0, 16, 16], "texture": "#2"},
				"east": {"uv": [0, 0, 0.66667, 16], "texture": "#2"},
				"south": {"uv": [0, 0, 16, 16], "texture": "#2"},
				"west": {"uv": [15.33333, 0, 16, 16], "texture": "#2"},
				"up": {"uv": [0, 0, 16, 0.66667], "rotation": 180, "texture": "#2"},
				"down": {"uv": [0, 0, 16, 16], "rotation": 180, "texture": "#2"}
			}
		},
		{
			"from": [12.23722, 13.86749, 16.02848],
			"to": [13.08017, 14.92162, 16.22674],
			"rotation": {"angle": 0, "axis": "y", "origin": [7.73369, 14.39455, 8.92761]},
			"faces": {
				"north": {"uv": [0, 0, 16, 16], "texture": "#2"},
				"east": {"uv": [0, 0, 0.66667, 16], "texture": "#2"},
				"south": {"uv": [0, 0, 16, 16], "texture": "#2"},
				"west": {"uv": [15.33333, 0, 16, 16], "texture": "#2"},
				"up": {"uv": [0, 0, 16, 0.66667], "rotation": 180, "texture": "#2"},
				"down": {"uv": [0, 0, 16, 16], "rotation": 180, "texture": "#2"}
			}
		},
		{
			"from": [2.38722, 13.86749, 1.62848],
			"to": [3.23017, 14.92162, 1.82674],
			"rotation": {"angle": 0, "axis": "y", "origin": [7.73369, 14.39455, 8.92761]},
			"faces": {
				"north": {"uv": [0, 0, 16, 16], "texture": "#2"},
				"east": {"uv": [15.33333, 0, 16, 16], "texture": "#2"},
				"south": {"uv": [0, 0, 16, 16], "texture": "#2"},
				"west": {"uv": [0, 0, 0.66667, 16], "texture": "#2"},
				"up": {"uv": [0, 0, 16, 0.66667], "texture": "#2"},
				"down": {"uv": [0, 0, 16, 16], "texture": "#2"}
			}
		},
		{
			"from": [12.23722, 13.86749, 1.62848],
			"to": [13.08017, 14.92162, 1.82674],
			"rotation": {"angle": 0, "axis": "y", "origin": [7.73369, 14.39455, 8.92761]},
			"faces": {
				"north": {"uv": [0, 0, 16, 16], "texture": "#2"},
				"east": {"uv": [15.33333, 0, 16, 16], "texture": "#2"},
				"south": {"uv": [0, 0, 16, 16], "texture": "#2"},
				"west": {"uv": [0, 0, 0.66667, 16], "texture": "#2"},
				"up": {"uv": [0, 0, 16, 0.66667], "texture": "#2"},
				"down": {"uv": [0, 0, 16, 16], "texture": "#2"}
			}
		},
		{
			"from": [12.23722, 17.46749, 1.62848],
			"to": [13.08017, 18.52162, 1.82674],
			"rotation": {"angle": 0, "axis": "y", "origin": [7.73369, 14.39455, 8.92761]},
			"faces": {
				"north": {"uv": [0, 0, 16, 16], "texture": "#2"},
				"east": {"uv": [15.33333, 0, 16, 16], "texture": "#2"},
				"south": {"uv": [0, 0, 16, 16], "texture": "#2"},
				"west": {"uv": [0, 0, 0.66667, 16], "texture": "#2"},
				"up": {"uv": [0, 0, 16, 0.66667], "texture": "#2"},
				"down": {"uv": [0, 0, 16, 16], "texture": "#2"}
			}
		},
		{
			"from": [2.38722, 17.46749, 1.62848],
			"to": [3.23017, 18.52162, 1.82674],
			"rotation": {"angle": 0, "axis": "y", "origin": [7.73369, 14.39455, 8.92761]},
			"faces": {
				"north": {"uv": [0, 0, 16, 16], "texture": "#2"},
				"east": {"uv": [15.33333, 0, 16, 16], "texture": "#2"},
				"south": {"uv": [0, 0, 16, 16], "texture": "#2"},
				"west": {"uv": [0, 0, 0.66667, 16], "texture": "#2"},
				"up": {"uv": [0, 0, 16, 0.66667], "texture": "#2"},
				"down": {"uv": [0, 0, 16, 16], "texture": "#2"}
			}
		},
		{
			"from": [14.83457, 17.46749, 3.58113],
			"to": [15.03282, 18.52162, 4.42409],
			"rotation": {"angle": 0, "axis": "y", "origin": [7.82119, 17.26678, 8.85261]},
			"faces": {
				"north": {"uv": [0, 0, 0.66667, 16], "texture": "#2"},
				"east": {"uv": [0, 0, 16, 16], "texture": "#2"},
				"south": {"uv": [15.33333, 0, 16, 16], "texture": "#2"},
				"west": {"uv": [0, 0, 16, 16], "texture": "#2"},
				"up": {"uv": [0, 0, 16, 0.66667], "rotation": 90, "texture": "#2"},
				"down": {"uv": [0, 0, 16, 16], "rotation": 270, "texture": "#2"}
			}
		},
		{
			"from": [14.83457, 17.46749, 13.43113],
			"to": [15.03282, 18.52162, 14.27409],
			"rotation": {"angle": 0, "axis": "y", "origin": [7.82119, 17.26678, 8.85261]},
			"faces": {
				"north": {"uv": [0, 0, 0.66667, 16], "texture": "#2"},
				"east": {"uv": [0, 0, 16, 16], "texture": "#2"},
				"south": {"uv": [15.33333, 0, 16, 16], "texture": "#2"},
				"west": {"uv": [0, 0, 16, 16], "texture": "#2"},
				"up": {"uv": [0, 0, 16, 0.66667], "rotation": 90, "texture": "#2"},
				"down": {"uv": [0, 0, 16, 16], "rotation": 270, "texture": "#2"}
			}
		},
		{
			"from": [12.23722, 17.46749, 16.02848],
			"to": [13.08017, 18.52162, 16.22674],
			"rotation": {"angle": 0, "axis": "y", "origin": [7.73369, 14.39455, 8.92761]},
			"faces": {
				"north": {"uv": [0, 0, 16, 16], "texture": "#2"},
				"east": {"uv": [0, 0, 0.66667, 16], "texture": "#2"},
				"south": {"uv": [0, 0, 16, 16], "texture": "#2"},
				"west": {"uv": [15.33333, 0, 16, 16], "texture": "#2"},
				"up": {"uv": [0, 0, 16, 0.66667], "rotation": 180, "texture": "#2"},
				"down": {"uv": [0, 0, 16, 16], "rotation": 180, "texture": "#2"}
			}
		},
		{
			"from": [2.38722, 17.46749, 16.02848],
			"to": [3.23017, 18.52162, 16.22674],
			"rotation": {"angle": 0, "axis": "y", "origin": [7.73369, 14.39455, 8.92761]},
			"faces": {
				"north": {"uv": [0, 0, 16, 16], "texture": "#2"},
				"east": {"uv": [0, 0, 0.66667, 16], "texture": "#2"},
				"south": {"uv": [0, 0, 16, 16], "texture": "#2"},
				"west": {"uv": [15.33333, 0, 16, 16], "texture": "#2"},
				"up": {"uv": [0, 0, 16, 0.66667], "rotation": 180, "texture": "#2"},
				"down": {"uv": [0, 0, 16, 16], "rotation": 180, "texture": "#2"}
			}
		},
		{
			"from": [0.43457, 17.46749, 13.43113],
			"to": [0.63282, 18.52162, 14.27409],
			"rotation": {"angle": 0, "axis": "y", "origin": [14.93369, 14.39455, 8.92761]},
			"faces": {
				"north": {"uv": [15.33333, 0, 16, 16], "texture": "#2"},
				"east": {"uv": [0, 0, 16, 16], "texture": "#2"},
				"south": {"uv": [0, 0, 0.66667, 16], "texture": "#2"},
				"west": {"uv": [0, 0, 16, 16], "texture": "#2"},
				"up": {"uv": [0, 0, 16, 0.66667], "rotation": 270, "texture": "#2"},
				"down": {"uv": [0, 0, 16, 16], "rotation": 90, "texture": "#2"}
			}
		},
		{
			"from": [0.43457, 17.46749, 3.58113],
			"to": [0.63282, 18.52162, 4.42409],
			"rotation": {"angle": 0, "axis": "y", "origin": [14.93369, 14.39455, 8.92761]},
			"faces": {
				"north": {"uv": [15.33333, 0, 16, 16], "texture": "#2"},
				"east": {"uv": [0, 0, 16, 16], "texture": "#2"},
				"south": {"uv": [0, 0, 0.66667, 16], "texture": "#2"},
				"west": {"uv": [0, 0, 16, 16], "texture": "#2"},
				"up": {"uv": [0, 0, 16, 0.66667], "rotation": 270, "texture": "#2"},
				"down": {"uv": [0, 0, 16, 16], "rotation": 90, "texture": "#2"}
			}
		},
		{
			"from": [12.23722, 15.66749, 1.62848],
			"to": [13.08017, 16.72162, 1.82674],
			"rotation": {"angle": 0, "axis": "y", "origin": [7.73369, 14.39455, 8.92761]},
			"faces": {
				"north": {"uv": [0, 0, 16, 16], "texture": "#5"},
				"east": {"uv": [15.33333, 0, 16, 16], "texture": "#5"},
				"south": {"uv": [0, 0, 16, 16], "texture": "#5"},
				"west": {"uv": [0, 0, 0.66667, 16], "texture": "#5"},
				"up": {"uv": [0, 0, 16, 0.66667], "texture": "#5"},
				"down": {"uv": [0, 0, 16, 16], "texture": "#5"}
			}
		},
		{
			"from": [2.38722, 15.66749, 1.62848],
			"to": [3.23017, 16.72162, 1.82674],
			"rotation": {"angle": 0, "axis": "y", "origin": [7.73369, 14.39455, 8.92761]},
			"faces": {
				"north": {"uv": [0, 0, 16, 16], "texture": "#5"},
				"east": {"uv": [15.33333, 0, 16, 16], "texture": "#5"},
				"south": {"uv": [0, 0, 16, 16], "texture": "#5"},
				"west": {"uv": [0, 0, 0.66667, 16], "texture": "#5"},
				"up": {"uv": [0, 0, 16, 0.66667], "texture": "#5"},
				"down": {"uv": [0, 0, 16, 16], "texture": "#5"}
			}
		},
		{
			"from": [14.83457, 15.66749, 3.58113],
			"to": [15.03282, 16.72162, 4.42409],
			"rotation": {"angle": 0, "axis": "y", "origin": [7.82119, 17.26678, 8.85261]},
			"faces": {
				"north": {"uv": [0, 0, 0.66667, 16], "texture": "#5"},
				"east": {"uv": [0, 0, 16, 16], "texture": "#5"},
				"south": {"uv": [15.33333, 0, 16, 16], "texture": "#5"},
				"west": {"uv": [0, 0, 16, 16], "texture": "#5"},
				"up": {"uv": [0, 0, 16, 0.66667], "rotation": 90, "texture": "#5"},
				"down": {"uv": [0, 0, 16, 16], "rotation": 270, "texture": "#5"}
			}
		},
		{
			"from": [14.83457, 15.66749, 13.43113],
			"to": [15.03282, 16.72162, 14.27409],
			"rotation": {"angle": 0, "axis": "y", "origin": [7.82119, 17.26678, 8.85261]},
			"faces": {
				"north": {"uv": [0, 0, 0.66667, 16], "texture": "#5"},
				"east": {"uv": [0, 0, 16, 16], "texture": "#5"},
				"south": {"uv": [15.33333, 0, 16, 16], "texture": "#5"},
				"west": {"uv": [0, 0, 16, 16], "texture": "#5"},
				"up": {"uv": [0, 0, 16, 0.66667], "rotation": 90, "texture": "#5"},
				"down": {"uv": [0, 0, 16, 16], "rotation": 270, "texture": "#5"}
			}
		},
		{
			"from": [12.23722, 15.66749, 16.02848],
			"to": [13.08017, 16.72162, 16.22674],
			"rotation": {"angle": 0, "axis": "y", "origin": [7.73369, 14.39455, 8.92761]},
			"faces": {
				"north": {"uv": [0, 0, 16, 16], "texture": "#5"},
				"east": {"uv": [0, 0, 0.66667, 16], "texture": "#5"},
				"south": {"uv": [0, 0, 16, 16], "texture": "#5"},
				"west": {"uv": [15.33333, 0, 16, 16], "texture": "#5"},
				"up": {"uv": [0, 0, 16, 0.66667], "rotation": 180, "texture": "#5"},
				"down": {"uv": [0, 0, 16, 16], "rotation": 180, "texture": "#5"}
			}
		},
		{
			"from": [2.38722, 15.66749, 16.02848],
			"to": [3.23017, 16.72162, 16.22674],
			"rotation": {"angle": 0, "axis": "y", "origin": [7.73369, 14.39455, 8.92761]},
			"faces": {
				"north": {"uv": [0, 0, 16, 16], "texture": "#5"},
				"east": {"uv": [0, 0, 0.66667, 16], "texture": "#5"},
				"south": {"uv": [0, 0, 16, 16], "texture": "#5"},
				"west": {"uv": [15.33333, 0, 16, 16], "texture": "#5"},
				"up": {"uv": [0, 0, 16, 0.66667], "rotation": 180, "texture": "#5"},
				"down": {"uv": [0, 0, 16, 16], "rotation": 180, "texture": "#5"}
			}
		},
		{
			"from": [0.43457, 15.66749, 13.43113],
			"to": [0.63282, 16.72162, 14.27409],
			"rotation": {"angle": 0, "axis": "y", "origin": [14.93369, 14.39455, 8.92761]},
			"faces": {
				"north": {"uv": [15.33333, 0, 16, 16], "texture": "#5"},
				"east": {"uv": [0, 0, 16, 16], "texture": "#5"},
				"south": {"uv": [0, 0, 0.66667, 16], "texture": "#5"},
				"west": {"uv": [0, 0, 16, 16], "texture": "#5"},
				"up": {"uv": [0, 0, 16, 0.66667], "rotation": 270, "texture": "#5"},
				"down": {"uv": [0, 0, 16, 16], "rotation": 90, "texture": "#5"}
			}
		},
		{
			"from": [0.43457, 15.66749, 3.58113],
			"to": [0.63282, 16.72162, 4.42409],
			"rotation": {"angle": 0, "axis": "y", "origin": [14.93369, 14.39455, 8.92761]},
			"faces": {
				"north": {"uv": [15.33333, 0, 16, 16], "texture": "#5"},
				"east": {"uv": [0, 0, 16, 16], "texture": "#5"},
				"south": {"uv": [0, 0, 0.66667, 16], "texture": "#5"},
				"west": {"uv": [0, 0, 16, 16], "texture": "#5"},
				"up": {"uv": [0, 0, 16, 0.66667], "rotation": 270, "texture": "#5"},
				"down": {"uv": [0, 0, 16, 16], "rotation": 90, "texture": "#5"}
			}
		},
		{
			"from": [15.05326, 16.50105, 6.29804],
			"to": [15.31413, 17.88806, 7.40719],
			"rotation": {"angle": 0, "axis": "y", "origin": [7.82119, 17.26678, 8.85261]},
			"faces": {
				"north": {"uv": [0, 0, 0.66667, 16], "texture": "#4"},
				"east": {"uv": [0, 0, 16, 16], "texture": "#4"},
				"south": {"uv": [15.33333, 0, 16, 16], "texture": "#4"},
				"west": {"uv": [0, 0, 16, 16], "texture": "#4"},
				"up": {"uv": [0, 0, 16, 0.66667], "rotation": 90, "texture": "#4"},
				"down": {"uv": [0, 0, 16, 16], "rotation": 270, "texture": "#4"}
			}
		},
		{
			"from": [15.08457, 14.66749, 6.43113],
			"to": [15.28282, 15.72162, 7.27409],
			"rotation": {"angle": 0, "axis": "y", "origin": [7.82119, 17.26678, 8.85261]},
			"faces": {
				"north": {"uv": [0, 0, 0.66667, 16], "texture": "#2"},
				"east": {"uv": [0, 0, 16, 16], "texture": "#2"},
				"south": {"uv": [15.33333, 0, 16, 16], "texture": "#2"},
				"west": {"uv": [0, 0, 16, 16], "texture": "#2"},
				"up": {"uv": [0, 0, 16, 0.66667], "rotation": 90, "texture": "#2"},
				"down": {"uv": [0, 0, 16, 16], "rotation": 270, "texture": "#2"}
			}
		},
		{
			"from": [15.08457, 18.86749, 6.43113],
			"to": [15.28282, 19.92162, 7.27409],
			"rotation": {"angle": 0, "axis": "y", "origin": [7.82119, 17.26678, 8.85261]},
			"faces": {
				"north": {"uv": [0, 0, 0.66667, 16], "texture": "#3"},
				"east": {"uv": [0, 0, 16, 16], "texture": "#3"},
				"south": {"uv": [15.33333, 0, 16, 16], "texture": "#3"},
				"west": {"uv": [0, 0, 16, 16], "texture": "#3"},
				"up": {"uv": [0, 0, 16, 0.66667], "rotation": 90, "texture": "#3"},
				"down": {"uv": [0, 0, 16, 16], "rotation": 270, "texture": "#3"}
			}
		},
		{
			"from": [7.48457, 24.47308, 8.45055],
			"to": [8.18282, 25.31603, 9.50467],
			"rotation": {"angle": 0, "axis": "y", "origin": [8.08369, 24.89455, 8.97761]},
			"faces": {
				"north": {"uv": [0, 0, 16, 16], "rotation": 90, "texture": "#3"},
				"east": {"uv": [0, 0, 16, 16], "texture": "#3"},
				"south": {"uv": [0, 0, 16, 0.66667], "rotation": 90, "texture": "#3"},
				"west": {"uv": [0, 0, 16, 16], "rotation": 90, "texture": "#3"},
				"up": {"uv": [0, 0, 0.66667, 16], "rotation": 180, "texture": "#3"},
				"down": {"uv": [15.33333, 0, 16, 16], "texture": "#3"}
			}
		},
		{
			"from": [7.48457, 24.47308, 10.05055],
			"to": [8.18282, 25.31603, 11.10467],
			"rotation": {"angle": 0, "axis": "y", "origin": [8.08369, 24.89455, 8.97761]},
			"faces": {
				"north": {"uv": [0, 0, 16, 16], "rotation": 90, "texture": "#3"},
				"east": {"uv": [0, 0, 16, 16], "texture": "#3"},
				"south": {"uv": [0, 0, 16, 0.66667], "rotation": 90, "texture": "#3"},
				"west": {"uv": [0, 0, 16, 16], "rotation": 90, "texture": "#3"},
				"up": {"uv": [0, 0, 0.66667, 16], "rotation": 180, "texture": "#3"},
				"down": {"uv": [15.33333, 0, 16, 16], "texture": "#3"}
			}
		},
		{
			"from": [7.48457, 24.47308, 6.75055],
			"to": [8.18282, 25.31603, 7.80467],
			"rotation": {"angle": 0, "axis": "y", "origin": [8.08369, 24.89455, 8.97761]},
			"faces": {
				"north": {"uv": [0, 0, 16, 16], "rotation": 90, "texture": "#3"},
				"east": {"uv": [0, 0, 16, 16], "texture": "#3"},
				"south": {"uv": [0, 0, 16, 0.66667], "rotation": 90, "texture": "#3"},
				"west": {"uv": [0, 0, 16, 16], "rotation": 90, "texture": "#3"},
				"up": {"uv": [0, 0, 0.66667, 16], "rotation": 180, "texture": "#3"},
				"down": {"uv": [15.33333, 0, 16, 16], "texture": "#3"}
			}
		},
		{
			"from": [7.48457, 23.97308, 11.40055],
			"to": [8.18282, 24.81603, 12.45467],
			"rotation": {"angle": 22.5, "axis": "x", "origin": [7.83369, 23.89455, 11.97761]},
			"faces": {
				"north": {"uv": [0, 0, 16, 16], "rotation": 90, "texture": "#3"},
				"east": {"uv": [0, 0, 16, 16], "texture": "#3"},
				"south": {"uv": [0, 0, 16, 0.66667], "rotation": 90, "texture": "#3"},
				"west": {"uv": [0, 0, 16, 16], "rotation": 90, "texture": "#3"},
				"up": {"uv": [0, 0, 0.66667, 16], "rotation": 180, "texture": "#3"},
				"down": {"uv": [15.33333, 0, 16, 16], "texture": "#3"}
			}
		},
		{
			"from": [7.48457, 23.97308, 12.75055],
			"to": [8.18282, 24.81603, 13.80467],
			"rotation": {"angle": 22.5, "axis": "x", "origin": [7.83369, 23.89455, 11.97761]},
			"faces": {
				"north": {"uv": [0, 0, 16, 16], "rotation": 90, "texture": "#3"},
				"east": {"uv": [0, 0, 16, 16], "texture": "#3"},
				"south": {"uv": [0, 0, 16, 0.66667], "rotation": 90, "texture": "#3"},
				"west": {"uv": [0, 0, 16, 16], "rotation": 90, "texture": "#3"},
				"up": {"uv": [0, 0, 0.66667, 16], "rotation": 180, "texture": "#3"},
				"down": {"uv": [15.33333, 0, 16, 16], "texture": "#3"}
			}
		},
		{
			"from": [7.48457, 22.87398, 14.44562],
			"to": [8.18282, 23.71693, 15.49975],
			"rotation": {"angle": 45, "axis": "x", "origin": [7.83369, 23.49545, 14.24768]},
			"faces": {
				"north": {"uv": [0, 0, 16, 16], "rotation": 90, "texture": "#3"},
				"east": {"uv": [0, 0, 16, 16], "texture": "#3"},
				"south": {"uv": [0, 0, 16, 0.66667], "rotation": 90, "texture": "#3"},
				"west": {"uv": [0, 0, 16, 16], "rotation": 90, "texture": "#3"},
				"up": {"uv": [0, 0, 0.66667, 16], "rotation": 180, "texture": "#3"},
				"down": {"uv": [15.33333, 0, 16, 16], "texture": "#3"}
			}
		},
		{
			"from": [7.48457, 24.26813, 4.1557],
			"to": [8.18282, 25.11108, 5.20983],
			"rotation": {"angle": -22.5, "axis": "x", "origin": [7.83369, 26.93961, 5.93277]},
			"faces": {
				"north": {"uv": [0, 0, 16, 16], "rotation": 90, "texture": "#3"},
				"east": {"uv": [0, 0, 16, 16], "texture": "#3"},
				"south": {"uv": [0, 0, 16, 0.66667], "rotation": 90, "texture": "#3"},
				"west": {"uv": [0, 0, 16, 16], "rotation": 90, "texture": "#3"},
				"up": {"uv": [0, 0, 0.66667, 16], "rotation": 180, "texture": "#3"},
				"down": {"uv": [15.33333, 0, 16, 16], "texture": "#3"}
			}
		},
		{
			"from": [7.48457, 24.26813, 2.6557],
			"to": [8.18282, 25.11108, 3.70983],
			"rotation": {"angle": -22.5, "axis": "x", "origin": [7.83369, 26.93961, 5.93277]},
			"faces": {
				"north": {"uv": [0, 0, 16, 16], "rotation": 90, "texture": "#3"},
				"east": {"uv": [0, 0, 16, 16], "texture": "#3"},
				"south": {"uv": [0, 0, 16, 0.66667], "rotation": 90, "texture": "#3"},
				"west": {"uv": [0, 0, 16, 16], "rotation": 90, "texture": "#3"},
				"up": {"uv": [0, 0, 0.66667, 16], "rotation": 180, "texture": "#3"},
				"down": {"uv": [15.33333, 0, 16, 16], "texture": "#3"}
			}
		},
		{
			"from": [7.48457, 23.04568, 2.26413],
			"to": [8.18282, 23.88863, 3.31826],
			"rotation": {"angle": -45, "axis": "x", "origin": [7.83369, 23.61716, 3.7912]},
			"faces": {
				"north": {"uv": [0, 0, 16, 16], "rotation": 90, "texture": "#3"},
				"east": {"uv": [0, 0, 16, 16], "texture": "#3"},
				"south": {"uv": [0, 0, 16, 0.66667], "rotation": 90, "texture": "#3"},
				"west": {"uv": [0, 0, 16, 16], "rotation": 90, "texture": "#3"},
				"up": {"uv": [0, 0, 0.66667, 16], "rotation": 180, "texture": "#3"},
				"down": {"uv": [15.33333, 0, 16, 16], "texture": "#3"}
			}
		},
		{
			"from": [15.08457, 18.86749, 10.43113],
			"to": [15.28282, 19.92162, 11.27409],
			"rotation": {"angle": 0, "axis": "y", "origin": [7.82119, 17.26678, 8.85261]},
			"faces": {
				"north": {"uv": [0, 0, 0.66667, 16], "texture": "#3"},
				"east": {"uv": [0, 0, 16, 16], "texture": "#3"},
				"south": {"uv": [15.33333, 0, 16, 16], "texture": "#3"},
				"west": {"uv": [0, 0, 16, 16], "texture": "#3"},
				"up": {"uv": [0, 0, 16, 0.66667], "rotation": 90, "texture": "#3"},
				"down": {"uv": [0, 0, 16, 16], "rotation": 270, "texture": "#3"}
			}
		},
		{
			"from": [0.32431, 14.62317, 8.13809],
			"to": [0.59308, 15.76593, 9.56713],
			"rotation": {"angle": 0, "axis": "y", "origin": [7.82119, 17.26678, 8.85261]},
			"faces": {
				"north": {"uv": [0, 0, 16, 0.66667], "rotation": 90, "texture": "#3"},
				"east": {"uv": [0, 0, 16, 16], "rotation": 90, "texture": "#3"},
				"south": {"uv": [0, 0, 16, 16], "rotation": 90, "texture": "#3"},
				"west": {"uv": [0, 0, 16, 16], "texture": "#3"},
				"up": {"uv": [0, 0, 0.66667, 16], "texture": "#3"},
				"down": {"uv": [15.33333, 0, 16, 16], "rotation": 180, "texture": "#3"}
			}
		},
		{
			"from": [0.32431, 18.73003, 8.28123],
			"to": [0.59308, 20.15907, 9.42399],
			"rotation": {"angle": 0, "axis": "y", "origin": [7.82119, 17.26678, 8.85261]},
			"faces": {
				"north": {"uv": [15.33333, 0, 16, 16], "texture": "#5"},
				"east": {"uv": [0, 0, 16, 16], "texture": "#5"},
				"south": {"uv": [0, 0, 0.66667, 16], "texture": "#5"},
				"west": {"uv": [0, 0, 16, 16], "texture": "#5"},
				"up": {"uv": [0, 0, 16, 0.66667], "rotation": 270, "texture": "#5"},
				"down": {"uv": [0, 0, 16, 16], "rotation": 90, "texture": "#5"}
			}
		},
		{
			"from": [0.26107, 16.14379, 8.01235],
			"to": [0.65632, 18.24532, 9.69288],
			"rotation": {"angle": 0, "axis": "y", "origin": [7.82119, 17.26678, 8.85261]},
			"faces": {
				"north": {"uv": [15.33333, 0, 16, 16], "texture": "#2"},
				"east": {"uv": [0, 0, 16, 16], "texture": "#2"},
				"south": {"uv": [0, 0, 0.66667, 16], "texture": "#2"},
				"west": {"uv": [0, 0, 16, 16], "texture": "#2"},
				"up": {"uv": [0, 0, 16, 0.66667], "rotation": 270, "texture": "#2"},
				"down": {"uv": [0, 0, 16, 16], "rotation": 90, "texture": "#2"}
			}
		},
		{
			"from": [0.32826, 16.50105, 6.29804],
			"to": [0.58913, 17.88806, 7.40719],
			"rotation": {"angle": 0, "axis": "y", "origin": [7.82119, 17.26678, 8.85261]},
			"faces": {
				"north": {"uv": [15.33333, 0, 16, 16], "texture": "#4"},
				"east": {"uv": [0, 0, 16, 16], "texture": "#4"},
				"south": {"uv": [0, 0, 0.66667, 16], "texture": "#4"},
				"west": {"uv": [0, 0, 16, 16], "texture": "#4"},
				"up": {"uv": [0, 0, 16, 0.66667], "rotation": 270, "texture": "#4"},
				"down": {"uv": [0, 0, 16, 16], "rotation": 90, "texture": "#4"}
			}
		},
		{
			"from": [0.35957, 14.66749, 6.43113],
			"to": [0.55782, 15.72162, 7.27409],
			"rotation": {"angle": 0, "axis": "y", "origin": [7.82119, 17.26678, 8.85261]},
			"faces": {
				"north": {"uv": [15.33333, 0, 16, 16], "texture": "#2"},
				"east": {"uv": [0, 0, 16, 16], "texture": "#2"},
				"south": {"uv": [0, 0, 0.66667, 16], "texture": "#2"},
				"west": {"uv": [0, 0, 16, 16], "texture": "#2"},
				"up": {"uv": [0, 0, 16, 0.66667], "rotation": 270, "texture": "#2"},
				"down": {"uv": [0, 0, 16, 16], "rotation": 90, "texture": "#2"}
			}
		},
		{
			"from": [0.32826, 16.50105, 10.29804],
			"to": [0.58913, 17.88806, 11.40719],
			"rotation": {"angle": 0, "axis": "y", "origin": [7.82119, 17.26678, 8.85261]},
			"faces": {
				"north": {"uv": [15.33333, 0, 16, 16], "texture": "#4"},
				"east": {"uv": [0, 0, 16, 16], "texture": "#4"},
				"south": {"uv": [0, 0, 0.66667, 16], "texture": "#4"},
				"west": {"uv": [0, 0, 16, 16], "texture": "#4"},
				"up": {"uv": [0, 0, 16, 0.66667], "rotation": 270, "texture": "#4"},
				"down": {"uv": [0, 0, 16, 16], "rotation": 90, "texture": "#4"}
			}
		},
		{
			"from": [0.35957, 14.66749, 10.43113],
			"to": [0.55782, 15.72162, 11.27409],
			"rotation": {"angle": 0, "axis": "y", "origin": [7.82119, 17.26678, 8.85261]},
			"faces": {
				"north": {"uv": [15.33333, 0, 16, 16], "texture": "#2"},
				"east": {"uv": [0, 0, 16, 16], "texture": "#2"},
				"south": {"uv": [0, 0, 0.66667, 16], "texture": "#2"},
				"west": {"uv": [0, 0, 16, 16], "texture": "#2"},
				"up": {"uv": [0, 0, 16, 0.66667], "rotation": 270, "texture": "#2"},
				"down": {"uv": [0, 0, 16, 16], "rotation": 90, "texture": "#2"}
			}
		},
		{
			"from": [0.35957, 18.86749, 10.43113],
			"to": [0.55782, 19.92162, 11.27409],
			"rotation": {"angle": 0, "axis": "y", "origin": [7.82119, 17.26678, 8.85261]},
			"faces": {
				"north": {"uv": [15.33333, 0, 16, 16], "texture": "#3"},
				"east": {"uv": [0, 0, 16, 16], "texture": "#3"},
				"south": {"uv": [0, 0, 0.66667, 16], "texture": "#3"},
				"west": {"uv": [0, 0, 16, 16], "texture": "#3"},
				"up": {"uv": [0, 0, 16, 0.66667], "rotation": 270, "texture": "#3"},
				"down": {"uv": [0, 0, 16, 16], "rotation": 90, "texture": "#3"}
			}
		},
		{
			"from": [0.35957, 18.86749, 6.43113],
			"to": [0.55782, 19.92162, 7.27409],
			"rotation": {"angle": 0, "axis": "y", "origin": [7.82119, 17.26678, 8.85261]},
			"faces": {
				"north": {"uv": [15.33333, 0, 16, 16], "texture": "#3"},
				"east": {"uv": [0, 0, 16, 16], "texture": "#3"},
				"south": {"uv": [0, 0, 0.66667, 16], "texture": "#3"},
				"west": {"uv": [0, 0, 16, 16], "texture": "#3"},
				"up": {"uv": [0, 0, 16, 0.66667], "rotation": 270, "texture": "#3"},
				"down": {"uv": [0, 0, 16, 16], "rotation": 90, "texture": "#3"}
			}
		}
	],
	"display": {
		"thirdperson_righthand": {
			"translation": [0, -4.5, -1.25],
			"scale": [0.7, 0.7, 0.7]
		},
		"thirdperson_lefthand": {
			"translation": [0, -4.5, -1.25],
			"scale": [0.7, 0.7, 0.7]
		},
		"firstperson_righthand": {
			"scale": [0.5, 0.5, 0.5]
		},
		"firstperson_lefthand": {
			"scale": [0.5, 0.5, 0.5]
		},
		"ground": {
			"translation": [0, -5, 0],
			"scale": [0.5, 0.5, 0.5]
		},
		"gui": {
			"rotation": [21, -137, 0],
			"translation": [0.25, -6.5, 0],
			"scale": [0.73, 0.73, 0.73]
		},
		"head": {
			"translation": [0.25, -1.25, -0.75]
		},
		"fixed": {
			"rotation": [-90, 0, 0],
			"translation": [0.25, -1, 6.75],
			"scale": [1.4, 1.4, 1.4]
		}
	},
	"groups": [0, 1, 2, 3, 4, 5, 6, 7, 8, 9, 10, 11, 12, 13, 14, 15, 16, 17, 18, 19, 20, 21, 22, 23, 24, 25, 26, 27, 28, 29, 30, 31, 32, 33, 34, 35, 36, 37, 38, 39, 40, 41, 42, 43, 44, 45, 46, 47, 48, 49, 50, 51, 52, 53, 54, 55, 56, 57, 58, 59, 60,
		{
			"name": "group",
			"origin": [7.07265, 14.3412, 0.75249],
			"color": 0,
			"children": [61, 62, 63, 64, 65, 66, 67, 68, 69, 70, 71, 72, 73, 74, 75, 76, 77, 78, 79, 80, 81, 82, 83, 84, 85, 86, 87, 88, 89, 90, 91, 92, 93, 94, 95, 96, 97, 98, 99, 100, 101, 102, 103, 104, 105, 106, 107, 108, 109, 110, 111, 112, 113, 114, 115, 116, 117, 118, 119, 120, 121, 122, 123, 124, 125, 126, 127, 128, 129, 130, 131, 132, 133, 134, 135, 136]
		}
	]
}
