{
	"textures": {
		"2": "concrete:helmets/black_great_helm",
		"particle": "concrete:helmets/black_great_helm"
	},
	"elements": [
		{
			"from": [1, 0, 1],
			"to": [15, 13, 15],
			"faces": {
				"north": {"uv": [2.125, 2.125, 3.875, 3.75], "texture": "#2"},
				"east": {"uv": [0.125, 2.125, 1.875, 3.75], "texture": "#2"},
				"south": {"uv": [6.125, 2.125, 7.875, 3.75], "texture": "#2"},
				"west": {"uv": [4.125, 2.125, 5.875, 3.75], "texture": "#2"},
				"up": {"uv": [7.375, 5, 9.125, 6.75], "rotation": 180, "texture": "#2"}
			}
		},
		{
			"from": [2, 13, 2],
			"to": [14, 14, 14],
			"rotation": {"angle": 0, "axis": "y", "origin": [8, 21, 8]},
			"faces": {
				"north": {"uv": [7.5, 6.5, 9, 6.625], "texture": "#2"},
				"east": {"uv": [7.5, 5.125, 7.625, 6.625], "rotation": 270, "texture": "#2"},
				"south": {"uv": [9, 5.125, 7.5, 5.25], "texture": "#2"},
				"west": {"uv": [8.875, 5.125, 9, 6.625], "rotation": 270, "texture": "#2"},
				"up": {"uv": [7.5, 5.125, 9, 6.625], "rotation": 180, "texture": "#2"}
			}
		},
		{
			"from": [3, 14, 3],
			"to": [13, 15, 13],
			"rotation": {"angle": 0, "axis": "y", "origin": [8, 22, 8]},
			"faces": {
				"north": {"uv": [7.625, 6.375, 8.875, 6.5], "texture": "#2"},
				"east": {"uv": [7.625, 5.25, 7.75, 6.5], "rotation": 270, "texture": "#2"},
				"south": {"uv": [8.875, 5.25, 7.625, 5.375], "texture": "#2"},
				"west": {"uv": [8.75, 5.25, 8.875, 6.5], "rotation": 270, "texture": "#2"},
				"up": {"uv": [7.625, 5.25, 8.875, 6.5], "rotation": 180, "texture": "#2"}
			}
		},
		{
			"from": [2, -1, 1],
			"to": [14, 0, 4],
			"rotation": {"angle": 0, "axis": "y", "origin": [8, -7, 8]},
			"faces": {
				"north": {"uv": [2.25, 3.75, 3.75, 3.875], "texture": "#2"},
				"east": {"uv": [1.875, 2.25, 1.5, 2.375], "texture": "#2"},
				"south": {"uv": [2.25, 0.125, 3.75, 0.25], "texture": "#2"},
				"west": {"uv": [4.5, 2.25, 4.125, 2.375], "texture": "#2"},
				"down": {"uv": [2.25, 0.25, 3.75, 0.625], "texture": "#2"}
			}
		},
		{
			"from": [1, 0, 1],
			"to": [15, 0, 10],
			"rotation": {"angle": 0, "axis": "y", "origin": [8, -7, 8]},
			"faces": {
				"down": {"uv": [2.25, 0, 4, 1.125], "texture": "#2"}
			}
		},
		{
			"from": [1, 1, 10],
			"to": [15, 1, 15],
			"rotation": {"angle": 0, "axis": "y", "origin": [8, -6, 17]},
			"faces": {
				"down": {"uv": [7.375, 5, 9.125, 5.625], "texture": "#2"}
			}
		},
		{
			"from": [1, 0, 10],
			"to": [15, 1, 10],
			"rotation": {"angle": 0, "axis": "y", "origin": [8, -6, 17]},
			"faces": {
				"south": {"uv": [2.25, 0.125, 4, 0.25], "texture": "#2"}
			}
		},
		{
			"from": [4, 6, 0.5],
			"to": [7, 7, 1],
			"rotation": {"angle": 0, "axis": "y", "origin": [-2, 6, 7.5]},
			"faces": {
				"north": {"uv": [2.25, 5.25, 1.875, 5.375], "texture": "#2"},
				"up": {"uv": [1.875, 5.25, 2.25, 5.375], "texture": "#2"},
				"down": {"uv": [1.875, 5.25, 2.25, 5.375], "texture": "#2"}
			}
		},
		{
			"from": [9, 6, 0.5],
			"to": [12, 7, 1],
			"rotation": {"angle": 0, "axis": "y", "origin": [3, 6, 7.5]},
			"faces": {
				"north": {"uv": [1.875, 5.5, 2.25, 5.625], "texture": "#2"},
				"up": {"uv": [2.25, 5.5, 1.875, 5.625], "texture": "#2"},
				"down": {"uv": [2.25, 5.5, 1.875, 5.625], "texture": "#2"}
			}
		},
		{
			"from": [7, -1, 0.5],
			"to": [9, 12, 1],
			"rotation": {"angle": 0, "axis": "y", "origin": [1.5, 10.5, 7.5]},
			"faces": {
				"north": {"uv": [3.125, 5.375, 4.75, 5.625], "rotation": 90, "texture": "#2"},
				"east": {"uv": [3.125, 5.375, 4.75, 5.5], "rotation": 90, "texture": "#2"},
				"west": {"uv": [3.125, 5.5, 4.75, 5.625], "rotation": 90, "texture": "#2"},
				"up": {"uv": [3.125, 5.625, 3.25, 5.375], "rotation": 90, "texture": "#2"},
				"down": {"uv": [4.625, 5.625, 4.75, 5.375], "rotation": 90, "texture": "#2"}
			}
		},
		{
			"from": [3, 3, 0.5],
			"to": [4, 8, 1],
			"rotation": {"angle": 0, "axis": "y", "origin": [-4.5, 7.5, 7.5]},
			"faces": {
				"north": {"uv": [1.5, 5.375, 2.125, 5.5], "rotation": 90, "texture": "#2"},
				"east": {"uv": [1.5, 5.375, 2.125, 5.5], "rotation": 90, "texture": "#2"},
				"west": {"uv": [1.5, 5.375, 2.125, 5.5], "rotation": 90, "texture": "#2"},
				"up": {"uv": [1.5, 5.375, 1.625, 5.5], "rotation": 90, "texture": "#2"},
				"down": {"uv": [2, 5.375, 2.125, 5.5], "rotation": 90, "texture": "#2"}
			}
		},
		{
			"from": [12, 3, 0.5],
			"to": [13, 8, 1],
			"rotation": {"angle": 0, "axis": "y", "origin": [4.5, 7.5, 7.5]},
			"faces": {
				"north": {"uv": [1.5, 5.375, 2.125, 5.5], "rotation": 90, "texture": "#2"},
				"east": {"uv": [1.5, 5.375, 2.125, 5.5], "rotation": 90, "texture": "#2"},
				"west": {"uv": [1.5, 5.375, 2.125, 5.5], "rotation": 90, "texture": "#2"},
				"up": {"uv": [1.5, 5.375, 1.625, 5.5], "rotation": 90, "texture": "#2"},
				"down": {"uv": [2, 5.375, 2.125, 5.5], "rotation": 90, "texture": "#2"}
			}
		},
		{
			"from": [9, 4, 0.5],
			"to": [12, 5, 1],
			"rotation": {"angle": 0, "axis": "y", "origin": [-2, 4, 7.5]},
			"faces": {
				"north": {"uv": [1.875, 5.25, 2.25, 5.375], "texture": "#2"},
				"up": {"uv": [2.25, 5.25, 1.875, 5.375], "texture": "#2"},
				"down": {"uv": [2.25, 5.25, 1.875, 5.375], "texture": "#2"}
			}
		},
		{
			"from": [4, 4, 0.5],
			"to": [7, 5, 1],
			"rotation": {"angle": 0, "axis": "y", "origin": [-7, 4, 7.5]},
			"faces": {
				"north": {"uv": [2.25, 5.5, 1.875, 5.625], "texture": "#2"},
				"up": {"uv": [1.875, 5.5, 2.25, 5.625], "texture": "#2"},
				"down": {"uv": [1.875, 5.5, 2.25, 5.625], "texture": "#2"}
			}
		},
		{
			"from": [13, 5, 0.5],
			"to": [14, 6, 1],
			"rotation": {"angle": 0, "axis": "y", "origin": [0, 5, 7.5]},
			"faces": {
				"north": {"uv": [1.75, 5.5, 1.875, 5.625], "rotation": 90, "texture": "#2"},
				"east": {"uv": [1.75, 5.5, 1.875, 5.625], "rotation": 90, "texture": "#2"},
				"south": {"uv": [1.75, 5.5, 1.875, 5.625], "rotation": 90, "texture": "#2"},
				"west": {"uv": [1.75, 5.5, 1.875, 5.625], "rotation": 90, "texture": "#2"},
				"up": {"uv": [1.75, 5.5, 1.875, 5.625], "rotation": 90, "texture": "#2"},
				"down": {"uv": [1.75, 5.5, 1.875, 5.625], "rotation": 90, "texture": "#2"}
			}
		},
		{
			"from": [2, 5, 0.5],
			"to": [3, 6, 1],
			"rotation": {"angle": 0, "axis": "y", "origin": [-11, 5, 7.5]},
			"faces": {
				"north": {"uv": [1.75, 5.5, 1.875, 5.625], "rotation": 90, "texture": "#2"},
				"east": {"uv": [1.75, 5.5, 1.875, 5.625], "rotation": 90, "texture": "#2"},
				"south": {"uv": [1.75, 5.5, 1.875, 5.625], "rotation": 90, "texture": "#2"},
				"west": {"uv": [1.75, 5.5, 1.875, 5.625], "rotation": 90, "texture": "#2"},
				"up": {"uv": [1.75, 5.5, 1.875, 5.625], "rotation": 90, "texture": "#2"},
				"down": {"uv": [1.75, 5.5, 1.875, 5.625], "rotation": 90, "texture": "#2"}
			}
		}
	],
	"gui_light": "front",
	"display": {
		"thirdperson_righthand": {
			"rotation": [75, 45, 0],
			"translation": [0, 2.5, 0],
			"scale": [0.375, 0.375, 0.375]
		},
		"thirdperson_lefthand": {
			"rotation": [75, 45, 0],
			"translation": [0, 2.5, 0],
			"scale": [0.375, 0.375, 0.375]
		},
		"firstperson_righthand": {
			"rotation": [-14.5, 134.25, 0],
			"translation": [0, 4.25, 0],
			"scale": [0.4, 0.4, 0.4]
		},
		"firstperson_lefthand": {
			"rotation": [-14.5, 134.25, 0],
			"translation": [0, 4.25, 0],
			"scale": [0.4, 0.4, 0.4]
		},
		"ground": {
			"translation": [0, 3, 0],
			"scale": [0.33, 0.33, 0.33]
		},
		"gui": {
			"rotation": [30, 225, 0],
			"scale": [0.625, 0.625, 0.625]
		},
		"head": {
			"translation": [0, 1.75, 0],
			"scale": [1.02969, 1.1, 1.02969]
		},
		"fixed": {
			"rotation": [-77.25, 0, 0],
			"translation": [0, 0, -7.75]
		}
	},
	"groups": [0, 1, 2, 3, 4, 5, 6,
		{
			"name": "group",
			"origin": [-11, 5.5, 7.5],
			"children": [7, 8, 9, 10, 11, 12, 13, 14, 15]
		}
	]
}
