{
	"textures": {
		"0": "concrete:helmets/gothic_helm",
		"particle": "concrete:helmets/gothic_helm"
	},
	"elements": [
		{
			"from": [0, 0, 0],
			"to": [16, 16, 16],
			"faces": {
				"north": {"uv": [4, 4, 8, 8], "texture": "#0"},
				"east": {"uv": [0, 4, 4, 8], "texture": "#0"},
				"south": {"uv": [12, 4, 16, 8], "texture": "#0"},
				"west": {"uv": [8, 4, 12, 8], "texture": "#0"},
				"up": {"uv": [4, 0, 8, 4], "rotation": 180, "texture": "#0"}
			}
		},
		{
			"from": [0, 1, 16],
			"to": [16, 2, 18.775],
			"rotation": {"angle": 0, "axis": "y", "origin": [8, 8, 23.775]},
			"faces": {
				"north": {"uv": [4, 4, 8, 8], "texture": "#0"},
				"east": {"uv": [10, 7.5, 10.75, 7.75], "texture": "#0"},
				"south": {"uv": [12, 4, 16, 4.25], "texture": "#0"},
				"west": {"uv": [10, 7.5, 10.75, 7.75], "texture": "#0"},
				"up": {"uv": [4, 0, 8, 4], "rotation": 180, "texture": "#0"},
				"down": {"uv": [12, 4, 16, 4.75], "texture": "#0"}
			}
		},
		{
			"from": [0, 2, 16],
			"to": [16, 2.75, 16.925],
			"rotation": {"angle": 0, "axis": "y", "origin": [8, 9, 23.95]},
			"faces": {
				"north": {"uv": [4, 4, 8, 8], "texture": "#0"},
				"east": {"uv": [10, 7.5, 10.25, 7.75], "texture": "#0"},
				"south": {"uv": [12, 4, 16, 8], "texture": "#0"},
				"west": {"uv": [10, 7.5, 10.25, 7.75], "texture": "#0"},
				"up": {"uv": [4, 0, 8, 4], "rotation": 180, "texture": "#0"}
			}
		},
		{
			"from": [0.001, -1.37014, 16.6905],
			"to": [15.999, -0.37014, 20.6905],
			"rotation": {"angle": 22.5, "axis": "x", "origin": [8.001, 5.62986, 25.6905]},
			"faces": {
				"north": {"uv": [4, 4, 8, 8], "texture": "#0"},
				"east": {"uv": [10, 7.5, 10.25, 7.75], "texture": "#0"},
				"south": {"uv": [12, 4, 16, 8], "texture": "#0"},
				"west": {"uv": [10, 7.5, 10.25, 7.75], "texture": "#0"},
				"up": {"uv": [16, 6, 12, 5], "rotation": 180, "texture": "#0"}
			}
		},
		{
			"from": [-0.25, -3, -1],
			"to": [16.25, 13, 16],
			"rotation": {"angle": 0, "axis": "y", "origin": [8, 5, 8]},
			"faces": {
				"north": {"uv": [4, 12, 8, 16], "texture": "#0"},
				"east": {"uv": [0, 12, 4, 16], "texture": "#0"},
				"west": {"uv": [8, 12, 12, 16], "texture": "#0"}
			}
		}
	],
	"display": {
		"thirdperson_righthand": {
			"rotation": [75, 45, 0],
			"translation": [0, 2.5, 0],
			"scale": [0.375, 0.375, 0.375]
		},
		"thirdperson_lefthand": {
			"rotation": [75, 45, 0],
			"translation": [0, 2.5, 0],
			"scale": [0.375, 0.375, 0.375]
		},
		"firstperson_righthand": {
			"rotation": [-14.5, 134.25, 0],
			"translation": [0, 4.25, 0],
			"scale": [0.4, 0.4, 0.4]
		},
		"firstperson_lefthand": {
			"rotation": [-14.5, 134.25, 0],
			"translation": [0, 4.25, 0],
			"scale": [0.4, 0.4, 0.4]
		},
		"ground": {
			"translation": [0, 3, 0],
			"scale": [0.33, 0.33, 0.33]
		},
		"gui": {
			"rotation": [30, 225, 0],
			"scale": [0.625, 0.625, 0.625]
		},
		"head": {
			"translation": [0, 0.25, 0],
			"scale": [0.91, 0.91, 0.91]
		},
		"fixed": {
			"rotation": [-77.25, 0, 0],
			"translation": [0, 0, -7.75]
		}
	}
}
