{
	"credit": "Made with Blockbench",
	"textures": {
		"4": "concrete:helmets/saracen_helm3",
		"5": "concrete:helmets/tall_helm2",
		"particle": "concrete:helmets/saracen_helm3"
	},
	"elements": [
		{
			"from": [2, 15, 2],
			"to": [14, 17, 14],
			"rotation": {"angle": 0, "axis": "y", "origin": [35, 20.95, 9]},
			"faces": {
				"north": {"uv": [12.5, 5.5, 16, 6], "texture": "#5"},
				"east": {"uv": [8.75, 5.5, 12.25, 6], "texture": "#5"},
				"south": {"uv": [0, 5.5, 3.5, 6], "texture": "#5"},
				"west": {"uv": [12.5, 6, 16, 6.5], "texture": "#5"},
				"up": {"uv": [12.25, 11.5, 15.75, 15], "texture": "#5"},
				"down": {"uv": [0, 0, 0, 0], "texture": "#5"}
			}
		},
		{
			"from": [3, 17, 3],
			"to": [13, 19, 13],
			"rotation": {"angle": 0, "axis": "y", "origin": [35, 20.95, 9]},
			"faces": {
				"north": {"uv": [12.5, 5.5, 16, 6], "texture": "#5"},
				"east": {"uv": [8.75, 5.5, 12.25, 6], "texture": "#5"},
				"south": {"uv": [0, 5.5, 3.5, 6], "texture": "#5"},
				"west": {"uv": [12.5, 6, 16, 6.5], "texture": "#5"},
				"up": {"uv": [12.25, 11.5, 15.75, 15], "texture": "#5"},
				"down": {"uv": [0, 0, 0, 0], "texture": "#5"}
			}
		},
		{
			"from": [4, 18, 4],
			"to": [12, 20, 12],
			"rotation": {"angle": 0, "axis": "y", "origin": [35, 20.95, 9]},
			"faces": {
				"north": {"uv": [12.5, 5.5, 16, 6], "texture": "#5"},
				"east": {"uv": [8.75, 5.5, 12.25, 6], "texture": "#5"},
				"south": {"uv": [0, 5.5, 3.5, 6], "texture": "#5"},
				"west": {"uv": [12.5, 6, 16, 6.5], "texture": "#5"},
				"up": {"uv": [12.25, 11.5, 15.75, 15], "texture": "#5"},
				"down": {"uv": [0, 0, 0, 0], "texture": "#5"}
			}
		},
		{
			"from": [6, 20, 6],
			"to": [10, 21, 10],
			"rotation": {"angle": 0, "axis": "y", "origin": [35, 20.95, 9]},
			"faces": {
				"north": {"uv": [12.5, 5.5, 16, 6], "texture": "#5"},
				"east": {"uv": [8.75, 5.5, 12.25, 6], "texture": "#5"},
				"south": {"uv": [0, 5.5, 3.5, 6], "texture": "#5"},
				"west": {"uv": [12.5, 6, 16, 6.5], "texture": "#5"},
				"up": {"uv": [12.25, 11.5, 15.75, 15], "texture": "#5"},
				"down": {"uv": [0, 0, 0, 0], "texture": "#5"}
			}
		},
		{
			"from": [1, 13, 1],
			"to": [15, 15, 15],
			"rotation": {"angle": 0, "axis": "y", "origin": [35, 20.95, 9]},
			"faces": {
				"north": {"uv": [12.5, 5.5, 16, 6], "texture": "#5"},
				"east": {"uv": [8.75, 5.5, 12.25, 6], "texture": "#5"},
				"south": {"uv": [0, 5.5, 3.5, 6], "texture": "#5"},
				"west": {"uv": [12.5, 6, 16, 6.5], "texture": "#5"},
				"up": {"uv": [12.25, 11.5, 15.75, 15], "texture": "#5"},
				"down": {"uv": [0, 0, 0, 0], "texture": "#5"}
			}
		},
		{
			"from": [7.5, 21, 8],
			"to": [8.5, 23, 8],
			"rotation": {"angle": -45, "axis": "y", "origin": [8, 17.5, 8]},
			"faces": {
				"north": {"uv": [14, 12.75, 14.25, 13.25], "texture": "#5"},
				"east": {"uv": [14, 12.75, 14.5, 13.25], "texture": "#5"},
				"south": {"uv": [14, 12.75, 14.25, 13.25], "texture": "#5"},
				"west": {"uv": [14, 12.75, 14.5, 13.25], "texture": "#5"},
				"up": {"uv": [14, 12.75, 14.5, 13.25], "texture": "#5"},
				"down": {"uv": [14, 12.75, 14.5, 13.25], "texture": "#5"}
			}
		},
		{
			"from": [8, 21, 7.5],
			"to": [8, 23, 8.5],
			"rotation": {"angle": -45, "axis": "y", "origin": [8, 17.5, 8]},
			"faces": {
				"north": {"uv": [14, 12.75, 14.5, 13.25], "texture": "#5"},
				"east": {"uv": [14, 12.75, 14.25, 13.25], "texture": "#5"},
				"south": {"uv": [14, 12.75, 14.5, 13.25], "texture": "#5"},
				"west": {"uv": [14, 12.75, 14.25, 13.25], "texture": "#5"},
				"up": {"uv": [14, 12.75, 14.5, 13.25], "rotation": 270, "texture": "#5"},
				"down": {"uv": [14, 12.75, 14.5, 13.25], "rotation": 90, "texture": "#5"}
			}
		},
		{
			"from": [0, -3, 0],
			"to": [16, 13, 16],
			"rotation": {"angle": 0, "axis": "y", "origin": [35, 18.95, 9]},
			"faces": {
				"north": {"uv": [4, 4, 8, 8], "texture": "#4"},
				"east": {"uv": [0, 4, 4, 8], "texture": "#4"},
				"south": {"uv": [12, 4, 16, 8], "texture": "#4"},
				"west": {"uv": [8, 4, 12, 8], "texture": "#4"},
				"up": {"uv": [4, 0, 8, 4], "rotation": 180, "texture": "#4"},
				"down": {"uv": [0, 0, 0, 0], "texture": "#4"}
			}
		},
		{
			"name": "turban_0",
			"from": [3.8, 6.15, -0.435],
			"to": [12.2, 11.4, 0.615],
			"rotation": {"angle": 0, "axis": "x", "origin": [28, 0.475, 8.175]},
			"faces": {
				"north": {"uv": [5, 13.25, 7, 12], "rotation": 180, "texture": "#4"},
				"east": {"uv": [4.75, 12.25, 5, 13.5], "texture": "#4"},
				"south": {"uv": [5, 13.25, 7, 12], "rotation": 180, "texture": "#4"},
				"west": {"uv": [4.75, 12.25, 5, 13.5], "texture": "#4"},
				"up": {"uv": [7, 12, 5, 12.25], "rotation": 180, "texture": "#4"},
				"down": {"uv": [5, 13, 7, 13.25], "texture": "#4"}
			}
		},
		{
			"name": "turban_1",
			"from": [-0.4, 5.1, -0.435],
			"to": [3.8, 10.35, 0.615],
			"rotation": {"angle": 0, "axis": "x", "origin": [28, 0.475, 8.175]},
			"faces": {
				"north": {"uv": [7, 13.5, 8, 12.25], "rotation": 180, "texture": "#4"},
				"east": {"uv": [4.75, 12.25, 5, 13.5], "texture": "#4"},
				"south": {"uv": [7, 13.5, 8, 12.25], "rotation": 180, "texture": "#4"},
				"west": {"uv": [8, 12.25, 8.25, 13.5], "texture": "#4"},
				"up": {"uv": [7, 12.5, 8, 12.25], "texture": "#4"},
				"down": {"uv": [7, 13.5, 8, 13.25], "rotation": 180, "texture": "#4"}
			}
		},
		{
			"name": "turban_2",
			"from": [-0.4, 5.1, 0.615],
			"to": [0.65, 10.35, 1.665],
			"rotation": {"angle": 0, "axis": "x", "origin": [28, 0.475, 8.175]},
			"faces": {
				"north": {"uv": [7, 13.5, 8, 12.25], "rotation": 180, "texture": "#4"},
				"east": {"uv": [8.25, 12.25, 8.5, 13.5], "texture": "#4"},
				"south": {"uv": [4.75, 12.25, 5, 13.5], "texture": "#4"},
				"west": {"uv": [8.25, 12.25, 8.5, 13.5], "texture": "#4"},
				"up": {"uv": [8.25, 12.25, 8.5, 12.5], "texture": "#4"},
				"down": {"uv": [8.25, 13.25, 8.5, 13.5], "texture": "#4"}
			}
		},
		{
			"name": "turban_2",
			"from": [12.2, 5.1, -0.435],
			"to": [16.4, 10.35, 0.615],
			"rotation": {"angle": 0, "axis": "x", "origin": [28, 0.475, 8.175]},
			"faces": {
				"north": {"uv": [4, 13.5, 5, 12.25], "rotation": 180, "texture": "#4"},
				"east": {"uv": [3.75, 12.25, 4, 13.5], "texture": "#4"},
				"south": {"uv": [4, 13.5, 5, 12.25], "rotation": 180, "texture": "#4"},
				"west": {"uv": [4.75, 12.25, 5, 13.5], "texture": "#4"},
				"up": {"uv": [5, 12.25, 4, 12.5], "rotation": 180, "texture": "#4"},
				"down": {"uv": [4, 13.25, 5, 13.5], "texture": "#4"}
			}
		},
		{
			"name": "turban_3",
			"from": [15.35, 5.1, 0.615],
			"to": [16.4, 10.35, 1.665],
			"rotation": {"angle": 0, "axis": "x", "origin": [28, 0.475, 8.175]},
			"faces": {
				"north": {"uv": [4, 13.5, 5, 12.25], "rotation": 180, "texture": "#4"},
				"east": {"uv": [3.5, 12.25, 3.75, 13.5], "texture": "#4"},
				"south": {"uv": [4.75, 12.25, 5, 13.5], "texture": "#4"},
				"west": {"uv": [3.5, 12.25, 3.75, 13.5], "texture": "#4"},
				"up": {"uv": [5, 12.25, 3.75, 12.5], "rotation": 180, "texture": "#4"},
				"down": {"uv": [3.5, 13.25, 3.75, 13.5], "texture": "#4"}
			}
		},
		{
			"name": "turban_3",
			"from": [15.35, 4.05, 1.665],
			"to": [16.4, 9.3, 6.915],
			"rotation": {"angle": 0, "axis": "x", "origin": [28, 0.475, 8.175]},
			"faces": {
				"north": {"uv": [4.75, 12.25, 5, 13.5], "texture": "#4"},
				"east": {"uv": [2.25, 12.5, 3.5, 13.75], "texture": "#4"},
				"south": {"uv": [4.75, 12.25, 5, 13.5], "texture": "#4"},
				"west": {"uv": [2.25, 12.5, 3.5, 13.75], "texture": "#4"},
				"up": {"uv": [3.5, 12.5, 2.25, 12.75], "rotation": 90, "texture": "#4"},
				"down": {"uv": [2.25, 13.5, 3.5, 13.75], "rotation": 90, "texture": "#4"}
			}
		},
		{
			"name": "turban_4",
			"from": [-0.4, 4.05, 1.665],
			"to": [0.65, 9.3, 6.915],
			"rotation": {"angle": 0, "axis": "x", "origin": [28, 0.475, 8.175]},
			"faces": {
				"north": {"uv": [4.75, 12.25, 5, 13.5], "texture": "#4"},
				"east": {"uv": [9.75, 12.5, 8.5, 13.75], "texture": "#4"},
				"south": {"uv": [4.75, 12.25, 5, 13.5], "texture": "#4"},
				"west": {"uv": [9.75, 12.5, 8.5, 13.75], "texture": "#4"},
				"up": {"uv": [9.75, 12.5, 8.5, 12.75], "rotation": 90, "texture": "#4"},
				"down": {"uv": [9.75, 13.5, 8.5, 13.75], "rotation": 270, "texture": "#4"}
			}
		},
		{
			"name": "turban_5",
			"from": [-0.4, 3, 6.915],
			"to": [0.65, 8.25, 13.215],
			"rotation": {"angle": 0, "axis": "x", "origin": [28, 0.475, 8.175]},
			"faces": {
				"north": {"uv": [4.75, 12.25, 5, 13.5], "texture": "#4"},
				"east": {"uv": [11.25, 12.75, 9.75, 14], "texture": "#4"},
				"south": {"uv": [4.75, 12.25, 5, 13.5], "texture": "#4"},
				"west": {"uv": [11.25, 12.75, 9.75, 14], "texture": "#4"},
				"up": {"uv": [11.25, 12.75, 9.75, 13], "rotation": 90, "texture": "#4"},
				"down": {"uv": [11.25, 13.75, 9.75, 14], "rotation": 270, "texture": "#4"}
			}
		},
		{
			"name": "turban_6",
			"from": [15.35, 3, 6.915],
			"to": [16.4, 8.25, 13.215],
			"rotation": {"angle": 0, "axis": "x", "origin": [28, 0.475, 8.175]},
			"faces": {
				"north": {"uv": [4.75, 12.25, 5, 13.5], "texture": "#4"},
				"east": {"uv": [0.75, 12.75, 2.25, 14], "texture": "#4"},
				"south": {"uv": [4.75, 12.25, 5, 13.5], "texture": "#4"},
				"west": {"uv": [0.75, 12.75, 2.25, 14], "texture": "#4"},
				"up": {"uv": [2.25, 12.75, 0.75, 13], "rotation": 90, "texture": "#4"},
				"down": {"uv": [0.75, 13.75, 2.25, 14], "rotation": 90, "texture": "#4"}
			}
		},
		{
			"name": "turban_7",
			"from": [15.35, 1.95, 13.215],
			"to": [16.4, 7.2, 16.365],
			"rotation": {"angle": 0, "axis": "x", "origin": [28, 0.475, 8.175]},
			"faces": {
				"north": {"uv": [4.75, 12.25, 5, 13.5], "texture": "#4"},
				"east": {"uv": [0, 13, 0.75, 14.25], "texture": "#4"},
				"south": {"uv": [15.75, 13, 16, 14.25], "texture": "#4"},
				"west": {"uv": [0, 13, 0.75, 14.25], "texture": "#4"},
				"up": {"uv": [0, 13, 0.75, 13.25], "texture": "#4"},
				"down": {"uv": [0, 14, 0.75, 14.25], "rotation": 90, "texture": "#4"}
			}
		},
		{
			"name": "turban_8",
			"from": [-0.4, 1.95, 13.215],
			"to": [0.65, 7.2, 16.365],
			"rotation": {"angle": 0, "axis": "x", "origin": [28, 0.475, 8.175]},
			"faces": {
				"north": {"uv": [3.75, 13.5, 5, 12.25], "rotation": 180, "texture": "#4"},
				"east": {"uv": [11.25, 13, 11.5, 14.25], "texture": "#4"},
				"south": {"uv": [12, 13, 12.25, 14.25], "texture": "#4"},
				"west": {"uv": [11.25, 13, 12, 14.25], "texture": "#4"},
				"up": {"uv": [11.25, 13, 12, 13.25], "rotation": 90, "texture": "#4"},
				"down": {"uv": [11.25, 14, 12, 14.25], "rotation": 270, "texture": "#4"}
			}
		},
		{
			"name": "turban_9",
			"from": [0.65, 1.95, 15.315],
			"to": [2.75, 7.2, 16.365],
			"rotation": {"angle": 0, "axis": "x", "origin": [28, 0.475, 8.175]},
			"faces": {
				"north": {"uv": [12.25, 13, 12.75, 14.25], "texture": "#4"},
				"east": {"uv": [4.75, 12.25, 5, 13.5], "texture": "#4"},
				"south": {"uv": [12.25, 13, 12.75, 14.25], "texture": "#4"},
				"west": {"uv": [4.75, 12.25, 5, 13.5], "texture": "#4"},
				"up": {"uv": [12.25, 13, 12.75, 13.25], "texture": "#4"},
				"down": {"uv": [12.25, 14, 12.75, 14.25], "texture": "#4"}
			}
		},
		{
			"name": "turban_10",
			"from": [13.25, 1.95, 15.315],
			"to": [15.35, 7.2, 16.365],
			"rotation": {"angle": 0, "axis": "x", "origin": [28, 0.475, 8.175]},
			"faces": {
				"north": {"uv": [15.25, 13, 15.75, 14.25], "texture": "#4"},
				"east": {"uv": [4.75, 12.25, 5, 13.5], "texture": "#4"},
				"south": {"uv": [15.25, 13, 15.75, 14.25], "texture": "#4"},
				"west": {"uv": [4.75, 12.25, 5, 13.5], "texture": "#4"},
				"up": {"uv": [15.25, 13, 15.75, 13.25], "texture": "#4"},
				"down": {"uv": [15.25, 14, 15.75, 14.25], "texture": "#4"}
			}
		},
		{
			"name": "turban_9",
			"from": [2.75, 0.9, 15.315],
			"to": [13.25, 6.15, 16.365],
			"rotation": {"angle": 0, "axis": "x", "origin": [28, 0.475, 8.175]},
			"faces": {
				"north": {"uv": [12.75, 13.25, 15.25, 14.5], "texture": "#4"},
				"east": {"uv": [4.75, 12.25, 5, 13.5], "texture": "#4"},
				"south": {"uv": [12.75, 13.25, 15.25, 14.5], "texture": "#4"},
				"west": {"uv": [4.75, 12.25, 5, 13.5], "texture": "#4"},
				"up": {"uv": [12.75, 13.25, 15.25, 13.5], "texture": "#4"},
				"down": {"uv": [12.75, 14.25, 15.25, 14.5], "texture": "#4"}
			}
		}
	],
	"display": {
		"thirdperson_righthand": {
			"rotation": [75, 45, 0],
			"translation": [0, 2.5, 0],
			"scale": [0.375, 0.375, 0.375]
		},
		"thirdperson_lefthand": {
			"rotation": [75, 45, 0],
			"translation": [0, 2.5, 0],
			"scale": [0.375, 0.375, 0.375]
		},
		"firstperson_righthand": {
			"rotation": [-14.5, 134.25, 0],
			"translation": [0, 4.25, 0],
			"scale": [0.4, 0.4, 0.4]
		},
		"firstperson_lefthand": {
			"rotation": [-14.5, 134.25, 0],
			"translation": [0, 4.25, 0],
			"scale": [0.4, 0.4, 0.4]
		},
		"ground": {
			"translation": [0, 3, 0],
			"scale": [0.33, 0.33, 0.33]
		},
		"gui": {
			"rotation": [30, 225, 0],
			"translation": [0, 0.75, 0],
			"scale": [0.625, 0.625, 0.625]
		},
		"head": {
			"translation": [0, 2.75, 0],
			"scale": [0.91, 0.91, 0.91]
		},
		"fixed": {
			"rotation": [-77.25, 0, 0],
			"translation": [0, 0, -7.75]
		}
	},
	"groups": [0, 1, 2, 3, 4, 5, 6, 7,
		{
			"name": "turban",
			"origin": [8, 8, 8],
			"color": 0,
			"children": [8, 9, 10, 11, 12, 13, 14, 15, 16, 17, 18, 19, 20, 21]
		}
	]
}