{
	"credit": "Made with Blockbench",
	"textures": {
		"0": "concrete:weapons/swords/dagger_grip",
		"1": "concrete:weapons/swords/dagger_blade",
		"particle": "concrete:weapons/swords/dagger_grip"
	},
	"elements": [
		{
			"from": [7.1875, 0, 7.25],
			"to": [7.5, 2, 7.5],
			"faces": {
				"north": {"uv": [0, 4, 1.5, 8], "texture": "#0"},
				"east": {"uv": [2, 4, 3, 8], "texture": "#0"},
				"south": {"uv": [4, 0, 5.5, 4], "texture": "#0"},
				"west": {"uv": [4, 4, 5, 8], "texture": "#0"},
				"up": {"uv": [7.5, 5, 6, 4], "texture": "#0"},
				"down": {"uv": [7.5, 6, 6, 7], "texture": "#0"}
			}
		},
		{
			"from": [7.1875, 0, 7.5],
			"to": [7.5, 2, 7.75],
			"faces": {
				"north": {"uv": [0, 4, 1.5, 8], "texture": "#0"},
				"east": {"uv": [2, 4, 3, 8], "texture": "#0"},
				"south": {"uv": [4, 0, 5.5, 4], "texture": "#0"},
				"west": {"uv": [4, 4, 5, 8], "texture": "#0"},
				"up": {"uv": [7.5, 5, 6, 4], "texture": "#0"},
				"down": {"uv": [7.5, 6, 6, 7], "texture": "#0"}
			}
		},
		{
			"from": [7.5, 0, 7.5],
			"to": [7.8125, 2, 7.75],
			"faces": {
				"north": {"uv": [0, 4, 1.5, 8], "texture": "#0"},
				"east": {"uv": [2, 4, 3, 8], "texture": "#0"},
				"south": {"uv": [4, 0, 5.5, 4], "texture": "#0"},
				"west": {"uv": [4, 4, 5, 8], "texture": "#0"},
				"up": {"uv": [7.5, 5, 6, 4], "texture": "#0"},
				"down": {"uv": [7.5, 6, 6, 7], "texture": "#0"}
			}
		},
		{
			"from": [7.5, 0, 7.25],
			"to": [7.8125, 2, 7.5],
			"faces": {
				"north": {"uv": [0, 4, 1.5, 8], "texture": "#0"},
				"east": {"uv": [2, 4, 3, 8], "texture": "#0"},
				"south": {"uv": [4, 0, 5.5, 4], "texture": "#0"},
				"west": {"uv": [4, 4, 5, 8], "texture": "#0"},
				"up": {"uv": [7.5, 5, 6, 4], "texture": "#0"},
				"down": {"uv": [7.5, 6, 6, 7], "texture": "#0"}
			}
		},
		{
			"from": [7, 2, 6.6875],
			"to": [8, 2.25, 8.3125],
			"faces": {
				"north": {"uv": [0, 8, 2, 8.5], "texture": "#0"},
				"east": {"uv": [6, 0, 9.5, 0.5], "texture": "#0"},
				"south": {"uv": [2, 8, 4, 8.5], "texture": "#0"},
				"west": {"uv": [6, 2, 9.5, 2.5], "texture": "#0"},
				"up": {"uv": [2, 3.5, 0, 0], "texture": "#0"},
				"down": {"uv": [4, 0, 2, 3.5], "texture": "#0"}
			}
		},
		{
			"from": [7.5, 2.25, 7.5],
			"to": [7.625, 5.25, 7.875],
			"faces": {
				"north": {"uv": [2, 0, 2.25, 3], "texture": "#1"},
				"east": {"uv": [0, 0, 0.75, 3], "texture": "#1"},
				"south": {"uv": [0, 3, 0.25, 6], "texture": "#1"},
				"west": {"uv": [1, 0, 1.75, 3], "texture": "#1"},
				"up": {"uv": [6.25, 5.75, 6, 5], "texture": "#1"},
				"down": {"uv": [6.25, 6, 6, 6.75], "texture": "#1"}
			}
		},
		{
			"from": [7.5, 2.25, 7.125],
			"to": [7.625, 5.25, 7.5],
			"faces": {
				"north": {"uv": [2, 0, 2.25, 3], "texture": "#1"},
				"east": {"uv": [0, 0, 0.75, 3], "texture": "#1"},
				"south": {"uv": [0, 3, 0.25, 6], "texture": "#1"},
				"west": {"uv": [1, 0, 1.75, 3], "texture": "#1"},
				"up": {"uv": [6.25, 5.75, 6, 5], "texture": "#1"},
				"down": {"uv": [6.25, 6, 6, 6.75], "texture": "#1"}
			}
		},
		{
			"from": [7.5, 5.25, 7.75],
			"to": [7.625, 5.9375, 7.875],
			"faces": {
				"north": {"uv": [7, 0, 7.25, 0.75], "texture": "#1"},
				"east": {"uv": [1, 7, 1.25, 7.75], "texture": "#1"},
				"south": {"uv": [7, 1, 7.25, 1.75], "texture": "#1"},
				"west": {"uv": [2, 7, 2.25, 7.75], "texture": "#1"},
				"up": {"uv": [7.25, 6.25, 7, 6], "texture": "#1"},
				"down": {"uv": [7.25, 7, 7, 7.25], "texture": "#1"}
			}
		},
		{
			"from": [7.5, 5.25, 7.125],
			"to": [7.625, 6.8125, 7.25],
			"faces": {
				"north": {"uv": [3, 0, 3.25, 1.5], "texture": "#1"},
				"east": {"uv": [1, 3, 1.25, 4.5], "texture": "#1"},
				"south": {"uv": [2, 3, 2.25, 4.5], "texture": "#1"},
				"west": {"uv": [3, 2, 3.25, 3.5], "texture": "#1"},
				"up": {"uv": [0.25, 8.25, 0, 8], "texture": "#1"},
				"down": {"uv": [8.25, 0, 8, 0.25], "texture": "#1"}
			}
		},
		{
			"from": [7.5, 6.8125, 7.125],
			"to": [7.625, 6.875, 7.25],
			"faces": {
				"north": {"uv": [1, 8, 1.25, 8.25], "texture": "#1"},
				"east": {"uv": [8, 1, 8.25, 1.25], "texture": "#1"},
				"south": {"uv": [2, 8, 2.25, 8.25], "texture": "#1"},
				"west": {"uv": [8, 2, 8.25, 2.25], "texture": "#1"},
				"up": {"uv": [3.25, 8.25, 3, 8], "texture": "#1"},
				"down": {"uv": [8.25, 3, 8, 3.25], "texture": "#1"}
			}
		},
		{
			"from": [7.5, 5.25, 7.25],
			"to": [7.625, 6.75, 7.375],
			"faces": {
				"north": {"uv": [4, 0, 4.25, 1.5], "texture": "#1"},
				"east": {"uv": [4, 2, 4.25, 3.5], "texture": "#1"},
				"south": {"uv": [3, 4, 3.25, 5.5], "texture": "#1"},
				"west": {"uv": [4, 4, 4.25, 5.5], "texture": "#1"},
				"up": {"uv": [4.25, 8.25, 4, 8], "texture": "#1"},
				"down": {"uv": [8.25, 4, 8, 4.25], "texture": "#1"}
			}
		},
		{
			"from": [7.5, 5.25, 7.375],
			"to": [7.625, 6.625, 7.5],
			"faces": {
				"north": {"uv": [5, 0, 5.25, 1.5], "texture": "#1"},
				"east": {"uv": [1, 5, 1.25, 6.5], "texture": "#1"},
				"south": {"uv": [2, 5, 2.25, 6.5], "texture": "#1"},
				"west": {"uv": [5, 2, 5.25, 3.5], "texture": "#1"},
				"up": {"uv": [5.25, 8.25, 5, 8], "texture": "#1"},
				"down": {"uv": [8.25, 5, 8, 5.25], "texture": "#1"}
			}
		},
		{
			"from": [7.5, 5.25, 7.5],
			"to": [7.625, 6.5, 7.625],
			"faces": {
				"north": {"uv": [5, 4, 5.25, 5.25], "texture": "#1"},
				"east": {"uv": [0, 6, 0.25, 7.25], "texture": "#1"},
				"south": {"uv": [6, 0, 6.25, 1.25], "texture": "#1"},
				"west": {"uv": [6, 2, 6.25, 3.25], "texture": "#1"},
				"up": {"uv": [6.25, 8.25, 6, 8], "texture": "#1"},
				"down": {"uv": [8.25, 6, 8, 6.25], "texture": "#1"}
			}
		},
		{
			"from": [7.5, 6.23863, 7.81442],
			"to": [7.625, 6.80113, 7.93942],
			"rotation": {"angle": -45, "axis": "x", "origin": [7.5, 6.01988, 7.50192]},
			"faces": {
				"north": {"uv": [7, 4, 7.25, 4.5], "texture": "#1"},
				"east": {"uv": [5, 7, 5.25, 7.5], "texture": "#1"},
				"south": {"uv": [7, 5, 7.25, 5.5], "texture": "#1"},
				"west": {"uv": [6, 7, 6.25, 7.5], "texture": "#1"},
				"up": {"uv": [7.25, 8.25, 7, 8], "texture": "#1"},
				"down": {"uv": [8.25, 7, 8, 7.25], "texture": "#1"}
			}
		},
		{
			"from": [7.5, 5.25, 7.625],
			"to": [7.625, 6.1875, 7.75],
			"faces": {
				"north": {"uv": [3, 6, 3.25, 7], "texture": "#1"},
				"east": {"uv": [4, 6, 4.25, 7], "texture": "#1"},
				"south": {"uv": [6, 4, 6.25, 5], "texture": "#1"},
				"west": {"uv": [5, 6, 5.25, 7], "texture": "#1"},
				"up": {"uv": [8.25, 8.25, 8, 8], "texture": "#1"},
				"down": {"uv": [0.25, 9, 0, 9.25], "texture": "#1"}
			}
		},
		{
			"from": [7.5, 5.91541, 7.64209],
			"to": [7.625, 6.54041, 7.76709],
			"rotation": {"angle": -22.5, "axis": "x", "origin": [7.5, 6.19666, 7.76709]},
			"faces": {
				"north": {"uv": [7, 2, 7.25, 2.75], "texture": "#1"},
				"east": {"uv": [3, 7, 3.25, 7.75], "texture": "#1"},
				"south": {"uv": [7, 3, 7.25, 3.75], "texture": "#1"},
				"west": {"uv": [4, 7, 4.25, 7.75], "texture": "#1"},
				"up": {"uv": [9.25, 0.25, 9, 0], "texture": "#1"},
				"down": {"uv": [1.25, 9, 1, 9.25], "texture": "#1"}
			}
		},
		{
			"from": [7.375, 2.25, 7.5],
			"to": [7.5, 5.25, 7.875],
			"rotation": {"angle": 0, "axis": "y", "origin": [-0.125, 0, 0]},
			"faces": {
				"north": {"uv": [2, 0, 2.25, 3], "texture": "#1"},
				"east": {"uv": [0, 0, 0.75, 3], "texture": "#1"},
				"south": {"uv": [0, 3, 0.25, 6], "texture": "#1"},
				"west": {"uv": [1, 0, 1.75, 3], "texture": "#1"},
				"up": {"uv": [6.25, 5.75, 6, 5], "texture": "#1"},
				"down": {"uv": [6.25, 6, 6, 6.75], "texture": "#1"}
			}
		},
		{
			"from": [7.375, 2.25, 7.125],
			"to": [7.5, 5.25, 7.5],
			"rotation": {"angle": 0, "axis": "y", "origin": [-0.125, 0, 0]},
			"faces": {
				"north": {"uv": [2, 0, 2.25, 3], "texture": "#1"},
				"east": {"uv": [0, 0, 0.75, 3], "texture": "#1"},
				"south": {"uv": [0, 3, 0.25, 6], "texture": "#1"},
				"west": {"uv": [1, 0, 1.75, 3], "texture": "#1"},
				"up": {"uv": [6.25, 5.75, 6, 5], "texture": "#1"},
				"down": {"uv": [6.25, 6, 6, 6.75], "texture": "#1"}
			}
		},
		{
			"from": [7.375, 5.25, 7.75],
			"to": [7.5, 5.9375, 7.875],
			"rotation": {"angle": 0, "axis": "y", "origin": [-0.125, 0, 0]},
			"faces": {
				"north": {"uv": [7, 0, 7.25, 0.75], "texture": "#1"},
				"east": {"uv": [1, 7, 1.25, 7.75], "texture": "#1"},
				"south": {"uv": [7, 1, 7.25, 1.75], "texture": "#1"},
				"west": {"uv": [2, 7, 2.25, 7.75], "texture": "#1"},
				"up": {"uv": [7.25, 6.25, 7, 6], "texture": "#1"},
				"down": {"uv": [7.25, 7, 7, 7.25], "texture": "#1"}
			}
		},
		{
			"from": [7.375, 5.25, 7.125],
			"to": [7.5, 6.8125, 7.25],
			"rotation": {"angle": 0, "axis": "y", "origin": [-0.125, 0, 0]},
			"faces": {
				"north": {"uv": [3, 0, 3.25, 1.5], "texture": "#1"},
				"east": {"uv": [1, 3, 1.25, 4.5], "texture": "#1"},
				"south": {"uv": [2, 3, 2.25, 4.5], "texture": "#1"},
				"west": {"uv": [3, 2, 3.25, 3.5], "texture": "#1"},
				"up": {"uv": [0.25, 8.25, 0, 8], "texture": "#1"},
				"down": {"uv": [8.25, 0, 8, 0.25], "texture": "#1"}
			}
		},
		{
			"from": [7.375, 6.8125, 7.125],
			"to": [7.5, 6.875, 7.25],
			"rotation": {"angle": 0, "axis": "y", "origin": [-0.125, 0, 0]},
			"faces": {
				"north": {"uv": [1, 8, 1.25, 8.25], "texture": "#1"},
				"east": {"uv": [8, 1, 8.25, 1.25], "texture": "#1"},
				"south": {"uv": [2, 8, 2.25, 8.25], "texture": "#1"},
				"west": {"uv": [8, 2, 8.25, 2.25], "texture": "#1"},
				"up": {"uv": [3.25, 8.25, 3, 8], "texture": "#1"},
				"down": {"uv": [8.25, 3, 8, 3.25], "texture": "#1"}
			}
		},
		{
			"from": [7.375, 5.25, 7.25],
			"to": [7.5, 6.75, 7.375],
			"rotation": {"angle": 0, "axis": "y", "origin": [-0.125, 0, 0]},
			"faces": {
				"north": {"uv": [4, 0, 4.25, 1.5], "texture": "#1"},
				"east": {"uv": [4, 2, 4.25, 3.5], "texture": "#1"},
				"south": {"uv": [3, 4, 3.25, 5.5], "texture": "#1"},
				"west": {"uv": [4, 4, 4.25, 5.5], "texture": "#1"},
				"up": {"uv": [4.25, 8.25, 4, 8], "texture": "#1"},
				"down": {"uv": [8.25, 4, 8, 4.25], "texture": "#1"}
			}
		},
		{
			"from": [7.375, 5.25, 7.375],
			"to": [7.5, 6.625, 7.5],
			"rotation": {"angle": 0, "axis": "y", "origin": [-0.125, 0, 0]},
			"faces": {
				"north": {"uv": [5, 0, 5.25, 1.5], "texture": "#1"},
				"east": {"uv": [1, 5, 1.25, 6.5], "texture": "#1"},
				"south": {"uv": [2, 5, 2.25, 6.5], "texture": "#1"},
				"west": {"uv": [5, 2, 5.25, 3.5], "texture": "#1"},
				"up": {"uv": [5.25, 8.25, 5, 8], "texture": "#1"},
				"down": {"uv": [8.25, 5, 8, 5.25], "texture": "#1"}
			}
		},
		{
			"from": [7.375, 5.25, 7.5],
			"to": [7.5, 6.5, 7.625],
			"rotation": {"angle": 0, "axis": "y", "origin": [-0.125, 0, 0]},
			"faces": {
				"north": {"uv": [5, 4, 5.25, 5.25], "texture": "#1"},
				"east": {"uv": [0, 6, 0.25, 7.25], "texture": "#1"},
				"south": {"uv": [6, 0, 6.25, 1.25], "texture": "#1"},
				"west": {"uv": [6, 2, 6.25, 3.25], "texture": "#1"},
				"up": {"uv": [6.25, 8.25, 6, 8], "texture": "#1"},
				"down": {"uv": [8.25, 6, 8, 6.25], "texture": "#1"}
			}
		},
		{
			"from": [7.375, 6.23863, 7.81442],
			"to": [7.5, 6.80113, 7.93942],
			"rotation": {"angle": -45, "axis": "x", "origin": [7.375, 6.01988, 7.50192]},
			"faces": {
				"north": {"uv": [7, 4, 7.25, 4.5], "texture": "#1"},
				"east": {"uv": [5, 7, 5.25, 7.5], "texture": "#1"},
				"south": {"uv": [7, 5, 7.25, 5.5], "texture": "#1"},
				"west": {"uv": [6, 7, 6.25, 7.5], "texture": "#1"},
				"up": {"uv": [7.25, 8.25, 7, 8], "texture": "#1"},
				"down": {"uv": [8.25, 7, 8, 7.25], "texture": "#1"}
			}
		},
		{
			"from": [7.375, 5.25, 7.625],
			"to": [7.5, 6.1875, 7.75],
			"rotation": {"angle": 0, "axis": "y", "origin": [-0.125, 0, 0]},
			"faces": {
				"north": {"uv": [3, 6, 3.25, 7], "texture": "#1"},
				"east": {"uv": [4, 6, 4.25, 7], "texture": "#1"},
				"south": {"uv": [6, 4, 6.25, 5], "texture": "#1"},
				"west": {"uv": [5, 6, 5.25, 7], "texture": "#1"},
				"up": {"uv": [8.25, 8.25, 8, 8], "texture": "#1"},
				"down": {"uv": [0.25, 9, 0, 9.25], "texture": "#1"}
			}
		},
		{
			"from": [7.375, 5.91541, 7.64209],
			"to": [7.5, 6.54041, 7.76709],
			"rotation": {"angle": -22.5, "axis": "x", "origin": [7.375, 6.19666, 7.76709]},
			"faces": {
				"north": {"uv": [7, 2, 7.25, 2.75], "texture": "#1"},
				"east": {"uv": [3, 7, 3.25, 7.75], "texture": "#1"},
				"south": {"uv": [7, 3, 7.25, 3.75], "texture": "#1"},
				"west": {"uv": [4, 7, 4.25, 7.75], "texture": "#1"},
				"up": {"uv": [9.25, 0.25, 9, 0], "texture": "#1"},
				"down": {"uv": [1.25, 9, 1, 9.25], "texture": "#1"}
			}
		}
	],
	"display": {
		"thirdperson_righthand": {
			"rotation": [0, -180, 0],
			"translation": [0, 12.5, 1],
			"scale": [1, 2.03, 1]
		},
		"thirdperson_lefthand": {
			"rotation": [0, -180, 0],
			"translation": [0.75, 12.5, 1],
			"scale": [1, 2.03, 1]
		},
		"firstperson_righthand": {
			"rotation": [-9, -180, -8],
			"translation": [0.25, 12.25, -0.75],
			"scale": [1, 1.81, 1]
		},
		"firstperson_lefthand": {
			"rotation": [-9, -180, -8],
			"translation": [0.25, 12.25, -0.75],
			"scale": [1, 1.81, 1]
		},
		"ground": {
			"rotation": [0, 0, 20],
			"translation": [0, 14, 0],
			"scale": [1, 2.27, 1]
		},
		"gui": {
			"rotation": [90, 61.25, -90],
			"translation": [5.75, 7.25, 0],
			"scale": [4, 2.05, 2.09]
		},
		"fixed": {
			"rotation": [90, -53, 90],
			"translation": [-12, 13.5, -1.25],
			"scale": [1.38, 4, 4]
		}
	},
	"groups": [
		{
			"name": "grip",
			"origin": [8, 8, 8],
			"color": 0,
			"children": [0, 1, 2, 3, 4]
		},
		{
			"name": "blade",
			"origin": [8, 8, 8],
			"color": 0,
			"children": [5, 6, 7, 8, 9, 10, 11, 12, 13, 14, 15]
		},
		{
			"name": "blade",
			"origin": [8, 8, 8],
			"color": 0,
			"children": [16, 17, 18, 19, 20, 21, 22, 23, 24, 25, 26]
		}
	]
}