{
	"credit": "Made with Blockbench",
	"textures": {
		"0": "concrete:weapons/swords/estoc_grip",
		"1": "concrete:weapons/swords/estoc_blade",
		"particle": "concrete:weapons/swords/estoc_grip"
	},
	"elements": [
		{
			"from": [7.25, 0, 8.3125],
			"to": [7.75, 1, 8.6875],
			"faces": {
				"north": {"uv": [6, 2, 7, 4], "texture": "#0"},
				"east": {"uv": [4, 6, 5, 8], "texture": "#0"},
				"south": {"uv": [6, 6, 7, 8], "texture": "#0"},
				"west": {"uv": [0, 8, 1, 10], "texture": "#0"},
				"up": {"uv": [9, 3, 8, 2], "texture": "#0"},
				"down": {"uv": [7, 8, 6, 9], "texture": "#0"}
			}
		},
		{
			"from": [7.3125, 1, 8.375],
			"to": [7.6875, 3, 8.625],
			"faces": {
				"north": {"uv": [0, 4, 1, 8], "texture": "#0"},
				"east": {"uv": [2, 8, 2.5, 12], "texture": "#0"},
				"south": {"uv": [2, 4, 3, 8], "texture": "#0"},
				"west": {"uv": [4, 8, 4.5, 12], "texture": "#0"},
				"up": {"uv": [9, 6.5, 8, 6], "texture": "#0"},
				"down": {"uv": [9, 8, 8, 8.5], "texture": "#0"}
			}
		},
		{
			"from": [6.0625, 3, 8.3125],
			"to": [8.9375, 3.125, 8.6875],
			"faces": {
				"north": {"uv": [4, 4, 10, 4.5], "texture": "#0"},
				"east": {"uv": [0, 10, 1, 10.5], "texture": "#0"},
				"south": {"uv": [6, 0, 12, 0.5], "texture": "#0"},
				"west": {"uv": [10, 2, 11, 2.5], "texture": "#0"},
				"up": {"uv": [6, 1, 0, 0], "texture": "#0"},
				"down": {"uv": [6, 2, 0, 3], "texture": "#0"}
			}
		},
		{
			"from": [5.8125, 2.9375, 8.3125],
			"to": [6.0625, 3.1875, 8.75],
			"faces": {
				"north": {"uv": [2, 12, 2.5, 12.5], "texture": "#0"},
				"east": {"uv": [10, 4, 11, 4.5], "texture": "#0"},
				"south": {"uv": [12, 2, 12.5, 2.5], "texture": "#0"},
				"west": {"uv": [6, 10, 7, 10.5], "texture": "#0"},
				"up": {"uv": [10.5, 7, 10, 6], "texture": "#0"},
				"down": {"uv": [8.5, 10, 8, 11], "texture": "#0"}
			}
		},
		{
			"from": [8.9375, 2.9375, 8.3125],
			"to": [9.1875, 3.1875, 8.75],
			"faces": {
				"north": {"uv": [4, 12, 4.5, 12.5], "texture": "#0"},
				"east": {"uv": [10, 8, 11, 8.5], "texture": "#0"},
				"south": {"uv": [12, 4, 12.5, 4.5], "texture": "#0"},
				"west": {"uv": [10, 10, 11, 10.5], "texture": "#0"},
				"up": {"uv": [0.5, 13, 0, 12], "texture": "#0"},
				"down": {"uv": [12.5, 0, 12, 1], "texture": "#0"}
			}
		},
		{
			"from": [7.3125, 3.125, 8.4375],
			"to": [7.6875, 5.125, 8.5625],
			"faces": {
				"north": {"uv": [0, 0, 0.5, 2], "texture": "#1"},
				"east": {"uv": [5, 0, 5.25, 2], "texture": "#1"},
				"south": {"uv": [1, 0, 1.5, 2], "texture": "#1"},
				"west": {"uv": [5, 2, 5.25, 4], "texture": "#1"},
				"up": {"uv": [5.5, 4.25, 5, 4], "texture": "#1"},
				"down": {"uv": [5.5, 5, 5, 5.25], "texture": "#1"}
			}
		},
		{
			"from": [7.375, 5.125, 8.4375],
			"to": [7.625, 8.125, 8.5625],
			"faces": {
				"north": {"uv": [4, 0, 4.25, 3], "texture": "#1"},
				"east": {"uv": [2, 4, 2.25, 7], "texture": "#1"},
				"south": {"uv": [3, 4, 3.25, 7], "texture": "#1"},
				"west": {"uv": [4, 3, 4.25, 6], "texture": "#1"},
				"up": {"uv": [5.25, 6.25, 5, 6], "texture": "#1"},
				"down": {"uv": [6.25, 5, 6, 5.25], "texture": "#1"}
			}
		},
		{
			"from": [7.375, 8.125, 8.4375],
			"to": [7.625, 11.3125, 8.5625],
			"faces": {
				"north": {"uv": [0, 2, 0.25, 5.25], "texture": "#1"},
				"east": {"uv": [2, 0, 2.25, 3.25], "texture": "#1"},
				"south": {"uv": [1, 2, 1.25, 5.25], "texture": "#1"},
				"west": {"uv": [3, 0, 3.25, 3.25], "texture": "#1"},
				"up": {"uv": [6.25, 6.25, 6, 6], "texture": "#1"},
				"down": {"uv": [0.25, 7, 0, 7.25], "texture": "#1"}
			}
		},
		{
			"from": [7.5625, 11.3125, 8.4375],
			"to": [7.625, 11.75, 8.5625],
			"faces": {
				"north": {"uv": [0, 6, 0.25, 6.5], "texture": "#1"},
				"east": {"uv": [6, 0, 6.25, 0.5], "texture": "#1"},
				"south": {"uv": [1, 6, 1.25, 6.5], "texture": "#1"},
				"west": {"uv": [6, 1, 6.25, 1.5], "texture": "#1"},
				"up": {"uv": [7.25, 0.25, 7, 0], "texture": "#1"},
				"down": {"uv": [1.25, 7, 1, 7.25], "texture": "#1"}
			}
		},
		{
			"from": [7.5, 11.3125, 8.4375],
			"to": [7.5625, 11.625, 8.5625],
			"faces": {
				"north": {"uv": [7, 1, 7.25, 1.25], "texture": "#1"},
				"east": {"uv": [2, 7, 2.25, 7.25], "texture": "#1"},
				"south": {"uv": [7, 2, 7.25, 2.25], "texture": "#1"},
				"west": {"uv": [3, 7, 3.25, 7.25], "texture": "#1"},
				"up": {"uv": [7.25, 3.25, 7, 3], "texture": "#1"},
				"down": {"uv": [4.25, 7, 4, 7.25], "texture": "#1"}
			}
		},
		{
			"from": [7.4375, 11.3125, 8.4375],
			"to": [7.5625, 11.4375, 8.5625],
			"faces": {
				"north": {"uv": [7, 4, 7.25, 4.25], "texture": "#1"},
				"east": {"uv": [5, 7, 5.25, 7.25], "texture": "#1"},
				"south": {"uv": [7, 5, 7.25, 5.25], "texture": "#1"},
				"west": {"uv": [6, 7, 6.25, 7.25], "texture": "#1"},
				"up": {"uv": [7.25, 6.25, 7, 6], "texture": "#1"},
				"down": {"uv": [7.25, 7, 7, 7.25], "texture": "#1"}
			}
		},
		{
			"from": [7.4375, 11.3125, 8.4375],
			"to": [7.5, 11.4375, 8.5625],
			"faces": {
				"north": {"uv": [0, 8, 0.25, 8.25], "texture": "#1"},
				"east": {"uv": [8, 0, 8.25, 0.25], "texture": "#1"},
				"south": {"uv": [1, 8, 1.25, 8.25], "texture": "#1"},
				"west": {"uv": [8, 1, 8.25, 1.25], "texture": "#1"},
				"up": {"uv": [2.25, 8.25, 2, 8], "texture": "#1"},
				"down": {"uv": [8.25, 2, 8, 2.25], "texture": "#1"}
			}
		},
		{
			"from": [7.375, 11.3125, 8.4375],
			"to": [7.4375, 11.8125, 8.5625],
			"rotation": {"angle": -22.5, "axis": "z", "origin": [7.40625, 11.3125, 8.5]},
			"faces": {
				"north": {"uv": [6, 2, 6.25, 2.5], "texture": "#1"},
				"east": {"uv": [6, 3, 6.25, 3.5], "texture": "#1"},
				"south": {"uv": [4, 6, 4.25, 6.5], "texture": "#1"},
				"west": {"uv": [6, 4, 6.25, 4.5], "texture": "#1"},
				"up": {"uv": [3.25, 8.25, 3, 8], "texture": "#1"},
				"down": {"uv": [8.25, 3, 8, 3.25], "texture": "#1"}
			}
		},
		{
			"from": [7.5625, 5.125, 8.4375],
			"to": [7.625, 5.3125, 8.5625],
			"rotation": {"angle": 22.5, "axis": "z", "origin": [7.65625, 5.21875, 8.5]},
			"faces": {
				"north": {"uv": [4, 8, 4.25, 8.25], "texture": "#1"},
				"east": {"uv": [8, 4, 8.25, 4.25], "texture": "#1"},
				"south": {"uv": [5, 8, 5.25, 8.25], "texture": "#1"},
				"west": {"uv": [8, 5, 8.25, 5.25], "texture": "#1"},
				"up": {"uv": [6.25, 8.25, 6, 8], "texture": "#1"},
				"down": {"uv": [8.25, 6, 8, 6.25], "texture": "#1"}
			}
		},
		{
			"from": [7.37976, 4.97608, 8.4375],
			"to": [7.44226, 5.16358, 8.5625],
			"rotation": {"angle": -22.5, "axis": "z", "origin": [7.59851, 5.19483, 8.5]},
			"faces": {
				"north": {"uv": [7, 8, 7.25, 8.25], "texture": "#1"},
				"east": {"uv": [8, 7, 8.25, 7.25], "texture": "#1"},
				"south": {"uv": [8, 8, 8.25, 8.25], "texture": "#1"},
				"west": {"uv": [0, 9, 0.25, 9.25], "texture": "#1"},
				"up": {"uv": [9.25, 0.25, 9, 0], "texture": "#1"},
				"down": {"uv": [1.25, 9, 1, 9.25], "texture": "#1"}
			}
		}
	],
	"display": {
		"thirdperson_righthand": {
			"rotation": [0, -90, 0],
			"translation": [0.25, 14.5, 1.5],
			"scale": [1.72, 2.76, 1.27]
		},
		"thirdperson_lefthand": {
			"rotation": [0, 90, 0],
			"translation": [-1.25, 14.5, 1.5],
			"scale": [1.72, 2.76, 1.27]
		},
		"firstperson_righthand": {
			"rotation": [-15, -75, 0],
			"translation": [7.75, 13, -7.5],
			"scale": [1.49, 3.03, 1.58]
		},
		"firstperson_lefthand": {
			"rotation": [-15, 75, 0],
			"translation": [7.75, 13, -7.5],
			"scale": [1.49, 3.03, 1.58]
		},
		"ground": {
			"rotation": [12, 0, 0],
			"translation": [0, 11.75, 0],
			"scale": [1.38, 1.89, 1.34]
		},
		"gui": {
			"rotation": [0, 0, -44],
			"translation": [3, 2, 0],
			"scale": [1.74, 1.65, 1]
		},
		"fixed": {
			"rotation": [0, 0, 45],
			"translation": [-4.75, 7, -2.75],
			"scale": [2.65, 3.65, 2.74]
		}
	},
	"groups": [
		{
			"name": "grip",
			"origin": [8, 8, 8],
			"color": 0,
			"children": [0, 1, 2, 3, 4]
		},
		{
			"name": "blade",
			"origin": [0, 0, 0],
			"color": 0,
			"children": [5, 6, 7, 8, 9, 10, 11, 12, 13, 14]
		}
	]
}