{
	"credit": "Made with Blockbench",
	"textures": {
		"0": "concrete:weapons/swords/falchion_grip",
		"1": "concrete:weapons/swords/falchion_blade",
		"particle": "concrete:weapons/swords/falchion_grip"
	},
	"elements": [
		{
			"from": [7.125, 1, 8.125],
			"to": [7.875, 4, 8.875],
			"faces": {
				"north": {"uv": [0, 4, 1.5, 10], "texture": "#0"},
				"east": {"uv": [2, 4, 3.5, 10], "texture": "#0"},
				"south": {"uv": [4, 4, 5.5, 10], "texture": "#0"},
				"west": {"uv": [6, 0, 7.5, 6], "texture": "#0"},
				"up": {"uv": [1.5, 11.5, 0, 10], "texture": "#0"},
				"down": {"uv": [3.5, 10, 2, 11.5], "texture": "#0"}
			}
		},
		{
			"from": [5.9375, 4, 8],
			"to": [6.125, 4.5, 9],
			"rotation": {"angle": 22.5, "axis": "z", "origin": [5.90625, 4.25, 8.5]},
			"faces": {
				"north": {"uv": [6, 12, 6.5, 13], "texture": "#0"},
				"east": {"uv": [10, 4, 12, 5], "texture": "#0"},
				"south": {"uv": [12, 6, 12.5, 7], "texture": "#0"},
				"west": {"uv": [6, 10, 8, 11], "texture": "#0"},
				"up": {"uv": [10.5, 12, 10, 10], "texture": "#0"},
				"down": {"uv": [0.5, 12, 0, 14], "texture": "#0"}
			}
		},
		{
			"from": [8.5625, 2.5, 8],
			"to": [8.75, 3, 9],
			"rotation": {"angle": 22.5, "axis": "z", "origin": [5.90625, 4.25, 8.5]},
			"faces": {
				"north": {"uv": [8, 12, 8.5, 13], "texture": "#0"},
				"east": {"uv": [8, 10, 10, 11], "texture": "#0"},
				"south": {"uv": [12, 8, 12.5, 9], "texture": "#0"},
				"west": {"uv": [10, 8, 12, 9], "texture": "#0"},
				"up": {"uv": [2.5, 14, 2, 12], "texture": "#0"},
				"down": {"uv": [12.5, 2, 12, 4], "texture": "#0"}
			}
		},
		{
			"from": [6, 4, 8],
			"to": [9, 4.1875, 9],
			"faces": {
				"north": {"uv": [6, 6, 12, 6.5], "texture": "#0"},
				"east": {"uv": [4, 12, 6, 12.5], "texture": "#0"},
				"south": {"uv": [8, 0, 14, 0.5], "texture": "#0"},
				"west": {"uv": [12, 4, 14, 4.5], "texture": "#0"},
				"up": {"uv": [6, 2, 0, 0], "texture": "#0"},
				"down": {"uv": [6, 2, 0, 4], "texture": "#0"}
			}
		},
		{
			"from": [7.1875, 0, 8.1875],
			"to": [7.8125, 1, 8.8125],
			"faces": {
				"north": {"uv": [8, 2, 9.5, 4], "texture": "#0"},
				"east": {"uv": [8, 4, 9.5, 6], "texture": "#0"},
				"south": {"uv": [6, 8, 7.5, 10], "texture": "#0"},
				"west": {"uv": [8, 8, 9.5, 10], "texture": "#0"},
				"up": {"uv": [11.5, 3.5, 10, 2], "texture": "#0"},
				"down": {"uv": [5.5, 10, 4, 11.5], "texture": "#0"}
			}
		},
		{
			"from": [7, 4.1875, 8.375],
			"to": [8, 16, 8.625],
			"faces": {
				"north": {"uv": [0, 0, 1, 11.75], "texture": "#1"},
				"east": {"uv": [2, 0, 2.25, 11.75], "texture": "#1"},
				"south": {"uv": [1, 0, 2, 11.75], "texture": "#1"},
				"west": {"uv": [3, 0, 3.25, 11.75], "texture": "#1"},
				"up": {"uv": [6, 2.25, 5, 2], "texture": "#1"},
				"down": {"uv": [6, 3, 5, 3.25], "texture": "#1"}
			}
		},
		{
			"from": [7.125, 16, 8.375],
			"to": [7.875, 16.25, 8.625],
			"faces": {
				"north": {"uv": [6, 2, 6.75, 2.25], "texture": "#1"},
				"east": {"uv": [8, 2, 8.25, 2.25], "texture": "#1"},
				"south": {"uv": [6, 3, 6.75, 3.25], "texture": "#1"},
				"west": {"uv": [8, 3, 8.25, 3.25], "texture": "#1"},
				"up": {"uv": [4.75, 6.25, 4, 6], "texture": "#1"},
				"down": {"uv": [6.75, 4, 6, 4.25], "texture": "#1"}
			}
		},
		{
			"from": [7.125, 16.25, 8.375],
			"to": [7.75, 16.5, 8.625],
			"faces": {
				"north": {"uv": [5, 6, 5.75, 6.25], "texture": "#1"},
				"east": {"uv": [4, 8, 4.25, 8.25], "texture": "#1"},
				"south": {"uv": [6, 5, 6.75, 5.25], "texture": "#1"},
				"west": {"uv": [8, 4, 8.25, 4.25], "texture": "#1"},
				"up": {"uv": [6.75, 6.25, 6, 6], "texture": "#1"},
				"down": {"uv": [7.75, 0, 7, 0.25], "texture": "#1"}
			}
		},
		{
			"from": [7.125, 16.5, 8.375],
			"to": [7.6875, 16.75, 8.625],
			"faces": {
				"north": {"uv": [7, 4, 7.5, 4.25], "texture": "#1"},
				"east": {"uv": [5, 8, 5.25, 8.25], "texture": "#1"},
				"south": {"uv": [5, 7, 5.5, 7.25], "texture": "#1"},
				"west": {"uv": [8, 5, 8.25, 5.25], "texture": "#1"},
				"up": {"uv": [7.5, 5.25, 7, 5], "texture": "#1"},
				"down": {"uv": [6.5, 7, 6, 7.25], "texture": "#1"}
			}
		},
		{
			"from": [7.125, 16.75, 8.375],
			"to": [7.5625, 17, 8.625],
			"faces": {
				"north": {"uv": [7, 6, 7.5, 6.25], "texture": "#1"},
				"east": {"uv": [6, 8, 6.25, 8.25], "texture": "#1"},
				"south": {"uv": [7, 7, 7.5, 7.25], "texture": "#1"},
				"west": {"uv": [8, 6, 8.25, 6.25], "texture": "#1"},
				"up": {"uv": [8.5, 0.25, 8, 0], "texture": "#1"},
				"down": {"uv": [8.5, 1, 8, 1.25], "texture": "#1"}
			}
		},
		{
			"from": [7.1875, 17, 8.375],
			"to": [7.4375, 17.25, 8.625],
			"faces": {
				"north": {"uv": [7, 8, 7.25, 8.25], "texture": "#1"},
				"east": {"uv": [8, 7, 8.25, 7.25], "texture": "#1"},
				"south": {"uv": [8, 8, 8.25, 8.25], "texture": "#1"},
				"west": {"uv": [9, 0, 9.25, 0.25], "texture": "#1"},
				"up": {"uv": [9.25, 1.25, 9, 1], "texture": "#1"},
				"down": {"uv": [9.25, 2, 9, 2.25], "texture": "#1"}
			}
		},
		{
			"from": [7.25, 17.25, 8.375],
			"to": [7.375, 17.4375, 8.625],
			"faces": {
				"north": {"uv": [9, 3, 9.25, 3.25], "texture": "#1"},
				"east": {"uv": [4, 9, 4.25, 9.25], "texture": "#1"},
				"south": {"uv": [9, 4, 9.25, 4.25], "texture": "#1"},
				"west": {"uv": [5, 9, 5.25, 9.25], "texture": "#1"},
				"up": {"uv": [9.25, 5.25, 9, 5], "texture": "#1"},
				"down": {"uv": [6.25, 9, 6, 9.25], "texture": "#1"}
			}
		},
		{
			"from": [7.375, 17, 8.375],
			"to": [7.5, 17.1875, 8.625],
			"faces": {
				"north": {"uv": [9, 6, 9.25, 6.25], "texture": "#1"},
				"east": {"uv": [7, 9, 7.25, 9.25], "texture": "#1"},
				"south": {"uv": [9, 7, 9.25, 7.25], "texture": "#1"},
				"west": {"uv": [8, 9, 8.25, 9.25], "texture": "#1"},
				"up": {"uv": [9.25, 8.25, 9, 8], "texture": "#1"},
				"down": {"uv": [9.25, 9, 9, 9.25], "texture": "#1"}
			}
		},
		{
			"from": [7.6875, 16.25, 8.375],
			"to": [7.8125, 16.4375, 8.625],
			"faces": {
				"north": {"uv": [10, 0, 10.25, 0.25], "texture": "#1"},
				"east": {"uv": [10, 1, 10.25, 1.25], "texture": "#1"},
				"south": {"uv": [10, 2, 10.25, 2.25], "texture": "#1"},
				"west": {"uv": [10, 3, 10.25, 3.25], "texture": "#1"},
				"up": {"uv": [4.25, 10.25, 4, 10], "texture": "#1"},
				"down": {"uv": [10.25, 4, 10, 4.25], "texture": "#1"}
			}
		},
		{
			"from": [7.6875, 16, 8.375],
			"to": [7.8125, 17.6875, 8.625],
			"rotation": {"angle": 22.5, "axis": "z", "origin": [7.9375, 16.5, 8.5]},
			"faces": {
				"north": {"uv": [4, 0, 4.25, 1.75], "texture": "#1"},
				"east": {"uv": [4, 2, 4.25, 3.75], "texture": "#1"},
				"south": {"uv": [4, 4, 4.25, 5.75], "texture": "#1"},
				"west": {"uv": [5, 0, 5.25, 1.75], "texture": "#1"},
				"up": {"uv": [5.25, 10.25, 5, 10], "texture": "#1"},
				"down": {"uv": [10.25, 5, 10, 5.25], "texture": "#1"}
			}
		},
		{
			"from": [7, 16, 8.375],
			"to": [7.125, 16.875, 8.625],
			"rotation": {"angle": 0, "axis": "y", "origin": [7.9375, 16.5, 8.5]},
			"faces": {
				"north": {"uv": [5, 4, 5.25, 5], "texture": "#1"},
				"east": {"uv": [5, 5, 5.25, 6], "texture": "#1"},
				"south": {"uv": [6, 0, 6.25, 1], "texture": "#1"},
				"west": {"uv": [6, 1, 6.25, 2], "texture": "#1"},
				"up": {"uv": [6.25, 10.25, 6, 10], "texture": "#1"},
				"down": {"uv": [10.25, 6, 10, 6.25], "texture": "#1"}
			}
		},
		{
			"from": [7, 16.8125, 8.375],
			"to": [7.125, 17.5, 8.625],
			"rotation": {"angle": -22.5, "axis": "z", "origin": [7.0625, 16.84375, 8.5]},
			"faces": {
				"north": {"uv": [7, 1, 7.25, 1.75], "texture": "#1"},
				"east": {"uv": [7, 2, 7.25, 2.75], "texture": "#1"},
				"south": {"uv": [7, 3, 7.25, 3.75], "texture": "#1"},
				"west": {"uv": [4, 7, 4.25, 7.75], "texture": "#1"},
				"up": {"uv": [7.25, 10.25, 7, 10], "texture": "#1"},
				"down": {"uv": [10.25, 7, 10, 7.25], "texture": "#1"}
			}
		}
	],
	"display": {
		"thirdperson_righthand": {
			"rotation": [0, 90, 0],
			"translation": [0, 6.5, 1],
			"scale": [1.34, 1.54, 1.09]
		},
		"thirdperson_lefthand": {
			"rotation": [0, -90, 0],
			"translation": [0, 6.5, 1],
			"scale": [1.34, 1.54, 1.09]
		},
		"firstperson_righthand": {
			"rotation": [-16, 94, 0],
			"translation": [6, 5.25, -5.25],
			"scale": [1, 1.74, 1]
		},
		"firstperson_lefthand": {
			"rotation": [-16, -94, 0],
			"translation": [6, 5.25, -5.25],
			"scale": [1, 1.74, 1]
		},
		"ground": {
			"rotation": [19, 0, 0],
			"translation": [0, 7.75, 0],
			"scale": [0.96, 1.12, 1]
		},
		"gui": {
			"rotation": [0, -180, 44],
			"translation": [-1.5, 0, -2.25],
			"scale": [1.49, 1.16, 1.38]
		},
		"fixed": {
			"rotation": [0, 0, 44],
			"translation": [1.25, 0, -2.25],
			"scale": [2.44, 2.52, 1.38]
		}
	},
	"groups": [
		{
			"name": "grip",
			"origin": [8, 8, 8],
			"color": 0,
			"children": [0, 1, 2, 3, 4]
		},
		{
			"name": "blade",
			"origin": [8, 8, 8],
			"color": 0,
			"children": [5, 6, 7, 8, 9, 10, 11, 12, 13, 14, 15, 16]
		}
	]
}