{
	"credit": "Made with Blockbench",
	"textures": {
		"0": "concrete:weapons/swords/gladius_grip",
		"1": "concrete:weapons/swords/gladius_blade",
		"particle": "concrete:weapons/swords/gladius_grip"
	},
	"elements": [
		{
			"from": [7, 0, 8],
			"to": [8, 1, 9],
			"faces": {
				"north": {"uv": [2, 6, 4, 8], "texture": "#0"},
				"east": {"uv": [6, 2, 8, 4], "texture": "#0"},
				"south": {"uv": [4, 6, 6, 8], "texture": "#0"},
				"west": {"uv": [6, 4, 8, 6], "texture": "#0"},
				"up": {"uv": [8, 8, 6, 6], "texture": "#0"},
				"down": {"uv": [2, 8, 0, 10], "texture": "#0"}
			}
		},
		{
			"from": [6.8125, 3, 8],
			"to": [8.1875, 3.5, 9],
			"faces": {
				"north": {"uv": [2, 8, 4.5, 9], "texture": "#0"},
				"east": {"uv": [8, 6, 10, 7], "texture": "#0"},
				"south": {"uv": [8, 2, 10.5, 3], "texture": "#0"},
				"west": {"uv": [8, 8, 10, 9], "texture": "#0"},
				"up": {"uv": [4.5, 6, 2, 4], "texture": "#0"},
				"down": {"uv": [8.5, 0, 6, 2], "texture": "#0"}
			}
		},
		{
			"from": [7.1875, 1, 8.1875],
			"to": [7.8125, 3, 8.8125],
			"faces": {
				"north": {"uv": [0, 0, 1.5, 4], "texture": "#0"},
				"east": {"uv": [2, 0, 3.5, 4], "texture": "#0"},
				"south": {"uv": [0, 4, 1.5, 8], "texture": "#0"},
				"west": {"uv": [4, 0, 5.5, 4], "texture": "#0"},
				"up": {"uv": [9.5, 5.5, 8, 4], "texture": "#0"},
				"down": {"uv": [7.5, 8, 6, 9.5], "texture": "#0"}
			}
		},
		{
			"from": [6.9375, 3.5, 8.375],
			"to": [8.0625, 10.5625, 8.625],
			"faces": {
				"north": {"uv": [0, 0, 1, 7], "texture": "#1"},
				"east": {"uv": [2, 0, 2.25, 7], "texture": "#1"},
				"south": {"uv": [1, 0, 2, 7], "texture": "#1"},
				"west": {"uv": [3, 0, 3.25, 7], "texture": "#1"},
				"up": {"uv": [7, 4.25, 6, 4], "texture": "#1"},
				"down": {"uv": [6, 6, 5, 6.25], "texture": "#1"}
			}
		},
		{
			"from": [7.125, 10.5625, 8.375],
			"to": [7.875, 10.9375, 8.625],
			"faces": {
				"north": {"uv": [4, 0, 4.75, 0.5], "texture": "#1"},
				"east": {"uv": [1, 7, 1.25, 7.5], "texture": "#1"},
				"south": {"uv": [4, 1, 4.75, 1.5], "texture": "#1"},
				"west": {"uv": [7, 1, 7.25, 1.5], "texture": "#1"},
				"up": {"uv": [0.75, 7.25, 0, 7], "texture": "#1"},
				"down": {"uv": [7.75, 0, 7, 0.25], "texture": "#1"}
			}
		},
		{
			"from": [7.25, 10.9375, 8.375],
			"to": [7.75, 11.3125, 8.625],
			"faces": {
				"north": {"uv": [6, 5, 6.5, 5.5], "texture": "#1"},
				"east": {"uv": [2, 7, 2.25, 7.5], "texture": "#1"},
				"south": {"uv": [6, 6, 6.5, 6.5], "texture": "#1"},
				"west": {"uv": [7, 2, 7.25, 2.5], "texture": "#1"},
				"up": {"uv": [3.5, 7.25, 3, 7], "texture": "#1"},
				"down": {"uv": [7.5, 3, 7, 3.25], "texture": "#1"}
			}
		},
		{
			"from": [7.375, 11.3125, 8.375],
			"to": [7.625, 11.5, 8.625],
			"faces": {
				"north": {"uv": [7, 4, 7.25, 4.25], "texture": "#1"},
				"east": {"uv": [5, 7, 5.25, 7.25], "texture": "#1"},
				"south": {"uv": [7, 5, 7.25, 5.25], "texture": "#1"},
				"west": {"uv": [6, 7, 6.25, 7.25], "texture": "#1"},
				"up": {"uv": [7.25, 6.25, 7, 6], "texture": "#1"},
				"down": {"uv": [7.25, 7, 7, 7.25], "texture": "#1"}
			}
		},
		{
			"from": [7.1875, 10.9375, 8.375],
			"to": [7.4375, 11.125, 8.625],
			"faces": {
				"north": {"uv": [0, 8, 0.25, 8.25], "texture": "#1"},
				"east": {"uv": [8, 0, 8.25, 0.25], "texture": "#1"},
				"south": {"uv": [1, 8, 1.25, 8.25], "texture": "#1"},
				"west": {"uv": [8, 1, 8.25, 1.25], "texture": "#1"},
				"up": {"uv": [2.25, 8.25, 2, 8], "texture": "#1"},
				"down": {"uv": [8.25, 2, 8, 2.25], "texture": "#1"}
			}
		},
		{
			"from": [7.5625, 10.9375, 8.375],
			"to": [7.8125, 11.125, 8.625],
			"faces": {
				"north": {"uv": [3, 8, 3.25, 8.25], "texture": "#1"},
				"east": {"uv": [8, 3, 8.25, 3.25], "texture": "#1"},
				"south": {"uv": [4, 8, 4.25, 8.25], "texture": "#1"},
				"west": {"uv": [8, 4, 8.25, 4.25], "texture": "#1"},
				"up": {"uv": [5.25, 8.25, 5, 8], "texture": "#1"},
				"down": {"uv": [8.25, 5, 8, 5.25], "texture": "#1"}
			}
		},
		{
			"from": [7.6875, 10.5625, 8.375],
			"to": [7.9375, 10.75, 8.625],
			"faces": {
				"north": {"uv": [6, 8, 6.25, 8.25], "texture": "#1"},
				"east": {"uv": [8, 6, 8.25, 6.25], "texture": "#1"},
				"south": {"uv": [7, 8, 7.25, 8.25], "texture": "#1"},
				"west": {"uv": [8, 7, 8.25, 7.25], "texture": "#1"},
				"up": {"uv": [8.25, 8.25, 8, 8], "texture": "#1"},
				"down": {"uv": [0.25, 9, 0, 9.25], "texture": "#1"}
			}
		},
		{
			"from": [7.0625, 10.5625, 8.375],
			"to": [7.3125, 10.75, 8.625],
			"faces": {
				"north": {"uv": [9, 0, 9.25, 0.25], "texture": "#1"},
				"east": {"uv": [1, 9, 1.25, 9.25], "texture": "#1"},
				"south": {"uv": [9, 1, 9.25, 1.25], "texture": "#1"},
				"west": {"uv": [2, 9, 2.25, 9.25], "texture": "#1"},
				"up": {"uv": [9.25, 2.25, 9, 2], "texture": "#1"},
				"down": {"uv": [3.25, 9, 3, 9.25], "texture": "#1"}
			}
		},
		{
			"from": [7.625, 10.5, 8.375],
			"to": [7.875, 11.75, 8.625],
			"rotation": {"angle": 22.5, "axis": "z", "origin": [7.8125, 11, 8.5]},
			"faces": {
				"north": {"uv": [4, 2, 4.25, 3.25], "texture": "#1"},
				"east": {"uv": [4, 4, 4.25, 5.25], "texture": "#1"},
				"south": {"uv": [5, 0, 5.25, 1.25], "texture": "#1"},
				"west": {"uv": [5, 2, 5.25, 3.25], "texture": "#1"},
				"up": {"uv": [9.25, 3.25, 9, 3], "texture": "#1"},
				"down": {"uv": [4.25, 9, 4, 9.25], "texture": "#1"}
			}
		},
		{
			"from": [7.125, 10.5, 8.375],
			"to": [7.375, 11.75, 8.625],
			"rotation": {"angle": -22.5, "axis": "z", "origin": [7.1875, 11, 8.5]},
			"faces": {
				"north": {"uv": [5, 4, 5.25, 5.25], "texture": "#1"},
				"east": {"uv": [6, 0, 6.25, 1.25], "texture": "#1"},
				"south": {"uv": [6, 2, 6.25, 3.25], "texture": "#1"},
				"west": {"uv": [4, 6, 4.25, 7.25], "texture": "#1"},
				"up": {"uv": [9.25, 4.25, 9, 4], "texture": "#1"},
				"down": {"uv": [5.25, 9, 5, 9.25], "texture": "#1"}
			}
		}
	],
	"display": {
		"thirdperson_righthand": {
			"rotation": [0, -90, 0],
			"translation": [0.25, 13.25, 1.75],
			"scale": [1.45, 2.52, 1]
		},
		"thirdperson_lefthand": {
			"rotation": [0, 90, 0],
			"translation": [-1, 13.25, 1.75],
			"scale": [1.45, 2.52, 1]
		},
		"firstperson_righthand": {
			"rotation": [0, 90, -11],
			"translation": [4.25, 10.75, -4],
			"scale": [1.27, 2.21, 1]
		},
		"firstperson_lefthand": {
			"rotation": [0, 90, -11],
			"translation": [4.25, 10.75, -4],
			"scale": [1.27, 2.21, 1]
		},
		"ground": {
			"rotation": [16, 0, 0],
			"translation": [0, 7.75, 0],
			"scale": [1.25, 1.49, 1]
		},
		"gui": {
			"rotation": [0, 0, -45],
			"translation": [3.25, 2, -2.5],
			"scale": [1.79, 1.63, 1.63]
		},
		"fixed": {
			"rotation": [0, 0, 45],
			"translation": [-4.5, 7.5, -2.5],
			"scale": [3.25, 4, 1.63]
		}
	},
	"groups": [
		{
			"name": "grip",
			"origin": [8, 8, 8],
			"color": 0,
			"children": [0, 1, 2]
		},
		{
			"name": "blade",
			"origin": [8, 8, 8],
			"color": 0,
			"children": [3, 4, 5, 6, 7, 8, 9, 10, 11, 12]
		}
	]
}