{
	"credit": "Made with Blockbench",
	"textures": {
		"0": "concrete:weapons/swords/glaive",
		"1": "concrete:weapons/swords/glaive_blade",
		"particle": "concrete:weapons/swords/glaive"
	},
	"elements": [
		{
			"from": [7.52, -16, 7.49761],
			"to": [8.48, 20.64774, 8.45761],
			"rotation": {"angle": 0, "axis": "y", "origin": [8, 5.72774, 7.97761]},
			"faces": {
				"north": {"uv": [2.5, 0, 4.5, 16], "texture": "#0"},
				"east": {"uv": [3, 0, 5, 16], "texture": "#0"},
				"south": {"uv": [2, 0, 4, 16], "texture": "#0"},
				"west": {"uv": [2.5, 0, 4.5, 16], "texture": "#0"},
				"up": {"uv": [8, 8, 16, 16], "texture": "#0"},
				"down": {"uv": [8, 8, 16, 16], "texture": "#0"}
			}
		},
		{
			"from": [7.6784, 20.97345, 8.06402],
			"to": [8.3216, 30.08577, 8.3021],
			"rotation": {"angle": 0, "axis": "y", "origin": [8, 2.70657, 7.7069]},
			"faces": {
				"north": {"uv": [10.5, 2.5, 14, 4], "texture": "#0"},
				"east": {"uv": [9.5, 2, 16, 5.5], "texture": "#0"},
				"south": {"uv": [9, 1.5, 15.5, 5], "texture": "#0"},
				"west": {"uv": [9, 0, 15, 7.5], "texture": "#0"},
				"up": {"uv": [15, 7, 16, 8], "texture": "#0"},
				"down": {"uv": [8, 0, 15.5, 5.5], "texture": "#0"}
			}
		},
		{
			"from": [7.7024, 20.97345, 7.7069],
			"to": [8.2976, 22.30209, 8.06402],
			"rotation": {"angle": 0, "axis": "y", "origin": [8, 2.70657, 7.7069]},
			"faces": {
				"north": {"uv": [10.5, 2.5, 14, 4], "texture": "#0"},
				"east": {"uv": [9.5, 2, 16, 5.5], "texture": "#0"},
				"south": {"uv": [9, 1.5, 15.5, 5], "texture": "#0"},
				"west": {"uv": [9, 0, 15, 7.5], "texture": "#0"},
				"up": {"uv": [8.5, 0, 14, 4], "texture": "#0"},
				"down": {"uv": [8, 0, 15.5, 5.5], "texture": "#0"}
			}
		},
		{
			"from": [7.7024, 21.39585, 7.98902],
			"to": [8.2976, 21.77121, 8.54018],
			"rotation": {"angle": -45, "axis": "x", "origin": [8, 21.15777, 7.88546]},
			"faces": {
				"north": {"uv": [13, 4, 14, 5], "texture": "#0"},
				"east": {"uv": [12, 5, 13, 6], "texture": "#0"},
				"south": {"uv": [11, 4.5, 12, 5.5], "texture": "#0"},
				"west": {"uv": [12, 4, 13, 5], "texture": "#0"},
				"up": {"uv": [13, 4.5, 14, 5.5], "texture": "#0"},
				"down": {"uv": [13, 3.5, 14, 4.5], "texture": "#0"}
			}
		},
		{
			"from": [7.7024, 21.77985, 7.98902],
			"to": [8.2976, 22.75521, 8.82818],
			"rotation": {"angle": -45, "axis": "x", "origin": [8, 21.15777, 7.88546]},
			"faces": {
				"north": {"uv": [15, 7, 16, 8], "texture": "#0"},
				"east": {"uv": [15, 7, 16, 8], "texture": "#0"},
				"south": {"uv": [15, 7, 16, 8], "texture": "#0"},
				"west": {"uv": [15, 7, 16, 8], "texture": "#0"},
				"up": {"uv": [15, 7, 16, 8], "texture": "#0"},
				"down": {"uv": [15, 7, 16, 8], "texture": "#0"}
			}
		},
		{
			"from": [7.7024, 29.4002, 4.52572],
			"to": [8.2976, 31.30484, 4.82332],
			"rotation": {"angle": 45, "axis": "x", "origin": [8, 26.4242, 4.82332]},
			"faces": {
				"north": {"uv": [15, 7, 16, 8], "texture": "#0"},
				"east": {"uv": [15, 7, 16, 8], "texture": "#0"},
				"south": {"uv": [15, 7, 16, 8], "texture": "#0"},
				"west": {"uv": [15, 7, 16, 8], "texture": "#0"},
				"up": {"uv": [15, 7, 16, 8], "texture": "#0"},
				"down": {"uv": [15, 7, 16, 8], "texture": "#0"}
			}
		},
		{
			"from": [7.7024, 25.37105, 5.10017],
			"to": [8.2976, 28.94225, 6.67745],
			"rotation": {"angle": 22.5, "axis": "x", "origin": [8, 24.77585, 5.39777]},
			"faces": {
				"north": {"uv": [15, 7, 16, 8], "texture": "#0"},
				"east": {"uv": [15, 7, 16, 8], "texture": "#0"},
				"south": {"uv": [15, 7, 16, 8], "texture": "#0"},
				"west": {"uv": [15, 7, 16, 8], "texture": "#0"},
				"up": {"uv": [15, 7, 16, 8], "texture": "#0"},
				"down": {"uv": [15, 7, 16, 8], "texture": "#0"}
			}
		},
		{
			"from": [7.7024, 22.58267, 5.3506],
			"to": [8.2976, 25.43963, 6.2434],
			"rotation": {"angle": 0, "axis": "y", "origin": [8, 21.27323, 5.6482]},
			"faces": {
				"north": {"uv": [15, 7, 16, 8], "texture": "#0"},
				"east": {"uv": [15, 7, 16, 8], "texture": "#0"},
				"south": {"uv": [15, 7, 16, 8], "texture": "#0"},
				"west": {"uv": [15, 7, 16, 8], "texture": "#0"},
				"up": {"uv": [15, 7, 16, 8], "texture": "#0"},
				"down": {"uv": [15, 7, 16, 8], "texture": "#0"}
			}
		},
		{
			"from": [7.7024, 22.10651, 6.2434],
			"to": [8.2976, 22.79387, 7.38004],
			"rotation": {"angle": 0, "axis": "y", "origin": [8, 21.27323, 5.6482]},
			"faces": {
				"north": {"uv": [15, 7, 16, 8], "texture": "#0"},
				"east": {"uv": [15, 7, 16, 8], "texture": "#0"},
				"south": {"uv": [15, 7, 16, 8], "texture": "#0"},
				"west": {"uv": [15, 7, 16, 8], "texture": "#0"},
				"up": {"uv": [15, 7, 16, 8], "texture": "#0"},
				"down": {"uv": [15, 7, 16, 8], "texture": "#0"}
			}
		},
		{
			"from": [7.7024, 22.20251, 7.6834],
			"to": [8.2976, 26.15387, 8.14804],
			"rotation": {"angle": 0, "axis": "y", "origin": [8, 21.27323, 5.6482]},
			"faces": {
				"north": {"uv": [10.5, 2.5, 14, 4], "texture": "#0"},
				"east": {"uv": [9.5, 2, 16, 5.5], "texture": "#0"},
				"south": {"uv": [9, 1.5, 15.5, 5], "texture": "#0"},
				"west": {"uv": [9, 0, 15, 7.5], "texture": "#0"},
				"up": {"uv": [8.5, 0, 14, 4], "texture": "#0"},
				"down": {"uv": [8, 0, 15.5, 5.5], "texture": "#0"}
			}
		},
		{
			"from": [7.7024, 22.68251, 6.1474],
			"to": [8.2976, 26.24987, 7.76404],
			"rotation": {"angle": 0, "axis": "y", "origin": [8, 21.27323, 5.6482]},
			"faces": {
				"north": {"uv": [10.5, 2.5, 14, 4], "texture": "#0"},
				"east": {"uv": [9.5, 2, 16, 5.5], "texture": "#0"},
				"south": {"uv": [9, 1.5, 15.5, 5], "texture": "#0"},
				"west": {"uv": [9, 0, 15, 7.5], "texture": "#0"},
				"up": {"uv": [8.5, 0, 14, 4], "texture": "#0"},
				"down": {"uv": [8, 0, 15.5, 5.5], "texture": "#0"}
			}
		},
		{
			"from": [7.6544, 21.72251, 5.5714],
			"to": [8.3456, 30.04187, 8.24404],
			"rotation": {"angle": 0, "axis": "y", "origin": [8, 21.27323, 5.6482]},
			"faces": {
				"north": {"uv": [6.5, 0, 10, 1.5], "texture": "#1"},
				"east": {"uv": [2.5, 0.5, 8, 16], "texture": "#1"},
				"south": {"uv": [6, 0, 10.5, 2], "texture": "#1"},
				"west": {"uv": [8.5, 0.5, 14, 16], "texture": "#1"},
				"up": {"uv": [5.5, 0, 11, 2.5], "texture": "#1"},
				"down": {"uv": [8, 0, 10, 2.5], "texture": "#1"}
			}
		},
		{
			"from": [7.7024, 26.15387, 7.19572],
			"to": [8.2976, 27.93947, 8.14804],
			"rotation": {"angle": 0, "axis": "y", "origin": [8, 21.27323, 5.6482]},
			"faces": {
				"north": {"uv": [10.5, 2.5, 14, 4], "texture": "#0"},
				"east": {"uv": [9.5, 2, 16, 5.5], "texture": "#0"},
				"south": {"uv": [9, 1.5, 15.5, 5], "texture": "#0"},
				"west": {"uv": [9, 0, 15, 7.5], "texture": "#0"},
				"up": {"uv": [8.5, 0, 14, 4], "texture": "#0"},
				"down": {"uv": [8, 0, 15.5, 5.5], "texture": "#0"}
			}
		},
		{
			"from": [7.7024, 27.93947, 6.8386],
			"to": [8.2976, 28.77275, 8.14804],
			"rotation": {"angle": 0, "axis": "y", "origin": [8, 21.27323, 5.6482]},
			"faces": {
				"north": {"uv": [15, 7, 16, 8], "texture": "#0"},
				"east": {"uv": [15, 7, 16, 8], "texture": "#0"},
				"south": {"uv": [15, 7, 16, 8], "texture": "#0"},
				"west": {"uv": [15, 7, 16, 8], "texture": "#0"},
				"up": {"uv": [15, 7, 16, 8], "texture": "#0"},
				"down": {"uv": [15, 7, 16, 8], "texture": "#0"}
			}
		},
		{
			"from": [7.7024, 28.56443, 7.07668],
			"to": [8.2976, 29.01083, 8.14804],
			"rotation": {"angle": 0, "axis": "y", "origin": [8, 21.27323, 5.6482]},
			"faces": {
				"north": {"uv": [15, 7, 16, 8], "texture": "#0"},
				"east": {"uv": [15, 7, 16, 8], "texture": "#0"},
				"south": {"uv": [15, 7, 16, 8], "texture": "#0"},
				"west": {"uv": [15, 7, 16, 8], "texture": "#0"},
				"up": {"uv": [15, 7, 16, 8], "texture": "#0"},
				"down": {"uv": [15, 7, 16, 8], "texture": "#0"}
			}
		},
		{
			"from": [7.7024, 28.95131, 7.25524],
			"to": [8.2976, 29.21915, 8.14804],
			"rotation": {"angle": 0, "axis": "y", "origin": [8, 21.27323, 5.6482]},
			"faces": {
				"north": {"uv": [15, 7, 16, 8], "texture": "#0"},
				"east": {"uv": [15, 7, 16, 8], "texture": "#0"},
				"south": {"uv": [15, 7, 16, 8], "texture": "#0"},
				"west": {"uv": [15, 7, 16, 8], "texture": "#0"},
				"up": {"uv": [15, 7, 16, 8], "texture": "#0"},
				"down": {"uv": [15, 7, 16, 8], "texture": "#0"}
			}
		},
		{
			"from": [7.7024, 29.18939, 7.55284],
			"to": [8.2976, 29.45723, 8.14804],
			"rotation": {"angle": 0, "axis": "y", "origin": [8, 21.27323, 5.6482]},
			"faces": {
				"north": {"uv": [15, 7, 16, 8], "texture": "#0"},
				"east": {"uv": [15, 7, 16, 8], "texture": "#0"},
				"south": {"uv": [15, 7, 16, 8], "texture": "#0"},
				"west": {"uv": [15, 7, 16, 8], "texture": "#0"},
				"up": {"uv": [15, 7, 16, 8], "texture": "#0"},
				"down": {"uv": [15, 7, 16, 8], "texture": "#0"}
			}
		},
		{
			"from": [7.7024, 29.18939, 7.79092],
			"to": [8.2976, 29.69531, 8.14804],
			"rotation": {"angle": 0, "axis": "y", "origin": [8, 21.27323, 5.6482]},
			"faces": {
				"north": {"uv": [15, 7, 16, 8], "texture": "#0"},
				"east": {"uv": [15, 7, 16, 8], "texture": "#0"},
				"south": {"uv": [15, 7, 16, 8], "texture": "#0"},
				"west": {"uv": [15, 7, 16, 8], "texture": "#0"},
				"up": {"uv": [15, 7, 16, 8], "texture": "#0"},
				"down": {"uv": [15, 7, 16, 8], "texture": "#0"}
			}
		},
		{
			"from": [7.7024, 21.81796, 5.10017],
			"to": [8.2976, 22.65124, 5.99297],
			"rotation": {"angle": -22.5, "axis": "x", "origin": [8, 23.24644, 5.39777]},
			"faces": {
				"north": {"uv": [15, 7, 16, 8], "texture": "#0"},
				"east": {"uv": [15, 7, 16, 8], "texture": "#0"},
				"south": {"uv": [15, 7, 16, 8], "texture": "#0"},
				"west": {"uv": [15, 7, 16, 8], "texture": "#0"},
				"up": {"uv": [15, 7, 16, 8], "texture": "#0"},
				"down": {"uv": [15, 7, 16, 8], "texture": "#0"}
			}
		},
		{
			"from": [7.424, 20.64774, 7.40161],
			"to": [8.576, 20.88774, 8.55361],
			"rotation": {"angle": 0, "axis": "y", "origin": [8, 6.72774, 7.97761]},
			"faces": {
				"north": {"uv": [0, 0, 1.2, 0.25], "texture": "#0"},
				"east": {"uv": [0, 0, 1.2, 0.25], "texture": "#0"},
				"south": {"uv": [0, 0, 1.2, 0.25], "texture": "#0"},
				"west": {"uv": [0, 0, 1.2, 0.25], "texture": "#0"},
				"up": {"uv": [0, 0, 1.2, 1.2], "texture": "#0"},
				"down": {"uv": [0, 0, 1.2, 1.2], "texture": "#0"}
			}
		},
		{
			"from": [7.424, 20.88774, 7.40161],
			"to": [8.576, 20.98374, 8.55361],
			"rotation": {"angle": 0, "axis": "y", "origin": [8, 6.72774, 7.97761]},
			"faces": {
				"north": {"uv": [10.5, 1.5, 15.5, 4.5], "texture": "#0"},
				"east": {"uv": [9.5, 0, 14, 5.5], "texture": "#0"},
				"south": {"uv": [11, 1, 15.5, 4.5], "texture": "#0"},
				"west": {"uv": [11, 0.5, 15, 3.5], "texture": "#0"},
				"up": {"uv": [9, 0, 10.2, 1.2], "texture": "#0"},
				"down": {"uv": [11.5, 2, 12.7, 3.2], "texture": "#0"}
			}
		}
	],
	"display": {
		"thirdperson_righthand": {
			"translation": [0, 6.25, 0.51],
			"scale": [1.1, 1.1, 1.1]
		},
		"thirdperson_lefthand": {
			"translation": [0, 6.25, 0.51],
			"scale": [1.1, 1.1, 1.1]
		},
		"firstperson_righthand": {
			"rotation": [-6, 7, 8],
			"translation": [12.25, -1, -7.75],
			"scale": [1.1, 1.1, 1.1]
		},
		"firstperson_lefthand": {
			"rotation": [-6, 7, 8],
			"translation": [12.25, -1, -7.75],
			"scale": [1.1, 1.1, 1.1]
		},
		"ground": {
			"rotation": [-87.39, 66.08, 92.62],
			"translation": [0, 10.5, 3]
		},
		"gui": {
			"rotation": [76, -143, 51],
			"scale": [0.5, 0.5, 0.5]
		},
		"fixed": {
			"rotation": [-90, 45, 90],
			"translation": [-0.5, 1, -1.5],
			"scale": [1.32, 1.18, 1.81]
		}
	}
}