{
	"credit": "Made with Blockbench",
	"textures": {
		"0": "concrete:weapons/swords/halberdtexture",
		"particle": "concrete:weapons/swords/halberdtexture"
	},
	"elements": [
		{
			"from": [7.85, 26.9706, 7.62117],
			"to": [8.15, 28.3706, 8.42117],
			"rotation": {"angle": 0, "axis": "y", "origin": [8.425, 26.9456, 7.69617]},
			"faces": {
				"north": {"uv": [8.78125, 5.21875, 10.03125, 6.71875], "texture": "#0"},
				"east": {"uv": [11.09375, 14.625, 10.21875, 15.375], "texture": "#0"},
				"south": {"uv": [15.375, 3.28125, 15.625, 3.53125], "texture": "#0"},
				"west": {"uv": [11.09375, 14.625, 10.21875, 15.375], "texture": "#0"},
				"up": {"uv": [7.75, 5, 10.25, 7.25], "texture": "#0"},
				"down": {"uv": [15.4375, 3.28125, 15.6875, 3.53125], "texture": "#0"}
			}
		},
		{
			"from": [7.9, 23.8706, 5.57117],
			"to": [8.225, 26.9706, 7.62117],
			"rotation": {"angle": 0, "axis": "y", "origin": [8.4, 24.5706, 5.59617]},
			"faces": {
				"north": {"uv": [2.1875, 6, 3.6875, 7.4375], "texture": "#0"},
				"east": {"uv": [12, 0, 16, 3.09375], "texture": "#0"},
				"south": {"uv": [10, 9, 10.75, 9.75], "texture": "#0"},
				"west": {"uv": [12, 0, 16, 3.0938], "rotation": 180, "texture": "#0"},
				"up": {"uv": [7.53125, 2.03125, 8.53125, 3.03125], "texture": "#0"},
				"down": {"uv": [3.40625, 4.59375, 4.1875, 5.40625], "texture": "#0"}
			}
		},
		{
			"from": [7.9, 25.0206, 8.37117],
			"to": [8.225, 26.0206, 10.42117],
			"rotation": {"angle": 0, "axis": "y", "origin": [8.4, 24.5956, 8.39617]},
			"faces": {
				"north": {"uv": [2.15625, 1.4375, 2.40625, 1.6875], "texture": "#0"},
				"east": {"uv": [5.5625, 5, 7.5625, 7.5], "texture": "#0"},
				"south": {"uv": [2.46875, 2.96875, 2.71875, 3.21875], "texture": "#0"},
				"west": {"uv": [7.5625, 5, 5.5625, 7.5], "texture": "#0"},
				"up": {"uv": [3.59375, 4.34375, 3.84375, 4.59375], "texture": "#0"},
				"down": {"uv": [3.34375, 5.8125, 3.59375, 6.0625], "texture": "#0"}
			}
		},
		{
			"from": [7.875, 28.67251, 7.82937],
			"to": [8.15, 28.77251, 7.92937],
			"rotation": {"angle": -45, "axis": "x", "origin": [8.375, 28.72251, 8.37937]},
			"faces": {
				"north": {"uv": [10.5, 14.96875, 10.875, 15.3125], "rotation": 180, "texture": "#0"},
				"east": {"uv": [10.59375, 15.03125, 10.71875, 15.21875], "rotation": 270, "texture": "#0"},
				"south": {"uv": [10.5, 14.9375, 10.78125, 15.1875], "texture": "#0"},
				"west": {"uv": [10.75, 14.96875, 10.53125, 15.1875], "rotation": 90, "texture": "#0"},
				"up": {"uv": [10.59375, 15.03125, 10.78125, 15.25], "rotation": 180, "texture": "#0"},
				"down": {"uv": [13, 10.25, 14.25, 11.5], "texture": "#missing"}
			}
		},
		{
			"from": [7.925, 26.7219, 5.60167],
			"to": [8.2, 26.9719, 6.55167],
			"rotation": {"angle": 22.5, "axis": "x", "origin": [8.45, 26.6219, 5.37667]},
			"faces": {
				"north": {"uv": [13.75, 9.40625, 14, 9.65625], "texture": "#0"},
				"east": {"uv": [13.78125, 9.0625, 14.5625, 9.625], "texture": "#0"},
				"south": {"uv": [1.792, 0, 2.048, 0.256], "texture": "#missing"},
				"west": {"uv": [14.40625, 9.3125, 13.65625, 9.90625], "texture": "#0"},
				"up": {"uv": [13.9375, 9.40625, 14.1875, 9.65625], "texture": "#0"},
				"down": {"uv": [13.6875, 9.59375, 13.9375, 9.84375], "texture": "#0"}
			}
		},
		{
			"from": [7.925, 26.37748, 6.48316],
			"to": [8.2, 26.62748, 7.25816],
			"rotation": {"angle": 22.5, "axis": "x", "origin": [8.45, 26.27748, 6.20816]},
			"faces": {
				"north": {"uv": [1.5, 1.25, 1.75, 1.5], "texture": "#missing"},
				"east": {"uv": [13.8125, 9.25, 14.5625, 9.8125], "texture": "#0"},
				"south": {"uv": [1.5, 1.25, 1.75, 1.5], "texture": "#missing"},
				"west": {"uv": [14.59375, 9.40625, 13.9375, 9.78125], "texture": "#0"},
				"up": {"uv": [14, 9.3125, 14.25, 9.5625], "texture": "#0"},
				"down": {"uv": [13.90625, 9.46875, 14.15625, 9.71875], "texture": "#0"}
			}
		},
		{
			"from": [7.925, 26.0809, 7.19917],
			"to": [8.2, 26.3309, 7.97417],
			"rotation": {"angle": 22.5, "axis": "x", "origin": [8.45, 25.9809, 6.92417]},
			"faces": {
				"north": {"uv": [1.5, 1.25, 1.75, 1.5], "texture": "#missing"},
				"east": {"uv": [13.9375, 9.40625, 14.5, 9.78125], "texture": "#0"},
				"south": {"uv": [1.5, 1.25, 1.75, 1.5], "texture": "#missing"},
				"west": {"uv": [14.25, 9.1875, 13.75, 9.75], "texture": "#0"},
				"up": {"uv": [14.15625, 9.34375, 14.40625, 9.59375], "texture": "#0"},
				"down": {"uv": [14.21875, 9.0625, 14.46875, 9.3125], "texture": "#0"}
			}
		},
		{
			"from": [7.925, 24.38989, 7.02487],
			"to": [8.2, 24.51489, 7.87487],
			"rotation": {"angle": -22.5, "axis": "x", "origin": [8.45, 24.6706, 6.74617]},
			"faces": {
				"north": {"uv": [2.6875, 1.46875, 2.9375, 1.71875], "texture": "#missing"},
				"east": {"uv": [13.5625, 9.3125, 15, 9.875], "texture": "#0"},
				"south": {"uv": [1.5, 1.25, 1.75, 1.5], "texture": "#missing"},
				"west": {"uv": [14.90625, 14.28125, 12.90625, 14.625], "texture": "#0"},
				"up": {"uv": [13.96875, 9.09375, 14.21875, 9.34375], "texture": "#0"},
				"down": {"uv": [13.90625, 9.4375, 14.5625, 9.875], "texture": "#0"}
			}
		},
		{
			"from": [7.925, 24.06461, 6.38957],
			"to": [8.2, 24.18961, 7.08957],
			"rotation": {"angle": -22.5, "axis": "x", "origin": [8.45, 24.34532, 5.96087]},
			"faces": {
				"north": {"uv": [1.5, 1.25, 1.75, 1.5], "texture": "#missing"},
				"east": {"uv": [13.75, 9.5, 14.8125, 9.84375], "texture": "#0"},
				"south": {"uv": [1.5, 1.25, 1.75, 1.5], "texture": "#missing"},
				"west": {"uv": [14.78125, 9.40625, 13.78125, 9.6875], "texture": "#0"},
				"up": {"uv": [13.78125, 9.25, 14.03125, 9.5], "texture": "#0"},
				"down": {"uv": [13.3125, 14.5, 14.75, 14.65625], "texture": "#0"}
			}
		},
		{
			"from": [7.925, 23.79863, 5.62743],
			"to": [8.2, 23.99863, 6.45243],
			"rotation": {"angle": -22.5, "axis": "x", "origin": [8.45, 24.05434, 5.32372]},
			"faces": {
				"north": {"uv": [13.96875, 9.25, 14.28125, 9.6875], "texture": "#0"},
				"east": {"uv": [13.78125, 9.1875, 14.71875, 9.78125], "texture": "#0"},
				"south": {"uv": [13.78125, 9.25, 14.03125, 9.5], "texture": "#0"},
				"west": {"uv": [14.71875, 9.40625, 13.5, 9.6875], "texture": "#0"},
				"up": {"uv": [15.0625, 2.65625, 15.0625, 2.65625], "texture": "#0"},
				"down": {"uv": [13.1875, 14.6875, 14.1875, 14.71875], "texture": "#0"}
			}
		},
		{
			"from": [7.925, 24.1206, 5.62117],
			"to": [8.2, 26.6706, 5.82117],
			"rotation": {"angle": 0, "axis": "y", "origin": [8.425, 24.5956, 5.64617]},
			"faces": {
				"north": {"uv": [13.90625, 9.5, 14.15625, 9.75], "texture": "#0"},
				"east": {"uv": [14.0625, 9.375, 14.4375, 9.84375], "texture": "#0"},
				"south": {"uv": [13.78125, 9.21875, 14.03125, 9.46875], "texture": "#0"},
				"west": {"uv": [14.3125, 9.09375, 13.8125, 9.65625], "texture": "#0"},
				"up": {"uv": [14.34375, 9.46875, 14.59375, 9.71875], "texture": "#0"},
				"down": {"uv": [1.5, 1.25, 1.75, 1.5], "texture": "#missing"}
			}
		},
		{
			"from": [7.875, 28.10085, 7.83322],
			"to": [8.15, 28.45085, 7.90822],
			"rotation": {"angle": -22.5, "axis": "x", "origin": [8.4, 28.88325, 8.20822]},
			"faces": {
				"north": {"uv": [10.5, 14.9375, 10.84375, 15.3125], "rotation": 180, "texture": "#0"},
				"east": {"uv": [10.59375, 15.0625, 10.59375, 15.21875], "rotation": 270, "texture": "#0"},
				"south": {"uv": [10.625, 14.875, 10.71875, 15.1875], "texture": "#0"},
				"west": {"uv": [10.71875, 15, 10.5625, 15.15625], "rotation": 90, "texture": "#0"},
				"up": {"uv": [10.65625, 15.09375, 10.65625, 15.3125], "rotation": 180, "texture": "#0"},
				"down": {"uv": [10.59375, 15, 10.6875, 15.28125], "texture": "#0"}
			}
		},
		{
			"from": [7.925, 25.81489, 8.34987],
			"to": [8.2, 25.98989, 9.19987],
			"rotation": {"angle": 0, "axis": "y", "origin": [8.45, 26.0956, 8.07117]},
			"faces": {
				"north": {"uv": [1.5, 1.25, 1.75, 1.5], "texture": "#missing"},
				"east": {"uv": [13.9375, 9.03125, 14.28125, 9.34375], "texture": "#0"},
				"south": {"uv": [1.5, 1.25, 1.75, 1.5], "texture": "#missing"},
				"west": {"uv": [14.46875, 9.125, 13.90625, 9.78125], "texture": "#0"},
				"up": {"uv": [13.78125, 9.1875, 14.03125, 9.4375], "texture": "#0"},
				"down": {"uv": [13.9375, 9.21875, 14.1875, 9.46875], "texture": "#0"}
			}
		},
		{
			"from": [7.875, 28.10085, 8.14342],
			"to": [8.15, 28.45085, 8.21842],
			"rotation": {"angle": 22.5, "axis": "x", "origin": [7.625, 28.88325, 7.84342]},
			"faces": {
				"north": {"uv": [10.53125, 15, 10.8125, 15.28125], "texture": "#0"},
				"east": {"uv": [10.5625, 15.15625, 10.5625, 15.15625], "rotation": 90, "texture": "#0"},
				"south": {"uv": [10.65625, 14.9375, 10.65625, 14.9375], "rotation": 180, "texture": "#0"},
				"west": {"uv": [10.65625, 15.1875, 10.65625, 15.1875], "rotation": 270, "texture": "#0"},
				"up": {"uv": [11.75, 10, 14.75, 13.25], "texture": "#missing"},
				"down": {"uv": [1.5, 1.25, 1.75, 1.5], "rotation": 180, "texture": "#missing"}
			}
		},
		{
			"from": [7.925, 25.91921, 9.29024],
			"to": [8.2, 26.09421, 9.91524],
			"rotation": {"angle": 22.5, "axis": "x", "origin": [8.45, 26.26921, 8.98284]},
			"faces": {
				"north": {"uv": [1.5, 1.25, 1.75, 1.5], "texture": "#missing"},
				"east": {"uv": [14.03125, 9.5625, 14.34375, 9.84375], "texture": "#0"},
				"south": {"uv": [13.9375, 9.125, 14.1875, 9.375], "texture": "#0"},
				"west": {"uv": [14.59375, 9.5, 14.25, 9.78125], "texture": "#0"},
				"up": {"uv": [14.34375, 9.65625, 14.59375, 9.90625], "texture": "#0"},
				"down": {"uv": [13.875, 9.21875, 14.125, 9.46875], "texture": "#0"}
			}
		},
		{
			"from": [7.925, 24.91489, 8.22487],
			"to": [8.2, 25.03989, 9.72487],
			"rotation": {"angle": -22.5, "axis": "x", "origin": [8.45, 25.1956, 8.04617]},
			"faces": {
				"north": {"uv": [1.5, 1.25, 1.75, 1.5], "texture": "#missing"},
				"east": {"uv": [14.0625, 9.6875, 14.40625, 9.90625], "texture": "#0"},
				"south": {"uv": [14.0625, 9.28125, 14.3125, 9.53125], "texture": "#0"},
				"west": {"uv": [13.90625, 9.34375, 13.6875, 9.78125], "texture": "#0"},
				"up": {"uv": [13.8125, 9.34375, 14.0625, 9.59375], "texture": "#0"},
				"down": {"uv": [14.5625, 9.71875, 14.8125, 9.96875], "texture": "#0"}
			}
		},
		{
			"from": [7.875, 25.9956, 7.82117],
			"to": [8.15, 28.0456, 8.22117],
			"rotation": {"angle": 0, "axis": "y", "origin": [8.375, 26.4706, 7.84617]},
			"faces": {
				"north": {"uv": [10.71875, 15, 10.71875, 15], "texture": "#0"},
				"east": {"uv": [10.59375, 15.03125, 10.625, 15.03125], "texture": "#0"},
				"south": {"uv": [10.625, 15.09375, 10.625, 15.09375], "texture": "#0"},
				"west": {"uv": [10.59375, 15.09375, 10.59375, 15.09375], "texture": "#0"},
				"up": {"uv": [10.71875, 15.03125, 10.71875, 15.15625], "texture": "#0"},
				"down": {"uv": [1.5, 1.25, 1.75, 1.5], "texture": "#missing"}
			}
		},
		{
			"from": [7.6375, -5.525, 7.6375],
			"to": [8.3625, 26.6, 8.3625],
			"rotation": {"angle": 0, "axis": "y", "origin": [14.3875, 23.6, 14.3625]},
			"faces": {
				"north": {"uv": [0, 0, 0.40625, 15.9375], "texture": "#0"},
				"east": {"uv": [0, 0.0625, 0.375, 16], "texture": "#0"},
				"south": {"uv": [0, 0.0625, 0.5, 16], "texture": "#0"},
				"west": {"uv": [0, 0.0625, 0.5, 16], "texture": "#0"},
				"up": {"uv": [0, 0.0625, 16, 16], "texture": "#0"},
				"down": {"uv": [0, 0.0625, 16, 16], "texture": "#0"}
			}
		},
		{
			"from": [7.625, -5.5544, 7.62117],
			"to": [8.375, -4.7544, 8.37117],
			"rotation": {"angle": 0, "axis": "y", "origin": [8.425, -0.1044, 7.87117]},
			"faces": {
				"north": {"uv": [1.34375, 13.0625, 4.71875, 15.9375], "texture": "#0"},
				"east": {"uv": [1.125, 13.0625, 4.59375, 15.96875], "texture": "#0"},
				"south": {"uv": [0.9375, 13.0625, 4.75, 16], "texture": "#0"},
				"west": {"uv": [0.875, 13.0625, 4.75, 15.96875], "texture": "#0"},
				"up": {"uv": [3, 13.25, 3.25, 13.5], "texture": "#0"},
				"down": {"uv": [2.5, 13.65625, 3.09375, 14.21875], "texture": "#0"}
			}
		},
		{
			"from": [7.625, 19.3956, 7.77117],
			"to": [8.375, 24.1206, 8.22117],
			"rotation": {"angle": 0, "axis": "y", "origin": [8.425, 24.1456, 7.87117]},
			"faces": {
				"north": {"uv": [1.375, 13.125, 3.28125, 15.9375], "texture": "#0"},
				"east": {"uv": [0.875, 13.09375, 4.6875, 15.9375], "texture": "#0"},
				"south": {"uv": [0.90625, 13.0625, 4.71875, 15.9375], "texture": "#0"},
				"west": {"uv": [1.15625, 13.09375, 4.65625, 16], "texture": "#0"},
				"up": {"uv": [3.75, 13.25, 4.59375, 13.90625], "texture": "#0"},
				"down": {"uv": [2.65625, 13.21875, 2.90625, 13.46875], "texture": "#0"}
			}
		},
		{
			"from": [7.625, 24.1206, 7.62117],
			"to": [8.375, 26.6706, 8.37117],
			"rotation": {"angle": 0, "axis": "y", "origin": [8.425, 24.1456, 7.87117]},
			"faces": {
				"north": {"uv": [1.375, 13.125, 3.28125, 15.9375], "texture": "#0"},
				"east": {"uv": [0.875, 13.09375, 4.6875, 15.9375], "texture": "#0"},
				"south": {"uv": [0.90625, 13.0625, 4.71875, 15.9375], "texture": "#0"},
				"west": {"uv": [1.15625, 13.09375, 4.65625, 16], "texture": "#0"},
				"up": {"uv": [3.75, 13.25, 4.59375, 13.90625], "texture": "#0"},
				"down": {"uv": [2.65625, 13.21875, 2.90625, 13.46875], "texture": "#0"}
			}
		},
		{
			"from": [7.825, 25.1456, 7.79617],
			"to": [8.2, 26.9956, 8.24617],
			"rotation": {"angle": 0, "axis": "y", "origin": [8.425, 24.1456, 7.87117]},
			"faces": {
				"north": {"uv": [1.375, 13.125, 3.28125, 15.9375], "texture": "#0"},
				"east": {"uv": [0.875, 13.09375, 4.6875, 15.9375], "texture": "#0"},
				"south": {"uv": [0.90625, 13.0625, 4.71875, 15.9375], "texture": "#0"},
				"west": {"uv": [1.15625, 13.09375, 4.65625, 16], "texture": "#0"},
				"up": {"uv": [3.75, 13.25, 4.59375, 13.90625], "texture": "#0"},
				"down": {"uv": [2.65625, 13.21875, 2.90625, 13.46875], "texture": "#0"}
			}
		},
		{
			"from": [7.6, 23.2956, 7.84617],
			"to": [8.4, 23.6706, 8.14617],
			"rotation": {"angle": 0, "axis": "y", "origin": [8.425, 24.1456, 7.87117]},
			"faces": {
				"north": {"uv": [11.9375, 5.9375, 11.9375, 5.9375], "texture": "#0"},
				"east": {"uv": [11.96875, 5.875, 11.96875, 5.9375], "texture": "#0"},
				"south": {"uv": [11.90625, 5.875, 12.03125, 6.0625], "texture": "#0"},
				"west": {"uv": [11.96875, 5.8125, 12.03125, 5.84375], "texture": "#0"},
				"up": {"uv": [11.9375, 5.96875, 11.9375, 5.96875], "texture": "#0"},
				"down": {"uv": [12, 5.875, 12, 5.875], "texture": "#0"}
			}
		},
		{
			"from": [7.6, 21.5956, 7.84617],
			"to": [8.4, 21.9706, 8.14617],
			"rotation": {"angle": 0, "axis": "y", "origin": [8.425, 24.1456, 7.87117]},
			"faces": {
				"north": {"uv": [11.9375, 5.9375, 11.9375, 5.9375], "texture": "#0"},
				"east": {"uv": [11.96875, 5.875, 11.96875, 5.9375], "texture": "#0"},
				"south": {"uv": [11.90625, 5.875, 12.03125, 6.0625], "texture": "#0"},
				"west": {"uv": [11.96875, 5.8125, 12.03125, 5.84375], "texture": "#0"},
				"up": {"uv": [11.9375, 5.96875, 11.9375, 5.96875], "texture": "#0"},
				"down": {"uv": [12, 5.875, 12, 5.875], "texture": "#0"}
			}
		},
		{
			"from": [7.6, 19.9956, 7.84617],
			"to": [8.4, 20.3706, 8.14617],
			"rotation": {"angle": 0, "axis": "y", "origin": [8.425, 24.1456, 7.87117]},
			"faces": {
				"north": {"uv": [11.9375, 5.9375, 11.9375, 5.9375], "texture": "#0"},
				"east": {"uv": [11.96875, 5.875, 11.96875, 5.9375], "texture": "#0"},
				"south": {"uv": [11.90625, 5.875, 12.03125, 6.0625], "texture": "#0"},
				"west": {"uv": [11.96875, 5.8125, 12.03125, 5.84375], "texture": "#0"},
				"up": {"uv": [11.9375, 5.96875, 11.9375, 5.96875], "texture": "#0"},
				"down": {"uv": [12, 5.875, 12, 5.875], "texture": "#0"}
			}
		},
		{
			"name": "Screen Cube",
			"from": [7.6, -0.775, 7.575],
			"to": [8.4, -0.6, 8.4],
			"rotation": {"angle": 0, "axis": "y", "origin": [8, -6.8, -7.75]},
			"faces": {
				"north": {"uv": [1.375, 13.28125, 2.175, 13.45625], "texture": "#0"},
				"east": {"uv": [2.5625, 14.21875, 3.3875, 14.39375], "texture": "#0"},
				"south": {"uv": [1.40625, 13.375, 2.20625, 13.55], "texture": "#0"},
				"west": {"uv": [1.5, 13.625, 2.325, 13.8], "texture": "#0"},
				"up": {"uv": [2.53125, 13.4375, 3.33125, 14.2625], "texture": "#0"},
				"down": {"uv": [1.375, 13.21875, 2.175, 14.04375], "texture": "#0"}
			}
		},
		{
			"name": "Screen Cube",
			"from": [7.6, 24.125, 7.575],
			"to": [8.4, 24.3, 8.4],
			"rotation": {"angle": 0, "axis": "y", "origin": [8, -6.8, -7.75]},
			"faces": {
				"north": {"uv": [1.375, 13.28125, 2.175, 13.45625], "texture": "#0"},
				"east": {"uv": [2.5625, 14.21875, 3.3875, 14.39375], "texture": "#0"},
				"south": {"uv": [1.40625, 13.375, 2.20625, 13.55], "texture": "#0"},
				"west": {"uv": [1.5, 13.625, 2.325, 13.8], "texture": "#0"},
				"up": {"uv": [2.53125, 13.4375, 3.33125, 14.2625], "texture": "#0"},
				"down": {"uv": [1.375, 13.21875, 2.175, 14.04375], "texture": "#0"}
			}
		},
		{
			"name": "Screen Cube",
			"from": [7.6, -4.875, 7.575],
			"to": [8.4, -4.7, 8.4],
			"rotation": {"angle": 0, "axis": "y", "origin": [8, -6.8, -7.75]},
			"faces": {
				"north": {"uv": [1.375, 13.28125, 2.175, 13.45625], "texture": "#0"},
				"east": {"uv": [2.5625, 14.21875, 3.3875, 14.39375], "texture": "#0"},
				"south": {"uv": [1.40625, 13.375, 2.20625, 13.55], "texture": "#0"},
				"west": {"uv": [1.5, 13.625, 2.325, 13.8], "texture": "#0"},
				"up": {"uv": [2.53125, 13.4375, 3.33125, 14.2625], "texture": "#0"},
				"down": {"uv": [1.375, 13.21875, 2.175, 14.04375], "texture": "#0"}
			}
		},
		{
			"name": "Screen Cube",
			"from": [7.6, 17.775, 7.575],
			"to": [8.4, 17.95, 8.4],
			"rotation": {"angle": 0, "axis": "y", "origin": [8, -6.8, -7.75]},
			"faces": {
				"north": {"uv": [1.375, 13.28125, 2.175, 13.45625], "texture": "#0"},
				"east": {"uv": [2.5625, 14.21875, 3.3875, 14.39375], "texture": "#0"},
				"south": {"uv": [1.40625, 13.375, 2.20625, 13.55], "texture": "#0"},
				"west": {"uv": [1.5, 13.625, 2.325, 13.8], "texture": "#0"},
				"up": {"uv": [2.53125, 13.4375, 3.33125, 14.2625], "texture": "#0"},
				"down": {"uv": [1.375, 13.21875, 2.175, 14.04375], "texture": "#0"}
			}
		}
	],
	"display": {
		"thirdperson_righthand": {
			"rotation": [76.25, 0, 0],
			"translation": [0.5, 0, 5],
			"scale": [0.92, 1.36, 1.55]
		},
		"thirdperson_lefthand": {
			"rotation": [74, -365, -1],
			"translation": [0.25, -0.25, 6.75],
			"scale": [1.39805, 1.39805, 1.39805]
		},
		"firstperson_righthand": {
			"rotation": [-88, 17, -6.25],
			"translation": [0.25, 0.25, 38],
			"scale": [1.5, 3, 1.5]
		},
		"firstperson_lefthand": {
			"rotation": [-5, 0, 0],
			"translation": [3.25, -5, 0],
			"scale": [1.5, 3, 1.5]
		},
		"ground": {
			"rotation": [0, 0, 45],
			"translation": [5.25, 5, 0],
			"scale": [0.5, 1, 0.5]
		},
		"gui": {
			"rotation": [30, 225, 67],
			"translation": [-3.25, -2.75, 0],
			"scale": [0.625, 0.75, 0.625]
		},
		"fixed": {
			"rotation": [0, 90, 0],
			"translation": [0, -13.25, 0],
			"scale": [2, 2, 2]
		}
	},
	"groups": [
		{
			"name": "Head",
			"origin": [8.4, 24.5456, 5.59617],
			"color": 0,
			"children": [0, 1, 2, 3, 4, 5, 6, 7, 8, 9, 10, 11, 12, 13, 14, 15, 16]
		},
		{
			"name": "Staff and other",
			"origin": [14.3875, 23.6, 14.3625],
			"color": 0,
			"children": [17, 18, 19, 20, 21, 22, 23, 24]
		},
		25,
		26,
		27,
		28
	]
}