{
	"credit": "Made with Blockbench",
	"textures": {
		"0": "concrete:weapons/swords/handaxe_grip",
		"1": "concrete:weapons/swords/handaxe_blade",
		"particle": "concrete:weapons/swords/handaxe_grip"
	},
	"elements": [
		{
			"from": [7.125, 0, 8.1875],
			"to": [7.8125, 12, 8.875],
			"faces": {
				"north": {"uv": [0, 0, 0.75, 12], "texture": "#0"},
				"east": {"uv": [1, 0, 1.75, 12], "texture": "#0"},
				"south": {"uv": [2, 0, 2.75, 12], "texture": "#0"},
				"west": {"uv": [3, 0, 3.75, 12], "texture": "#0"},
				"up": {"uv": [4.75, 0.75, 4, 0], "texture": "#0"},
				"down": {"uv": [4.75, 1, 4, 1.75], "texture": "#0"}
			}
		},
		{
			"from": [7.0625, 10.625, 7.9375],
			"to": [7.875, 11.625, 9.0625],
			"faces": {
				"north": {"uv": [8, 2, 8.75, 3], "texture": "#1"},
				"east": {"uv": [0, 4, 1.25, 5], "texture": "#1"},
				"south": {"uv": [3, 8, 3.75, 9], "texture": "#1"},
				"west": {"uv": [4, 0, 5.25, 1], "texture": "#1"},
				"up": {"uv": [1.75, 9.25, 1, 8], "texture": "#1"},
				"down": {"uv": [2.75, 8, 2, 9.25], "texture": "#1"}
			}
		},
		{
			"from": [7, 10.8125, 8.0625],
			"to": [7.9375, 11.4375, 9.5625],
			"faces": {
				"north": {"uv": [8, 3, 9, 3.75], "texture": "#1"},
				"east": {"uv": [4, 1, 5.5, 1.75], "texture": "#1"},
				"south": {"uv": [4, 8, 5, 8.75], "texture": "#1"},
				"west": {"uv": [2, 4, 3.5, 4.75], "texture": "#1"},
				"up": {"uv": [4, 1.5, 3, 0], "texture": "#1"},
				"down": {"uv": [4, 2, 3, 3.5], "texture": "#1"}
			}
		},
		{
			"from": [7.1875, 11.0625, 9.5625],
			"to": [7.75, 11.6875, 11.75],
			"rotation": {"angle": -22.5, "axis": "x", "origin": [7.5, 11.125, 10.3125]},
			"faces": {
				"north": {"uv": [10, 1, 10.5, 1.75], "texture": "#1"},
				"east": {"uv": [0, 0, 2.25, 0.75], "texture": "#1"},
				"south": {"uv": [2, 10, 2.5, 10.75], "texture": "#1"},
				"west": {"uv": [0, 1, 2.25, 1.75], "texture": "#1"},
				"up": {"uv": [4.5, 4.25, 4, 2], "texture": "#1"},
				"down": {"uv": [0.5, 5, 0, 7.25], "texture": "#1"}
			}
		},
		{
			"from": [7.1875, 10.60597, 9.71683],
			"to": [7.75, 11.23097, 11.84183],
			"rotation": {"angle": 22.5, "axis": "x", "origin": [7.5, 11.35597, 10.21683]},
			"faces": {
				"north": {"uv": [10, 2, 10.5, 2.75], "texture": "#1"},
				"east": {"uv": [0, 2, 2.25, 2.75], "texture": "#1"},
				"south": {"uv": [10, 3, 10.5, 3.75], "texture": "#1"},
				"west": {"uv": [0, 3, 2.25, 3.75], "texture": "#1"},
				"up": {"uv": [1.5, 7.25, 1, 5], "texture": "#1"},
				"down": {"uv": [2.5, 5, 2, 7.25], "texture": "#1"}
			}
		},
		{
			"from": [7.1875, 10.04901, 11.38159],
			"to": [7.75, 12.17401, 11.94409],
			"rotation": {"angle": 0, "axis": "x", "origin": [7.5, 10.73651, 10.56909]},
			"faces": {
				"north": {"uv": [5, 2, 5.5, 4.25], "texture": "#1"},
				"east": {"uv": [3, 5, 3.5, 7.25], "texture": "#1"},
				"south": {"uv": [4, 5, 4.5, 7.25], "texture": "#1"},
				"west": {"uv": [5, 5, 5.5, 7.25], "texture": "#1"},
				"up": {"uv": [10.5, 7.5, 10, 7], "texture": "#1"},
				"down": {"uv": [10.5, 8, 10, 8.5], "texture": "#1"}
			}
		},
		{
			"from": [7.3125, 10.04901, 11.88159],
			"to": [7.625, 12.17401, 12.25659],
			"rotation": {"angle": 0, "axis": "x", "origin": [7.5, 10.73651, 10.56909]},
			"faces": {
				"north": {"uv": [8, 8, 8.25, 10.25], "texture": "#1"},
				"east": {"uv": [6, 0, 6.5, 2.25], "texture": "#1"},
				"south": {"uv": [9, 0, 9.25, 2.25], "texture": "#1"},
				"west": {"uv": [6, 3, 6.5, 5.25], "texture": "#1"},
				"up": {"uv": [10.25, 9.5, 10, 9], "texture": "#1"},
				"down": {"uv": [10.25, 10, 10, 10.5], "texture": "#1"}
			}
		},
		{
			"from": [7.375, 10.04901, 12.25659],
			"to": [7.5625, 12.17401, 12.38159],
			"rotation": {"angle": 0, "axis": "x", "origin": [7.5, 10.73651, 10.56909]},
			"faces": {
				"north": {"uv": [3, 9, 3.25, 11.25], "texture": "#1"},
				"east": {"uv": [9, 3, 9.25, 5.25], "texture": "#1"},
				"south": {"uv": [4, 9, 4.25, 11.25], "texture": "#1"},
				"west": {"uv": [6, 9, 6.25, 11.25], "texture": "#1"},
				"up": {"uv": [11.25, 2.25, 11, 2], "texture": "#1"},
				"down": {"uv": [11.25, 3, 11, 3.25], "texture": "#1"}
			}
		},
		{
			"from": [7.71875, 10.04901, 11.78784],
			"to": [7.84375, 12.17401, 12.35034],
			"rotation": {"angle": -22.5, "axis": "y", "origin": [7.46875, 11.11151, 11.69409]},
			"faces": {
				"north": {"uv": [9, 6, 9.25, 8.25], "texture": "#1"},
				"east": {"uv": [6, 6, 6.5, 8.25], "texture": "#1"},
				"south": {"uv": [7, 9, 7.25, 11.25], "texture": "#1"},
				"west": {"uv": [7, 0, 7.5, 2.25], "texture": "#1"},
				"up": {"uv": [11.25, 0.5, 11, 0], "texture": "#1"},
				"down": {"uv": [1.25, 11, 1, 11.5], "texture": "#1"}
			}
		},
		{
			"from": [7.20351, 10.04901, 11.87606],
			"to": [7.32851, 12.17401, 12.43856],
			"rotation": {"angle": 22.5, "axis": "y", "origin": [7.32851, 11.11151, 11.96981]},
			"faces": {
				"north": {"uv": [9, 9, 9.25, 11.25], "texture": "#1"},
				"east": {"uv": [7, 3, 7.5, 5.25], "texture": "#1"},
				"south": {"uv": [0, 10, 0.25, 12.25], "texture": "#1"},
				"west": {"uv": [7, 6, 7.5, 8.25], "texture": "#1"},
				"up": {"uv": [11.25, 1.5, 11, 1], "texture": "#1"},
				"down": {"uv": [2.25, 11, 2, 11.5], "texture": "#1"}
			}
		},
		{
			"from": [7.1875, 10.36151, 10.75659],
			"to": [7.75, 11.86151, 11.38159],
			"rotation": {"angle": 0, "axis": "x", "origin": [7.5, 10.73651, 10.56909]},
			"faces": {
				"north": {"uv": [8, 4, 8.5, 5.5], "texture": "#1"},
				"east": {"uv": [0, 8, 0.75, 9.5], "texture": "#1"},
				"south": {"uv": [5, 8, 5.5, 9.5], "texture": "#1"},
				"west": {"uv": [8, 0, 8.75, 1.5], "texture": "#1"},
				"up": {"uv": [10.5, 4.75, 10, 4], "texture": "#1"},
				"down": {"uv": [5.5, 10, 5, 10.75], "texture": "#1"}
			}
		},
		{
			"from": [7.1875, 10.67401, 10.13159],
			"to": [7.75, 11.61151, 10.75659],
			"rotation": {"angle": 0, "axis": "x", "origin": [7.5, 10.73651, 10.56909]},
			"faces": {
				"north": {"uv": [10, 0, 10.5, 1], "texture": "#1"},
				"east": {"uv": [8, 6, 8.75, 7], "texture": "#1"},
				"south": {"uv": [1, 10, 1.5, 11], "texture": "#1"},
				"west": {"uv": [8, 7, 8.75, 8], "texture": "#1"},
				"up": {"uv": [10.5, 5.75, 10, 5], "texture": "#1"},
				"down": {"uv": [10.5, 6, 10, 6.75], "texture": "#1"}
			}
		}
	],
	"display": {
		"thirdperson_righthand": {
			"rotation": [0, -180, 0],
			"translation": [0, 6.5, 1.75],
			"scale": [1.09, 1.12, 1.05]
		},
		"thirdperson_lefthand": {
			"rotation": [0, -180, 0],
			"translation": [0, 6.5, 1.75],
			"scale": [1.09, 1.12, 1.05]
		},
		"firstperson_righthand": {
			"rotation": [-12, -180, 0],
			"translation": [3.25, 6.75, 0]
		},
		"firstperson_lefthand": {
			"rotation": [-12, -180, 0],
			"translation": [3.25, 6.75, 0]
		},
		"ground": {
			"rotation": [20, 0, 0],
			"translation": [0, 4.25, 0]
		},
		"gui": {
			"rotation": [90, 60, -90],
			"translation": [-1.25, 2.75, 0],
			"scale": [1.41, 1.29, 1.36]
		},
		"fixed": {
			"rotation": [90, -56.25, 90],
			"translation": [1.5, 4.5, -2],
			"scale": [1.85, 2.63, 2.52]
		}
	},
	"groups": [
		{
			"name": "grip",
			"origin": [8, 8, 8],
			"color": 0,
			"children": [0]
		},
		{
			"name": "blade",
			"origin": [8, 8, 8],
			"color": 0,
			"children": [1, 2, 3, 4, 5, 6, 7, 8, 9, 10, 11]
		}
	]
}