{
	"credit": "Made with Blockbench",
	"textures": {
		"0": "concrete:weapons/swords/katana_grip",
		"1": "concrete:weapons/swords/katana_blade",
		"particle": "concrete:weapons/swords/katana_grip"
	},
	"elements": [
		{
			"from": [8.125, 0, 7.125],
			"to": [8.875, 4, 7.875],
			"faces": {
				"north": {"uv": [6, 0, 7.5, 8], "texture": "#0"},
				"east": {"uv": [0, 8, 1.5, 16], "texture": "#0"},
				"south": {"uv": [8, 0, 9.5, 8], "texture": "#0"},
				"west": {"uv": [2, 8, 3.5, 16], "texture": "#0"},
				"up": {"uv": [11.5, 3.5, 10, 2], "texture": "#0"},
				"down": {"uv": [5.5, 10, 4, 11.5], "texture": "#0"}
			}
		},
		{
			"from": [7.1875, 4, 6.875],
			"to": [9.8125, 4.125, 8.125],
			"faces": {
				"north": {"uv": [4, 8, 9.5, 8.5], "texture": "#0"},
				"east": {"uv": [10, 4, 12.5, 4.5], "texture": "#0"},
				"south": {"uv": [10, 0, 15.5, 0.5], "texture": "#0"},
				"west": {"uv": [6, 10, 8.5, 10.5], "texture": "#0"},
				"up": {"uv": [5.5, 2.5, 0, 0], "texture": "#0"},
				"down": {"uv": [5.5, 4, 0, 6.5], "texture": "#0"}
			}
		},
		{
			"from": [8.25, 4.125, 7.375],
			"to": [8.75, 12.5, 7.625],
			"faces": {
				"north": {"uv": [0, 0, 0.5, 8.5], "texture": "#1"},
				"east": {"uv": [2, 0, 2.25, 8.5], "texture": "#1"},
				"south": {"uv": [1, 0, 1.5, 8.5], "texture": "#1"},
				"west": {"uv": [3, 0, 3.25, 8.5], "texture": "#1"},
				"up": {"uv": [6.5, 0.25, 6, 0], "texture": "#1"},
				"down": {"uv": [6.5, 1, 6, 1.25], "texture": "#1"}
			}
		},
		{
			"from": [8.625, 12.625, 7.375],
			"to": [8.6875, 13.75, 7.625],
			"rotation": {"angle": -22.5, "axis": "z", "origin": [8.125, 13.5, 7.5]},
			"faces": {
				"north": {"uv": [4, 0, 4.25, 1.25], "texture": "#1"},
				"east": {"uv": [4, 2, 4.25, 3.25], "texture": "#1"},
				"south": {"uv": [4, 4, 4.25, 5.25], "texture": "#1"},
				"west": {"uv": [5, 0, 5.25, 1.25], "texture": "#1"},
				"up": {"uv": [5.25, 6.25, 5, 6], "texture": "#1"},
				"down": {"uv": [6.25, 5, 6, 5.25], "texture": "#1"}
			}
		},
		{
			"from": [8.6875, 13.4375, 7.375],
			"to": [8.75, 13.5, 7.625],
			"faces": {
				"north": {"uv": [6, 6, 6.25, 6.25], "texture": "#1"},
				"east": {"uv": [7, 0, 7.25, 0.25], "texture": "#1"},
				"south": {"uv": [7, 1, 7.25, 1.25], "texture": "#1"},
				"west": {"uv": [7, 2, 7.25, 2.25], "texture": "#1"},
				"up": {"uv": [7.25, 3.25, 7, 3], "texture": "#1"},
				"down": {"uv": [4.25, 7, 4, 7.25], "texture": "#1"}
			}
		},
		{
			"from": [8.6875, 13.375, 7.375],
			"to": [8.75, 13.4375, 7.625],
			"faces": {
				"north": {"uv": [7, 4, 7.25, 4.25], "texture": "#1"},
				"east": {"uv": [5, 7, 5.25, 7.25], "texture": "#1"},
				"south": {"uv": [7, 5, 7.25, 5.25], "texture": "#1"},
				"west": {"uv": [6, 7, 6.25, 7.25], "texture": "#1"},
				"up": {"uv": [7.25, 6.25, 7, 6], "texture": "#1"},
				"down": {"uv": [7.25, 7, 7, 7.25], "texture": "#1"}
			}
		},
		{
			"from": [8.4375, 12.75, 7.375],
			"to": [8.5, 12.875, 7.625],
			"faces": {
				"north": {"uv": [8, 0, 8.25, 0.25], "texture": "#1"},
				"east": {"uv": [8, 1, 8.25, 1.25], "texture": "#1"},
				"south": {"uv": [8, 2, 8.25, 2.25], "texture": "#1"},
				"west": {"uv": [8, 3, 8.25, 3.25], "texture": "#1"},
				"up": {"uv": [4.25, 8.25, 4, 8], "texture": "#1"},
				"down": {"uv": [8.25, 4, 8, 4.25], "texture": "#1"}
			}
		},
		{
			"from": [8.3125, 12.5, 7.375],
			"to": [8.375, 12.625, 7.625],
			"faces": {
				"north": {"uv": [5, 8, 5.25, 8.25], "texture": "#1"},
				"east": {"uv": [8, 5, 8.25, 5.25], "texture": "#1"},
				"south": {"uv": [6, 8, 6.25, 8.25], "texture": "#1"},
				"west": {"uv": [8, 6, 8.25, 6.25], "texture": "#1"},
				"up": {"uv": [7.25, 8.25, 7, 8], "texture": "#1"},
				"down": {"uv": [8.25, 7, 8, 7.25], "texture": "#1"}
			}
		},
		{
			"from": [8.375, 12.5, 7.375],
			"to": [8.5, 12.75, 7.625],
			"faces": {
				"north": {"uv": [8, 8, 8.25, 8.25], "texture": "#1"},
				"east": {"uv": [0, 9, 0.25, 9.25], "texture": "#1"},
				"south": {"uv": [9, 0, 9.25, 0.25], "texture": "#1"},
				"west": {"uv": [1, 9, 1.25, 9.25], "texture": "#1"},
				"up": {"uv": [9.25, 1.25, 9, 1], "texture": "#1"},
				"down": {"uv": [2.25, 9, 2, 9.25], "texture": "#1"}
			}
		},
		{
			"from": [8.5625, 13.0625, 7.375],
			"to": [8.625, 13.125, 7.625],
			"faces": {
				"north": {"uv": [9, 2, 9.25, 2.25], "texture": "#1"},
				"east": {"uv": [3, 9, 3.25, 9.25], "texture": "#1"},
				"south": {"uv": [9, 3, 9.25, 3.25], "texture": "#1"},
				"west": {"uv": [4, 9, 4.25, 9.25], "texture": "#1"},
				"up": {"uv": [9.25, 4.25, 9, 4], "texture": "#1"},
				"down": {"uv": [5.25, 9, 5, 9.25], "texture": "#1"}
			}
		},
		{
			"from": [8.4375, 12.875, 7.375],
			"to": [8.5, 12.9375, 7.625],
			"faces": {
				"north": {"uv": [9, 5, 9.25, 5.25], "texture": "#1"},
				"east": {"uv": [6, 9, 6.25, 9.25], "texture": "#1"},
				"south": {"uv": [9, 6, 9.25, 6.25], "texture": "#1"},
				"west": {"uv": [7, 9, 7.25, 9.25], "texture": "#1"},
				"up": {"uv": [9.25, 7.25, 9, 7], "texture": "#1"},
				"down": {"uv": [8.25, 9, 8, 9.25], "texture": "#1"}
			}
		},
		{
			"from": [8.5625, 13.125, 7.375],
			"to": [8.625, 13.25, 7.625],
			"faces": {
				"north": {"uv": [9, 8, 9.25, 8.25], "texture": "#1"},
				"east": {"uv": [9, 9, 9.25, 9.25], "texture": "#1"},
				"south": {"uv": [0, 10, 0.25, 10.25], "texture": "#1"},
				"west": {"uv": [10, 0, 10.25, 0.25], "texture": "#1"},
				"up": {"uv": [1.25, 10.25, 1, 10], "texture": "#1"},
				"down": {"uv": [10.25, 1, 10, 1.25], "texture": "#1"}
			}
		},
		{
			"from": [8.5, 12.5, 7.375],
			"to": [8.625, 13.0625, 7.625],
			"faces": {
				"north": {"uv": [6, 2, 6.25, 2.5], "texture": "#1"},
				"east": {"uv": [6, 3, 6.25, 3.5], "texture": "#1"},
				"south": {"uv": [4, 6, 4.25, 6.5], "texture": "#1"},
				"west": {"uv": [6, 4, 6.25, 4.5], "texture": "#1"},
				"up": {"uv": [2.25, 10.25, 2, 10], "texture": "#1"},
				"down": {"uv": [10.25, 2, 10, 2.25], "texture": "#1"}
			}
		},
		{
			"from": [8.625, 12.5, 7.375],
			"to": [8.75, 13.375, 7.625],
			"faces": {
				"north": {"uv": [5, 2, 5.25, 3], "texture": "#1"},
				"east": {"uv": [5, 3, 5.25, 4], "texture": "#1"},
				"south": {"uv": [5, 4, 5.25, 5], "texture": "#1"},
				"west": {"uv": [5, 5, 5.25, 6], "texture": "#1"},
				"up": {"uv": [3.25, 10.25, 3, 10], "texture": "#1"},
				"down": {"uv": [10.25, 3, 10, 3.25], "texture": "#1"}
			}
		}
	],
	"display": {
		"thirdperson_righthand": {
			"rotation": [120.58, -87.16, 122.22],
			"translation": [0, 11.25, 0],
			"scale": [1.61, 2.36, 0.79]
		},
		"thirdperson_lefthand": {
			"rotation": [33.91, 89.32, -32.94],
			"translation": [0.75, 11.25, 0.75],
			"scale": [1.61, 2.36, 0.79]
		},
		"firstperson_righthand": {
			"rotation": [-42.86, -87.52, -26.65],
			"translation": [0, 8.5, 0],
			"scale": [1, 1.72, 1]
		},
		"firstperson_lefthand": {
			"rotation": [-3.26, 75.41, -21.75],
			"translation": [0, 8.5, 0],
			"scale": [1, 1.72, 1]
		},
		"ground": {
			"translation": [0, 13, 0],
			"scale": [1, 1.94, 1]
		},
		"gui": {
			"rotation": [0, 0, -39.5],
			"translation": [0, 1.75, 0],
			"scale": [1.32, 1.47, 1.38]
		},
		"fixed": {
			"rotation": [0, 0, 42.75],
			"translation": [-2, 2, -0.75],
			"scale": [2.16, 2.72, 2.01]
		}
	},
	"groups": [
		{
			"name": "grip",
			"origin": [8, 8, 8],
			"color": 0,
			"children": [0, 1]
		},
		{
			"name": "blade",
			"origin": [8, 8, 8],
			"color": 0,
			"children": [2, 3, 4, 5, 6, 7, 8, 9, 10, 11, 12, 13]
		}
	]
}