{
	"credit": "Made with Blockbench",
	"texture_size": [64, 64],
	"textures": {
		"0": "concrete:weapons/swords/wood_grip",
		"1": "concrete:weapons/swords/kilij_blade",
		"particle": "concrete:weapons/swords/wood_grip"
	},
	"elements": [
		{
			"from": [8.0625, 1, 7.5625],
			"to": [8.4375, 5, 8],
			"faces": {
				"north": {"uv": [0, 2, 0.5, 6], "texture": "#0"},
				"east": {"uv": [1, 2, 1.5, 6], "texture": "#0"},
				"south": {"uv": [2, 2, 2.5, 6], "texture": "#0"},
				"west": {"uv": [3, 2, 3.5, 6], "texture": "#0"},
				"up": {"uv": [8.5, 2.5, 8, 2], "texture": "#0"},
				"down": {"uv": [3.5, 8, 3, 8.5], "texture": "#0"}
			}
		},
		{
			"from": [7.5, 1, 7.5625],
			"to": [8.0625, 5, 8],
			"faces": {
				"north": {"uv": [4, 2, 4.5, 6], "texture": "#0"},
				"east": {"uv": [5, 2, 5.5, 6], "texture": "#0"},
				"south": {"uv": [0, 6, 0.5, 10], "texture": "#0"},
				"west": {"uv": [6, 0, 6.5, 4], "texture": "#0"},
				"up": {"uv": [8.5, 3.5, 8, 3], "texture": "#0"},
				"down": {"uv": [4.5, 8, 4, 8.5], "texture": "#0"}
			}
		},
		{
			"from": [5, 5, 7.4375],
			"to": [11, 5.3125, 8.125],
			"faces": {
				"north": {"uv": [1, 6, 7, 6.25], "texture": "#0"},
				"east": {"uv": [5, 8, 5.75, 8.25], "texture": "#0"},
				"south": {"uv": [6, 4, 12, 4.25], "texture": "#0"},
				"west": {"uv": [8, 5, 8.75, 5.25], "texture": "#0"},
				"up": {"uv": [6, 0.75, 0, 0], "texture": "#0"},
				"down": {"uv": [6, 1, 0, 1.75], "texture": "#0"}
			}
		},
		{
			"from": [6.5, 1, 7.5625],
			"to": [7.5, 1.8125, 8],
			"faces": {
				"north": {"uv": [6, 5, 7, 5.75], "texture": "#0"},
				"east": {"uv": [7, 6, 7.5, 6.75], "texture": "#0"},
				"south": {"uv": [7, 0, 8, 0.75], "texture": "#0"},
				"west": {"uv": [7, 7, 7.5, 7.75], "texture": "#0"},
				"up": {"uv": [4, 7.5, 3, 7], "texture": "#0"},
				"down": {"uv": [8, 3, 7, 3.5], "texture": "#0"}
			}
		},
		{
			"from": [4.3125, 4.875, 7.375],
			"to": [5, 5.5, 8.1875],
			"faces": {
				"north": {"uv": [4, 7, 5, 7.5], "texture": "#0"},
				"east": {"uv": [8, 0, 8.75, 0.5], "texture": "#0"},
				"south": {"uv": [5, 7, 6, 7.5], "texture": "#0"},
				"west": {"uv": [1, 8, 1.75, 8.5], "texture": "#0"},
				"up": {"uv": [2, 7.75, 1, 7], "texture": "#0"},
				"down": {"uv": [8, 1, 7, 1.75], "texture": "#0"}
			}
		},
		{
			"from": [11, 4.8125, 7.375],
			"to": [11.6875, 5.5, 8.1875],
			"faces": {
				"north": {"uv": [7, 5, 8, 5.5], "texture": "#0"},
				"east": {"uv": [8, 1, 8.75, 1.5], "texture": "#0"},
				"south": {"uv": [6, 7, 7, 7.5], "texture": "#0"},
				"west": {"uv": [2, 8, 2.75, 8.5], "texture": "#0"},
				"up": {"uv": [3, 7.75, 2, 7], "texture": "#0"},
				"down": {"uv": [8, 2, 7, 2.75], "texture": "#0"}
			}
		},
		{
			"from": [7.3125, 5.125, 7.5625],
			"to": [8.6875, 12.8125, 8],
			"rotation": {"angle": 0, "axis": "y", "origin": [8.5, 19.5, 7.5]},
			"faces": {
				"north": {"uv": [0, 0, 2, 7.75], "texture": "#1"},
				"east": {"uv": [7, 0, 7.5, 7.75], "texture": "#1"},
				"south": {"uv": [2, 0, 4, 7.75], "texture": "#1"},
				"west": {"uv": [4, 7, 4.5, 14.75], "texture": "#1"},
				"up": {"uv": [4, 8.5, 2, 8], "texture": "#1"},
				"down": {"uv": [10, 7, 8, 7.5], "texture": "#1"}
			}
		},
		{
			"from": [7.0457, 12.47315, 7.5625],
			"to": [7.7332, 17.72315, 8],
			"rotation": {"angle": 22.5, "axis": "z", "origin": [7.5457, 15.0669, 7.78125]},
			"faces": {
				"north": {"uv": [6, 0, 7, 5.25], "texture": "#1"},
				"east": {"uv": [8, 0, 8.5, 5.25], "texture": "#1"},
				"south": {"uv": [6, 6, 7, 11.25], "texture": "#1"},
				"west": {"uv": [1, 8, 1.5, 13.25], "texture": "#1"},
				"up": {"uv": [3, 9.5, 2, 9], "texture": "#1"},
				"down": {"uv": [10, 2, 9, 2.5], "texture": "#1"}
			}
		},
		{
			"from": [5.46379, 12.03553, 7.5625],
			"to": [6.02629, 14.59803, 8],
			"rotation": {"angle": 22.5, "axis": "z", "origin": [5.30754, 17.28553, 7.78125]},
			"faces": {
				"north": {"uv": [4, 0, 5, 7], "texture": "#1"},
				"east": {"uv": [5, 7, 5.5, 14], "texture": "#1"},
				"south": {"uv": [5, 0, 6, 7], "texture": "#1"},
				"west": {"uv": [0, 8, 0.5, 15], "texture": "#1"},
				"up": {"uv": [4, 9.5, 3, 9], "texture": "#1"},
				"down": {"uv": [10, 3, 9, 3.5], "texture": "#1"}
			}
		},
		{
			"from": [5.08879, 14.59803, 7.5625],
			"to": [6.02629, 17.97303, 8],
			"rotation": {"angle": 22.5, "axis": "z", "origin": [5.30754, 17.28553, 7.78125]},
			"faces": {
				"north": {"uv": [4, 0, 5, 7], "texture": "#1"},
				"east": {"uv": [5, 7, 5.5, 14], "texture": "#1"},
				"south": {"uv": [5, 0, 6, 7], "texture": "#1"},
				"west": {"uv": [0, 8, 0.5, 15], "texture": "#1"},
				"up": {"uv": [4, 9.5, 3, 9], "texture": "#1"},
				"down": {"uv": [10, 3, 9, 3.5], "texture": "#1"}
			}
		},
		{
			"from": [5.08879, 17.97303, 7.5625],
			"to": [5.83879, 18.22303, 8],
			"rotation": {"angle": 22.5, "axis": "z", "origin": [5.30754, 17.28553, 7.78125]},
			"faces": {
				"north": {"uv": [10, 3, 10.75, 3.25], "texture": "#1"},
				"east": {"uv": [10, 7, 10.5, 7.25], "texture": "#1"},
				"south": {"uv": [10, 4, 10.75, 4.25], "texture": "#1"},
				"west": {"uv": [8, 10, 8.5, 10.25], "texture": "#1"},
				"up": {"uv": [9.75, 4.5, 9, 4], "texture": "#1"},
				"down": {"uv": [9.75, 5, 9, 5.5], "texture": "#1"}
			}
		},
		{
			"from": [6.02629, 17.03553, 7.5625],
			"to": [6.71379, 17.22303, 8],
			"rotation": {"angle": 22.5, "axis": "z", "origin": [5.30754, 17.28553, 7.78125]},
			"faces": {
				"north": {"uv": [10, 5, 10.75, 5.25], "texture": "#1"},
				"east": {"uv": [10, 8, 10.5, 8.25], "texture": "#1"},
				"south": {"uv": [7, 10, 7.75, 10.25], "texture": "#1"},
				"west": {"uv": [9, 10, 9.5, 10.25], "texture": "#1"},
				"up": {"uv": [7.75, 9.5, 7, 9], "texture": "#1"},
				"down": {"uv": [8.75, 9, 8, 9.5], "texture": "#1"}
			}
		},
		{
			"from": [6.02629, 17.22303, 7.5625],
			"to": [6.52629, 17.53553, 8],
			"rotation": {"angle": 22.5, "axis": "z", "origin": [5.30754, 17.28553, 7.78125]},
			"faces": {
				"north": {"uv": [10, 9, 10.5, 9.25], "texture": "#1"},
				"east": {"uv": [10, 10, 10.5, 10.25], "texture": "#1"},
				"south": {"uv": [2, 11, 2.5, 11.25], "texture": "#1"},
				"west": {"uv": [11, 2, 11.5, 2.25], "texture": "#1"},
				"up": {"uv": [9.5, 9.5, 9, 9], "texture": "#1"},
				"down": {"uv": [2.5, 10, 2, 10.5], "texture": "#1"}
			}
		},
		{
			"from": [6.02629, 17.53553, 7.5625],
			"to": [6.27629, 17.78553, 8],
			"rotation": {"angle": 22.5, "axis": "z", "origin": [5.30754, 17.28553, 7.78125]},
			"faces": {
				"north": {"uv": [13, 7, 13.25, 7.25], "texture": "#1"},
				"east": {"uv": [3, 11, 3.5, 11.25], "texture": "#1"},
				"south": {"uv": [8, 13, 8.25, 13.25], "texture": "#1"},
				"west": {"uv": [11, 3, 11.5, 3.25], "texture": "#1"},
				"up": {"uv": [11.25, 4.5, 11, 4], "texture": "#1"},
				"down": {"uv": [11.25, 5, 11, 5.5], "texture": "#1"}
			}
		},
		{
			"from": [5.08879, 18.22303, 7.5625],
			"to": [5.58879, 18.47303, 8],
			"rotation": {"angle": 22.5, "axis": "z", "origin": [5.30754, 17.28553, 7.78125]},
			"faces": {
				"north": {"uv": [11, 6, 11.5, 6.25], "texture": "#1"},
				"east": {"uv": [7, 11, 7.5, 11.25], "texture": "#1"},
				"south": {"uv": [11, 7, 11.5, 7.25], "texture": "#1"},
				"west": {"uv": [8, 11, 8.5, 11.25], "texture": "#1"},
				"up": {"uv": [10.5, 2.5, 10, 2], "texture": "#1"},
				"down": {"uv": [3.5, 10, 3, 10.5], "texture": "#1"}
			}
		},
		{
			"from": [5.58879, 18.22303, 7.5625],
			"to": [5.65129, 18.28553, 8],
			"rotation": {"angle": 22.5, "axis": "z", "origin": [5.30754, 17.28553, 7.78125]},
			"faces": {
				"north": {"uv": [13, 8, 13.25, 8.25], "texture": "#1"},
				"east": {"uv": [11, 8, 11.5, 8.25], "texture": "#1"},
				"south": {"uv": [9, 13, 9.25, 13.25], "texture": "#1"},
				"west": {"uv": [9, 11, 9.5, 11.25], "texture": "#1"},
				"up": {"uv": [11.25, 9.5, 11, 9], "texture": "#1"},
				"down": {"uv": [10.25, 11, 10, 11.5], "texture": "#1"}
			}
		},
		{
			"from": [5.33879, 18.47303, 7.5625],
			"to": [5.40129, 18.53553, 8],
			"rotation": {"angle": 22.5, "axis": "z", "origin": [5.30754, 17.28553, 7.78125]},
			"faces": {
				"north": {"uv": [13, 9, 13.25, 9.25], "texture": "#1"},
				"east": {"uv": [11, 10, 11.5, 10.25], "texture": "#1"},
				"south": {"uv": [10, 13, 10.25, 13.25], "texture": "#1"},
				"west": {"uv": [11, 11, 11.5, 11.25], "texture": "#1"},
				"up": {"uv": [12.25, 0.5, 12, 0], "texture": "#1"},
				"down": {"uv": [12.25, 1, 12, 1.5], "texture": "#1"}
			}
		},
		{
			"from": [5.83879, 17.97303, 7.5625],
			"to": [5.90129, 18.03553, 8],
			"rotation": {"angle": 22.5, "axis": "z", "origin": [5.30754, 17.28553, 7.78125]},
			"faces": {
				"north": {"uv": [13, 10, 13.25, 10.25], "texture": "#1"},
				"east": {"uv": [2, 12, 2.5, 12.25], "texture": "#1"},
				"south": {"uv": [11, 13, 11.25, 13.25], "texture": "#1"},
				"west": {"uv": [12, 2, 12.5, 2.25], "texture": "#1"},
				"up": {"uv": [3.25, 12.5, 3, 12], "texture": "#1"},
				"down": {"uv": [12.25, 3, 12, 3.5], "texture": "#1"}
			}
		},
		{
			"from": [6.02629, 17.78553, 7.5625],
			"to": [6.08879, 17.84803, 8],
			"rotation": {"angle": 22.5, "axis": "z", "origin": [5.30754, 17.28553, 7.78125]},
			"faces": {
				"north": {"uv": [13, 11, 13.25, 11.25], "texture": "#1"},
				"east": {"uv": [12, 4, 12.5, 4.25], "texture": "#1"},
				"south": {"uv": [12, 13, 12.25, 13.25], "texture": "#1"},
				"west": {"uv": [12, 5, 12.5, 5.25], "texture": "#1"},
				"up": {"uv": [6.25, 12.5, 6, 12], "texture": "#1"},
				"down": {"uv": [12.25, 6, 12, 6.5], "texture": "#1"}
			}
		},
		{
			"from": [6.27629, 17.53553, 7.5625],
			"to": [6.33879, 17.59803, 8],
			"rotation": {"angle": 22.5, "axis": "z", "origin": [5.30754, 17.28553, 7.78125]},
			"faces": {
				"north": {"uv": [13, 12, 13.25, 12.25], "texture": "#1"},
				"east": {"uv": [7, 12, 7.5, 12.25], "texture": "#1"},
				"south": {"uv": [13, 13, 13.25, 13.25], "texture": "#1"},
				"west": {"uv": [12, 7, 12.5, 7.25], "texture": "#1"},
				"up": {"uv": [8.25, 12.5, 8, 12], "texture": "#1"},
				"down": {"uv": [12.25, 8, 12, 8.5], "texture": "#1"}
			}
		},
		{
			"from": [6.52629, 17.22303, 7.5625],
			"to": [6.71379, 17.34803, 8],
			"rotation": {"angle": 22.5, "axis": "z", "origin": [5.30754, 17.28553, 7.78125]},
			"faces": {
				"north": {"uv": [14, 0, 14.25, 0.25], "texture": "#1"},
				"east": {"uv": [9, 12, 9.5, 12.25], "texture": "#1"},
				"south": {"uv": [1, 14, 1.25, 14.25], "texture": "#1"},
				"west": {"uv": [12, 9, 12.5, 9.25], "texture": "#1"},
				"up": {"uv": [10.25, 12.5, 10, 12], "texture": "#1"},
				"down": {"uv": [12.25, 10, 12, 10.5], "texture": "#1"}
			}
		},
		{
			"from": [5.08879, 18.47303, 7.5625],
			"to": [5.33879, 18.72303, 8],
			"rotation": {"angle": 22.5, "axis": "z", "origin": [5.30754, 17.28553, 7.78125]},
			"faces": {
				"north": {"uv": [14, 2, 14.25, 2.25], "texture": "#1"},
				"east": {"uv": [13, 1, 13.5, 1.25], "texture": "#1"},
				"south": {"uv": [3, 14, 3.25, 14.25], "texture": "#1"},
				"west": {"uv": [2, 13, 2.5, 13.25], "texture": "#1"},
				"up": {"uv": [13.25, 2.5, 13, 2], "texture": "#1"},
				"down": {"uv": [3.25, 13, 3, 13.5], "texture": "#1"}
			}
		},
		{
			"from": [5.08879, 18.72303, 7.5625],
			"to": [5.15129, 18.91053, 8],
			"rotation": {"angle": 22.5, "axis": "z", "origin": [5.30754, 17.28553, 7.78125]},
			"faces": {
				"north": {"uv": [14, 3, 14.25, 3.25], "texture": "#1"},
				"east": {"uv": [13, 3, 13.5, 3.25], "texture": "#1"},
				"south": {"uv": [14, 4, 14.25, 4.25], "texture": "#1"},
				"west": {"uv": [13, 4, 13.5, 4.25], "texture": "#1"},
				"up": {"uv": [13.25, 5.5, 13, 5], "texture": "#1"},
				"down": {"uv": [6.25, 13, 6, 13.5], "texture": "#1"}
			}
		},
		{
			"from": [4.66051, 17.87456, 7.5625],
			"to": [6.84801, 17.99956, 8],
			"rotation": {"angle": -22.5, "axis": "z", "origin": [6.41051, 18.59331, 7.78125]},
			"faces": {
				"north": {"uv": [9, 0, 11.75, 0.25], "texture": "#1"},
				"east": {"uv": [13, 6, 13.5, 6.25], "texture": "#1"},
				"south": {"uv": [9, 1, 11.75, 1.25], "texture": "#1"},
				"west": {"uv": [7, 13, 7.5, 13.25], "texture": "#1"},
				"up": {"uv": [10.75, 6.5, 8, 6], "texture": "#1"},
				"down": {"uv": [9.75, 8, 7, 8.5], "texture": "#1"}
			}
		}
	],
	"display": {
		"thirdperson_righthand": {
			"rotation": [-155.34, 88.51, 159.95],
			"translation": [0.75, 6.25, 1.75],
			"scale": [1, 1.87, 1]
		},
		"thirdperson_lefthand": {
			"rotation": [-29.23, -88.73, -31.09],
			"translation": [0.75, 6.25, 1.75],
			"scale": [1, 1.87, 1]
		},
		"firstperson_righthand": {
			"rotation": [-17.75, 86, 0],
			"translation": [1.75, 4.5, 0],
			"scale": [0.74, 1.14, 0.79]
		},
		"firstperson_lefthand": {
			"rotation": [153.7, -77.98, 168.05],
			"translation": [1.75, 4.5, 0],
			"scale": [0.74, 1.14, 0.79]
		},
		"ground": {
			"rotation": [7.85, -3.29, -28.59],
			"translation": [0, 6, 0],
			"scale": [1, 1.41, 1]
		},
		"gui": {
			"rotation": [0, 0, -48],
			"translation": [0, -2.5, 0.75],
			"scale": [0.89, 1.14, 0.87]
		},
		"head": {
			"translation": [0, -5, 0]
		},
		"fixed": {
			"rotation": [0, -180, -42],
			"translation": [1.5, -3.25, -2.25],
			"scale": [1.52, 2.16, 1.54]
		}
	},
	"groups": [
		{
			"name": "Grip",
			"origin": [8, 8, 8],
			"color": 0,
			"children": [0, 1, 2, 3, 4, 5]
		},
		{
			"name": "Blade",
			"origin": [0, 0, 0],
			"color": 0,
			"children": [6, 7, 8, 9, 10, 11, 12, 13, 14, 15, 16, 17, 18, 19, 20, 21, 22, 23]
		}
	]
}