{
	"credit": "Made with Blockbench",
	"textures": {
		"3": "concrete:weapons/swords/sword_tip_steel",
		"4": "concrete:weapons/swords/knightblade",
		"particle": "concrete:weapons/swords/sword_tip_steel"
	},
	"elements": [
		{
			"from": [7.175, 6.25, 7.875],
			"to": [8.425, 20.105, 8.125],
			"rotation": {"angle": 0, "axis": "y", "origin": [8, 25.775, 8.025]},
			"faces": {
				"north": {"uv": [16, 16, 13.5, 2.5], "rotation": 180, "texture": "#4"},
				"east": {"uv": [13.5, 16, 14, 2.5], "rotation": 180, "texture": "#4"},
				"south": {"uv": [13.5, 16, 16, 2.5], "rotation": 180, "texture": "#4"},
				"west": {"uv": [15.5, 16, 16, 2.5], "rotation": 180, "texture": "#4"},
				"up": {"uv": [9.5, 13.25, 10.25, 13.75], "texture": "#3"},
				"down": {"uv": [11, 15.5, 13.5, 16], "texture": "#4"}
			}
		},
		{
			"from": [6.86246, 5.78634, 7.63],
			"to": [8.7156, 6.325, 8.32],
			"rotation": {"angle": 0, "axis": "y", "origin": [8.1779, 5.80204, 7.9]},
			"faces": {
				"north": {"uv": [3.5, 11.5, 5.5, 13.5], "rotation": 270, "texture": "#4"},
				"east": {"uv": [3.5, 11.5, 5, 13], "texture": "#4"},
				"south": {"uv": [3.5, 11.5, 4.5, 12.5], "rotation": 270, "texture": "#4"},
				"west": {"uv": [3.5, 11.5, 4.5, 12.5], "texture": "#4"},
				"up": {"uv": [3.5, 11.5, 4.5, 12.5], "texture": "#4"},
				"down": {"uv": [3.5, 11.5, 4.5, 12.5], "rotation": 270, "texture": "#4"}
			}
		},
		{
			"from": [7.38746, 5.88634, 6.255],
			"to": [8.1406, 6.325, 6.645],
			"rotation": {"angle": 0, "axis": "y", "origin": [8.3779, 5.80204, 8.375]},
			"faces": {
				"north": {"uv": [3.5, 11.5, 5.5, 13.5], "rotation": 270, "texture": "#4"},
				"east": {"uv": [3.5, 11.5, 5, 13], "texture": "#4"},
				"south": {"uv": [3.5, 11.5, 4.5, 12.5], "rotation": 270, "texture": "#4"},
				"west": {"uv": [3.5, 11.5, 4.5, 12.5], "texture": "#4"},
				"up": {"uv": [3.5, 11.5, 4.5, 12.5], "texture": "#4"},
				"down": {"uv": [3.5, 11.5, 4.5, 12.5], "rotation": 270, "texture": "#4"}
			}
		},
		{
			"from": [7.06246, 5.33634, 7.605],
			"to": [8.5156, 5.775, 8.245],
			"rotation": {"angle": 0, "axis": "y", "origin": [8.3779, 5.80204, 8.375]},
			"faces": {
				"north": {"uv": [3.5, 11.5, 5.5, 13.5], "rotation": 270, "texture": "#4"},
				"east": {"uv": [3.5, 11.5, 5, 13], "texture": "#4"},
				"south": {"uv": [3.5, 11.5, 4.5, 12.5], "rotation": 270, "texture": "#4"},
				"west": {"uv": [3.5, 11.5, 4.5, 12.5], "texture": "#4"},
				"up": {"uv": [3.5, 11.5, 4.5, 12.5], "texture": "#4"},
				"down": {"uv": [3.5, 11.5, 4.5, 12.5], "rotation": 270, "texture": "#4"}
			}
		},
		{
			"from": [7.13746, 1.27268, 7.605],
			"to": [8.4156, 1.48634, 8.245],
			"rotation": {"angle": 0, "axis": "y", "origin": [8.3779, 5.76338, 8.375]},
			"faces": {
				"north": {"uv": [3.5, 11.5, 5.5, 13.5], "rotation": 270, "texture": "#4"},
				"east": {"uv": [3.5, 11.5, 5, 13], "texture": "#4"},
				"south": {"uv": [3.5, 11.5, 4.5, 12.5], "rotation": 270, "texture": "#4"},
				"west": {"uv": [3.5, 11.5, 4.5, 12.5], "texture": "#4"},
				"up": {"uv": [3.5, 11.5, 4.5, 12.5], "texture": "#4"},
				"down": {"uv": [3.5, 11.5, 4.5, 12.5], "rotation": 270, "texture": "#4"}
			}
		},
		{
			"from": [7.06246, 1.48634, 7.605],
			"to": [8.5156, 1.925, 8.245],
			"rotation": {"angle": 0, "axis": "y", "origin": [8.3779, 5.80204, 8.375]},
			"faces": {
				"north": {"uv": [3.5, 11.5, 5.5, 13.5], "rotation": 270, "texture": "#4"},
				"east": {"uv": [3.5, 11.5, 5, 13], "texture": "#4"},
				"south": {"uv": [3.5, 11.5, 4.5, 12.5], "rotation": 270, "texture": "#4"},
				"west": {"uv": [3.5, 11.5, 4.5, 12.5], "texture": "#4"},
				"up": {"uv": [3.5, 11.5, 4.5, 12.5], "texture": "#4"},
				"down": {"uv": [3.5, 11.5, 4.5, 12.5], "rotation": 270, "texture": "#4"}
			}
		},
		{
			"from": [7.21246, 1.48634, 7.63],
			"to": [8.3406, 5.4, 8.195],
			"rotation": {"angle": 0, "axis": "y", "origin": [8.3779, 5.80204, 8.375]},
			"faces": {
				"north": {"uv": [2, 9.5, 3.5, 14.5], "rotation": 270, "texture": "#4"},
				"east": {"uv": [2, 9.5, 3.5, 14.5], "rotation": 270, "texture": "#4"},
				"south": {"uv": [2, 9.5, 3.5, 14.5], "rotation": 270, "texture": "#4"},
				"west": {"uv": [2, 9.5, 3.5, 14.5], "rotation": 270, "texture": "#4"},
				"up": {"uv": [2, 9.5, 3.5, 14.5], "rotation": 270, "texture": "#4"},
				"down": {"uv": [2, 9.5, 3.5, 14.5], "rotation": 270, "texture": "#4"}
			}
		},
		{
			"from": [7.33746, 5.88634, 6.505],
			"to": [8.0906, 6.325, 6.895],
			"rotation": {"angle": -22.5, "axis": "y", "origin": [8.3779, 5.80204, 8.375]},
			"faces": {
				"north": {"uv": [3.5, 11.5, 5.5, 13.5], "rotation": 270, "texture": "#4"},
				"east": {"uv": [3.5, 11.5, 5, 13], "texture": "#4"},
				"south": {"uv": [3.5, 11.5, 4.5, 12.5], "rotation": 270, "texture": "#4"},
				"west": {"uv": [3.5, 11.5, 4.5, 12.5], "texture": "#4"},
				"up": {"uv": [3.5, 11.5, 4.5, 12.5], "texture": "#4"},
				"down": {"uv": [3.5, 11.5, 4.5, 12.5], "rotation": 270, "texture": "#4"}
			}
		},
		{
			"from": [7.66246, 5.88634, 6.055],
			"to": [8.3156, 6.325, 6.42],
			"rotation": {"angle": 22.5, "axis": "y", "origin": [8.3779, 5.80204, 8.375]},
			"faces": {
				"north": {"uv": [3.5, 11.5, 5.5, 13.5], "rotation": 270, "texture": "#4"},
				"east": {"uv": [3.5, 11.5, 5, 13], "texture": "#4"},
				"south": {"uv": [3.5, 11.5, 4.5, 12.5], "rotation": 270, "texture": "#4"},
				"west": {"uv": [3.5, 11.5, 4.5, 12.5], "texture": "#4"},
				"up": {"uv": [3.5, 11.5, 4.5, 12.5], "texture": "#4"},
				"down": {"uv": [3.5, 11.5, 4.5, 12.5], "rotation": 270, "texture": "#4"}
			}
		},
		{
			"from": [10.04005, 6.40873, 7.63],
			"to": [11.19319, 6.87239, 8.32],
			"rotation": {"angle": 0, "axis": "y", "origin": [10.65549, 3.47443, 7.9]},
			"faces": {
				"north": {"uv": [3.5, 11.5, 5.5, 13.5], "rotation": 270, "texture": "#4"},
				"east": {"uv": [3.5, 11.5, 5, 13], "texture": "#4"},
				"south": {"uv": [3.5, 11.5, 4.5, 12.5], "rotation": 270, "texture": "#4"},
				"west": {"uv": [3.5, 11.5, 4.5, 12.5], "texture": "#4"},
				"up": {"uv": [3.5, 11.5, 4.5, 12.5], "texture": "#4"},
				"down": {"uv": [3.5, 11.5, 4.5, 12.5], "rotation": 270, "texture": "#4"}
			}
		},
		{
			"from": [4.46985, 6.36978, 7.63],
			"to": [5.62299, 6.83344, 8.32],
			"rotation": {"angle": 0, "axis": "y", "origin": [5.08529, 4.58548, 7.9]},
			"faces": {
				"north": {"uv": [3.5, 11.5, 5.5, 13.5], "rotation": 270, "texture": "#4"},
				"east": {"uv": [3.5, 11.5, 5, 13], "texture": "#4"},
				"south": {"uv": [3.5, 11.5, 4.5, 12.5], "rotation": 270, "texture": "#4"},
				"west": {"uv": [3.5, 11.5, 4.5, 12.5], "texture": "#4"},
				"up": {"uv": [3.5, 11.5, 4.5, 12.5], "texture": "#4"},
				"down": {"uv": [3.5, 11.5, 4.5, 12.5], "rotation": 270, "texture": "#4"}
			}
		},
		{
			"from": [6.84485, 5.86978, 6.505],
			"to": [7.32299, 6.30844, 7.87],
			"rotation": {"angle": 0, "axis": "y", "origin": [5.08529, 4.58548, 7.9]},
			"faces": {
				"north": {"uv": [3.5, 11.5, 5.5, 13.5], "rotation": 270, "texture": "#4"},
				"east": {"uv": [3.5, 11.5, 5, 13], "texture": "#4"},
				"south": {"uv": [3.5, 11.5, 4.5, 12.5], "rotation": 270, "texture": "#4"},
				"west": {"uv": [3.5, 11.5, 4.5, 12.5], "texture": "#4"},
				"up": {"uv": [3.5, 11.5, 4.5, 12.5], "texture": "#4"},
				"down": {"uv": [3.5, 11.5, 4.5, 12.5], "rotation": 270, "texture": "#4"}
			}
		},
		{
			"from": [8.34485, 5.86978, 6.555],
			"to": [8.82299, 6.30844, 7.87],
			"rotation": {"angle": 0, "axis": "y", "origin": [5.08529, 4.58548, 7.9]},
			"faces": {
				"north": {"uv": [3.5, 11.5, 5.5, 13.5], "rotation": 270, "texture": "#4"},
				"east": {"uv": [3.5, 11.5, 5, 13], "texture": "#4"},
				"south": {"uv": [3.5, 11.5, 4.5, 12.5], "rotation": 270, "texture": "#4"},
				"west": {"uv": [3.5, 11.5, 4.5, 12.5], "texture": "#4"},
				"up": {"uv": [3.5, 11.5, 4.5, 12.5], "texture": "#4"},
				"down": {"uv": [3.5, 11.5, 4.5, 12.5], "rotation": 270, "texture": "#4"}
			}
		},
		{
			"from": [7.49485, 5.79478, 7.605],
			"to": [8.02299, 6.35844, 8.345],
			"rotation": {"angle": 0, "axis": "y", "origin": [5.08529, 4.58548, 7.9]},
			"faces": {
				"north": {"uv": [3.5, 9.5, 5.5, 11.5], "rotation": 270, "texture": "#4"},
				"east": {"uv": [3.5, 9.5, 5.5, 11.5], "rotation": 270, "texture": "#4"},
				"south": {"uv": [3.5, 9.5, 5.5, 11.5], "rotation": 270, "texture": "#4"},
				"west": {"uv": [3.5, 9.5, 5.5, 11.5], "rotation": 270, "texture": "#4"},
				"up": {"uv": [3.5, 9.5, 5.5, 11.5], "rotation": 270, "texture": "#4"},
				"down": {"uv": [3.5, 9.5, 5.5, 11.5], "rotation": 270, "texture": "#4"}
			}
		},
		{
			"from": [4.54485, 6.31978, 7.605],
			"to": [4.89799, 6.88344, 8.345],
			"rotation": {"angle": -22.5, "axis": "z", "origin": [5.08529, 4.58548, 7.9]},
			"faces": {
				"north": {"uv": [3.5, 9.5, 5.5, 11.5], "rotation": 270, "texture": "#4"},
				"east": {"uv": [3.5, 9.5, 5.5, 11.5], "rotation": 270, "texture": "#4"},
				"south": {"uv": [3.5, 9.5, 5.5, 11.5], "rotation": 270, "texture": "#4"},
				"west": {"uv": [3.5, 9.5, 5.5, 11.5], "rotation": 270, "texture": "#4"},
				"up": {"uv": [3.5, 9.5, 5.5, 11.5], "rotation": 270, "texture": "#4"},
				"down": {"uv": [3.5, 9.5, 5.5, 11.5], "rotation": 270, "texture": "#4"}
			}
		},
		{
			"from": [10.81985, 6.31978, 7.605],
			"to": [11.34799, 6.88344, 8.345],
			"rotation": {"angle": 0, "axis": "y", "origin": [5.08529, 4.58548, 7.9]},
			"faces": {
				"north": {"uv": [3.5, 9.5, 5.5, 11.5], "rotation": 270, "texture": "#4"},
				"east": {"uv": [3.5, 9.5, 5.5, 11.5], "rotation": 270, "texture": "#4"},
				"south": {"uv": [3.5, 9.5, 5.5, 11.5], "rotation": 270, "texture": "#4"},
				"west": {"uv": [3.5, 9.5, 5.5, 11.5], "rotation": 270, "texture": "#4"},
				"up": {"uv": [3.5, 9.5, 5.5, 11.5], "rotation": 270, "texture": "#4"},
				"down": {"uv": [3.5, 9.5, 5.5, 11.5], "rotation": 270, "texture": "#4"}
			}
		},
		{
			"from": [3.94485, 6.31978, 7.605],
			"to": [4.47299, 6.88344, 8.345],
			"rotation": {"angle": 0, "axis": "y", "origin": [5.08529, 4.58548, 7.9]},
			"faces": {
				"north": {"uv": [3.5, 9.5, 5.5, 11.5], "rotation": 270, "texture": "#4"},
				"east": {"uv": [3.5, 9.5, 5.5, 11.5], "rotation": 270, "texture": "#4"},
				"south": {"uv": [3.5, 9.5, 5.5, 11.5], "rotation": 270, "texture": "#4"},
				"west": {"uv": [3.5, 9.5, 5.5, 11.5], "rotation": 270, "texture": "#4"},
				"up": {"uv": [3.5, 9.5, 5.5, 11.5], "rotation": 270, "texture": "#4"},
				"down": {"uv": [3.5, 9.5, 5.5, 11.5], "rotation": 270, "texture": "#4"}
			}
		},
		{
			"from": [10.31985, 4.26978, 7.605],
			"to": [10.59799, 4.83344, 8.345],
			"rotation": {"angle": 22.5, "axis": "z", "origin": [5.08529, 4.58548, 7.9]},
			"faces": {
				"north": {"uv": [3.5, 9.5, 5.5, 11.5], "texture": "#4"},
				"east": {"uv": [3.5, 9.5, 5.5, 11.5], "texture": "#4"},
				"south": {"uv": [3.5, 9.5, 5.5, 11.5], "texture": "#4"},
				"west": {"uv": [3.5, 9.5, 5.5, 11.5], "texture": "#4"},
				"up": {"uv": [3.5, 9.5, 5.5, 11.5], "texture": "#4"},
				"down": {"uv": [3.5, 9.5, 5.5, 11.5], "texture": "#4"}
			}
		},
		{
			"from": [5.30539, 5.98262, 7.63],
			"to": [6.88353, 6.47128, 8.318],
			"rotation": {"angle": -22.5, "axis": "z", "origin": [6.37453, 5.85403, 11.875]},
			"faces": {
				"north": {"uv": [3.5, 11.5, 5.5, 13.5], "rotation": 270, "texture": "#4"},
				"east": {"uv": [3.5, 11.5, 4.5, 12.5], "texture": "#4"},
				"south": {"uv": [3.5, 11.5, 4.5, 12.5], "rotation": 270, "texture": "#4"},
				"west": {"uv": [3.5, 11.5, 4.5, 12.5], "texture": "#4"},
				"up": {"uv": [3.5, 11.5, 4.5, 12.5], "texture": "#4"},
				"down": {"uv": [3.5, 11.5, 4.5, 12.5], "rotation": 270, "texture": "#4"}
			}
		},
		{
			"from": [8.55909, 6.33833, 7.63],
			"to": [10.23723, 6.82699, 8.318],
			"rotation": {"angle": 22.5, "axis": "z", "origin": [10.02453, 6.35403, 11.875]},
			"faces": {
				"north": {"uv": [3.5, 11.5, 5, 13], "rotation": 270, "texture": "#4"},
				"east": {"uv": [3.5, 11.5, 4.5, 12.5], "texture": "#4"},
				"south": {"uv": [3.5, 11.5, 4.5, 12.5], "rotation": 270, "texture": "#4"},
				"west": {"uv": [3.5, 11.5, 4.5, 12.5], "texture": "#4"},
				"up": {"uv": [3.5, 11.5, 4.5, 12.5], "texture": "#4"},
				"down": {"uv": [3.5, 11.5, 5, 13], "rotation": 270, "texture": "#4"}
			}
		},
		{
			"from": [7.175, 20.075, 7.875],
			"to": [8.425, 22.8, 8.125],
			"rotation": {"angle": 0, "axis": "y", "origin": [14.975, 30.8, 15.25]},
			"faces": {
				"north": {"uv": [9, 2.75, 16, 13.75], "texture": "#3"},
				"east": {"uv": [9.75, 2.25, 10, 5], "texture": "#3"},
				"south": {"uv": [0, 2.75, 7, 13.75], "texture": "#3"},
				"west": {"uv": [9.5, 4, 10.25, 4.75], "texture": "#4"},
				"up": {"uv": [13.5, 0, 15, 1], "texture": "#4"},
				"down": {"uv": [0, 0, 1.575, 0.25], "texture": "#missing"}
			}
		},
		{
			"from": [3.725, 21.775, 7.875],
			"to": [3.825, 23.3, 8.125],
			"rotation": {"angle": 22.5, "axis": "z", "origin": [10.375, 32.5, 15.25]},
			"faces": {
				"north": {"uv": [9.5, 13.25, 9.75, 13.75], "texture": "#3"},
				"east": {"uv": [9.25, 13.5, 10, 13.75], "texture": "#3"},
				"south": {"uv": [9.25, 13.25, 10.25, 13.75], "texture": "#3"},
				"west": {"uv": [9.75, 12.75, 10.25, 13.75], "texture": "#3"},
				"up": {"uv": [9.25, 13.5, 9.75, 13.75], "texture": "#3"},
				"down": {"uv": [0, 0, 1.575, 0.25], "texture": "#missing"}
			}
		},
		{
			"from": [10.775, 16.725, 7.875],
			"to": [10.875, 18.225, 8.125],
			"rotation": {"angle": -22.5, "axis": "z", "origin": [17.425, 27.425, 15.25]},
			"faces": {
				"north": {"uv": [9.25, 13.25, 10, 13.75], "texture": "#3"},
				"east": {"uv": [10, 13, 10.25, 13.75], "texture": "#3"},
				"south": {"uv": [9.5, 13.25, 10.5, 13.75], "texture": "#3"},
				"west": {"uv": [9.5, 13.25, 10.25, 13.75], "texture": "#3"},
				"up": {"uv": [9.75, 13, 10.25, 13.75], "texture": "#3"},
				"down": {"uv": [0, 0, 1.575, 0.25], "texture": "#missing"}
			}
		}
	],
	"gui_light": "front",
	"display": {
		"thirdperson_righthand": {
			"rotation": [55.5, -90, 55],
			"translation": [-0.75, 3.75, 1.16],
			"scale": [1.27, 1.38, 1.11]
		},
		"thirdperson_lefthand": {
			"rotation": [55.5, -90, 55],
			"translation": [-0.75, 10, 1.16],
			"scale": [0.5, 1.25, 0.5]
		},
		"firstperson_righthand": {
			"rotation": [48.75, -90, 55],
			"translation": [-0.75, 4.75, 1.16],
			"scale": [0.5, 1.25, 0.5]
		},
		"firstperson_lefthand": {
			"rotation": [48.75, -90, 55],
			"translation": [-0.75, 5.5, 1.16],
			"scale": [0.5, 1.25, 0.5]
		},
		"ground": {
			"rotation": [0, 0, 45],
			"translation": [-2.5, 7.75, 0],
			"scale": [1.32, 1.13, 0.83]
		},
		"gui": {
			"rotation": [0, -27.25, -45],
			"translation": [-1.75, -2.25, 0]
		},
		"fixed": {
			"rotation": [0, 0, 45],
			"translation": [2.25, -2.25, -1.59],
			"scale": [1.2, 0.92, 1.25]
		}
	},
	"groups": [
		{
			"name": "blade",
			"origin": [7.93567, 11.98615, 8],
			"color": 0,
			"children": [
				0,
				{
					"name": "group",
					"origin": [7.93567, 10.38615, 8.01406],
					"color": 0,
					"children": [
						{
							"name": "group",
							"origin": [8.00045, 10.03646, 8],
							"color": 0,
							"children": []
						}
					]
				}
			]
		},
		{
			"name": "handle",
			"origin": [8, 8, 8],
			"color": 0,
			"children": [1, 2, 3, 4, 5, 6, 7, 8, 9, 10, 11, 12, 13, 14, 15, 16, 17, 18, 19]
		},
		20,
		21,
		22
	]
}