{
	"credit": "Made with Blockbench",
	"textures": {
		"3": "concrete:weapons/swords/spear_tip_steel",
		"4": "concrete:weapons/helmets/byz_pot_padded",
		"5": "minecraft:block/oak_door_top",
		"6": "minecraft:block/oak_planks1",
		"particle": "block/oak_planks1"
	},
	"elements": [
		{
			"from": [7, -1, 7],
			"to": [9, 6, 9],
			"rotation": {"angle": 0, "axis": "y", "origin": [15, 7, 15]},
			"faces": {
				"north": {"uv": [8, 2, 10, 9], "texture": "#6"},
				"east": {"uv": [4, 2, 6, 9], "texture": "#6"},
				"south": {"uv": [0, 2, 2, 9], "texture": "#6"},
				"west": {"uv": [12, 2, 14, 9], "texture": "#6"},
				"up": {"uv": [13, 2, 15, 4], "texture": "#6"},
				"down": {"uv": [13, 2, 15, 4], "texture": "#6"}
			}
		},
		{
			"from": [7, 9, 7],
			"to": [9, 9.25, 9],
			"rotation": {"angle": 0, "axis": "y", "origin": [15, 17, 15]},
			"faces": {
				"north": {"uv": [10, 7.25, 10.5, 7.5], "texture": "#4"},
				"east": {"uv": [10, 7.25, 10.5, 7.5], "texture": "#4"},
				"south": {"uv": [10, 7.25, 10.5, 7.5], "texture": "#4"},
				"west": {"uv": [10, 7.25, 10.5, 7.5], "texture": "#4"},
				"up": {"uv": [10, 7.25, 10.5, 7.75], "texture": "#4"},
				"down": {"uv": [10, 7.25, 10.5, 7.75], "texture": "#4"}
			}
		},
		{
			"from": [7.375, 9, 7.375],
			"to": [8.625, 10.75, 8.625],
			"rotation": {"angle": 0, "axis": "y", "origin": [14.875, 18, 15.125]},
			"faces": {
				"north": {"uv": [10, 7.25, 10.5, 7.5], "texture": "#4"},
				"east": {"uv": [10, 7.25, 10.5, 7.5], "texture": "#4"},
				"south": {"uv": [10, 7.25, 10.5, 7.5], "texture": "#4"},
				"west": {"uv": [10, 7.25, 10.5, 7.5], "texture": "#4"},
				"up": {"uv": [10, 7.25, 10.5, 7.75], "texture": "#4"},
				"down": {"uv": [10, 7.25, 10.5, 7.75], "texture": "#4"}
			}
		},
		{
			"from": [7.5, 6, 7.5],
			"to": [8.5, 21, 8.5],
			"rotation": {"angle": 0, "axis": "y", "origin": [14.5, 18, 14.5]},
			"faces": {
				"north": {"uv": [13, 0, 14, 15], "rotation": 180, "texture": "#5"},
				"east": {"uv": [13, 0, 14, 15], "rotation": 180, "texture": "#5"},
				"south": {"uv": [14, 0, 15, 15], "rotation": 180, "texture": "#5"},
				"west": {"uv": [13, 0, 14, 15], "rotation": 180, "texture": "#5"},
				"up": {"uv": [13, 12, 14, 13], "rotation": 180, "texture": "#5"},
				"down": {"uv": [0, 0, 1, 1], "texture": "#5"}
			}
		},
		{
			"from": [7.6375, 21, 7.6375],
			"to": [8.3625, 30, 8.3625],
			"rotation": {"angle": 0, "axis": "y", "origin": [14.3875, 27, 14.3625]},
			"faces": {
				"north": {"uv": [14, 2, 15, 11], "texture": "#5"},
				"east": {"uv": [14, 1, 15, 10], "texture": "#5"},
				"south": {"uv": [14, 6, 15, 15], "texture": "#5"},
				"west": {"uv": [3, 1, 4, 10], "texture": "#5"},
				"up": {"uv": [0, 0, 0.75, 0.75], "texture": "#5"},
				"down": {"uv": [0, 0, 0.75, 0.75], "texture": "#5"}
			}
		},
		{
			"from": [7.625, 29.5, 7.5],
			"to": [8.375, 30.5, 8.5],
			"rotation": {"angle": 45, "axis": "x", "origin": [8.125, 30, 8]},
			"faces": {
				"north": {"uv": [1.5, 1.25, 1.75, 1.5], "texture": "#3"},
				"east": {"uv": [13.25, 4.5, 13.5, 4.75], "texture": "#3"},
				"south": {"uv": [1.5, 1.25, 1.75, 1.5], "texture": "#3"},
				"west": {"uv": [13.25, 4.5, 13.5, 4.75], "texture": "#3"},
				"up": {"uv": [1.5, 1.25, 1.75, 1.5], "texture": "#3"},
				"down": {"uv": [1.5, 1.25, 1.75, 1.5], "texture": "#3"}
			}
		},
		{
			"from": [7.624, 29.25, 7.25],
			"to": [8.376, 31.75, 8.75],
			"rotation": {"angle": 0, "axis": "x", "origin": [8.149, 29.75, 7.75]},
			"faces": {
				"east": {"uv": [0, 1, 5, 4], "rotation": 270, "texture": "#3"},
				"west": {"uv": [0, 1, 5, 4], "rotation": 270, "texture": "#3"}
			}
		},
		{
			"from": [7.625, 30.69448, 7.82114],
			"to": [8.375, 31.16948, 8.17114],
			"rotation": {"angle": -22.5, "axis": "x", "origin": [8.125, 31.19448, 7.67114]},
			"faces": {
				"north": {"uv": [1.5, 1.25, 1.75, 1.5], "texture": "#3"},
				"east": {"uv": [13.75, 2.45, 12.75, 3.95], "texture": "#3"},
				"south": {"uv": [1.5, 1.25, 1.75, 1.5], "texture": "#3"},
				"west": {"uv": [12.75, 2.45, 13.75, 3.95], "texture": "#3"},
				"up": {"uv": [1.5, 1.25, 1.75, 1.5], "texture": "#3"},
				"down": {"uv": [1.5, 1.25, 1.75, 1.5], "texture": "#3"}
			}
		},
		{
			"from": [7.625, 31.13332, 7.86437],
			"to": [8.375, 31.35832, 7.98937],
			"rotation": {"angle": -22.5, "axis": "x", "origin": [8.125, 31.63332, 7.48937]},
			"faces": {
				"north": {"uv": [1.5, 1.25, 1.75, 1.5], "texture": "#3"},
				"east": {"uv": [1.5, 1.25, 1.75, 1.5], "texture": "#3"},
				"south": {"uv": [1.5, 1.25, 1.75, 1.5], "texture": "#3"},
				"west": {"uv": [1.5, 1.25, 1.75, 1.5], "texture": "#3"},
				"up": {"uv": [1.5, 1.25, 1.75, 1.5], "texture": "#3"},
				"down": {"uv": [1.5, 1.25, 1.75, 1.5], "texture": "#3"}
			}
		},
		{
			"from": [7.625, 29.7706, 7.80383],
			"to": [8.375, 30.7706, 8.55383],
			"rotation": {"angle": -22.5, "axis": "x", "origin": [8.125, 30.2706, 8.05383]},
			"faces": {
				"north": {"uv": [1.5, 1.25, 1.75, 1.5], "texture": "#3"},
				"east": {"uv": [13.75, 2.78, 11.75, 5.28], "texture": "#3"},
				"south": {"uv": [1.5, 1.25, 1.75, 1.5], "texture": "#3"},
				"west": {"uv": [11.75, 2.78, 13.75, 5.28], "texture": "#3"},
				"up": {"uv": [1.5, 1.25, 1.75, 1.5], "texture": "#3"},
				"down": {"uv": [1.5, 1.25, 1.75, 1.5], "texture": "#3"}
			}
		},
		{
			"from": [7.625, 30.69448, 7.82886],
			"to": [8.375, 31.16948, 8.17886],
			"rotation": {"angle": 22.5, "axis": "x", "origin": [8.125, 31.19448, 8.32886]},
			"faces": {
				"north": {"uv": [1.5, 1.25, 1.75, 1.5], "texture": "#3"},
				"east": {"uv": [12.75, 2.45, 13.75, 3.95], "texture": "#3"},
				"south": {"uv": [1.5, 1.25, 1.75, 1.5], "texture": "#3"},
				"west": {"uv": [13.75, 2.45, 12.75, 3.95], "texture": "#3"},
				"up": {"uv": [1.5, 1.25, 1.75, 1.5], "texture": "#3"},
				"down": {"uv": [1.5, 1.25, 1.75, 1.5], "texture": "#3"}
			}
		},
		{
			"from": [7.625, 31.13332, 8.01063],
			"to": [8.375, 31.35832, 8.13563],
			"rotation": {"angle": 22.5, "axis": "x", "origin": [8.125, 31.63332, 8.51063]},
			"faces": {
				"north": {"uv": [1.5, 1.25, 1.75, 1.5], "texture": "#3"},
				"east": {"uv": [1.5, 1.25, 1.75, 1.5], "texture": "#3"},
				"south": {"uv": [1.5, 1.25, 1.75, 1.5], "texture": "#3"},
				"west": {"uv": [1.5, 1.25, 1.75, 1.5], "texture": "#3"},
				"up": {"uv": [1.5, 1.25, 1.75, 1.5], "texture": "#3"},
				"down": {"uv": [1.5, 1.25, 1.75, 1.5], "texture": "#3"}
			}
		},
		{
			"from": [7.625, 31.0706, 8.15056],
			"to": [8.375, 31.15056, 8.23053],
			"rotation": {"angle": 45, "axis": "x", "origin": [8.125, 31.5706, 8.65056]},
			"faces": {
				"north": {"uv": [1.5, 1.25, 1.75, 1.5], "texture": "#3"},
				"east": {"uv": [1.5, 1.25, 1.75, 1.5], "texture": "#3"},
				"south": {"uv": [1.5, 1.25, 1.75, 1.5], "texture": "#3"},
				"west": {"uv": [1.5, 1.25, 1.75, 1.5], "texture": "#3"},
				"up": {"uv": [1.5, 1.25, 1.75, 1.5], "texture": "#3"},
				"down": {"uv": [1.5, 1.25, 1.75, 1.5], "texture": "#3"}
			}
		},
		{
			"from": [7.625, 30.8206, 8.12556],
			"to": [8.375, 30.92556, 8.23053],
			"rotation": {"angle": 45, "axis": "x", "origin": [8.125, 31.3206, 8.65056]},
			"faces": {
				"north": {"uv": [1.5, 1.25, 1.75, 1.5], "texture": "#3"},
				"east": {"uv": [1.5, 1.25, 1.75, 1.5], "texture": "#3"},
				"south": {"uv": [1.5, 1.25, 1.75, 1.5], "texture": "#3"},
				"west": {"uv": [1.5, 1.25, 1.75, 1.5], "texture": "#3"},
				"up": {"uv": [1.5, 1.25, 1.75, 1.5], "texture": "#3"},
				"down": {"uv": [1.5, 1.25, 1.75, 1.5], "texture": "#3"}
			}
		},
		{
			"from": [7.625, 29.7706, 7.44617],
			"to": [8.375, 30.7706, 8.19617],
			"rotation": {"angle": 22.5, "axis": "x", "origin": [8.125, 30.2706, 7.94617]},
			"faces": {
				"north": {"uv": [1.5, 1.25, 1.75, 1.5], "texture": "#3"},
				"east": {"uv": [11.75, 2.78, 13.75, 5.28], "texture": "#3"},
				"south": {"uv": [1.5, 1.25, 1.75, 1.5], "texture": "#3"},
				"west": {"uv": [13.75, 2.78, 11.75, 5.28], "texture": "#3"},
				"up": {"uv": [1.5, 1.25, 1.75, 1.5], "texture": "#3"},
				"down": {"uv": [1.5, 1.25, 1.75, 1.5], "texture": "#3"}
			}
		}
	],
	"display": {
		"thirdperson_righthand": {
			"rotation": [-34.75, 0, 0],
			"translation": [-0.5, -1.25, 1],
			"scale": [1, 2, 1]
		},
		"thirdperson_lefthand": {
			"rotation": [-34.75, 0, 0],
			"translation": [-0.5, -1.25, 1],
			"scale": [1, 2, 1]
		},
		"firstperson_righthand": {
			"rotation": [-87.75, 45, -6.25],
			"translation": [3.25, 0, 2.25],
			"scale": [1.5, 3, 1.5]
		},
		"firstperson_lefthand": {
			"rotation": [-87.75, 45, -6.25],
			"translation": [3.25, 0, 2.25],
			"scale": [1.5, 3, 1.5]
		},
		"ground": {
			"rotation": [0, 0, 45],
			"translation": [5.25, 5, 0],
			"scale": [0.5, 1, 0.5]
		},
		"gui": {
			"rotation": [30, 225, 67],
			"translation": [-3.25, -2.75, 0],
			"scale": [0.625, 0.75, 0.625]
		},
		"fixed": {
			"rotation": [0, 90, 0],
			"translation": [0, -13.25, -1.75],
			"scale": [2, 2, 2]
		}
	}
}