{
	"credit": "Made with Blockbench",
	"textures": {
		"0": "concrete:weapons/swords/longsword_grip",
		"1": "concrete:weapons/swords/longsword_blade",
		"particle": "concrete:weapons/swords/longsword_grip"
	},
	"elements": [
		{
			"from": [7, 0, 8],
			"to": [8, 1, 9],
			"faces": {
				"north": {"uv": [6, 6, 8, 8], "texture": "#0"},
				"east": {"uv": [8, 0, 10, 2], "texture": "#0"},
				"south": {"uv": [8, 2, 10, 4], "texture": "#0"},
				"west": {"uv": [8, 4, 10, 6], "texture": "#0"},
				"up": {"uv": [8, 10, 6, 8], "texture": "#0"},
				"down": {"uv": [10, 6, 8, 8], "texture": "#0"}
			}
		},
		{
			"from": [7.125, 1, 8.125],
			"to": [7.875, 3.3125, 8.875],
			"faces": {
				"north": {"uv": [0, 4, 1.5, 8.5], "texture": "#0"},
				"east": {"uv": [2, 4, 3.5, 8.5], "texture": "#0"},
				"south": {"uv": [4, 4, 5.5, 8.5], "texture": "#0"},
				"west": {"uv": [6, 0, 7.5, 4.5], "texture": "#0"},
				"up": {"uv": [11.5, 1.5, 10, 0], "texture": "#0"},
				"down": {"uv": [11.5, 2, 10, 3.5], "texture": "#0"}
			}
		},
		{
			"from": [6, 3.3125, 8],
			"to": [9, 3.5, 9],
			"faces": {
				"north": {"uv": [8, 8, 14, 8.5], "texture": "#0"},
				"east": {"uv": [10, 4, 12, 4.5], "texture": "#0"},
				"south": {"uv": [0, 10, 6, 10.5], "texture": "#0"},
				"west": {"uv": [6, 10, 8, 10.5], "texture": "#0"},
				"up": {"uv": [6, 2, 0, 0], "texture": "#0"},
				"down": {"uv": [6, 2, 0, 4], "texture": "#0"}
			}
		},
		{
			"from": [7, 3.5, 8.3125],
			"to": [8, 14.1875, 8.6875],
			"faces": {
				"north": {"uv": [0, 0, 1, 10.75], "texture": "#1"},
				"east": {"uv": [2, 0, 2.5, 10.75], "texture": "#1"},
				"south": {"uv": [1, 0, 2, 10.75], "texture": "#1"},
				"west": {"uv": [3, 0, 3.5, 10.75], "texture": "#1"},
				"up": {"uv": [6, 2.5, 5, 2], "texture": "#1"},
				"down": {"uv": [6, 3, 5, 3.5], "texture": "#1"}
			}
		},
		{
			"from": [7.125, 14.1875, 8.3125],
			"to": [7.875, 14.5, 8.6875],
			"faces": {
				"north": {"uv": [7, 0, 7.75, 0.25], "texture": "#1"},
				"east": {"uv": [7, 2, 7.5, 2.25], "texture": "#1"},
				"south": {"uv": [7, 1, 7.75, 1.25], "texture": "#1"},
				"west": {"uv": [7, 3, 7.5, 3.25], "texture": "#1"},
				"up": {"uv": [5.75, 4.5, 5, 4], "texture": "#1"},
				"down": {"uv": [5.75, 5, 5, 5.5], "texture": "#1"}
			}
		},
		{
			"from": [7.25, 14.5, 8.3125],
			"to": [7.75, 14.8125, 8.6875],
			"faces": {
				"north": {"uv": [7, 4, 7.5, 4.25], "texture": "#1"},
				"east": {"uv": [5, 7, 5.5, 7.25], "texture": "#1"},
				"south": {"uv": [7, 5, 7.5, 5.25], "texture": "#1"},
				"west": {"uv": [6, 7, 6.5, 7.25], "texture": "#1"},
				"up": {"uv": [5.5, 6.5, 5, 6], "texture": "#1"},
				"down": {"uv": [6.5, 6, 6, 6.5], "texture": "#1"}
			}
		},
		{
			"from": [7.375, 14.8125, 8.3125],
			"to": [7.625, 15.125, 8.6875],
			"faces": {
				"north": {"uv": [5, 8, 5.25, 8.25], "texture": "#1"},
				"east": {"uv": [7, 6, 7.5, 6.25], "texture": "#1"},
				"south": {"uv": [8, 5, 8.25, 5.25], "texture": "#1"},
				"west": {"uv": [7, 7, 7.5, 7.25], "texture": "#1"},
				"up": {"uv": [8.25, 0.5, 8, 0], "texture": "#1"},
				"down": {"uv": [8.25, 1, 8, 1.5], "texture": "#1"}
			}
		},
		{
			"from": [7.1875, 14.1875, 8.3125],
			"to": [7.3125, 15.375, 8.6875],
			"rotation": {"angle": -22.5, "axis": "z", "origin": [7.0625, 14.6875, 8.5]},
			"faces": {
				"north": {"uv": [6, 0, 6.25, 1.25], "texture": "#1"},
				"east": {"uv": [4, 0, 4.5, 1.25], "texture": "#1"},
				"south": {"uv": [6, 2, 6.25, 3.25], "texture": "#1"},
				"west": {"uv": [4, 2, 4.5, 3.25], "texture": "#1"},
				"up": {"uv": [8.25, 2.5, 8, 2], "texture": "#1"},
				"down": {"uv": [8.25, 3, 8, 3.5], "texture": "#1"}
			}
		},
		{
			"from": [7.6875, 14.1875, 8.3125],
			"to": [7.8125, 15.375, 8.6875],
			"rotation": {"angle": 22.5, "axis": "z", "origin": [7.9375, 14.6875, 8.5]},
			"faces": {
				"north": {"uv": [4, 6, 4.25, 7.25], "texture": "#1"},
				"east": {"uv": [4, 4, 4.5, 5.25], "texture": "#1"},
				"south": {"uv": [6, 4, 6.25, 5.25], "texture": "#1"},
				"west": {"uv": [5, 0, 5.5, 1.25], "texture": "#1"},
				"up": {"uv": [4.25, 8.5, 4, 8], "texture": "#1"},
				"down": {"uv": [8.25, 4, 8, 4.5], "texture": "#1"}
			}
		}
	],
	"display": {
		"thirdperson_righthand": {
			"rotation": [0, 90, 0],
			"translation": [-1, 10.75, 0.5],
			"scale": [1.76, 2.12, 1]
		},
		"thirdperson_lefthand": {
			"rotation": [0, -90, 0],
			"translation": [0, 10.5, 0],
			"scale": [1.76, 2.12, 1]
		},
		"firstperson_righthand": {
			"rotation": [-6, -75, 0],
			"translation": [7.75, 7.75, -4],
			"scale": [1.25, 1.89, 1]
		},
		"firstperson_lefthand": {
			"rotation": [-6, -75, 0],
			"translation": [7.75, 7.75, -6],
			"scale": [1.25, 1.89, 1]
		},
		"ground": {
			"rotation": [0, 0, 22],
			"translation": [0, 8.25, 0],
			"scale": [1.45, 1.52, 1]
		},
		"gui": {
			"rotation": [0, 0, -45],
			"translation": [1.25, 0, -2.25],
			"scale": [1.34, 1.32, 1.25]
		},
		"fixed": {
			"rotation": [0, 0, 45],
			"translation": [0, 2, -2.25],
			"scale": [2.56, 2.94, 1.25]
		}
	},
	"groups": [
		{
			"name": "grip",
			"origin": [8, 8, 8],
			"color": 0,
			"children": [0, 1, 2]
		},
		{
			"name": "blade",
			"origin": [8, 8, 8],
			"color": 0,
			"children": [3, 4, 5, 6, 7, 8]
		}
	]
}