{
	"credit": "Made with Blockbench",
	"textures": {
		"0": "concrete:weapons/swords/messer",
		"particle": "concrete:weapons/swords/messer"
	},
	"elements": [
		{
			"from": [7.64, 3.14, 7.54],
			"to": [8.33, 6.54, 8.26],
			"rotation": {"angle": 0, "axis": "y", "origin": [7.4, 19.95, 8.05]},
			"faces": {
				"north": {"uv": [4, 0, 4.5, 3.25], "texture": "#0"},
				"east": {"uv": [2, 4, 2.5, 7.25], "texture": "#0"},
				"south": {"uv": [3, 4, 3.5, 7.25], "texture": "#0"},
				"west": {"uv": [4, 4, 4.5, 7.25], "texture": "#0"},
				"up": {"uv": [5.5, 9.5, 5, 9], "texture": "#0"},
				"down": {"uv": [9.5, 7, 9, 7.5], "texture": "#0"}
			}
		},
		{
			"from": [7.85, 6.72364, 7.37],
			"to": [8.15, 17.45364, 8.36],
			"rotation": {"angle": 0, "axis": "y", "origin": [7.55, 14.03364, 7.88]},
			"faces": {
				"north": {"uv": [5, 4, 5.25, 8.75], "texture": "#0"},
				"east": {"uv": [0, 0, 0.75, 4.75], "texture": "#0"},
				"south": {"uv": [6, 0, 6.25, 4.75], "texture": "#0"},
				"west": {"uv": [1, 0, 1.75, 4.75], "texture": "#0"},
				"up": {"uv": [9.25, 10.75, 9, 10], "texture": "#0"},
				"down": {"uv": [10.25, 9, 10, 9.75], "texture": "#0"}
			}
		},
		{
			"from": [7.85, 17.45364, 7.37],
			"to": [8.15, 19.60364, 7.43],
			"rotation": {"angle": 0, "axis": "y", "origin": [7.55, 14.03364, 7.91]},
			"faces": {
				"north": {"uv": [0, 12, 0.25, 12.25], "texture": "#0"},
				"east": {"uv": [12, 0, 12.25, 0.25], "texture": "#0"},
				"south": {"uv": [1, 12, 1.25, 12.25], "texture": "#0"},
				"west": {"uv": [12, 1, 12.25, 1.25], "texture": "#0"},
				"up": {"uv": [2.25, 12.25, 2, 12], "texture": "#0"},
				"down": {"uv": [12.25, 2, 12, 2.25], "texture": "#0"}
			}
		},
		{
			"name": "octagon",
			"from": [7.625, 2.71, 7.30265],
			"to": [8.375, 3.16, 8.49735],
			"rotation": {"angle": 0, "axis": "x", "origin": [7.985, 6.93, 7.9]},
			"faces": {
				"north": {"uv": [5, 1, 5.75, 1.5], "texture": "#0"},
				"east": {"uv": [5, 1, 5.75, 1.5], "texture": "#0"},
				"south": {"uv": [5, 1, 5.75, 1.5], "texture": "#0"},
				"west": {"uv": [5, 1, 5.75, 1.5], "texture": "#0"},
				"up": {"uv": [5, 1, 5.75, 1.5], "texture": "#0"},
				"down": {"uv": [5, 1, 5.75, 1.5], "texture": "#0"}
			}
		},
		{
			"name": "octagon",
			"from": [7.625, 6.51, 7.35265],
			"to": [8.375, 6.96, 8.44735],
			"rotation": {"angle": 0, "axis": "y", "origin": [7.985, 6.93, 7.9]},
			"faces": {
				"north": {"uv": [5, 1, 5.75, 1.5], "texture": "#0"},
				"east": {"uv": [5, 1, 5.75, 1.5], "texture": "#0"},
				"south": {"uv": [5, 1, 5.75, 1.5], "texture": "#0"},
				"west": {"uv": [5, 1, 5.75, 1.5], "texture": "#0"},
				"up": {"uv": [5, 1, 5.75, 1.5], "texture": "#0"},
				"down": {"uv": [5, 1, 5.75, 1.5], "texture": "#0"}
			}
		},
		{
			"name": "octagon",
			"from": [7.725, 6.71, 6.15265],
			"to": [8.275, 6.96, 9.54735],
			"rotation": {"angle": 0, "axis": "y", "origin": [7.985, 6.93, 7.9]},
			"faces": {
				"north": {"uv": [5, 1, 5.75, 1.5], "texture": "#0"},
				"east": {"uv": [5, 1, 5.75, 1.5], "texture": "#0"},
				"south": {"uv": [5, 1, 5.75, 1.5], "texture": "#0"},
				"west": {"uv": [5, 1, 5.75, 1.5], "texture": "#0"},
				"up": {"uv": [5, 1, 5.75, 1.5], "texture": "#0"},
				"down": {"uv": [5, 1, 5.75, 1.5], "texture": "#0"}
			}
		},
		{
			"from": [7.8464, 16.84, 10.424],
			"to": [8.1524, 19.21, 10.49],
			"rotation": {"angle": -22.5, "axis": "x", "origin": [7.85, 11.8, 7.88]},
			"faces": {
				"north": {"uv": [9, 0, 9.25, 2], "texture": "#0"},
				"east": {"uv": [1, 9, 1.25, 11], "texture": "#0"},
				"south": {"uv": [3, 9, 3.25, 11], "texture": "#0"},
				"west": {"uv": [4, 9, 4.25, 11], "texture": "#0"},
				"up": {"uv": [3.25, 12.25, 3, 12], "texture": "#0"},
				"down": {"uv": [12.25, 3, 12, 3.25], "texture": "#0"}
			}
		},
		{
			"from": [7.8464, 16.83, 10.13],
			"to": [8.1524, 18.43, 10.43],
			"rotation": {"angle": -22.5, "axis": "x", "origin": [7.85, 11.8, 7.88]},
			"faces": {
				"north": {"uv": [11, 9, 11.25, 9.5], "texture": "#0"},
				"east": {"uv": [10, 11, 10.25, 11.5], "texture": "#0"},
				"south": {"uv": [11, 10, 11.25, 10.5], "texture": "#0"},
				"west": {"uv": [11, 11, 11.25, 11.5], "texture": "#0"},
				"up": {"uv": [4.25, 12.25, 4, 12], "texture": "#0"},
				"down": {"uv": [12.25, 4, 12, 4.25], "texture": "#0"}
			}
		},
		{
			"from": [7.8464, 16.50466, 7.61627],
			"to": [8.1524, 18.10466, 8.01627],
			"rotation": {"angle": 0, "axis": "x", "origin": [7.9994, 18.10466, 7.86627]},
			"faces": {
				"north": {"uv": [11, 9, 11.25, 9.5], "texture": "#0"},
				"east": {"uv": [10, 11, 10.25, 11.5], "texture": "#0"},
				"south": {"uv": [11, 10, 11.25, 10.5], "texture": "#0"},
				"west": {"uv": [11, 11, 11.25, 11.5], "texture": "#0"},
				"up": {"uv": [4.25, 12.25, 4, 12], "texture": "#0"},
				"down": {"uv": [12.25, 4, 12, 4.25], "texture": "#0"}
			}
		},
		{
			"from": [7.8464, 17.52, 7.4],
			"to": [8.1524, 19.6, 7.46],
			"rotation": {"angle": 0, "axis": "y", "origin": [7.85, 11.8, 7.88]},
			"faces": {
				"north": {"uv": [7, 10, 7.25, 11], "texture": "#0"},
				"east": {"uv": [10, 7, 10.25, 8], "texture": "#0"},
				"south": {"uv": [8, 10, 8.25, 11], "texture": "#0"},
				"west": {"uv": [10, 8, 10.25, 9], "texture": "#0"},
				"up": {"uv": [5.25, 12.25, 5, 12], "texture": "#0"},
				"down": {"uv": [12.25, 5, 12, 5.25], "texture": "#0"}
			}
		},
		{
			"from": [7.8464, 17.24, 7.43],
			"to": [8.1524, 18.94, 7.7],
			"rotation": {"angle": 0, "axis": "y", "origin": [7.85, 11.8, 7.88]},
			"faces": {
				"north": {"uv": [6, 12, 6.25, 12.25], "texture": "#0"},
				"east": {"uv": [12, 6, 12.25, 6.25], "texture": "#0"},
				"south": {"uv": [7, 12, 7.25, 12.25], "texture": "#0"},
				"west": {"uv": [12, 7, 12.25, 7.25], "texture": "#0"},
				"up": {"uv": [8.25, 12.25, 8, 12], "texture": "#0"},
				"down": {"uv": [12.25, 8, 12, 8.25], "texture": "#0"}
			}
		},
		{
			"from": [7.8464, 18.94, 7.43],
			"to": [8.1524, 19.39, 7.52],
			"rotation": {"angle": 0, "axis": "y", "origin": [7.85, 11.8, 7.88]},
			"faces": {
				"north": {"uv": [9, 12, 9.25, 12.25], "texture": "#0"},
				"east": {"uv": [12, 9, 12.25, 9.25], "texture": "#0"},
				"south": {"uv": [10, 12, 10.25, 12.25], "texture": "#0"},
				"west": {"uv": [12, 10, 12.25, 10.25], "texture": "#0"},
				"up": {"uv": [11.25, 12.25, 11, 12], "texture": "#0"},
				"down": {"uv": [12.25, 11, 12, 11.25], "texture": "#0"}
			}
		},
		{
			"from": [7.8464, 18.94, 7.52],
			"to": [8.1524, 19.27, 7.58],
			"rotation": {"angle": 0, "axis": "y", "origin": [7.85, 11.8, 7.88]},
			"faces": {
				"north": {"uv": [12, 12, 12.25, 12.25], "texture": "#0"},
				"east": {"uv": [0, 13, 0.25, 13.25], "texture": "#0"},
				"south": {"uv": [13, 0, 13.25, 0.25], "texture": "#0"},
				"west": {"uv": [1, 13, 1.25, 13.25], "texture": "#0"},
				"up": {"uv": [13.25, 1.25, 13, 1], "texture": "#0"},
				"down": {"uv": [2.25, 13, 2, 13.25], "texture": "#0"}
			}
		},
		{
			"from": [7.8464, 18.94, 7.58],
			"to": [8.1524, 19.18, 7.61],
			"rotation": {"angle": 0, "axis": "y", "origin": [7.85, 11.8, 7.88]},
			"faces": {
				"north": {"uv": [13, 2, 13.25, 2.25], "texture": "#0"},
				"east": {"uv": [3, 13, 3.25, 13.25], "texture": "#0"},
				"south": {"uv": [13, 3, 13.25, 3.25], "texture": "#0"},
				"west": {"uv": [4, 13, 4.25, 13.25], "texture": "#0"},
				"up": {"uv": [13.25, 4.25, 13, 4], "texture": "#0"},
				"down": {"uv": [5.25, 13, 5, 13.25], "texture": "#0"}
			}
		},
		{
			"from": [7.8464, 18.94, 7.61],
			"to": [8.1524, 19.12, 7.64],
			"rotation": {"angle": 0, "axis": "y", "origin": [7.85, 11.8, 7.88]},
			"faces": {
				"north": {"uv": [13, 5, 13.25, 5.25], "texture": "#0"},
				"east": {"uv": [6, 13, 6.25, 13.25], "texture": "#0"},
				"south": {"uv": [13, 6, 13.25, 6.25], "texture": "#0"},
				"west": {"uv": [7, 13, 7.25, 13.25], "texture": "#0"},
				"up": {"uv": [13.25, 7.25, 13, 7], "texture": "#0"},
				"down": {"uv": [8.25, 13, 8, 13.25], "texture": "#0"}
			}
		},
		{
			"from": [7.8464, 18.94, 7.628],
			"to": [8.1524, 19, 7.688],
			"rotation": {"angle": 0, "axis": "y", "origin": [7.85, 11.8, 7.88]},
			"faces": {
				"north": {"uv": [13, 8, 13.25, 8.25], "texture": "#0"},
				"east": {"uv": [9, 13, 9.25, 13.25], "texture": "#0"},
				"south": {"uv": [13, 9, 13.25, 9.25], "texture": "#0"},
				"west": {"uv": [10, 13, 10.25, 13.25], "texture": "#0"},
				"up": {"uv": [13.25, 10.25, 13, 10], "texture": "#0"},
				"down": {"uv": [11.25, 13, 11, 13.25], "texture": "#0"}
			}
		},
		{
			"from": [7.8464, 18.94, 7.64],
			"to": [8.1524, 19.03, 7.67],
			"rotation": {"angle": 0, "axis": "y", "origin": [7.85, 11.8, 7.88]},
			"faces": {
				"north": {"uv": [13, 11, 13.25, 11.25], "texture": "#0"},
				"east": {"uv": [12, 13, 12.25, 13.25], "texture": "#0"},
				"south": {"uv": [13, 12, 13.25, 12.25], "texture": "#0"},
				"west": {"uv": [13, 13, 13.25, 13.25], "texture": "#0"},
				"up": {"uv": [0.25, 14.25, 0, 14], "texture": "#0"},
				"down": {"uv": [14.25, 0, 14, 0.25], "texture": "#0"}
			}
		},
		{
			"from": [7.8464, 19.27, 7.52],
			"to": [8.1524, 19.33, 7.55],
			"rotation": {"angle": 0, "axis": "y", "origin": [7.85, 11.8, 7.88]},
			"faces": {
				"north": {"uv": [1, 14, 1.25, 14.25], "texture": "#0"},
				"east": {"uv": [14, 1, 14.25, 1.25], "texture": "#0"},
				"south": {"uv": [2, 14, 2.25, 14.25], "texture": "#0"},
				"west": {"uv": [14, 2, 14.25, 2.25], "texture": "#0"},
				"up": {"uv": [3.25, 14.25, 3, 14], "texture": "#0"},
				"down": {"uv": [14.25, 3, 14, 3.25], "texture": "#0"}
			}
		},
		{
			"from": [7.8464, 19.39, 7.43],
			"to": [8.1524, 19.48, 7.49],
			"rotation": {"angle": 0, "axis": "y", "origin": [7.85, 11.8, 7.88]},
			"faces": {
				"north": {"uv": [4, 14, 4.25, 14.25], "texture": "#0"},
				"east": {"uv": [14, 4, 14.25, 4.25], "texture": "#0"},
				"south": {"uv": [5, 14, 5.25, 14.25], "texture": "#0"},
				"west": {"uv": [14, 5, 14.25, 5.25], "texture": "#0"},
				"up": {"uv": [6.25, 14.25, 6, 14], "texture": "#0"},
				"down": {"uv": [14.25, 6, 14, 6.25], "texture": "#0"}
			}
		}
	],
	"display": {
		"thirdperson_righthand": {
			"rotation": [0, -180, 0],
			"translation": [0, 2.25, 0.5],
			"scale": [1, 1.40625, 1.32617]
		},
		"thirdperson_lefthand": {
			"rotation": [0, -180, 0],
			"translation": [0, 2.5, 1.25],
			"scale": [1, 1.40625, 1.32617]
		},
		"firstperson_righthand": {
			"rotation": [161.75, 0, -180],
			"translation": [3, 3, 0]
		},
		"firstperson_lefthand": {
			"rotation": [162.25, 0, 180],
			"translation": [3, 3, 0]
		},
		"gui": {
			"rotation": [-90, -42.75, -90],
			"translation": [-2.5, -1.5, 0],
			"scale": [0.9, 1.06602, 0.9]
		},
		"fixed": {
			"rotation": [0, -90, 0],
			"translation": [0, -3, -1],
			"scale": [2, 2, 2]
		}
	},
	"groups": [
		0,
		1,
		2,
		{
			"name": "octagon",
			"origin": [8, 8, 8],
			"color": 0,
			"children": [3, 4, 5]
		},
		{
			"name": "group",
			"origin": [8, -5, 7.875],
			"color": 0,
			"children": [6, 7, 8, 9, 10, 11, 12, 13, 14, 15, 16, 17, 18]
		}
	]
}