{
	"credit": "Made with Blockbench",
	"textures": {
		"0": "concrete:weapons/swords/montante",
		"particle": "concrete:weapons/swords/montante"
	},
	"elements": [
		{
			"from": [7.75, -1.25, 7.25],
			"to": [8.25, 2.75, 8.05],
			"rotation": {"angle": 0, "axis": "y", "origin": [8, 1.7875, 12.75]},
			"faces": {
				"north": {"uv": [3, 0.25, 3.5, 2.75], "texture": "#0"},
				"east": {"uv": [0, 0, 0.75, 2.5], "texture": "#0"},
				"south": {"uv": [3, 0, 3.5, 2.5], "texture": "#0"},
				"west": {"uv": [1, 0, 1.75, 2.5], "texture": "#0"},
				"up": {"uv": [8.5, 3.75, 8, 3], "texture": "#0"},
				"down": {"uv": [4.5, 8, 4, 8.75], "texture": "#0"}
			}
		},
		{
			"from": [7.875, 19.77269, 7.24783],
			"to": [8.125, 21.84769, 8.04783],
			"rotation": {"angle": 0, "axis": "y", "origin": [8, 18.33519, 6.79783]},
			"faces": {
				"north": {"uv": [7, 5, 7.25, 7], "texture": "#0"},
				"east": {"uv": [2, 3, 2.75, 5], "texture": "#0"},
				"south": {"uv": [7, 7, 7.25, 9], "texture": "#0"},
				"west": {"uv": [3, 3, 3.75, 5], "texture": "#0"},
				"up": {"uv": [8.25, 10.75, 8, 10], "texture": "#0"},
				"down": {"uv": [10.25, 8, 10, 8.75], "texture": "#0"}
			}
		},
		{
			"from": [7.875, 9.77269, 7.24783],
			"to": [8.125, 19.84769, 8.04783],
			"rotation": {"angle": 0, "axis": "y", "origin": [8, 18.33519, 6.79783]},
			"faces": {
				"north": {"uv": [7, 5, 7.25, 7], "texture": "#0"},
				"east": {"uv": [2, 3, 2.75, 5], "texture": "#0"},
				"south": {"uv": [7, 7, 7.25, 9], "texture": "#0"},
				"west": {"uv": [3, 3, 3.75, 5], "texture": "#0"},
				"up": {"uv": [8.25, 10.75, 8, 10], "texture": "#0"},
				"down": {"uv": [10.25, 8, 10, 8.75], "texture": "#0"}
			}
		},
		{
			"from": [7.875, 2.47269, 7.14783],
			"to": [8.125, 9.84769, 8.14783],
			"rotation": {"angle": 0, "axis": "y", "origin": [8, 18.33519, 6.79783]},
			"faces": {
				"north": {"uv": [7, 5, 7.25, 7], "texture": "#0"},
				"east": {"uv": [2, 3, 2.75, 6.5], "texture": "#0"},
				"south": {"uv": [7, 7, 7.25, 9], "texture": "#0"},
				"west": {"uv": [3, 3, 3.75, 6.5], "texture": "#0"},
				"up": {"uv": [9.25, 6, 9, 5.25], "texture": "#0"},
				"down": {"uv": [10.25, 8, 10, 8.75], "texture": "#0"}
			}
		},
		{
			"from": [7.8625, 17.88881, 15.63899],
			"to": [8.1375, 18.46381, 16.20199],
			"rotation": {"angle": -45, "axis": "x", "origin": [8.0125, 10.02672, 7.35871]},
			"faces": {
				"north": {"uv": [11, 1, 11.25, 1.5], "texture": "#0"},
				"east": {"uv": [7, 9, 7.5, 9.5], "texture": "#0"},
				"south": {"uv": [2, 11, 2.25, 11.5], "texture": "#0"},
				"west": {"uv": [9, 7, 9.5, 7.5], "texture": "#0"},
				"up": {"uv": [11.25, 2.5, 11, 2], "texture": "#0"},
				"down": {"uv": [3.25, 11, 3, 11.5], "texture": "#0"}
			}
		},
		{
			"name": "octagon",
			"from": [7.6875, 2.5, 6.85],
			"to": [8.3125, 2.85, 8.4],
			"rotation": {"angle": 0, "axis": "y", "origin": [8.01029, 2.775, 7.75]},
			"faces": {
				"north": {"uv": [11, 3, 11.5, 3.25], "texture": "#0"},
				"east": {"uv": [8, 8, 9.5, 8.25], "texture": "#0"},
				"south": {"uv": [4, 11, 4.5, 11.25], "texture": "#0"},
				"west": {"uv": [9, 0, 10.5, 0.25], "texture": "#0"},
				"up": {"uv": [7.5, 3.5, 7, 2], "texture": "#0"},
				"down": {"uv": [3.5, 7, 3, 8.5], "texture": "#0"}
			}
		},
		{
			"name": "octagon",
			"from": [7.6875, -2, 7.15],
			"to": [8.3125, -1.15, 8.1],
			"rotation": {"angle": 0, "axis": "y", "origin": [8.01029, 2.775, 7.75]},
			"faces": {
				"north": {"uv": [11, 3, 11.5, 3.25], "texture": "#0"},
				"east": {"uv": [6, 6, 6.75, 7.25], "texture": "#0"},
				"south": {"uv": [4, 11, 4.5, 11.25], "texture": "#0"},
				"west": {"uv": [2, 7, 2.75, 8.25], "texture": "#0"},
				"up": {"uv": [7.5, 3.5, 7, 2], "texture": "#0"},
				"down": {"uv": [3.5, 7, 3, 8.5], "texture": "#0"}
			}
		},
		{
			"name": "octagon",
			"from": [7.8125, 2.55481, 4.73808],
			"to": [8.1875, 2.85481, 6.88808],
			"rotation": {"angle": 0, "axis": "x", "origin": [8, 2.92981, 7.43808]},
			"faces": {
				"north": {"uv": [11, 6, 11.25, 6.25], "texture": "#0"},
				"east": {"uv": [8, 8, 9.5, 8.25], "texture": "#0"},
				"south": {"uv": [7, 11, 7.25, 11.25], "texture": "#0"},
				"west": {"uv": [8, 8, 9.5, 8.25], "texture": "#0"},
				"up": {"uv": [10.25, 7.75, 10, 7], "texture": "#0"},
				"down": {"uv": [1.25, 11, 1, 11.75], "texture": "#0"}
			}
		},
		{
			"name": "octagon",
			"from": [7.8125, 2.55481, 8.38808],
			"to": [8.1875, 2.85481, 10.53808],
			"rotation": {"angle": 0, "axis": "x", "origin": [8, 2.70481, 9.33808]},
			"faces": {
				"north": {"uv": [7, 11, 7.25, 11.25], "rotation": 180, "texture": "#0"},
				"east": {"uv": [8, 8, 9.5, 8.25], "rotation": 180, "texture": "#0"},
				"south": {"uv": [11, 6, 11.25, 6.25], "rotation": 180, "texture": "#0"},
				"west": {"uv": [8, 8, 9.5, 8.25], "rotation": 180, "texture": "#0"},
				"up": {"uv": [1.25, 11, 1, 11.75], "texture": "#0"},
				"down": {"uv": [10.25, 7.75, 10, 7], "texture": "#0"}
			}
		}
	],
	"display": {
		"thirdperson_righthand": {
			"rotation": [1, 0, 0],
			"translation": [0, 11.25, 1.5],
			"scale": [1, 1.87891, 1.40234]
		},
		"thirdperson_lefthand": {
			"translation": [0, 2.75, 1.25]
		},
		"firstperson_righthand": {
			"rotation": [-19.25, 0, 0],
			"translation": [3.25, 5.75, -4.75],
			"scale": [1, 1.26367, 1.14453]
		},
		"firstperson_lefthand": {
			"translation": [3.25, 3, 0]
		},
		"gui": {
			"rotation": [90, -134, 90],
			"translation": [-1.75, -0.25, 0],
			"scale": [1, 0.79297, 0.89453]
		},
		"fixed": {
			"rotation": [90, -43.5, 90],
			"translation": [0, 1.5, -1],
			"scale": [3, 3, 3]
		}
	},
	"groups": [
		0,
		1,
		2,
		3,
		4,
		{
			"name": "octagon",
			"origin": [8, 8, 8],
			"color": 0,
			"children": [5, 6, 7, 8]
		}
	]
}