{
	"credit": "Made with Blockbench",
	"textures": {
		"0": "concrete:weapons/swords/morning_star",
		"particle": "concrete:weapons/swords/morning_star"
	},
	"elements": [
		{
			"from": [7.496, 2.648, 7.496],
			"to": [8.504, 19.952, 8.504],
			"rotation": {"angle": 0, "axis": "y", "origin": [8, 20.3525, 8]},
			"faces": {
				"north": {"uv": [2.5, 0, 5.5, 16], "texture": "#0"},
				"east": {"uv": [2.5, 0, 5.5, 16], "texture": "#0"},
				"south": {"uv": [2.5, 0, 5.5, 16], "texture": "#0"},
				"west": {"uv": [2.5, 0, 5.5, 16], "texture": "#0"},
				"up": {"uv": [0, 0, 1, 1], "texture": "#0"},
				"down": {"uv": [12, 12, 16, 16], "texture": "#0"}
			}
		},
		{
			"from": [7.44, 19.84, 7.44],
			"to": [8.56, 21.24, 8.56],
			"rotation": {"angle": 0, "axis": "y", "origin": [8, 20.3525, 8]},
			"faces": {
				"north": {"uv": [8, 0, 16, 7], "texture": "#0"},
				"east": {"uv": [8, 0, 16, 7], "texture": "#0"},
				"south": {"uv": [8, 0, 16, 7], "texture": "#0"},
				"west": {"uv": [8, 0, 16, 7], "texture": "#0"},
				"up": {"uv": [0, 0, 1, 1], "texture": "#0"},
				"down": {"uv": [0, 0, 1, 1], "texture": "#0"}
			}
		},
		{
			"from": [7.0928, 20.8928, 7.0928],
			"to": [8.9072, 22.7072, 8.9072],
			"rotation": {"angle": 0, "axis": "y", "origin": [8, 21.8, 8]},
			"faces": {
				"north": {"uv": [8, 0, 16, 8], "texture": "#0"},
				"east": {"uv": [8, 0, 16, 8], "texture": "#0"},
				"south": {"uv": [8, 0, 16, 8], "texture": "#0"},
				"west": {"uv": [8, 0, 16, 8], "texture": "#0"},
				"up": {"uv": [8, 0, 16, 8], "texture": "#0"},
				"down": {"uv": [8, 0, 16, 8], "texture": "#0"}
			}
		},
		{
			"from": [7.89549, 21.69549, 6.7398],
			"to": [8.10451, 21.90451, 7.0958],
			"rotation": {"angle": 0, "axis": "y", "origin": [8, 21.8, 6.8678]},
			"faces": {
				"north": {"uv": [8.5, 8.5, 11.5, 11.5], "texture": "#0"},
				"east": {"uv": [8.5, 8.5, 11.5, 11.5], "texture": "#0"},
				"south": {"uv": [0, 0, 1, 1], "texture": "#0"},
				"west": {"uv": [8.5, 8.5, 11.5, 11.5], "texture": "#0"},
				"up": {"uv": [8.5, 8.5, 11.5, 11.5], "texture": "#0"},
				"down": {"uv": [8.5, 8.5, 11.5, 11.5], "texture": "#0"}
			}
		},
		{
			"from": [6.7363, 21.69549, 7.89899],
			"to": [7.0923, 21.90451, 8.10801],
			"rotation": {"angle": 0, "axis": "y", "origin": [8, 21.8, 8.0035]},
			"faces": {
				"north": {"uv": [8.5, 8.5, 11.5, 11.5], "texture": "#0"},
				"east": {"uv": [0, 0, 1, 1], "texture": "#0"},
				"south": {"uv": [8.5, 8.5, 11.5, 11.5], "texture": "#0"},
				"west": {"uv": [8.5, 8.5, 11.5, 11.5], "texture": "#0"},
				"up": {"uv": [8.5, 8.5, 11.5, 11.5], "rotation": 270, "texture": "#0"},
				"down": {"uv": [8.5, 8.5, 11.5, 11.5], "rotation": 90, "texture": "#0"}
			}
		},
		{
			"from": [7.89549, 21.69549, 8.8898],
			"to": [8.10451, 21.90451, 9.2458],
			"rotation": {"angle": 0, "axis": "y", "origin": [8, 21.8, 7.96541]},
			"faces": {
				"north": {"uv": [0, 0, 1, 1], "texture": "#0"},
				"east": {"uv": [8.5, 8.5, 11.5, 11.5], "texture": "#0"},
				"south": {"uv": [8.5, 8.5, 11.5, 11.5], "texture": "#0"},
				"west": {"uv": [8.5, 8.5, 11.5, 11.5], "texture": "#0"},
				"up": {"uv": [8.5, 8.5, 11.5, 11.5], "texture": "#0"},
				"down": {"uv": [8.5, 8.5, 11.5, 11.5], "texture": "#0"}
			}
		},
		{
			"from": [7.89549, 22.67439, 7.8859],
			"to": [8.10451, 23.03039, 8.09492],
			"rotation": {"angle": 0, "axis": "y", "origin": [8, 21.8, 7.96541]},
			"faces": {
				"north": {"uv": [8.5, 8.5, 11.5, 11.5], "rotation": 180, "texture": "#0"},
				"east": {"uv": [8.5, 8.5, 11.5, 11.5], "rotation": 90, "texture": "#0"},
				"south": {"uv": [8.5, 8.5, 11.5, 11.5], "texture": "#0"},
				"west": {"uv": [8.5, 8.5, 11.5, 11.5], "rotation": 270, "texture": "#0"},
				"up": {"uv": [8.5, 8.5, 11.5, 11.5], "texture": "#0"},
				"down": {"uv": [0, 0, 1, 1], "rotation": 180, "texture": "#0"}
			}
		},
		{
			"from": [8.8863, 21.69549, 7.89899],
			"to": [9.2423, 21.90451, 8.10801],
			"rotation": {"angle": 0, "axis": "y", "origin": [8, 21.8, 8.0035]},
			"faces": {
				"north": {"uv": [8.5, 8.5, 11.5, 11.5], "texture": "#0"},
				"east": {"uv": [8.5, 8.5, 11.5, 11.5], "texture": "#0"},
				"south": {"uv": [8.5, 8.5, 11.5, 11.5], "texture": "#0"},
				"west": {"uv": [0, 0, 1, 1], "texture": "#0"},
				"up": {"uv": [8.5, 8.5, 11.5, 11.5], "rotation": 270, "texture": "#0"},
				"down": {"uv": [8.5, 8.5, 11.5, 11.5], "rotation": 90, "texture": "#0"}
			}
		},
		{
			"from": [7.9143, 22.4143, 6.83521],
			"to": [8.0857, 22.5857, 7.12713],
			"rotation": {"angle": 0, "axis": "y", "origin": [8, 22.5, 6.94017]},
			"faces": {
				"north": {"uv": [8.5, 8.5, 11.5, 11.5], "texture": "#0"},
				"east": {"uv": [8.5, 8.5, 11.5, 11.5], "texture": "#0"},
				"south": {"uv": [0, 0, 1, 1], "texture": "#0"},
				"west": {"uv": [8.5, 8.5, 11.5, 11.5], "texture": "#0"},
				"up": {"uv": [8.5, 8.5, 11.5, 11.5], "texture": "#0"},
				"down": {"uv": [8.5, 8.5, 11.5, 11.5], "texture": "#0"}
			}
		},
		{
			"from": [6.83171, 22.4143, 7.9178],
			"to": [7.12363, 22.5857, 8.08919],
			"rotation": {"angle": 0, "axis": "y", "origin": [8, 21.8, 8.0035]},
			"faces": {
				"north": {"uv": [8.5, 8.5, 11.5, 11.5], "texture": "#0"},
				"east": {"uv": [0, 0, 1, 1], "texture": "#0"},
				"south": {"uv": [8.5, 8.5, 11.5, 11.5], "texture": "#0"},
				"west": {"uv": [8.5, 8.5, 11.5, 11.5], "texture": "#0"},
				"up": {"uv": [8.5, 8.5, 11.5, 11.5], "rotation": 270, "texture": "#0"},
				"down": {"uv": [8.5, 8.5, 11.5, 11.5], "rotation": 90, "texture": "#0"}
			}
		},
		{
			"from": [7.9143, 22.4143, 8.88521],
			"to": [8.0857, 22.5857, 9.17713],
			"rotation": {"angle": 0, "axis": "y", "origin": [8, 21.8, 7.96541]},
			"faces": {
				"north": {"uv": [0, 0, 1, 1], "texture": "#0"},
				"east": {"uv": [8.5, 8.5, 11.5, 11.5], "texture": "#0"},
				"south": {"uv": [8.5, 8.5, 11.5, 11.5], "texture": "#0"},
				"west": {"uv": [8.5, 8.5, 11.5, 11.5], "texture": "#0"},
				"up": {"uv": [8.5, 8.5, 11.5, 11.5], "texture": "#0"},
				"down": {"uv": [8.5, 8.5, 11.5, 11.5], "texture": "#0"}
			}
		},
		{
			"from": [7.9143, 22.6698, 7.20472],
			"to": [8.0857, 22.96172, 7.37611],
			"rotation": {"angle": 0, "axis": "y", "origin": [8, 21.8, 7.96541]},
			"faces": {
				"north": {"uv": [8.5, 8.5, 11.5, 11.5], "rotation": 180, "texture": "#0"},
				"east": {"uv": [8.5, 8.5, 11.5, 11.5], "rotation": 90, "texture": "#0"},
				"south": {"uv": [8.5, 8.5, 11.5, 11.5], "texture": "#0"},
				"west": {"uv": [8.5, 8.5, 11.5, 11.5], "rotation": 270, "texture": "#0"},
				"up": {"uv": [8.5, 8.5, 11.5, 11.5], "texture": "#0"},
				"down": {"uv": [0, 0, 1, 1], "rotation": 180, "texture": "#0"}
			}
		},
		{
			"from": [8.88171, 22.4143, 7.9178],
			"to": [9.17363, 22.5857, 8.08919],
			"rotation": {"angle": 0, "axis": "y", "origin": [8, 21.8, 8.0035]},
			"faces": {
				"north": {"uv": [8.5, 8.5, 11.5, 11.5], "texture": "#0"},
				"east": {"uv": [8.5, 8.5, 11.5, 11.5], "texture": "#0"},
				"south": {"uv": [8.5, 8.5, 11.5, 11.5], "texture": "#0"},
				"west": {"uv": [0, 0, 1, 1], "texture": "#0"},
				"up": {"uv": [8.5, 8.5, 11.5, 11.5], "rotation": 270, "texture": "#0"},
				"down": {"uv": [8.5, 8.5, 11.5, 11.5], "rotation": 90, "texture": "#0"}
			}
		},
		{
			"from": [7.2143, 21.7143, 6.83521],
			"to": [7.3857, 21.8857, 7.12713],
			"rotation": {"angle": 0, "axis": "y", "origin": [8, 21.8, 6.81431]},
			"faces": {
				"north": {"uv": [8.5, 8.5, 11.5, 11.5], "rotation": 90, "texture": "#0"},
				"east": {"uv": [8.5, 8.5, 11.5, 11.5], "rotation": 270, "texture": "#0"},
				"south": {"uv": [0, 0, 1, 1], "rotation": 270, "texture": "#0"},
				"west": {"uv": [8.5, 8.5, 11.5, 11.5], "rotation": 270, "texture": "#0"},
				"up": {"uv": [8.5, 8.5, 11.5, 11.5], "rotation": 270, "texture": "#0"},
				"down": {"uv": [8.5, 8.5, 11.5, 11.5], "rotation": 270, "texture": "#0"}
			}
		},
		{
			"from": [6.83171, 21.7143, 8.6178],
			"to": [7.12363, 21.8857, 8.78919],
			"rotation": {"angle": 0, "axis": "y", "origin": [8, 21.8, 8.0035]},
			"faces": {
				"north": {"uv": [8.5, 8.5, 11.5, 11.5], "rotation": 270, "texture": "#0"},
				"east": {"uv": [0, 0, 1, 1], "rotation": 270, "texture": "#0"},
				"south": {"uv": [8.5, 8.5, 11.5, 11.5], "rotation": 270, "texture": "#0"},
				"west": {"uv": [8.5, 8.5, 11.5, 11.5], "texture": "#0"},
				"up": {"uv": [8.5, 8.5, 11.5, 11.5], "rotation": 180, "texture": "#0"},
				"down": {"uv": [8.5, 8.5, 11.5, 11.5], "texture": "#0"}
			}
		},
		{
			"from": [7.2143, 21.7143, 8.88521],
			"to": [7.3857, 21.8857, 9.17713],
			"rotation": {"angle": 0, "axis": "y", "origin": [8, 21.8, 7.96541]},
			"faces": {
				"north": {"uv": [0, 0, 1, 1], "rotation": 90, "texture": "#0"},
				"east": {"uv": [8.5, 8.5, 11.5, 11.5], "rotation": 270, "texture": "#0"},
				"south": {"uv": [8.5, 8.5, 11.5, 11.5], "rotation": 270, "texture": "#0"},
				"west": {"uv": [8.5, 8.5, 11.5, 11.5], "rotation": 270, "texture": "#0"},
				"up": {"uv": [8.5, 8.5, 11.5, 11.5], "rotation": 270, "texture": "#0"},
				"down": {"uv": [8.5, 8.5, 11.5, 11.5], "rotation": 270, "texture": "#0"}
			}
		},
		{
			"from": [7.2143, 22.6698, 7.90472],
			"to": [7.3857, 22.96172, 8.07611],
			"rotation": {"angle": 0, "axis": "y", "origin": [8, 21.8, 7.96541]},
			"faces": {
				"north": {"uv": [8.5, 8.5, 11.5, 11.5], "rotation": 90, "texture": "#0"},
				"east": {"uv": [8.5, 8.5, 11.5, 11.5], "texture": "#0"},
				"south": {"uv": [8.5, 8.5, 11.5, 11.5], "rotation": 270, "texture": "#0"},
				"west": {"uv": [8.5, 8.5, 11.5, 11.5], "rotation": 180, "texture": "#0"},
				"up": {"uv": [8.5, 8.5, 11.5, 11.5], "rotation": 270, "texture": "#0"},
				"down": {"uv": [0, 0, 1, 1], "rotation": 270, "texture": "#0"}
			}
		},
		{
			"from": [8.88171, 21.7143, 8.6178],
			"to": [9.17363, 21.8857, 8.78919],
			"rotation": {"angle": 0, "axis": "y", "origin": [8, 21.8, 8.0035]},
			"faces": {
				"north": {"uv": [8.5, 8.5, 11.5, 11.5], "rotation": 270, "texture": "#0"},
				"east": {"uv": [8.5, 8.5, 11.5, 11.5], "rotation": 270, "texture": "#0"},
				"south": {"uv": [8.5, 8.5, 11.5, 11.5], "rotation": 270, "texture": "#0"},
				"west": {"uv": [0, 0, 1, 1], "rotation": 90, "texture": "#0"},
				"up": {"uv": [8.5, 8.5, 11.5, 11.5], "rotation": 180, "texture": "#0"},
				"down": {"uv": [8.5, 8.5, 11.5, 11.5], "texture": "#0"}
			}
		},
		{
			"from": [7.9143, 21.0143, 6.83521],
			"to": [8.0857, 21.1857, 7.12713],
			"rotation": {"angle": 0, "axis": "y", "origin": [8, 21.1, 6.94017]},
			"faces": {
				"north": {"uv": [8.5, 8.5, 11.5, 11.5], "texture": "#0"},
				"east": {"uv": [8.5, 8.5, 11.5, 11.5], "texture": "#0"},
				"south": {"uv": [0, 0, 1, 1], "texture": "#0"},
				"west": {"uv": [8.5, 8.5, 11.5, 11.5], "texture": "#0"},
				"up": {"uv": [8.5, 8.5, 11.5, 11.5], "texture": "#0"},
				"down": {"uv": [8.5, 8.5, 11.5, 11.5], "texture": "#0"}
			}
		},
		{
			"from": [6.83171, 21.0143, 7.9178],
			"to": [7.12363, 21.1857, 8.08919],
			"rotation": {"angle": 0, "axis": "y", "origin": [8, 21.8, 8.0035]},
			"faces": {
				"north": {"uv": [8.5, 8.5, 11.5, 11.5], "texture": "#0"},
				"east": {"uv": [0, 0, 1, 1], "texture": "#0"},
				"south": {"uv": [8.5, 8.5, 11.5, 11.5], "texture": "#0"},
				"west": {"uv": [8.5, 8.5, 11.5, 11.5], "texture": "#0"},
				"up": {"uv": [8.5, 8.5, 11.5, 11.5], "rotation": 270, "texture": "#0"},
				"down": {"uv": [8.5, 8.5, 11.5, 11.5], "rotation": 90, "texture": "#0"}
			}
		},
		{
			"from": [7.9143, 21.0143, 8.88521],
			"to": [8.0857, 21.1857, 9.17713],
			"rotation": {"angle": 0, "axis": "y", "origin": [8, 21.8, 7.96541]},
			"faces": {
				"north": {"uv": [0, 0, 1, 1], "texture": "#0"},
				"east": {"uv": [8.5, 8.5, 11.5, 11.5], "texture": "#0"},
				"south": {"uv": [8.5, 8.5, 11.5, 11.5], "texture": "#0"},
				"west": {"uv": [8.5, 8.5, 11.5, 11.5], "texture": "#0"},
				"up": {"uv": [8.5, 8.5, 11.5, 11.5], "texture": "#0"},
				"down": {"uv": [8.5, 8.5, 11.5, 11.5], "texture": "#0"}
			}
		},
		{
			"from": [7.9143, 22.6698, 8.60472],
			"to": [8.0857, 22.96172, 8.77611],
			"rotation": {"angle": 0, "axis": "y", "origin": [8, 21.8, 7.96541]},
			"faces": {
				"north": {"uv": [8.5, 8.5, 11.5, 11.5], "rotation": 180, "texture": "#0"},
				"east": {"uv": [8.5, 8.5, 11.5, 11.5], "rotation": 90, "texture": "#0"},
				"south": {"uv": [8.5, 8.5, 11.5, 11.5], "texture": "#0"},
				"west": {"uv": [8.5, 8.5, 11.5, 11.5], "rotation": 270, "texture": "#0"},
				"up": {"uv": [8.5, 8.5, 11.5, 11.5], "texture": "#0"},
				"down": {"uv": [0, 0, 1, 1], "rotation": 180, "texture": "#0"}
			}
		},
		{
			"from": [8.88171, 21.0143, 7.9178],
			"to": [9.17363, 21.1857, 8.08919],
			"rotation": {"angle": 0, "axis": "y", "origin": [8, 21.8, 8.0035]},
			"faces": {
				"north": {"uv": [8.5, 8.5, 11.5, 11.5], "texture": "#0"},
				"east": {"uv": [8.5, 8.5, 11.5, 11.5], "texture": "#0"},
				"south": {"uv": [8.5, 8.5, 11.5, 11.5], "texture": "#0"},
				"west": {"uv": [0, 0, 1, 1], "texture": "#0"},
				"up": {"uv": [8.5, 8.5, 11.5, 11.5], "rotation": 270, "texture": "#0"},
				"down": {"uv": [8.5, 8.5, 11.5, 11.5], "rotation": 90, "texture": "#0"}
			}
		},
		{
			"from": [8.6143, 21.7143, 6.83521],
			"to": [8.7857, 21.8857, 7.12713],
			"rotation": {"angle": 0, "axis": "y", "origin": [8, 21.8, 6.81431]},
			"faces": {
				"north": {"uv": [8.5, 8.5, 11.5, 11.5], "rotation": 90, "texture": "#0"},
				"east": {"uv": [8.5, 8.5, 11.5, 11.5], "rotation": 270, "texture": "#0"},
				"south": {"uv": [0, 0, 1, 1], "rotation": 270, "texture": "#0"},
				"west": {"uv": [8.5, 8.5, 11.5, 11.5], "rotation": 270, "texture": "#0"},
				"up": {"uv": [8.5, 8.5, 11.5, 11.5], "rotation": 270, "texture": "#0"},
				"down": {"uv": [8.5, 8.5, 11.5, 11.5], "rotation": 270, "texture": "#0"}
			}
		},
		{
			"from": [6.83171, 21.7143, 7.2178],
			"to": [7.12363, 21.8857, 7.38919],
			"rotation": {"angle": 0, "axis": "y", "origin": [8, 21.8, 8.0035]},
			"faces": {
				"north": {"uv": [8.5, 8.5, 11.5, 11.5], "rotation": 270, "texture": "#0"},
				"east": {"uv": [0, 0, 1, 1], "rotation": 270, "texture": "#0"},
				"south": {"uv": [8.5, 8.5, 11.5, 11.5], "rotation": 270, "texture": "#0"},
				"west": {"uv": [8.5, 8.5, 11.5, 11.5], "texture": "#0"},
				"up": {"uv": [8.5, 8.5, 11.5, 11.5], "rotation": 180, "texture": "#0"},
				"down": {"uv": [8.5, 8.5, 11.5, 11.5], "texture": "#0"}
			}
		},
		{
			"from": [8.6143, 21.7143, 8.88521],
			"to": [8.7857, 21.8857, 9.17713],
			"rotation": {"angle": 0, "axis": "y", "origin": [8, 21.8, 7.96541]},
			"faces": {
				"north": {"uv": [0, 0, 1, 1], "rotation": 90, "texture": "#0"},
				"east": {"uv": [8.5, 8.5, 11.5, 11.5], "rotation": 270, "texture": "#0"},
				"south": {"uv": [8.5, 8.5, 11.5, 11.5], "rotation": 270, "texture": "#0"},
				"west": {"uv": [8.5, 8.5, 11.5, 11.5], "rotation": 270, "texture": "#0"},
				"up": {"uv": [8.5, 8.5, 11.5, 11.5], "rotation": 270, "texture": "#0"},
				"down": {"uv": [8.5, 8.5, 11.5, 11.5], "rotation": 270, "texture": "#0"}
			}
		},
		{
			"from": [8.6143, 22.6698, 7.90472],
			"to": [8.7857, 22.96172, 8.07611],
			"rotation": {"angle": 0, "axis": "y", "origin": [8, 21.8, 7.96541]},
			"faces": {
				"north": {"uv": [8.5, 8.5, 11.5, 11.5], "rotation": 90, "texture": "#0"},
				"east": {"uv": [8.5, 8.5, 11.5, 11.5], "texture": "#0"},
				"south": {"uv": [8.5, 8.5, 11.5, 11.5], "rotation": 270, "texture": "#0"},
				"west": {"uv": [8.5, 8.5, 11.5, 11.5], "rotation": 180, "texture": "#0"},
				"up": {"uv": [8.5, 8.5, 11.5, 11.5], "rotation": 270, "texture": "#0"},
				"down": {"uv": [0, 0, 1, 1], "rotation": 270, "texture": "#0"}
			}
		},
		{
			"from": [8.88171, 21.7143, 7.2178],
			"to": [9.17363, 21.8857, 7.38919],
			"rotation": {"angle": 0, "axis": "y", "origin": [8, 21.8, 8.0035]},
			"faces": {
				"north": {"uv": [8.5, 8.5, 11.5, 11.5], "rotation": 270, "texture": "#0"},
				"east": {"uv": [8.5, 8.5, 11.5, 11.5], "rotation": 270, "texture": "#0"},
				"south": {"uv": [8.5, 8.5, 11.5, 11.5], "rotation": 270, "texture": "#0"},
				"west": {"uv": [0, 0, 1, 1], "rotation": 90, "texture": "#0"},
				"up": {"uv": [8.5, 8.5, 11.5, 11.5], "rotation": 180, "texture": "#0"},
				"down": {"uv": [8.5, 8.5, 11.5, 11.5], "texture": "#0"}
			}
		},
		{
			"from": [7.3616, 19.7168, 7.3616],
			"to": [8.6384, 19.8732, 8.6384],
			"rotation": {"angle": 0, "axis": "y", "origin": [8, 19.795, 8]},
			"faces": {
				"north": {"uv": [8, 8, 12, 8.5], "texture": "#0"},
				"east": {"uv": [8, 8, 12, 8.5], "texture": "#0"},
				"south": {"uv": [8, 8, 12, 8.5], "texture": "#0"},
				"west": {"uv": [8, 8, 12, 8.5], "texture": "#0"},
				"up": {"uv": [8, 8, 12, 12], "texture": "#0"},
				"down": {"uv": [8, 8, 12, 12], "texture": "#0"}
			}
		}
	],
	"display": {
		"thirdperson_righthand": {
			"translation": [0, 0, 0.75]
		},
		"thirdperson_lefthand": {
			"translation": [0, 0, 0.75]
		},
		"firstperson_righthand": {
			"rotation": [0, 0, 12]
		},
		"firstperson_lefthand": {
			"rotation": [0, 0, 12]
		},
		"ground": {
			"rotation": [-18, 0, 0],
			"translation": [0, 1.25, 0]
		},
		"gui": {
			"rotation": [2, -22, -45],
			"translation": [-2.75, -3.5, 0]
		},
		"fixed": {
			"rotation": [0, 0, 45],
			"translation": [3.5, -3.75, 0],
			"scale": [2, 2, 2]
		}
	}
}