{
	"credit": "Made with Blockbench",
	"textures": {
		"0": "concrete:weapons/swords/quarterstaff_grip",
		"1": "concrete:weapons/swords/quarterstaff_connector",
		"2": "concrete:weapons/swords/quarterstaff_long",
		"particle": "concrete:weapons/swords/quarterstaff_grip"
	},
	"elements": [
		{
			"from": [8.0625, 7, 8.0625],
			"to": [8.9375, 14, 8.9375],
			"rotation": {"angle": 0, "axis": "y", "origin": [0.5, 0.5, 0.5]},
			"faces": {
				"north": {"uv": [0, 0, 2, 14], "texture": "#0"},
				"east": {"uv": [2, 0, 4, 14], "texture": "#0"},
				"south": {"uv": [4, 0, 6, 14], "texture": "#0"},
				"west": {"uv": [6, 0, 8, 14], "texture": "#0"},
				"up": {"uv": [10, 2, 8, 0], "texture": "#0"},
				"down": {"uv": [10, 2, 8, 4], "texture": "#0"}
			}
		},
		{
			"from": [8, 14, 8],
			"to": [9, 21, 9],
			"rotation": {"angle": 0, "axis": "y", "origin": [0.5, 0.5, 0.5]},
			"faces": {
				"north": {"uv": [0, 0, 1, 7], "texture": "#2"},
				"east": {"uv": [1, 0, 2, 7], "texture": "#2"},
				"south": {"uv": [2, 0, 3, 7], "texture": "#2"},
				"west": {"uv": [3, 0, 4, 7], "texture": "#2"},
				"up": {"uv": [10, 5, 9, 4], "texture": "#2"},
				"down": {"uv": [6, 9, 5, 10], "texture": "#2"}
			}
		},
		{
			"from": [8, 0, 8],
			"to": [9, 7, 9],
			"rotation": {"angle": 0, "axis": "y", "origin": [0.5, 0.5, 0.5]},
			"faces": {
				"north": {"uv": [4, 0, 5, 7], "texture": "#2"},
				"east": {"uv": [5, 0, 6, 7], "texture": "#2"},
				"south": {"uv": [6, 0, 7, 7], "texture": "#2"},
				"west": {"uv": [0, 7, 1, 14], "texture": "#2"},
				"up": {"uv": [10, 6, 9, 5], "texture": "#2"},
				"down": {"uv": [7, 9, 6, 10], "texture": "#2"}
			}
		},
		{
			"from": [7.9375, 20.0625, 7.9375],
			"to": [9.0625, 20.4375, 9.0625],
			"faces": {
				"north": {"uv": [9, 6, 10.25, 6.5], "texture": "#2"},
				"east": {"uv": [9, 7, 10.25, 7.5], "texture": "#2"},
				"south": {"uv": [9, 8, 10.25, 8.5], "texture": "#2"},
				"west": {"uv": [9, 9, 10.25, 9.5], "texture": "#2"},
				"up": {"uv": [8.25, 1.25, 7, 0], "texture": "#2"},
				"down": {"uv": [2.25, 7, 1, 8.25], "texture": "#2"}
			}
		},
		{
			"from": [7.9375, 19.0625, 7.9375],
			"to": [9.0625, 19.4375, 9.0625],
			"faces": {
				"north": {"uv": [10, 4, 11.25, 4.5], "texture": "#2"},
				"east": {"uv": [5, 10, 6.25, 10.5], "texture": "#2"},
				"south": {"uv": [10, 5, 11.25, 5.5], "texture": "#2"},
				"west": {"uv": [7, 10, 8.25, 10.5], "texture": "#2"},
				"up": {"uv": [8.25, 3.25, 7, 2], "texture": "#2"},
				"down": {"uv": [4.25, 7, 3, 8.25], "texture": "#2"}
			}
		},
		{
			"from": [7.9375, 18.0625, 7.9375],
			"to": [9.0625, 18.4375, 9.0625],
			"faces": {
				"north": {"uv": [9, 10, 10.25, 10.5], "texture": "#2"},
				"east": {"uv": [11, 0, 12.25, 0.5], "texture": "#2"},
				"south": {"uv": [1, 11, 2.25, 11.5], "texture": "#2"},
				"west": {"uv": [11, 1, 12.25, 1.5], "texture": "#2"},
				"up": {"uv": [8.25, 5.25, 7, 4], "texture": "#2"},
				"down": {"uv": [6.25, 7, 5, 8.25], "texture": "#2"}
			}
		},
		{
			"from": [7.9375, 0.625, 7.9375],
			"to": [9.0625, 1, 9.0625],
			"faces": {
				"north": {"uv": [11, 2, 12.25, 2.5], "texture": "#2"},
				"east": {"uv": [3, 11, 4.25, 11.5], "texture": "#2"},
				"south": {"uv": [11, 3, 12.25, 3.5], "texture": "#2"},
				"west": {"uv": [5, 11, 6.25, 11.5], "texture": "#2"},
				"up": {"uv": [8.25, 7.25, 7, 6], "texture": "#2"},
				"down": {"uv": [8.25, 8, 7, 9.25], "texture": "#2"}
			}
		},
		{
			"from": [7.9375, 1.625, 7.9375],
			"to": [9.0625, 2, 9.0625],
			"faces": {
				"north": {"uv": [11, 6, 12.25, 6.5], "texture": "#2"},
				"east": {"uv": [7, 11, 8.25, 11.5], "texture": "#2"},
				"south": {"uv": [11, 7, 12.25, 7.5], "texture": "#2"},
				"west": {"uv": [11, 8, 12.25, 8.5], "texture": "#2"},
				"up": {"uv": [10.25, 1.25, 9, 0], "texture": "#2"},
				"down": {"uv": [2.25, 9, 1, 10.25], "texture": "#2"}
			}
		},
		{
			"from": [7.9375, 2.625, 7.9375],
			"to": [9.0625, 3, 9.0625],
			"faces": {
				"north": {"uv": [9, 11, 10.25, 11.5], "texture": "#2"},
				"east": {"uv": [11, 9, 12.25, 9.5], "texture": "#2"},
				"south": {"uv": [11, 10, 12.25, 10.5], "texture": "#2"},
				"west": {"uv": [11, 11, 12.25, 11.5], "texture": "#2"},
				"up": {"uv": [10.25, 3.25, 9, 2], "texture": "#2"},
				"down": {"uv": [4.25, 9, 3, 10.25], "texture": "#2"}
			}
		},
		{
			"from": [7.875, 6.4375, 7.875],
			"to": [9.125, 7.4375, 9.125],
			"faces": {
				"north": {"uv": [0, 8, 2.5, 10], "texture": "#1"},
				"east": {"uv": [8, 0, 10.5, 2], "texture": "#1"},
				"south": {"uv": [8, 2, 10.5, 4], "texture": "#1"},
				"west": {"uv": [4, 8, 6.5, 10], "texture": "#1"},
				"up": {"uv": [2.5, 2.5, 0, 0], "texture": "#1"},
				"down": {"uv": [2.5, 4, 0, 6.5], "texture": "#1"}
			}
		},
		{
			"from": [7.875, 13.4375, 7.875],
			"to": [9.125, 14.4375, 9.125],
			"faces": {
				"north": {"uv": [8, 4, 10.5, 6], "texture": "#1"},
				"east": {"uv": [8, 6, 10.5, 8], "texture": "#1"},
				"south": {"uv": [8, 8, 10.5, 10], "texture": "#1"},
				"west": {"uv": [0, 10, 2.5, 12], "texture": "#1"},
				"up": {"uv": [6.5, 2.5, 4, 0], "texture": "#1"},
				"down": {"uv": [6.5, 4, 4, 6.5], "texture": "#1"}
			}
		}
	],
	"display": {
		"thirdperson_righthand": {
			"translation": [0, -5, 0],
			"scale": [1, 1.76, 1]
		},
		"thirdperson_lefthand": {
			"translation": [0, -5, 0],
			"scale": [1, 1.76, 1]
		},
		"firstperson_righthand": {
			"rotation": [-9, 0, 0],
			"translation": [7.75, -2, -6],
			"scale": [1, 1.96, 1]
		},
		"firstperson_lefthand": {
			"rotation": [-9, 0, 0],
			"translation": [7.75, -2, -6],
			"scale": [1, 1.96, 1]
		},
		"ground": {
			"rotation": [18, 0, 0],
			"translation": [0, 9.25, 0],
			"scale": [1, 1.49, 1]
		},
		"gui": {
			"rotation": [0, 0, -42],
			"translation": [-1.75, -1.5, 0],
			"scale": [0.93, 0.94, 1]
		},
		"fixed": {
			"rotation": [0, 0, 46],
			"translation": [2.25, -3.5, -2.25],
			"scale": [1.45, 1.92, 1.41]
		}
	},
	"groups": [
		{
			"name": "grip",
			"origin": [8, 8, 8],
			"color": 0,
			"children": [0]
		},
		{
			"name": "long",
			"origin": [8, 8, 8],
			"color": 0,
			"children": [1, 2, 3, 4, 5, 6, 7, 8]
		},
		{
			"name": "connector",
			"origin": [8, 8, 8],
			"color": 0,
			"children": [9, 10]
		}
	]
}