{
	"credit": "Made with Blockbench",
	"textures": {
		"2": "concrete:weapons/swords/blade_iron_lsword_2",
		"3": "concrete:weapons/swords/spadone",
		"4": "concrete:weapons/swords/spadone_tip",
		"particle": "concrete:weapons/swords/blade_iron_lsword_2"
	},
	"elements": [
		{
			"from": [7.5, -8.55, 7.875],
			"to": [8.125, 28.05, 8.125],
			"rotation": {"angle": 0, "axis": "y", "origin": [8, 25.775, 8.025]},
			"faces": {
				"north": {"uv": [15.5, 16, 14.5, 2.5], "rotation": 180, "texture": "#3"},
				"east": {"uv": [13.5, 16, 14, 2.5], "rotation": 180, "texture": "#3"},
				"south": {"uv": [14.5, 16, 15.5, 2.5], "rotation": 180, "texture": "#3"},
				"west": {"uv": [15.5, 16, 16, 2.5], "rotation": 180, "texture": "#3"},
				"up": {"uv": [9.5, 13.25, 10.25, 13.75], "texture": "#4"},
				"down": {"uv": [11, 15.5, 13.5, 16], "texture": "#3"}
			}
		},
		{
			"from": [7.055, -12.7886, 7.64],
			"to": [8.555, -8.56366, 8.335],
			"rotation": {"angle": 0, "axis": "y", "origin": [8.14, 11.9198, 8.24]},
			"faces": {
				"north": {"uv": [5.75, 13.25, 6.75, 14.75], "texture": "#2"},
				"east": {"uv": [5.75, 13.25, 6.75, 14.75], "texture": "#2"},
				"south": {"uv": [5.75, 13.25, 6.75, 14.75], "texture": "#2"},
				"west": {"uv": [5.75, 13.25, 6.75, 14.75], "texture": "#2"},
				"up": {"uv": [5.75, 13.25, 6.75, 14.75], "texture": "#2"},
				"down": {"uv": [5.75, 13.25, 6.75, 14.75], "texture": "#2"}
			}
		},
		{
			"from": [6.955, -8.7886, 7.54],
			"to": [8.655, -7.56366, 8.435],
			"rotation": {"angle": 0, "axis": "y", "origin": [8.14, 11.9198, 8.24]},
			"faces": {
				"north": {"uv": [3.5, 11, 4.5, 11.5], "texture": "#3"},
				"east": {"uv": [3.5, 11, 4.5, 11.5], "texture": "#3"},
				"south": {"uv": [3.5, 11, 4.5, 11.5], "texture": "#3"},
				"west": {"uv": [3.5, 11, 4.5, 11.5], "texture": "#3"},
				"up": {"uv": [3.5, 11, 4.5, 11.5], "texture": "#3"},
				"down": {"uv": [3.5, 11, 4.5, 11.5], "texture": "#3"}
			}
		},
		{
			"from": [11.055, -9.2886, 7.74],
			"to": [11.655, -8.06366, 8.24],
			"rotation": {"angle": 22.5, "axis": "z", "origin": [11.355, -10.17613, 7.99]},
			"faces": {
				"north": {"uv": [4.5, 11.5, 5, 16], "texture": "#3"},
				"east": {"uv": [4.5, 11.5, 5, 16], "texture": "#3"},
				"south": {"uv": [4.5, 11.5, 5, 16], "texture": "#3"},
				"west": {"uv": [4.5, 11.5, 5, 16], "texture": "#3"},
				"up": {"uv": [4.5, 11.5, 5, 16], "texture": "#3"},
				"down": {"uv": [4.5, 11.5, 5, 16], "texture": "#3"}
			}
		},
		{
			"from": [10.69252, -12.46629, 7.69],
			"to": [11.29252, -9.24135, 8.29],
			"rotation": {"angle": 0, "axis": "y", "origin": [10.99252, -9.35382, 7.99]},
			"faces": {
				"north": {"uv": [4.5, 11.5, 5, 16], "texture": "#3"},
				"east": {"uv": [4.5, 11.5, 5, 16], "texture": "#3"},
				"south": {"uv": [4.5, 11.5, 5, 16], "texture": "#3"},
				"west": {"uv": [4.5, 11.5, 5, 16], "texture": "#3"},
				"up": {"uv": [4.5, 11.5, 5, 16], "texture": "#3"},
				"down": {"uv": [4.5, 11.5, 5, 16], "texture": "#3"}
			}
		},
		{
			"from": [10.70086, -14.44616, 7.69],
			"to": [11.30086, -12.22122, 8.29],
			"rotation": {"angle": -45, "axis": "z", "origin": [11.00086, -12.33369, 7.99]},
			"faces": {
				"north": {"uv": [4.5, 11.5, 5, 16], "texture": "#3"},
				"east": {"uv": [4.5, 11.5, 5, 16], "texture": "#3"},
				"south": {"uv": [4.5, 11.5, 5, 16], "texture": "#3"},
				"west": {"uv": [4.5, 11.5, 5, 16], "texture": "#3"},
				"up": {"uv": [4.5, 11.5, 5, 16], "texture": "#3"},
				"down": {"uv": [4.5, 11.5, 5, 16], "texture": "#3"}
			}
		},
		{
			"from": [7.49431, -14.03956, 7.69],
			"to": [9.71925, -13.43956, 8.29],
			"rotation": {"angle": 0, "axis": "y", "origin": [9.60678, -13.73956, 7.99]},
			"faces": {
				"north": {"uv": [4.5, 11.5, 5, 16], "rotation": 270, "texture": "#3"},
				"east": {"uv": [4.5, 11.5, 5, 16], "rotation": 90, "texture": "#3"},
				"south": {"uv": [4.5, 11.5, 5, 16], "rotation": 90, "texture": "#3"},
				"west": {"uv": [4.5, 11.5, 5, 16], "rotation": 90, "texture": "#3"},
				"up": {"uv": [4.5, 11.5, 5, 16], "rotation": 90, "texture": "#3"},
				"down": {"uv": [4.5, 11.5, 5, 16], "rotation": 90, "texture": "#3"}
			}
		},
		{
			"from": [7.065, -13.7886, 7.69],
			"to": [7.735, -12.56366, 8.285],
			"rotation": {"angle": 22.5, "axis": "z", "origin": [7.4, -12.67613, 7.9875]},
			"faces": {
				"north": {"uv": [7.25, 13.5, 7.75, 15.5], "texture": "#2"},
				"east": {"uv": [7.25, 13.5, 7.75, 15.5], "texture": "#2"},
				"south": {"uv": [7.25, 13.5, 7.75, 15.5], "texture": "#2"},
				"west": {"uv": [7.25, 13.5, 7.75, 15.5], "texture": "#2"},
				"up": {"uv": [7.25, 13.5, 7.75, 15.5], "texture": "#2"},
				"down": {"uv": [7.25, 13.5, 7.75, 15.5], "texture": "#2"}
			}
		},
		{
			"from": [7.065, -8.7886, 7.69],
			"to": [7.735, -7.56366, 8.285],
			"rotation": {"angle": -22.5, "axis": "z", "origin": [7.4, -8.67613, 7.9875]},
			"faces": {
				"north": {"uv": [7.25, 13.5, 7.75, 15.5], "texture": "#2"},
				"east": {"uv": [7.25, 13.5, 7.75, 15.5], "texture": "#2"},
				"south": {"uv": [7.25, 13.5, 7.75, 15.5], "texture": "#2"},
				"west": {"uv": [7.25, 13.5, 7.75, 15.5], "texture": "#2"},
				"up": {"uv": [7.25, 13.5, 7.75, 15.5], "texture": "#2"},
				"down": {"uv": [7.25, 13.5, 7.75, 15.5], "texture": "#2"}
			}
		},
		{
			"from": [7.865, -13.7886, 7.69],
			"to": [8.535, -12.56366, 8.285],
			"rotation": {"angle": -22.5, "axis": "z", "origin": [8.2, -12.67613, 7.9875]},
			"faces": {
				"north": {"uv": [7.25, 13.5, 7.75, 15.5], "texture": "#2"},
				"east": {"uv": [7.25, 13.5, 7.75, 15.5], "texture": "#2"},
				"south": {"uv": [7.25, 13.5, 7.75, 15.5], "texture": "#2"},
				"west": {"uv": [7.25, 13.5, 7.75, 15.5], "texture": "#2"},
				"up": {"uv": [7.25, 13.5, 7.75, 15.5], "texture": "#2"},
				"down": {"uv": [7.25, 13.5, 7.75, 15.5], "texture": "#2"}
			}
		},
		{
			"from": [7.865, -8.7886, 7.69],
			"to": [8.535, -7.56366, 8.285],
			"rotation": {"angle": 22.5, "axis": "z", "origin": [8.2, -8.67613, 7.9875]},
			"faces": {
				"north": {"uv": [7.25, 13.5, 7.75, 15.5], "texture": "#2"},
				"east": {"uv": [7.25, 13.5, 7.75, 15.5], "texture": "#2"},
				"south": {"uv": [7.25, 13.5, 7.75, 15.5], "texture": "#2"},
				"west": {"uv": [7.25, 13.5, 7.75, 15.5], "texture": "#2"},
				"up": {"uv": [7.25, 13.5, 7.75, 15.5], "texture": "#2"},
				"down": {"uv": [7.25, 13.5, 7.75, 15.5], "texture": "#2"}
			}
		},
		{
			"from": [4.465, -8.5186, 7.69],
			"to": [11.135, -7.8486, 8.285],
			"rotation": {"angle": 0, "axis": "y", "origin": [8.14, 11.9198, 8.24]},
			"faces": {
				"north": {"uv": [5.5, 11.5, 6, 16], "texture": "#3"},
				"east": {"uv": [5.5, 11.5, 6, 16], "texture": "#3"},
				"south": {"uv": [5.5, 11.5, 6, 16], "texture": "#3"},
				"west": {"uv": [5.5, 11.5, 6, 16], "texture": "#3"},
				"up": {"uv": [5.5, 11.5, 6, 16], "texture": "#3"},
				"down": {"uv": [5.5, 11.5, 6, 16], "texture": "#3"}
			}
		},
		{
			"from": [10.94324, -8.22456, 7.69],
			"to": [11.61324, -7.55456, 8.285],
			"rotation": {"angle": 22.5, "axis": "z", "origin": [11.77824, -7.88956, 7.9875]},
			"faces": {
				"north": {"uv": [6.5, 13, 7, 14.5], "texture": "#3"},
				"east": {"uv": [6.5, 13, 7, 14.5], "texture": "#3"},
				"south": {"uv": [6.5, 13, 7, 14.5], "texture": "#3"},
				"west": {"uv": [6.5, 13, 7, 14.5], "texture": "#3"},
				"up": {"uv": [6.5, 13, 7, 14.5], "texture": "#3"},
				"down": {"uv": [6.5, 13, 7, 14.5], "texture": "#3"}
			}
		},
		{
			"from": [3.9487, -8.6213, 7.69],
			"to": [4.6187, -7.9513, 8.285],
			"rotation": {"angle": 22.5, "axis": "z", "origin": [4.2837, -8.2863, 7.9875]},
			"faces": {
				"north": {"uv": [6.5, 13, 7, 14.5], "texture": "#3"},
				"east": {"uv": [6.5, 13, 7, 14.5], "texture": "#3"},
				"south": {"uv": [6.5, 13, 7, 14.5], "texture": "#3"},
				"west": {"uv": [6.5, 13, 7, 14.5], "texture": "#3"},
				"up": {"uv": [6.5, 13, 7, 14.5], "texture": "#3"},
				"down": {"uv": [6.5, 13, 7, 14.5], "texture": "#3"}
			}
		},
		{
			"from": [3.21811, -8.20665, 7.69],
			"to": [3.88811, -7.53665, 8.285],
			"rotation": {"angle": 45, "axis": "z", "origin": [4.55311, -7.87165, 7.9875]},
			"faces": {
				"north": {"uv": [6.5, 13, 7, 14.5], "texture": "#3"},
				"east": {"uv": [6.5, 13, 7, 14.5], "texture": "#3"},
				"south": {"uv": [6.5, 13, 7, 14.5], "texture": "#3"},
				"west": {"uv": [6.5, 13, 7, 14.5], "texture": "#3"},
				"up": {"uv": [6.5, 13, 7, 14.5], "texture": "#3"},
				"down": {"uv": [6.5, 13, 7, 14.5], "texture": "#3"}
			}
		},
		{
			"from": [11.56545, -8.47699, 7.69],
			"to": [12.23545, -7.80699, 8.285],
			"rotation": {"angle": 45, "axis": "z", "origin": [11.40045, -8.14199, 7.9875]},
			"faces": {
				"north": {"uv": [6.5, 13, 7, 14.5], "texture": "#3"},
				"east": {"uv": [6.5, 13, 7, 14.5], "texture": "#3"},
				"south": {"uv": [6.5, 13, 7, 14.5], "texture": "#3"},
				"west": {"uv": [6.5, 13, 7, 14.5], "texture": "#3"},
				"up": {"uv": [6.5, 13, 7, 14.5], "texture": "#3"},
				"down": {"uv": [6.5, 13, 7, 14.5], "texture": "#3"}
			}
		},
		{
			"from": [7.44, -15.6136, 7.665],
			"to": [8.16, -13.66366, 8.31],
			"rotation": {"angle": 0, "axis": "y", "origin": [8.015, 6.1448, 8.24]},
			"faces": {
				"north": {"uv": [3.5, 11.5, 5.5, 13.5], "texture": "#3"},
				"east": {"uv": [3.5, 11.5, 5.5, 13.5], "texture": "#3"},
				"south": {"uv": [3.5, 11.5, 5.5, 13.5], "texture": "#3"},
				"west": {"uv": [3.5, 11.5, 5.5, 13.5], "texture": "#3"},
				"up": {"uv": [3.5, 11.5, 5.5, 13.5], "texture": "#3"},
				"down": {"uv": [3.5, 11.5, 5.5, 13.5], "texture": "#3"}
			}
		},
		{
			"from": [7.34, -15.3, 7.565],
			"to": [8.26, -14.1, 8.41],
			"rotation": {"angle": 0, "axis": "y", "origin": [8.015, 6.1448, 8.24]},
			"faces": {
				"north": {"uv": [3.5, 9.5, 5.5, 11.5], "texture": "#3"},
				"east": {"uv": [3.5, 9.5, 5.5, 11.5], "texture": "#3"},
				"south": {"uv": [3.5, 9.5, 5.5, 11.5], "texture": "#3"},
				"west": {"uv": [3.5, 9.5, 5.5, 11.5], "texture": "#3"},
				"up": {"uv": [3.5, 9.5, 5.5, 11.5], "texture": "#3"},
				"down": {"uv": [3.5, 9.5, 5.5, 11.5], "rotation": 180, "texture": "#3"}
			}
		},
		{
			"from": [11.4, -7.8186, 7.58],
			"to": [12.2, -7.0186, 8.38],
			"rotation": {"angle": 0, "axis": "y", "origin": [8.015, 7.1448, 8.24]},
			"faces": {
				"north": {"uv": [3.5, 11.5, 5.5, 13.5], "texture": "#3"},
				"east": {"uv": [3.5, 11.5, 5.5, 13.5], "texture": "#3"},
				"south": {"uv": [3.5, 11.5, 5.5, 13.5], "texture": "#3"},
				"west": {"uv": [3.5, 11.5, 5.5, 13.5], "texture": "#3"},
				"up": {"uv": [3.5, 11.5, 5.5, 13.5], "texture": "#3"},
				"down": {"uv": [3.5, 11.5, 5.5, 13.5], "texture": "#3"}
			}
		},
		{
			"from": [3.4, -9.3186, 7.58],
			"to": [4.2, -8.5186, 8.38],
			"rotation": {"angle": 0, "axis": "y", "origin": [8.015, 7.1448, 8.24]},
			"faces": {
				"north": {"uv": [3.5, 11.5, 5.5, 13.5], "texture": "#3"},
				"east": {"uv": [3.5, 11.5, 5.5, 13.5], "texture": "#3"},
				"south": {"uv": [3.5, 11.5, 5.5, 13.5], "texture": "#3"},
				"west": {"uv": [3.5, 11.5, 5.5, 13.5], "texture": "#3"},
				"up": {"uv": [3.5, 11.5, 5.5, 13.5], "texture": "#3"},
				"down": {"uv": [3.5, 11.5, 5.5, 13.5], "texture": "#3"}
			}
		},
		{
			"from": [3.625, 29.725, 7.875],
			"to": [3.925, 30.25, 8.125],
			"rotation": {"angle": 22.5, "axis": "z", "origin": [10.375, 39.45, 15.25]},
			"faces": {
				"north": {"uv": [9.5, 13.25, 9.75, 13.75], "texture": "#4"},
				"east": {"uv": [9.25, 13.5, 10, 13.75], "texture": "#4"},
				"south": {"uv": [9.25, 13.25, 10.25, 13.75], "texture": "#4"},
				"west": {"uv": [9.75, 12.75, 10.25, 13.75], "texture": "#4"},
				"up": {"uv": [9.25, 13.5, 9.75, 13.75], "texture": "#4"},
				"down": {"uv": [0, 0, 1.575, 0.25], "texture": "#4"}
			}
		},
		{
			"from": [3.625, 29.725, 7.875],
			"to": [3.925, 30.25, 8.125],
			"rotation": {"angle": 22.5, "axis": "z", "origin": [10.375, 39.45, 15.25]},
			"faces": {
				"north": {"uv": [9.5, 13.25, 9.75, 13.75], "texture": "#4"},
				"east": {"uv": [9.25, 13.5, 10, 13.75], "texture": "#4"},
				"south": {"uv": [9.25, 13.25, 10.25, 13.75], "texture": "#4"},
				"west": {"uv": [9.75, 12.75, 10.25, 13.75], "texture": "#4"},
				"up": {"uv": [9.25, 13.5, 9.75, 13.75], "texture": "#4"},
				"down": {"uv": [0, 0, 1.575, 0.25], "texture": "#4"}
			}
		},
		{
			"from": [3.725, 30.25, 7.875],
			"to": [3.925, 30.375, 8.125],
			"rotation": {"angle": 22.5, "axis": "z", "origin": [10.375, 39.45, 15.25]},
			"faces": {
				"north": {"uv": [10, 12, 10.75, 12.75], "texture": "#4"},
				"east": {"uv": [9.25, 13.5, 10, 13.75], "texture": "#4"},
				"south": {"uv": [9.75, 12.75, 10.75, 13.25], "texture": "#4"},
				"west": {"uv": [9.75, 12.75, 10.25, 13.75], "texture": "#4"},
				"up": {"uv": [9.25, 13.5, 9.75, 13.75], "texture": "#4"},
				"down": {"uv": [0, 0, 1.575, 0.25], "texture": "#4"}
			}
		},
		{
			"from": [3.85, 30.25, 7.875],
			"to": [3.925, 30.5, 8.125],
			"rotation": {"angle": 22.5, "axis": "z", "origin": [10.375, 39.45, 15.25]},
			"faces": {
				"north": {"uv": [10, 12, 10.75, 12.75], "texture": "#4"},
				"east": {"uv": [9.25, 13.5, 10, 13.75], "texture": "#4"},
				"south": {"uv": [9.75, 12.75, 10.75, 13.25], "texture": "#4"},
				"west": {"uv": [9.75, 12.75, 10.25, 13.75], "texture": "#4"},
				"up": {"uv": [9.25, 13.5, 9.75, 13.75], "texture": "#4"},
				"down": {"uv": [0, 0, 1.575, 0.25], "texture": "#4"}
			}
		},
		{
			"from": [3.9, 30.5, 7.875],
			"to": [3.925, 30.55, 8.125],
			"rotation": {"angle": 22.5, "axis": "z", "origin": [10.375, 39.45, 15.25]},
			"faces": {
				"north": {"uv": [10, 12, 10.75, 12.75], "texture": "#4"},
				"east": {"uv": [9.25, 13.5, 10, 13.75], "texture": "#4"},
				"south": {"uv": [9.75, 12.75, 10.75, 13.25], "texture": "#4"},
				"west": {"uv": [9.75, 12.75, 10.25, 13.75], "texture": "#4"},
				"up": {"uv": [9.25, 13.5, 9.75, 13.75], "texture": "#4"},
				"down": {"uv": [0, 0, 1.575, 0.25], "texture": "#4"}
			}
		},
		{
			"from": [10.675, 24.675, 7.875],
			"to": [10.975, 25.175, 8.125],
			"rotation": {"angle": -22.5, "axis": "z", "origin": [17.425, 34.375, 15.25]},
			"faces": {
				"north": {"uv": [9.25, 13.25, 10, 13.75], "texture": "#4"},
				"east": {"uv": [10, 13, 10.25, 13.75], "texture": "#4"},
				"south": {"uv": [9.5, 13.25, 10.5, 13.75], "texture": "#4"},
				"west": {"uv": [9.5, 13.25, 10.25, 13.75], "texture": "#4"},
				"up": {"uv": [9.75, 13, 10.25, 13.75], "texture": "#4"},
				"down": {"uv": [0, 0, 1.575, 0.25], "texture": "#4"}
			}
		},
		{
			"from": [10.675, 25.175, 7.875],
			"to": [10.775, 25.425, 8.125],
			"rotation": {"angle": -22.5, "axis": "z", "origin": [17.425, 34.375, 15.25]},
			"faces": {
				"north": {"uv": [10, 12.25, 10.75, 12.75], "texture": "#4"},
				"east": {"uv": [10, 13, 10.25, 13.75], "texture": "#4"},
				"south": {"uv": [9.5, 13.25, 10.5, 13.75], "texture": "#4"},
				"west": {"uv": [10, 12.75, 10.75, 13.25], "texture": "#4"},
				"up": {"uv": [9.75, 13, 10.25, 13.75], "texture": "#4"},
				"down": {"uv": [0, 0, 1.575, 0.25], "texture": "#4"}
			}
		},
		{
			"from": [10.675, 25.175, 7.875],
			"to": [10.725, 25.475, 8.125],
			"rotation": {"angle": -22.5, "axis": "z", "origin": [17.425, 34.375, 15.25]},
			"faces": {
				"north": {"uv": [10, 12.25, 10.75, 12.75], "texture": "#4"},
				"east": {"uv": [10, 13, 10.25, 13.75], "texture": "#4"},
				"south": {"uv": [9.5, 13.25, 10.5, 13.75], "texture": "#4"},
				"west": {"uv": [10, 12.75, 10.75, 13.25], "texture": "#4"},
				"up": {"uv": [9.75, 13, 10.25, 13.75], "texture": "#4"},
				"down": {"uv": [0, 0, 1.575, 0.25], "texture": "#4"}
			}
		},
		{
			"from": [10.675, 25.425, 7.875],
			"to": [10.71, 25.5, 8.125],
			"rotation": {"angle": -22.5, "axis": "z", "origin": [17.425, 34.375, 15.25]},
			"faces": {
				"north": {"uv": [10, 12.25, 10.75, 12.75], "texture": "#4"},
				"east": {"uv": [10, 13, 10.25, 13.75], "texture": "#4"},
				"south": {"uv": [9.5, 13.25, 10.5, 13.75], "texture": "#4"},
				"west": {"uv": [10, 12.75, 10.75, 13.25], "texture": "#4"},
				"up": {"uv": [9.75, 13, 10.25, 13.75], "texture": "#4"},
				"down": {"uv": [0, 0, 1.575, 0.25], "texture": "#4"}
			}
		},
		{
			"name": "octagon",
			"from": [4.9, -7.335, 6.75736],
			"to": [10.9, -6.665, 9.24264],
			"rotation": {"angle": 0, "axis": "y", "origin": [7.9, -7, 8]},
			"faces": {
				"north": {"uv": [3.5, 11, 4.5, 11.5], "rotation": 90, "texture": "#3"},
				"east": {"uv": [3.5, 11, 4.5, 11.5], "rotation": 90, "texture": "#3"},
				"south": {"uv": [3.5, 11, 4.5, 11.5], "rotation": 90, "texture": "#3"},
				"west": {"uv": [3.5, 11, 4.5, 11.5], "rotation": 90, "texture": "#3"},
				"up": {"uv": [3.5, 11, 4.5, 11.5], "rotation": 90, "texture": "#3"},
				"down": {"uv": [4.5, 9.5, 5.5, 10], "rotation": 90, "texture": "#3"}
			}
		},
		{
			"name": "octagon",
			"from": [5.2, -6.935, 6.75736],
			"to": [10.6, -6.265, 9.24264],
			"rotation": {"angle": 0, "axis": "y", "origin": [7.9, -7, 8]},
			"faces": {
				"north": {"uv": [3.5, 10.5, 4.5, 11.5], "texture": "#3"},
				"east": {"uv": [3.5, 10.5, 4.5, 11.5], "texture": "#3"},
				"south": {"uv": [3.5, 10.5, 4.5, 11.5], "texture": "#3"},
				"west": {"uv": [3.5, 10.5, 4.5, 11.5], "texture": "#3"},
				"up": {"uv": [3.5, 10.5, 4.5, 11.5], "texture": "#3"},
				"down": {"uv": [3.5, 10.5, 4.5, 11.5], "rotation": 90, "texture": "#3"}
			}
		},
		{
			"name": "octagon",
			"from": [6.65736, -6.935, 5.3],
			"to": [9.14264, -6.265, 10.7],
			"rotation": {"angle": 0, "axis": "y", "origin": [7.9, -7, 8]},
			"faces": {
				"north": {"uv": [3.5, 10.5, 4.5, 11.5], "texture": "#3"},
				"east": {"uv": [3.5, 10.5, 4.5, 11.5], "texture": "#3"},
				"south": {"uv": [3.5, 10.5, 4.5, 11.5], "texture": "#3"},
				"west": {"uv": [3.5, 10.5, 4.5, 11.5], "texture": "#3"},
				"up": {"uv": [3.5, 10.5, 4.5, 11.5], "texture": "#3"},
				"down": {"uv": [3.5, 10.5, 4.5, 11.5], "texture": "#3"}
			}
		},
		{
			"name": "octagon",
			"from": [6.65736, -6.935, 5.3],
			"to": [9.14264, -6.265, 10.7],
			"rotation": {"angle": -45, "axis": "y", "origin": [7.9, -7, 8]},
			"faces": {
				"north": {"uv": [3.5, 10.5, 4.5, 11.5], "texture": "#3"},
				"east": {"uv": [3.5, 10.5, 4.5, 11.5], "texture": "#3"},
				"south": {"uv": [3.5, 10.5, 4.5, 11.5], "texture": "#3"},
				"west": {"uv": [3.5, 10.5, 4.5, 11.5], "texture": "#3"},
				"up": {"uv": [3.5, 10.5, 4.5, 11.5], "texture": "#3"},
				"down": {"uv": [3.5, 10.5, 4.5, 11.5], "texture": "#3"}
			}
		},
		{
			"name": "octagon",
			"from": [6.65736, -6.935, 5.3],
			"to": [9.14264, -6.265, 10.7],
			"rotation": {"angle": 45, "axis": "y", "origin": [7.9, -7, 8]},
			"faces": {
				"north": {"uv": [3.5, 10.5, 4.5, 11.5], "texture": "#3"},
				"east": {"uv": [3.5, 10.5, 4.5, 11.5], "texture": "#3"},
				"south": {"uv": [3.5, 10.5, 4.5, 11.5], "texture": "#3"},
				"west": {"uv": [3.5, 10.5, 4.5, 11.5], "texture": "#3"},
				"up": {"uv": [3.5, 10.5, 4.5, 11.5], "texture": "#3"},
				"down": {"uv": [3.5, 10.5, 4.5, 11.5], "texture": "#3"}
			}
		},
		{
			"name": "octagon",
			"from": [6.65736, -7.335, 5],
			"to": [9.14264, -6.665, 11],
			"rotation": {"angle": 0, "axis": "y", "origin": [7.9, -7, 8]},
			"faces": {
				"north": {"uv": [3.5, 11, 4.5, 11.5], "rotation": 90, "texture": "#3"},
				"east": {"uv": [3.5, 11, 4.5, 11.5], "rotation": 90, "texture": "#3"},
				"south": {"uv": [3.5, 11, 4.5, 11.5], "rotation": 90, "texture": "#3"},
				"west": {"uv": [3.5, 11, 4.5, 11.5], "rotation": 90, "texture": "#3"},
				"up": {"uv": [3.5, 11, 4.5, 11.5], "rotation": 90, "texture": "#3"},
				"down": {"uv": [4.5, 9.5, 5.5, 10], "rotation": 90, "texture": "#3"}
			}
		},
		{
			"name": "octagon",
			"from": [6.65736, -7.335, 5],
			"to": [9.14264, -6.665, 11],
			"rotation": {"angle": -45, "axis": "y", "origin": [7.9, -7, 8]},
			"faces": {
				"north": {"uv": [3.5, 11, 4.5, 11.5], "rotation": 90, "texture": "#3"},
				"east": {"uv": [3.5, 11, 4.5, 11.5], "rotation": 90, "texture": "#3"},
				"south": {"uv": [3.5, 11, 4.5, 11.5], "rotation": 90, "texture": "#3"},
				"west": {"uv": [3.5, 11, 4.5, 11.5], "rotation": 90, "texture": "#3"},
				"up": {"uv": [3.5, 11, 4.5, 11.5], "rotation": 90, "texture": "#3"},
				"down": {"uv": [4.5, 9.5, 5.5, 10], "rotation": 90, "texture": "#3"}
			}
		},
		{
			"name": "octagon",
			"from": [4.9, -7.335, 6.75736],
			"to": [10.9, -6.665, 9.24264],
			"rotation": {"angle": -45, "axis": "y", "origin": [7.9, -7, 8]},
			"faces": {
				"north": {"uv": [3.5, 11, 4.5, 11.5], "rotation": 90, "texture": "#3"},
				"east": {"uv": [3.5, 11, 4.5, 11.5], "rotation": 90, "texture": "#3"},
				"south": {"uv": [3.5, 11, 4.5, 11.5], "rotation": 270, "texture": "#3"},
				"west": {"uv": [3.5, 11, 4.5, 11.5], "rotation": 90, "texture": "#3"},
				"up": {"uv": [3.5, 11, 4.5, 11.5], "rotation": 90, "texture": "#3"},
				"down": {"uv": [4.5, 9.5, 5.5, 10], "rotation": 90, "texture": "#3"}
			}
		}
	],
	"gui_light": "front",
	"display": {
		"thirdperson_righthand": {
			"rotation": [3.48, 90, 4.46],
			"translation": [-0.25, 15, 2.91],
			"scale": [0.8, 0.8, 0.8]
		},
		"thirdperson_lefthand": {
			"rotation": [3.48, 90, 4.46],
			"translation": [-0.25, 15, 3.16],
			"scale": [0.8, 0.8, 0.8]
		},
		"firstperson_righthand": {
			"rotation": [-20, 78, 0],
			"translation": [8.5, 16.75, -13.25]
		},
		"firstperson_lefthand": {
			"rotation": [-20, 78, 0],
			"translation": [8.5, 16.75, -13.25]
		},
		"ground": {
			"rotation": [90, 0, 90],
			"translation": [6.25, -1.75, 0]
		},
		"gui": {
			"rotation": [33, -24, -38],
			"translation": [0.5, 0, 0],
			"scale": [0.74, 0.68, 0.75]
		},
		"fixed": {
			"rotation": [0, 0, -180],
			"translation": [-0.25, -2, -1.5],
			"scale": [2, 2, 2]
		}
	},
	"groups": [
		{
			"name": "blade",
			"origin": [7.93567, 11.98615, 8],
			"color": 0,
			"children": [
				0,
				{
					"name": "group",
					"origin": [7.93567, 10.38615, 8.01406],
					"color": 0,
					"children": [
						{
							"name": "group",
							"origin": [8.00045, 10.03646, 8],
							"color": 0,
							"children": []
						}
					]
				}
			]
		},
		{
			"name": "handle",
			"origin": [8, 8, 8],
			"color": 0,
			"children": [
				1,
				2,
				3,
				4,
				5,
				6,
				7,
				8,
				9,
				10,
				11,
				12,
				13,
				14,
				15,
				16,
				{
					"name": "group",
					"origin": [5.75224, -9.24787, 8.865],
					"color": 0,
					"children": []
				},
				17,
				18,
				19
			]
		},
		20,
		21,
		22,
		23,
		24,
		25,
		26,
		27,
		28,
		{
			"name": "octagon",
			"origin": [8, 8, 8],
			"color": 0,
			"children": [29, 30, 31, 32, 33, 34, 35, 36]
		}
	]
}