{
	"credit": "Made with Blockbench",
	"textures": {
		"0": "concrete:weapons/swords/sparth_grip",
		"1": "concrete:weapons/swords/sparth_blade",
		"particle": "concrete:weapons/swords/sparth_grip"
	},
	"elements": [
		{
			"from": [7.125, 0, 8.1875],
			"to": [7.8125, 18, 8.875],
			"faces": {
				"north": {"uv": [0, 0, 0.375, 9], "texture": "#0"},
				"east": {"uv": [0.5, 0, 0.875, 9], "texture": "#0"},
				"south": {"uv": [1, 0, 1.375, 9], "texture": "#0"},
				"west": {"uv": [1.5, 0, 1.875, 9], "texture": "#0"},
				"up": {"uv": [2.375, 0.375, 2, 0], "texture": "#0"},
				"down": {"uv": [2.375, 0.5, 2, 0.875], "texture": "#0"}
			}
		},
		{
			"from": [7.0625, 16.625, 7.9375],
			"to": [7.875, 17.625, 9.0625],
			"rotation": {"angle": 0, "axis": "y", "origin": [0, 6, 0]},
			"faces": {
				"north": {"uv": [6, 6, 6.75, 7], "texture": "#1"},
				"east": {"uv": [4, 0, 5.25, 1], "texture": "#1"},
				"south": {"uv": [7, 0, 7.75, 1], "texture": "#1"},
				"west": {"uv": [4, 1, 5.25, 2], "texture": "#1"},
				"up": {"uv": [4.75, 4.25, 4, 3], "texture": "#1"},
				"down": {"uv": [1.75, 5, 1, 6.25], "texture": "#1"}
			}
		},
		{
			"from": [7, 16.8125, 8.0625],
			"to": [7.9375, 17.4375, 9.125],
			"rotation": {"angle": 0, "axis": "y", "origin": [0, 6, 0]},
			"faces": {
				"north": {"uv": [1, 7, 2, 7.75], "texture": "#1"},
				"east": {"uv": [7, 1, 8, 1.75], "texture": "#1"},
				"south": {"uv": [2, 7, 3, 7.75], "texture": "#1"},
				"west": {"uv": [7, 2, 8, 2.75], "texture": "#1"},
				"up": {"uv": [5, 3, 4, 2], "texture": "#1"},
				"down": {"uv": [4, 4, 3, 5], "texture": "#1"}
			}
		},
		{
			"from": [7.125, 16.8125, 9.125],
			"to": [7.8125, 17.4375, 10.125],
			"rotation": {"angle": 0, "axis": "y", "origin": [0, 6, 0]},
			"faces": {
				"north": {"uv": [9, 8, 9.75, 8.75], "texture": "#1"},
				"east": {"uv": [3, 7, 4, 7.75], "texture": "#1"},
				"south": {"uv": [9, 9, 9.75, 9.75], "texture": "#1"},
				"west": {"uv": [7, 3, 8, 3.75], "texture": "#1"},
				"up": {"uv": [4.75, 8, 4, 7], "texture": "#1"},
				"down": {"uv": [7.75, 4, 7, 5], "texture": "#1"}
			}
		},
		{
			"from": [7.25, 15.09375, 10.09375],
			"to": [7.6875, 15.96875, 10.71875],
			"rotation": {"angle": 22.5, "axis": "x", "origin": [7.46875, 15.625, 9.59375]},
			"faces": {
				"north": {"uv": [1, 10, 1.5, 11], "texture": "#1"},
				"east": {"uv": [7, 5, 7.75, 6], "texture": "#1"},
				"south": {"uv": [10, 1, 10.5, 2], "texture": "#1"},
				"west": {"uv": [6, 7, 6.75, 8], "texture": "#1"},
				"up": {"uv": [4.5, 10.75, 4, 10], "texture": "#1"},
				"down": {"uv": [5.5, 10, 5, 10.75], "texture": "#1"}
			}
		},
		{
			"from": [7.25, 18.6875, 10.125],
			"to": [7.6875, 19.4375, 10.75],
			"rotation": {"angle": 0, "axis": "x", "origin": [7.46875, 17.125, 10.3125]},
			"faces": {
				"north": {"uv": [10, 5, 10.5, 5.75], "texture": "#1"},
				"east": {"uv": [0, 10, 0.75, 10.75], "texture": "#1"},
				"south": {"uv": [6, 10, 6.5, 10.75], "texture": "#1"},
				"west": {"uv": [10, 0, 10.75, 0.75], "texture": "#1"},
				"up": {"uv": [10.5, 6.75, 10, 6], "texture": "#1"},
				"down": {"uv": [7.5, 10, 7, 10.75], "texture": "#1"}
			}
		},
		{
			"from": [7.25, 18.6875, 10],
			"to": [7.6875, 20.0625, 10.4375],
			"rotation": {"angle": -45, "axis": "x", "origin": [7.46875, 19.53125, 10.4375]},
			"faces": {
				"north": {"uv": [7, 6, 7.5, 7.5], "texture": "#1"},
				"east": {"uv": [0, 8, 0.5, 9.5], "texture": "#1"},
				"south": {"uv": [8, 0, 8.5, 1.5], "texture": "#1"},
				"west": {"uv": [1, 8, 1.5, 9.5], "texture": "#1"},
				"up": {"uv": [11.5, 11.5, 11, 11], "texture": "#1"},
				"down": {"uv": [0.5, 12, 0, 12.5], "texture": "#1"}
			}
		},
		{
			"from": [7.3125, 18.6875, 10.4375],
			"to": [7.625, 20.0625, 10.75],
			"rotation": {"angle": -45, "axis": "x", "origin": [7.46875, 19.53125, 10.4375]},
			"faces": {
				"north": {"uv": [10, 7, 10.25, 8.5], "texture": "#1"},
				"east": {"uv": [8, 10, 8.25, 11.5], "texture": "#1"},
				"south": {"uv": [9, 10, 9.25, 11.5], "texture": "#1"},
				"west": {"uv": [10, 9, 10.25, 10.5], "texture": "#1"},
				"up": {"uv": [12.25, 12.25, 12, 12], "texture": "#1"},
				"down": {"uv": [0.25, 13, 0, 13.25], "texture": "#1"}
			}
		},
		{
			"from": [7.25, 17.9226, 10.80687],
			"to": [7.6875, 19.1726, 11.18187],
			"rotation": {"angle": -22.5, "axis": "x", "origin": [7.46875, 18.3601, 11.43187]},
			"faces": {
				"north": {"uv": [2, 8, 2.5, 9.25], "texture": "#1"},
				"east": {"uv": [8, 2, 8.5, 3.25], "texture": "#1"},
				"south": {"uv": [3, 8, 3.5, 9.25], "texture": "#1"},
				"west": {"uv": [4, 8, 4.5, 9.25], "texture": "#1"},
				"up": {"uv": [12.5, 0.5, 12, 0], "texture": "#1"},
				"down": {"uv": [1.5, 12, 1, 12.5], "texture": "#1"}
			}
		},
		{
			"from": [7.3125, 17.9226, 11.18187],
			"to": [7.625, 19.1726, 11.55687],
			"rotation": {"angle": -22.5, "axis": "x", "origin": [7.46875, 18.3601, 11.43187]},
			"faces": {
				"north": {"uv": [11, 5, 11.25, 6.25], "texture": "#1"},
				"east": {"uv": [8, 4, 8.5, 5.25], "texture": "#1"},
				"south": {"uv": [6, 11, 6.25, 12.25], "texture": "#1"},
				"west": {"uv": [5, 8, 5.5, 9.25], "texture": "#1"},
				"up": {"uv": [12.25, 5.5, 12, 5], "texture": "#1"},
				"down": {"uv": [12.25, 6, 12, 6.5], "texture": "#1"}
			}
		},
		{
			"from": [7.25, 16.78281, 10.9825],
			"to": [7.6875, 18.03281, 11.3575],
			"rotation": {"angle": 0, "axis": "x", "origin": [7.46875, 17.28281, 11.6075]},
			"faces": {
				"north": {"uv": [6, 8, 6.5, 9.25], "texture": "#1"},
				"east": {"uv": [8, 6, 8.5, 7.25], "texture": "#1"},
				"south": {"uv": [7, 8, 7.5, 9.25], "texture": "#1"},
				"west": {"uv": [8, 8, 8.5, 9.25], "texture": "#1"},
				"up": {"uv": [12.5, 1.5, 12, 1], "texture": "#1"},
				"down": {"uv": [2.5, 12, 2, 12.5], "texture": "#1"}
			}
		},
		{
			"from": [7.3125, 16.78281, 11.3575],
			"to": [7.625, 18.03281, 11.7325],
			"rotation": {"angle": 0, "axis": "x", "origin": [7.46875, 17.28281, 11.6075]},
			"faces": {
				"north": {"uv": [7, 11, 7.25, 12.25], "texture": "#1"},
				"east": {"uv": [9, 0, 9.5, 1.25], "texture": "#1"},
				"south": {"uv": [11, 7, 11.25, 8.25], "texture": "#1"},
				"west": {"uv": [9, 2, 9.5, 3.25], "texture": "#1"},
				"up": {"uv": [12.25, 7.5, 12, 7], "texture": "#1"},
				"down": {"uv": [8.25, 12, 8, 12.5], "texture": "#1"}
			}
		},
		{
			"from": [7.25, 15.22031, 10.7325],
			"to": [7.6875, 16.90781, 11.1075],
			"rotation": {"angle": 22.5, "axis": "x", "origin": [7.46875, 16.15781, 11.3575]},
			"faces": {
				"north": {"uv": [2, 5, 2.5, 6.75], "texture": "#1"},
				"east": {"uv": [5, 2, 5.5, 3.75], "texture": "#1"},
				"south": {"uv": [3, 5, 3.5, 6.75], "texture": "#1"},
				"west": {"uv": [4, 5, 4.5, 6.75], "texture": "#1"},
				"up": {"uv": [12.5, 2.5, 12, 2], "texture": "#1"},
				"down": {"uv": [3.5, 12, 3, 12.5], "texture": "#1"}
			}
		},
		{
			"from": [7.3125, 15.22031, 11.1075],
			"to": [7.625, 16.90781, 11.4825],
			"rotation": {"angle": 22.5, "axis": "x", "origin": [7.46875, 16.15781, 11.3575]},
			"faces": {
				"north": {"uv": [3, 10, 3.25, 11.75], "texture": "#1"},
				"east": {"uv": [5, 4, 5.5, 5.75], "texture": "#1"},
				"south": {"uv": [10, 3, 10.25, 4.75], "texture": "#1"},
				"west": {"uv": [0, 6, 0.5, 7.75], "texture": "#1"},
				"up": {"uv": [12.25, 8.5, 12, 8], "texture": "#1"},
				"down": {"uv": [9.25, 12, 9, 12.5], "texture": "#1"}
			}
		},
		{
			"from": [7.25, 14.85101, 10.13622],
			"to": [7.6875, 15.53851, 10.51122],
			"rotation": {"angle": 45, "axis": "x", "origin": [7.46875, 15.06976, 10.63622]},
			"faces": {
				"north": {"uv": [0, 11, 0.5, 11.75], "texture": "#1"},
				"east": {"uv": [11, 0, 11.5, 0.75], "texture": "#1"},
				"south": {"uv": [1, 11, 1.5, 11.75], "texture": "#1"},
				"west": {"uv": [11, 1, 11.5, 1.75], "texture": "#1"},
				"up": {"uv": [12.5, 3.5, 12, 3], "texture": "#1"},
				"down": {"uv": [4.5, 12, 4, 12.5], "texture": "#1"}
			}
		},
		{
			"from": [7.25, 14.35101, 10.19872],
			"to": [7.625, 15.03851, 10.51122],
			"rotation": {"angle": 45, "axis": "x", "origin": [7.46875, 15.06976, 10.63622]},
			"faces": {
				"north": {"uv": [2, 11, 2.5, 11.75], "texture": "#1"},
				"east": {"uv": [12, 4, 12.25, 4.75], "texture": "#1"},
				"south": {"uv": [11, 2, 11.5, 2.75], "texture": "#1"},
				"west": {"uv": [5, 12, 5.25, 12.75], "texture": "#1"},
				"up": {"uv": [12.5, 9.25, 12, 9], "texture": "#1"},
				"down": {"uv": [12.5, 10, 12, 10.25], "texture": "#1"}
			}
		},
		{
			"from": [7.3125, 14.41351, 10.51122],
			"to": [7.625, 15.53851, 10.88622],
			"rotation": {"angle": 45, "axis": "x", "origin": [7.46875, 15.06976, 10.63622]},
			"faces": {
				"north": {"uv": [11, 9, 11.25, 10.25], "texture": "#1"},
				"east": {"uv": [9, 4, 9.5, 5.25], "texture": "#1"},
				"south": {"uv": [10, 11, 10.25, 12.25], "texture": "#1"},
				"west": {"uv": [9, 6, 9.5, 7.25], "texture": "#1"},
				"up": {"uv": [11.25, 12.5, 11, 12], "texture": "#1"},
				"down": {"uv": [12.25, 11, 12, 11.5], "texture": "#1"}
			}
		},
		{
			"from": [7.25, 15.4375, 9.5],
			"to": [7.6875, 17.1875, 10.125],
			"rotation": {"angle": -22.5, "axis": "x", "origin": [7.46875, 17.125, 10.3125]},
			"faces": {
				"north": {"uv": [6, 0, 6.5, 1.75], "texture": "#1"},
				"east": {"uv": [3, 0, 3.75, 1.75], "texture": "#1"},
				"south": {"uv": [6, 2, 6.5, 3.75], "texture": "#1"},
				"west": {"uv": [1, 3, 1.75, 4.75], "texture": "#1"},
				"up": {"uv": [11.5, 3.75, 11, 3], "texture": "#1"},
				"down": {"uv": [4.5, 11, 4, 11.75], "texture": "#1"}
			}
		},
		{
			"from": [7.25, 15.93301, 10.09899],
			"to": [7.6875, 18.55801, 11.03649],
			"rotation": {"angle": 0, "axis": "x", "origin": [7.46875, 16.18301, 10.16149]},
			"faces": {
				"north": {"uv": [2, 0, 2.5, 2.75], "texture": "#1"},
				"east": {"uv": [0, 0, 1, 2.75], "texture": "#1"},
				"south": {"uv": [0, 3, 0.5, 5.75], "texture": "#1"},
				"west": {"uv": [1, 0, 2, 2.75], "texture": "#1"},
				"up": {"uv": [2.5, 11, 2, 10], "texture": "#1"},
				"down": {"uv": [10.5, 2, 10, 3], "texture": "#1"}
			}
		},
		{
			"from": [7.25, 17.0625, 9.5],
			"to": [7.6875, 18.75, 10.125],
			"rotation": {"angle": 22.5, "axis": "x", "origin": [7.46875, 17.125, 10.3125]},
			"faces": {
				"north": {"uv": [6, 4, 6.5, 5.75], "texture": "#1"},
				"east": {"uv": [2, 3, 2.75, 4.75], "texture": "#1"},
				"south": {"uv": [5, 6, 5.5, 7.75], "texture": "#1"},
				"west": {"uv": [3, 2, 3.75, 3.75], "texture": "#1"},
				"up": {"uv": [11.5, 4.75, 11, 4], "texture": "#1"},
				"down": {"uv": [5.5, 11, 5, 11.75], "texture": "#1"}
			}
		}
	],
	"display": {
		"thirdperson_righthand": {
			"rotation": [0, -180, 0],
			"translation": [0, 3.25, 1.5],
			"scale": [1, 1.54, 1]
		},
		"thirdperson_lefthand": {
			"rotation": [0, -180, 0],
			"translation": [0, 3.25, 1.5],
			"scale": [1, 1.54, 1]
		},
		"firstperson_righthand": {
			"rotation": [-5, -180, 0],
			"translation": [5, 2.5, -1.75],
			"scale": [1, 1.38, 1]
		},
		"firstperson_lefthand": {
			"rotation": [-5, -180, 0],
			"translation": [5, 2.5, -1.75],
			"scale": [1, 1.38, 1]
		},
		"ground": {
			"rotation": [14, 0, 0],
			"translation": [0, 4, 0],
			"scale": [1, 1.41, 1]
		},
		"gui": {
			"rotation": [86.71, 47.93, -85.41],
			"translation": [-2.5, -0.25, -1.75],
			"scale": [1.14, 0.94, 1.34]
		},
		"fixed": {
			"rotation": [90, -48, 90],
			"translation": [4, -0.25, -1.75],
			"scale": [1.14, 2.52, 2.49]
		}
	},
	"groups": [
		{
			"name": "grip",
			"origin": [0, 0, 0],
			"color": 0,
			"children": [0]
		},
		{
			"name": "blade",
			"origin": [0, 0, 0],
			"color": 0,
			"children": [1, 2, 3, 4, 5, 6, 7, 8, 9, 10, 11, 12, 13, 14, 15, 16, 17, 18, 19]
		}
	]
}