{
	"credit": "Made with Blockbench",
	"textures": {
		"0": "concrete:weapons/swords/sword_blade_iron_1",
		"2": "concrete:weapons/swords/scimshaft",
		"particle": "concrete:weapons/swords/sword_blade_iron_1"
	},
	"elements": [
		{
			"from": [6.40319, 2.24498, 7.62508],
			"to": [11.10319, 2.66998, 8.37508],
			"rotation": {"angle": 0, "axis": "y", "origin": [7.69006, 8.11045, 8]},
			"faces": {
				"north": {"uv": [4.75, 13.75, 5.5, 14.5], "texture": "#0"},
				"east": {"uv": [4.75, 13.75, 5.5, 14.5], "texture": "#0"},
				"south": {"uv": [4.75, 13.75, 5.5, 14.5], "texture": "#0"},
				"west": {"uv": [4.75, 13.75, 5.5, 14.5], "texture": "#0"},
				"up": {"uv": [4.75, 13.75, 5.5, 14.5], "texture": "#0"},
				"down": {"uv": [4.75, 13.75, 5.5, 14.5], "texture": "#0"}
			}
		},
		{
			"from": [3.45319, 3.14498, 7.62508],
			"to": [4.37819, 3.56998, 8.37508],
			"rotation": {"angle": 22.5, "axis": "z", "origin": [7.69006, 8.11045, 8]},
			"faces": {
				"north": {"uv": [4.75, 13.75, 5, 14.5], "texture": "#0"},
				"east": {"uv": [4.75, 13.75, 5.5, 14.5], "texture": "#0"},
				"south": {"uv": [4.75, 13.75, 5.5, 14.5], "texture": "#0"},
				"west": {"uv": [4.75, 13.75, 5.5, 14.5], "texture": "#0"},
				"up": {"uv": [4.75, 13.75, 5, 14.5], "texture": "#0"},
				"down": {"uv": [4.75, 13.75, 5.5, 14.5], "texture": "#0"}
			}
		},
		{
			"from": [8.65387, 0.82761, 7.62508],
			"to": [9.92887, 1.25261, 8.37508],
			"rotation": {"angle": 22.5, "axis": "z", "origin": [6.31574, 7.69308, 8]},
			"faces": {
				"north": {"uv": [4.75, 13.75, 5, 14.5], "texture": "#0"},
				"east": {"uv": [4.75, 13.75, 5.5, 14.5], "texture": "#0"},
				"south": {"uv": [4.75, 13.75, 5.5, 14.5], "texture": "#0"},
				"west": {"uv": [4.75, 13.75, 5.5, 14.5], "texture": "#0"},
				"up": {"uv": [4.75, 13.75, 5, 14.5], "texture": "#0"},
				"down": {"uv": [4.75, 13.75, 5.5, 14.5], "texture": "#0"}
			}
		},
		{
			"from": [8.42819, 2.09498, 7.60008],
			"to": [9.05319, 3.74498, 7.87508],
			"rotation": {"angle": 0, "axis": "y", "origin": [7.69006, 8.11045, 8]},
			"faces": {
				"north": {"uv": [4.5, 11, 5.25, 11.75], "texture": "#0"},
				"east": {"uv": [1.75, 14.75, 2, 15], "texture": "#0"},
				"south": {"uv": [1.75, 14.75, 2, 15], "texture": "#0"},
				"west": {"uv": [1.75, 14.75, 2, 15], "texture": "#0"},
				"up": {"uv": [1.75, 14.75, 2, 15], "rotation": 90, "texture": "#0"},
				"down": {"uv": [1.75, 14.75, 2, 15], "rotation": 270, "texture": "#0"}
			}
		},
		{
			"from": [8.40319, 2.06998, 8.12508],
			"to": [9.05319, 3.71998, 8.42508],
			"rotation": {"angle": 0, "axis": "y", "origin": [7.69006, 8.11045, 8]},
			"faces": {
				"north": {"uv": [1.75, 14.75, 2, 15], "texture": "#0"},
				"east": {"uv": [1.75, 14.75, 2, 15], "texture": "#0"},
				"south": {"uv": [4.5, 11, 5.25, 11.75], "texture": "#0"},
				"west": {"uv": [1.75, 14.75, 2, 15], "texture": "#0"},
				"up": {"uv": [1.75, 14.75, 2, 15], "rotation": 90, "texture": "#0"},
				"down": {"uv": [1.75, 14.75, 2, 15], "rotation": 270, "texture": "#0"}
			}
		},
		{
			"from": [8.10319, -3.18002, 7.60008],
			"to": [9.42819, -2.00502, 8.37508],
			"rotation": {"angle": 0, "axis": "y", "origin": [7.69006, 8.11045, 8]},
			"faces": {
				"north": {"uv": [1.75, 14.75, 2, 15], "texture": "#0"},
				"east": {"uv": [1.75, 14.75, 2, 15], "texture": "#0"},
				"south": {"uv": [5, 13, 5.25, 13.25], "texture": "#0"},
				"west": {"uv": [1.75, 14.75, 2, 15], "texture": "#0"},
				"up": {"uv": [1.75, 14.75, 2, 15], "rotation": 90, "texture": "#0"},
				"down": {"uv": [1.75, 14.75, 2, 15], "rotation": 270, "texture": "#0"}
			}
		},
		{
			"from": [8.10319, -1.80502, 7.72508],
			"to": [9.42819, -1.38002, 8.27508],
			"rotation": {"angle": 0, "axis": "y", "origin": [7.69006, 8.11045, 8]},
			"faces": {
				"north": {"uv": [1.75, 14.75, 2, 15], "texture": "#0"},
				"east": {"uv": [1.75, 14.75, 2, 15], "texture": "#0"},
				"south": {"uv": [5, 13, 5.25, 13.25], "texture": "#0"},
				"west": {"uv": [1.75, 14.75, 2, 15], "texture": "#0"},
				"up": {"uv": [1.75, 14.75, 2, 15], "rotation": 90, "texture": "#0"},
				"down": {"uv": [1.75, 14.75, 2, 15], "rotation": 270, "texture": "#0"}
			}
		},
		{
			"from": [8.05319, 1.74498, 7.72508],
			"to": [9.45319, 2.34498, 8.27508],
			"rotation": {"angle": 0, "axis": "y", "origin": [7.69006, 8.11045, 8]},
			"faces": {
				"north": {"uv": [1.75, 14.75, 2, 15], "texture": "#0"},
				"east": {"uv": [1.75, 14.75, 2, 15], "texture": "#0"},
				"south": {"uv": [5, 13, 5.25, 13.25], "texture": "#0"},
				"west": {"uv": [1.75, 14.75, 2, 15], "texture": "#0"},
				"up": {"uv": [1.75, 14.75, 2, 15], "rotation": 90, "texture": "#0"},
				"down": {"uv": [1.75, 14.75, 2, 15], "rotation": 270, "texture": "#0"}
			}
		},
		{
			"from": [7.55319, -3.78002, 7.60008],
			"to": [8.82819, -2.93002, 8.37508],
			"rotation": {"angle": 0, "axis": "y", "origin": [7.69006, 8.36045, 8]},
			"faces": {
				"north": {"uv": [1.75, 14.75, 2, 15], "texture": "#0"},
				"east": {"uv": [1.75, 14.75, 2, 15], "texture": "#0"},
				"south": {"uv": [5, 13, 5.25, 13.25], "texture": "#0"},
				"west": {"uv": [1.75, 14.75, 2, 15], "texture": "#0"},
				"up": {"uv": [1.75, 14.75, 2, 15], "rotation": 90, "texture": "#0"},
				"down": {"uv": [1.75, 14.75, 2, 15], "rotation": 270, "texture": "#0"}
			}
		},
		{
			"from": [-0.09681, -1.03002, 7.60008],
			"to": [0.75319, -0.63002, 8.37508],
			"rotation": {"angle": 45, "axis": "z", "origin": [7.69006, 8.36045, 8]},
			"faces": {
				"north": {"uv": [1.75, 14.75, 2, 15], "texture": "#0"},
				"east": {"uv": [1.75, 14.75, 2, 15], "texture": "#0"},
				"south": {"uv": [5, 13, 5.25, 13.25], "texture": "#0"},
				"west": {"uv": [1.75, 14.75, 2, 15], "texture": "#0"},
				"up": {"uv": [1.75, 14.75, 2, 15], "rotation": 90, "texture": "#0"},
				"down": {"uv": [1.75, 14.75, 2, 15], "rotation": 270, "texture": "#0"}
			}
		},
		{
			"from": [4.50114, 0.73048, 7.60008],
			"to": [5.35114, 1.50548, 8.37508],
			"rotation": {"angle": -22.5, "axis": "z", "origin": [-4.88573, -7.05999, 8]},
			"faces": {
				"north": {"uv": [1.75, 14.75, 2, 15], "rotation": 180, "texture": "#0"},
				"east": {"uv": [1.75, 14.75, 2, 15], "rotation": 180, "texture": "#0"},
				"south": {"uv": [5, 13, 5.25, 13.25], "rotation": 180, "texture": "#0"},
				"west": {"uv": [1.75, 14.75, 2, 15], "rotation": 180, "texture": "#0"},
				"up": {"uv": [1.75, 14.75, 2, 15], "rotation": 90, "texture": "#0"},
				"down": {"uv": [1.75, 14.75, 2, 15], "rotation": 270, "texture": "#0"}
			}
		},
		{
			"from": [8.12819, -2.08002, 7.75008],
			"to": [9.40319, 2.21998, 8.25008],
			"rotation": {"angle": 0, "axis": "y", "origin": [7.69006, 8.11045, 8]},
			"faces": {
				"north": {"uv": [11, 11.75, 11.5, 12.25], "texture": "#0"},
				"east": {"uv": [11.25, 12.25, 11.5, 12.75], "texture": "#0"},
				"south": {"uv": [11.25, 12, 11.75, 12.5], "texture": "#0"},
				"west": {"uv": [11.25, 12, 11.5, 12.5], "texture": "#0"},
				"up": {"uv": [0, 0, 1, 1], "rotation": 90, "texture": "#missing"},
				"down": {"uv": [0, 0, 1, 1], "rotation": 270, "texture": "#missing"}
			}
		},
		{
			"from": [8.17819, 8.44498, 7.87508],
			"to": [9.57819, 14.21998, 8.12508],
			"rotation": {"angle": 0, "axis": "y", "origin": [7.69006, 7.98545, 8]},
			"faces": {
				"north": {"uv": [6.75, 9.25, 7.7375, 13.75], "texture": "#0"},
				"east": {"uv": [6.75, 9.25, 7, 15], "texture": "#0"},
				"south": {"uv": [6.75, 12, 8, 14], "texture": "#0"},
				"west": {"uv": [7.75, 9.25, 8, 15], "texture": "#0"},
				"up": {"uv": [0, 0, 1, 2], "rotation": 90, "texture": "#missing"},
				"down": {"uv": [0, 0, 1, 2], "rotation": 270, "texture": "#missing"}
			}
		},
		{
			"from": [10.07102, 13.88939, 7.87408],
			"to": [10.27102, 16.56439, 8.12608],
			"rotation": {"angle": 22.5, "axis": "z", "origin": [9.08045, 12.32734, 8]},
			"faces": {
				"north": {"uv": [14.75, 0.25, 15, 16], "texture": "#2"},
				"east": {"uv": [14.75, 0.25, 15, 16], "texture": "#2"},
				"south": {"uv": [14.75, 0.25, 15, 16], "texture": "#2"}
			}
		},
		{
			"from": [9.75558, 13.86629, 7.87408],
			"to": [10.08058, 16.56629, 8.12608],
			"rotation": {"angle": 22.5, "axis": "z", "origin": [9.09001, 12.30424, 8]},
			"faces": {
				"north": {"uv": [15, 0.25, 15.25, 15.5], "texture": "#2"},
				"south": {"uv": [15, 0.25, 15.25, 15.5], "texture": "#2"}
			}
		},
		{
			"from": [9.45558, 14.06629, 7.87408],
			"to": [9.75558, 16.56629, 8.12608],
			"rotation": {"angle": 22.5, "axis": "z", "origin": [9.09001, 12.30424, 8]},
			"faces": {
				"north": {"uv": [15.25, 0.25, 15.5, 15], "texture": "#2"},
				"south": {"uv": [15.25, 0.25, 15.5, 15], "texture": "#2"}
			}
		},
		{
			"from": [8.00079, 16.3475, 7.87408],
			"to": [8.30563, 18.2725, 8.12608],
			"rotation": {"angle": 22.5, "axis": "z", "origin": [7.96506, 15.08545, 8]},
			"faces": {
				"north": {"uv": [12.25, 0, 12.5, 1.5], "texture": "#2"},
				"south": {"uv": [12.25, 0, 12.5, 1.5], "texture": "#2"}
			}
		},
		{
			"from": [8.30563, 16.3475, 7.87408],
			"to": [8.60563, 17.5475, 8.12608],
			"rotation": {"angle": 22.5, "axis": "z", "origin": [7.96506, 15.08545, 8]},
			"faces": {
				"north": {"uv": [12, 0, 12.25, 1.5], "texture": "#2"},
				"south": {"uv": [12, 0, 12.25, 1.5], "texture": "#2"}
			}
		},
		{
			"from": [8.60563, 16.8225, 7.87408],
			"to": [8.78063, 17.0975, 8.12608],
			"rotation": {"angle": 22.5, "axis": "z", "origin": [7.96506, 15.08545, 8]},
			"faces": {
				"north": {"uv": [11.75, 0, 12, 1.5], "texture": "#2"},
				"east": {"uv": [11.75, 0, 12, 1.5], "texture": "#2"},
				"south": {"uv": [11.75, 0, 12, 1.5], "texture": "#2"},
				"west": {"uv": [11.75, 0, 12, 1.5], "texture": "#2"},
				"up": {"uv": [11.75, 0, 12, 1.5], "rotation": 90, "texture": "#2"},
				"down": {"uv": [11.75, 0, 12, 1.5], "rotation": 270, "texture": "#2"}
			}
		},
		{
			"from": [8.30563, 17.5475, 7.87408],
			"to": [8.50563, 17.8225, 8.12608],
			"rotation": {"angle": 22.5, "axis": "z", "origin": [7.96506, 15.08545, 8]},
			"faces": {
				"north": {"uv": [12, 0, 12.25, 1.5], "texture": "#2"},
				"east": {"uv": [12, 0, 12.25, 1.5], "texture": "#2"},
				"south": {"uv": [12, 0, 12.25, 1.5], "texture": "#2"},
				"west": {"uv": [12, 0, 12.25, 1.5], "texture": "#2"},
				"up": {"uv": [12, 0, 12.25, 1.5], "rotation": 90, "texture": "#2"},
				"down": {"uv": [12, 0, 12.25, 1.5], "rotation": 270, "texture": "#2"}
			}
		},
		{
			"from": [8.00079, 18.2725, 7.87408],
			"to": [8.22579, 18.5225, 8.12608],
			"rotation": {"angle": 22.5, "axis": "z", "origin": [7.96506, 15.08545, 8]},
			"faces": {
				"north": {"uv": [12.25, 0, 12.5, 1.5], "texture": "#2"},
				"east": {"uv": [12.25, 0, 12.5, 1.5], "texture": "#2"},
				"south": {"uv": [12.25, 0, 12.5, 1.5], "texture": "#2"},
				"west": {"uv": [12.25, 0, 12.5, 1.5], "texture": "#2"},
				"up": {"uv": [12.25, 0, 12.5, 1.5], "rotation": 90, "texture": "#2"},
				"down": {"uv": [12.25, 0, 12.5, 1.5], "rotation": 270, "texture": "#2"}
			}
		},
		{
			"from": [8.60563, 16.3475, 7.87408],
			"to": [8.93063, 16.8225, 8.12608],
			"rotation": {"angle": 22.5, "axis": "z", "origin": [7.96506, 15.08545, 8]},
			"faces": {
				"north": {"uv": [11.75, 0, 12, 1.5], "texture": "#2"},
				"south": {"uv": [11.75, 0, 12, 1.5], "texture": "#2"}
			}
		},
		{
			"from": [9.15074, 14.16629, 7.87408],
			"to": [9.45558, 16.56629, 8.12608],
			"rotation": {"angle": 22.5, "axis": "z", "origin": [9.09001, 12.30424, 8]},
			"faces": {
				"north": {"uv": [0, 0, 0.25, 13.75], "texture": "#2"},
				"south": {"uv": [0, 0, 0.25, 13.75], "texture": "#2"}
			}
		},
		{
			"from": [8.85497, 14.34711, 7.87408],
			"to": [9.07997, 16.57211, 8.12608],
			"rotation": {"angle": 22.5, "axis": "z", "origin": [9.06924, 12.48506, 8]},
			"faces": {
				"north": {"uv": [15.75, 0, 16, 13.25], "texture": "#2"},
				"south": {"uv": [15.75, 0, 16, 13], "texture": "#2"},
				"west": {"uv": [15.75, 0, 16, 13], "texture": "#2"}
			}
		},
		{
			"from": [7.77579, 16.3475, 7.87408],
			"to": [8.00079, 18.9975, 8.12608],
			"rotation": {"angle": 22.5, "axis": "z", "origin": [7.96506, 15.08545, 8]},
			"faces": {
				"north": {"uv": [14.5, 0.5, 14.75, 13], "texture": "#2"},
				"east": {"uv": [15.75, 0, 16, 2], "texture": "#2"},
				"south": {"uv": [14.5, 0.5, 14.75, 13], "texture": "#2"},
				"west": {"uv": [14.5, 0.5, 14.75, 13], "texture": "#2"},
				"up": {"uv": [15.75, 0, 16, 2], "rotation": 90, "texture": "#2"},
				"down": {"uv": [15.75, 0, 16, 2], "rotation": 270, "texture": "#2"}
			}
		},
		{
			"from": [4.21425, 16.44147, 7.87308],
			"to": [7.26425, 16.64147, 8.12708],
			"rotation": {"angle": -45, "axis": "z", "origin": [7.96506, 15.08545, 8]},
			"faces": {
				"north": {"uv": [14.75, 0.25, 15, 16], "texture": "#2"},
				"east": {"uv": [14.75, 0.25, 15, 16], "texture": "#2"},
				"south": {"uv": [14.75, 0.25, 15, 16], "texture": "#2"},
				"west": {"uv": [14.75, 0.25, 15, 16], "texture": "#2"},
				"up": {"uv": [14.75, 0.25, 15, 16], "rotation": 90, "texture": "#2"},
				"down": {"uv": [14.75, 0.25, 15, 16], "rotation": 270, "texture": "#2"}
			}
		},
		{
			"from": [6.29528, 18.61777, 7.87308],
			"to": [6.49846, 18.74829, 8.12608],
			"rotation": {"angle": 0, "axis": "y", "origin": [8.01506, 14.96045, 8]},
			"faces": {
				"north": {"uv": [14.75, 0.25, 15, 16], "texture": "#2"},
				"east": {"uv": [14.75, 0.25, 15, 16], "texture": "#2"},
				"south": {"uv": [14.75, 0.25, 15, 16], "texture": "#2"},
				"west": {"uv": [14.75, 0.25, 15, 16], "texture": "#2"},
				"up": {"uv": [14.75, 0.25, 15, 16], "rotation": 90, "texture": "#2"},
				"down": {"uv": [14.75, 0.25, 15, 16], "rotation": 270, "texture": "#2"}
			}
		},
		{
			"from": [4.81056, 17.89728, 7.87308],
			"to": [4.8821, 17.9965, 8.12608],
			"rotation": {"angle": -22.5, "axis": "z", "origin": [8.01506, 14.96045, 8]},
			"faces": {
				"north": {"uv": [14.75, 0.25, 15, 16], "rotation": 90, "texture": "#2"},
				"east": {"uv": [14.75, 0.25, 15, 16], "rotation": 180, "texture": "#2"},
				"south": {"uv": [14.75, 0.25, 15, 16], "rotation": 270, "texture": "#2"},
				"west": {"uv": [14.75, 0.25, 15, 16], "texture": "#2"},
				"up": {"uv": [14.75, 0.25, 15, 16], "rotation": 270, "texture": "#2"},
				"down": {"uv": [14.75, 0.25, 15, 16], "rotation": 270, "texture": "#2"}
			}
		},
		{
			"from": [7.82579, 18.9975, 7.87308],
			"to": [7.95397, 19.30303, 8.12608],
			"rotation": {"angle": 22.5, "axis": "z", "origin": [8.01506, 14.96045, 8]},
			"faces": {
				"north": {"uv": [14.75, 0.25, 15, 16], "texture": "#2"},
				"east": {"uv": [14.75, 0.25, 15, 16], "texture": "#2"},
				"south": {"uv": [14.75, 0.25, 15, 16], "texture": "#2"},
				"west": {"uv": [14.75, 0.25, 15, 16], "texture": "#2"},
				"up": {"uv": [14.75, 0.25, 15, 16], "rotation": 90, "texture": "#2"},
				"down": {"uv": [14.75, 0.25, 15, 16], "rotation": 270, "texture": "#2"}
			}
		},
		{
			"from": [3.95873, 16.43828, 7.87308],
			"to": [4.26426, 16.56646, 8.12608],
			"rotation": {"angle": -45, "axis": "z", "origin": [8.01506, 14.96045, 8]},
			"faces": {
				"north": {"uv": [14.75, 0.25, 15, 16], "rotation": 90, "texture": "#2"},
				"east": {"uv": [14.75, 0.25, 15, 16], "rotation": 180, "texture": "#2"},
				"south": {"uv": [14.75, 0.25, 15, 16], "rotation": 270, "texture": "#2"},
				"west": {"uv": [14.75, 0.25, 15, 16], "texture": "#2"},
				"up": {"uv": [14.75, 0.25, 15, 16], "rotation": 270, "texture": "#2"},
				"down": {"uv": [14.75, 0.25, 15, 16], "rotation": 270, "texture": "#2"}
			}
		},
		{
			"from": [8.00319, 8.44498, 7.87508],
			"to": [8.17819, 10.34498, 8.12508],
			"rotation": {"angle": 0, "axis": "y", "origin": [0.70319, -0.00502, 0.02508]},
			"faces": {
				"north": {"uv": [4.25, 13, 4.5, 15.175], "texture": "#0"},
				"east": {"uv": [7, 11.75, 7.25, 13.925], "texture": "#0"},
				"south": {"uv": [6.75, 12.525, 7, 13.425], "texture": "#0"},
				"west": {"uv": [7, 13.25, 7.25, 15.425], "texture": "#0"},
				"up": {"uv": [7, 11.75, 7.25, 13.925], "texture": "#0"},
				"down": {"uv": [7, 11.75, 7.25, 13.925], "texture": "#0"}
			}
		},
		{
			"from": [9.45319, 6.24498, 7.87508],
			"to": [9.57819, 8.44498, 8.12508],
			"rotation": {"angle": 0, "axis": "y", "origin": [1.85319, -1.30502, -0.04992]},
			"faces": {
				"north": {"uv": [4.25, 14.13125, 4.5, 15.23125], "texture": "#0"},
				"east": {"uv": [7.75, 14, 8, 14.73125], "texture": "#0"},
				"south": {"uv": [7.75, 14, 8, 14.73125], "texture": "#0"},
				"west": {"uv": [7.75, 14, 8, 14.73125], "texture": "#0"},
				"up": {"uv": [7.75, 14, 8, 14.73125], "texture": "#0"},
				"down": {"uv": [7.75, 14, 8, 14.73125], "texture": "#0"}
			}
		},
		{
			"from": [8.00319, 2.56998, 7.87508],
			"to": [9.45319, 8.44498, 8.12508],
			"rotation": {"angle": 0, "axis": "y", "origin": [1.85319, -1.30502, -0.02492]},
			"faces": {
				"north": {"uv": [4.25, 14, 5.5, 15.7375], "texture": "#0"},
				"east": {"uv": [4.25, 14, 5.5, 15.7375], "texture": "#0"},
				"south": {"uv": [4.25, 14, 5.5, 15.7375], "texture": "#0"},
				"west": {"uv": [4.25, 14, 5.5, 15.7375], "texture": "#0"},
				"up": {"uv": [4.25, 14, 5.5, 15.7375], "texture": "#0"},
				"down": {"uv": [4.25, 14, 5.5, 15.7375], "texture": "#0"}
			}
		}
	],
	"gui_light": "front",
	"display": {
		"thirdperson_righthand": {
			"rotation": [0, 90, 0],
			"translation": [0, 7, 2],
			"scale": [1.03, 1.16, 1.19]
		},
		"thirdperson_lefthand": {
			"rotation": [0, -90, 0],
			"translation": [0, 11.75, 1.25],
			"scale": [1, 2, 1]
		},
		"firstperson_righthand": {
			"rotation": [-38.5, 81.75, 20.25],
			"translation": [4.13, 10.5, -3.87],
			"scale": [1, 2, 1]
		},
		"firstperson_lefthand": {
			"rotation": [5, -81.75, 20.25],
			"translation": [4.13, 10.5, -3.87],
			"scale": [1, 2, 1]
		},
		"ground": {
			"rotation": [0, 0, -45],
			"translation": [3.25, 9.25, 0],
			"scale": [0.85547, 1.75, 1]
		},
		"gui": {
			"rotation": [0, 0, -45],
			"translation": [3.25, 2.5, 0],
			"scale": [0.92578, 1.5, 1]
		},
		"fixed": {
			"rotation": [0, 0, 45],
			"translation": [-5, 6.75, -0.75],
			"scale": [2, 4, 2]
		}
	}
}