{
	"textures": {
		"0": "concrete:helmets/barbute",
		"particle": "concrete:helmets/barbute"
	},
	"elements": [
		{
			"from": [0, 0, 0],
			"to": [16, 16, 16],
			"faces": {
				"north": {"uv": [0, 0, 8, 8], "texture": "#0"},
				"east": {"uv": [16, 0, 8, 8], "texture": "#0"},
				"south": {"uv": [16, 8, 8, 16], "texture": "#0"},
				"west": {"uv": [8, 0, 16, 8], "texture": "#0"},
				"up": {"uv": [8, 8, 0, 16], "texture": "#0"}
			}
		},
		{
			"from": [1, 16, 1],
			"to": [15, 17, 15],
			"rotation": {"angle": 0, "axis": "y", "origin": [8, 24, 8]},
			"faces": {
				"north": {"uv": [7.5, 15.5, 0.5, 16], "rotation": 180, "texture": "#0"},
				"east": {"uv": [7.5, 8.5, 8, 15.5], "rotation": 90, "texture": "#0"},
				"south": {"uv": [7.5, 8.5, 0.5, 9], "texture": "#0"},
				"west": {"uv": [0, 8.5, 0.5, 15.5], "rotation": 90, "texture": "#0"},
				"up": {"uv": [7.5, 8.5, 0.5, 15.5], "texture": "#0"}
			}
		},
		{
			"from": [0, 4, 16],
			"to": [16, 5, 17],
			"rotation": {"angle": 0, "axis": "y", "origin": [8, 12, 23]},
			"faces": {
				"east": {"uv": [0, 15.5, 0.5, 16], "texture": "#0"},
				"south": {"uv": [8, 15.5, 0, 16], "texture": "#0"},
				"west": {"uv": [0, 15.5, 0.5, 16], "texture": "#0"},
				"up": {"uv": [8, 15.5, 0, 16], "texture": "#0"},
				"down": {"uv": [8, 15.5, 0, 16], "texture": "#0"}
			}
		}
	],
	"display": {
		"thirdperson_righthand": {
			"rotation": [75, 45, 0],
			"translation": [0, 2.5, 0],
			"scale": [0.375, 0.375, 0.375]
		},
		"thirdperson_lefthand": {
			"rotation": [75, 45, 0],
			"translation": [0, 2.5, 0],
			"scale": [0.375, 0.375, 0.375]
		},
		"firstperson_righthand": {
			"rotation": [-14.5, 134.25, 0],
			"translation": [0, 4.25, 0],
			"scale": [0.4, 0.4, 0.4]
		},
		"firstperson_lefthand": {
			"rotation": [-14.5, 134.25, 0],
			"translation": [0, 4.25, 0],
			"scale": [0.4, 0.4, 0.4]
		},
		"ground": {
			"translation": [0, 3, 0],
			"scale": [0.33, 0.33, 0.33]
		},
		"gui": {
			"rotation": [30, 225, 0],
			"scale": [0.625, 0.625, 0.625]
		},
		"head": {
			"scale": [0.901, 0.901, 0.901]
		},
		"fixed": {
			"rotation": [-77.25, 0, 0],
			"translation": [0, 0, -7.75]
		}
	}
}
