{
	"credit": "Made with Blockbench",
	"textures": {
		"0": "concrete:helmets/italian_helmet",
		"1": "concrete:helmets/mont_helmet2",
		"2": "concrete:helmets/mont_helmet3",
		"particle": "concrete:helmets/italian_helmet"
	},
	"elements": [
		{
			"from": [0.4184, 15.6168, 0.4184],
			"to": [15.5816, 16.6968, 15.5816],
			"rotation": {"angle": 0, "axis": "y", "origin": [7.4168, 8.748, 7.4168]},
			"faces": {
				"north": {"uv": [0, 0, 13, 1], "texture": "#missing"},
				"east": {"uv": [15.75, 15.75, 16, 16], "texture": "#0"},
				"south": {"uv": [15.75, 15.75, 16, 16], "texture": "#0"},
				"west": {"uv": [15.75, 15.75, 16, 16], "texture": "#0"},
				"up": {"uv": [4, 0, 8, 4], "texture": "#0"},
				"down": {"uv": [4, 0, 8, 4], "texture": "#0"}
			}
		},
		{
			"from": [1.5434, 11.5368, 14.4184],
			"to": [14.4566, 15.6168, 15.5816],
			"rotation": {"angle": 0, "axis": "x", "origin": [8, 15.0768, 15]},
			"faces": {
				"north": {"uv": [4, 2.25, 8, 4], "texture": "#0"},
				"east": {"uv": [15.75, 15.75, 16, 16], "texture": "#0"},
				"south": {"uv": [15.75, 15.75, 16, 16], "texture": "#0"},
				"west": {"uv": [15.75, 15.75, 16, 16], "texture": "#0"},
				"up": {"uv": [0, 0, 13, 13], "texture": "#missing"},
				"down": {"uv": [0, 0, 13, 13], "texture": "#missing"}
			}
		},
		{
			"from": [0.4184, 11.4368, 15.6066],
			"to": [15.5816, 16.6918, 15.6066],
			"rotation": {"angle": 0, "axis": "x", "origin": [8, 15.0768, 15]},
			"faces": {
				"south": {"uv": [4, 0, 8, 1.75], "texture": "#0"}
			}
		},
		{
			"from": [0.4184, 4.81461, 16.74512],
			"to": [15.5816, 5.91961, 17.90832],
			"rotation": {"angle": 0, "axis": "x", "origin": [8, 5.37961, 17.32672]},
			"faces": {
				"north": {"uv": [4, 0.25, 8, 0.75], "texture": "#0"},
				"east": {"uv": [15.75, 15.75, 16, 16], "texture": "#0"},
				"south": {"uv": [8.5, 15.5, 16, 16], "texture": "#0"},
				"west": {"uv": [15.75, 15.75, 16, 16], "texture": "#0"},
				"up": {"uv": [0, 0, 13, 13], "texture": "#missing"},
				"down": {"uv": [4, 12, 8, 12.25], "texture": "#0"}
			}
		},
		{
			"from": [0.4184, 5.27534, 14.66932],
			"to": [15.5816, 12.15534, 15.83252],
			"rotation": {"angle": -22.5, "axis": "x", "origin": [8, 10.81534, 15.25092]},
			"faces": {
				"north": {"uv": [4, 1.25, 8, 3.5], "rotation": 180, "texture": "#0"},
				"east": {"uv": [15.75, 15.75, 16, 16], "texture": "#0"},
				"south": {"uv": [12, 4, 16, 6], "rotation": 180, "texture": "#0"},
				"west": {"uv": [15.75, 15.75, 16, 16], "texture": "#0"},
				"up": {"uv": [15.75, 15.75, 16, 16], "texture": "#0"},
				"down": {"uv": [0, 0, 13, 13], "texture": "#missing"}
			}
		},
		{
			"from": [14.4584, 11.2968, 0.4184],
			"to": [15.5816, 15.6168, 15.5816],
			"rotation": {"angle": 0, "axis": "y", "origin": [7.4168, 8.748, 7.4168]},
			"faces": {
				"north": {"uv": [0, 0, 13, 1], "texture": "#missing"},
				"east": {"uv": [15.75, 15.75, 16, 16], "texture": "#0"},
				"south": {"uv": [15.75, 15.75, 16, 16], "texture": "#0"},
				"west": {"uv": [15.75, 15.75, 16, 16], "texture": "#0"},
				"up": {"uv": [0, 0, 13, 13], "texture": "#missing"},
				"down": {"uv": [0, 0, 13, 13], "texture": "#missing"}
			}
		},
		{
			"from": [0.4184, 11.2968, 0.4184],
			"to": [1.5416, 15.6168, 15.5816],
			"rotation": {"angle": 0, "axis": "y", "origin": [7.4168, 8.748, 7.4168]},
			"faces": {
				"north": {"uv": [0, 0, 13, 1], "texture": "#missing"},
				"east": {"uv": [15.75, 15.75, 16, 16], "texture": "#0"},
				"south": {"uv": [15.75, 15.75, 16, 16], "texture": "#0"},
				"west": {"uv": [15.75, 15.75, 16, 16], "texture": "#0"},
				"up": {"uv": [0, 0, 13, 13], "texture": "#missing"},
				"down": {"uv": [0, 0, 13, 13], "texture": "#missing"}
			}
		},
		{
			"from": [0.3934, 5.2218, -0.5816],
			"to": [0.4184, 16.6168, 17.5066],
			"rotation": {"angle": 0, "axis": "y", "origin": [7.4168, 8.748, 7.4168]},
			"faces": {
				"west": {"uv": [0, 0, 16, 10], "texture": "#1"}
			}
		},
		{
			"from": [15.5684, 5.2218, -0.5816],
			"to": [15.5934, 16.6168, 17.5066],
			"rotation": {"angle": 0, "axis": "y", "origin": [18.4059, 10.9193, 8.5]},
			"faces": {
				"east": {"uv": [0, 0, 16, 10], "texture": "#2"}
			}
		},
		{
			"from": [1.5434, 5.2218, -0.5816],
			"to": [1.5684, 16.6168, 17.5066],
			"rotation": {"angle": 0, "axis": "y", "origin": [18.4059, 10.9193, 8.5]},
			"faces": {
				"east": {"uv": [0, 0, 16, 10], "texture": "#2"}
			}
		},
		{
			"from": [14.4434, 5.2218, -0.5816],
			"to": [14.4684, 16.6168, 17.5066],
			"rotation": {"angle": 0, "axis": "y", "origin": [7.4168, 8.748, 7.4168]},
			"faces": {
				"west": {"uv": [0, 0, 16, 10], "texture": "#1"}
			}
		},
		{
			"from": [14.4584, 9.5806, 0.23457],
			"to": [15.5816, 14.7406, 3.51777],
			"rotation": {"angle": -45, "axis": "x", "origin": [15.02, 12.1606, 1.87617]},
			"faces": {
				"north": {"uv": [4, 12, 6.25, 12.25], "rotation": 90, "texture": "#0"},
				"east": {"uv": [15.75, 15.75, 16, 16], "texture": "#0"},
				"south": {"uv": [0, 0, 13, 1], "texture": "#missing"},
				"west": {"uv": [15.75, 15.75, 16, 16], "texture": "#0"},
				"up": {"uv": [0, 0, 13, 13], "texture": "#missing"},
				"down": {"uv": [0, 0, 13, 13], "texture": "#missing"}
			}
		},
		{
			"from": [0.4184, 4.80532, 7.26331],
			"to": [1.5416, 11.33852, 15.57331],
			"rotation": {"angle": 0, "axis": "x", "origin": [0.98, 6.44692, 9.34331]},
			"faces": {
				"north": {"uv": [0, 0, 13, 13], "rotation": 180, "texture": "#missing"},
				"east": {"uv": [15.75, 15.75, 16, 16], "rotation": 90, "texture": "#0"},
				"south": {"uv": [0, 0, 13, 13], "texture": "#missing"},
				"west": {"uv": [15.75, 15.75, 16, 16], "rotation": 270, "texture": "#0"},
				"up": {"uv": [0, 0, 13, 1], "texture": "#missing"},
				"down": {"uv": [6, 12, 8, 12.25], "rotation": 90, "texture": "#0"}
			}
		},
		{
			"from": [0.4184, 6.81574, 4.15628],
			"to": [1.5416, 13.84894, 8.31628],
			"rotation": {"angle": 22.5, "axis": "x", "origin": [0.98, 8.45734, 2.73628]},
			"faces": {
				"north": {"uv": [0, 0, 13, 13], "rotation": 180, "texture": "#missing"},
				"east": {"uv": [15.75, 15.75, 16, 16], "rotation": 90, "texture": "#0"},
				"south": {"uv": [0, 0, 13, 13], "texture": "#missing"},
				"west": {"uv": [15.75, 15.75, 16, 16], "rotation": 270, "texture": "#0"},
				"up": {"uv": [0, 0, 13, 1], "texture": "#missing"},
				"down": {"uv": [4, 12, 5.5, 12.25], "rotation": 90, "texture": "#0"}
			}
		},
		{
			"from": [0.4184, 6.60075, 1.15964],
			"to": [1.5416, 10.76075, 5.19284],
			"rotation": {"angle": -22.5, "axis": "x", "origin": [0.98, 12.18075, 2.80124]},
			"faces": {
				"north": {"uv": [4, 12, 6, 12.25], "rotation": 90, "texture": "#0"},
				"east": {"uv": [15.75, 15.75, 16, 16], "texture": "#0"},
				"south": {"uv": [0, 0, 13, 1], "texture": "#missing"},
				"west": {"uv": [15.75, 15.75, 16, 16], "texture": "#0"},
				"up": {"uv": [0, 0, 13, 13], "texture": "#missing"},
				"down": {"uv": [0, 0, 13, 13], "texture": "#missing"}
			}
		},
		{
			"from": [14.4585, 6.60075, 1.15964],
			"to": [15.5817, 10.76075, 5.19284],
			"rotation": {"angle": -22.5, "axis": "x", "origin": [15.005, 12.18075, 2.80124]},
			"faces": {
				"north": {"uv": [4, 12, 6, 12.25], "rotation": 90, "texture": "#0"},
				"east": {"uv": [15.75, 15.75, 16, 16], "texture": "#0"},
				"south": {"uv": [0, 0, 13, 1], "texture": "#missing"},
				"west": {"uv": [15.75, 15.75, 16, 16], "texture": "#0"},
				"up": {"uv": [0, 0, 13, 13], "texture": "#missing"},
				"down": {"uv": [0, 0, 13, 13], "texture": "#missing"}
			}
		},
		{
			"from": [14.4585, 6.81574, 4.15628],
			"to": [15.5817, 13.84894, 8.31628],
			"rotation": {"angle": 22.5, "axis": "x", "origin": [15.005, 8.45734, 2.73628]},
			"faces": {
				"north": {"uv": [0, 0, 13, 13], "rotation": 180, "texture": "#missing"},
				"east": {"uv": [15.75, 15.75, 16, 16], "rotation": 90, "texture": "#0"},
				"south": {"uv": [0, 0, 13, 13], "texture": "#missing"},
				"west": {"uv": [15.75, 15.75, 16, 16], "rotation": 270, "texture": "#0"},
				"up": {"uv": [0, 0, 13, 1], "texture": "#missing"},
				"down": {"uv": [4, 12, 5.5, 12.25], "rotation": 90, "texture": "#0"}
			}
		},
		{
			"from": [14.4585, 4.80532, 7.26331],
			"to": [15.5817, 11.33852, 15.57331],
			"rotation": {"angle": 0, "axis": "x", "origin": [15.005, 6.44692, 9.34331]},
			"faces": {
				"north": {"uv": [0, 0, 13, 13], "rotation": 180, "texture": "#missing"},
				"east": {"uv": [15.75, 15.75, 16, 16], "rotation": 90, "texture": "#0"},
				"south": {"uv": [0, 0, 13, 13], "texture": "#missing"},
				"west": {"uv": [15.75, 15.75, 16, 16], "rotation": 270, "texture": "#0"},
				"up": {"uv": [0, 0, 13, 1], "texture": "#missing"},
				"down": {"uv": [6, 12, 8, 12.25], "rotation": 90, "texture": "#0"}
			}
		},
		{
			"from": [14.4585, 4.80532, 15.57331],
			"to": [15.5817, 8.53852, 16.57331],
			"rotation": {"angle": 0, "axis": "x", "origin": [15.005, 6.44692, 9.34331]},
			"faces": {
				"north": {"uv": [0, 0, 13, 13], "rotation": 180, "texture": "#missing"},
				"east": {"uv": [15.75, 15.75, 16, 16], "rotation": 90, "texture": "#0"},
				"south": {"uv": [0, 0, 13, 13], "texture": "#missing"},
				"west": {"uv": [15.75, 15.75, 16, 16], "rotation": 270, "texture": "#0"},
				"up": {"uv": [0, 0, 13, 1], "texture": "#missing"},
				"down": {"uv": [4.5, 12, 5, 12.25], "rotation": 90, "texture": "#0"}
			}
		},
		{
			"from": [14.4585, 4.80532, 16.57331],
			"to": [15.5817, 6.23852, 17.07331],
			"rotation": {"angle": 0, "axis": "x", "origin": [15.005, 6.44692, 9.34331]},
			"faces": {
				"north": {"uv": [0, 0, 13, 13], "rotation": 180, "texture": "#missing"},
				"east": {"uv": [15.75, 15.75, 16, 16], "rotation": 90, "texture": "#0"},
				"south": {"uv": [15.75, 15.75, 16, 16], "texture": "#0"},
				"west": {"uv": [15.75, 15.75, 16, 16], "rotation": 270, "texture": "#0"},
				"up": {"uv": [0, 0, 13, 1], "texture": "#missing"},
				"down": {"uv": [4.5, 12, 5, 12.25], "rotation": 90, "texture": "#0"}
			}
		},
		{
			"from": [0.4085, 4.80532, 16.57331],
			"to": [1.5317, 6.23852, 17.07331],
			"rotation": {"angle": 0, "axis": "x", "origin": [15.005, 6.44692, 9.34331]},
			"faces": {
				"north": {"uv": [0, 0, 13, 13], "rotation": 180, "texture": "#missing"},
				"east": {"uv": [15.75, 15.75, 16, 16], "rotation": 90, "texture": "#0"},
				"south": {"uv": [15.75, 15.75, 16, 16], "texture": "#0"},
				"west": {"uv": [15.75, 15.75, 16, 16], "rotation": 270, "texture": "#0"},
				"up": {"uv": [15.75, 15.75, 16, 16], "texture": "#0"},
				"down": {"uv": [4.5, 12, 5, 12.25], "rotation": 90, "texture": "#0"}
			}
		},
		{
			"from": [0.4085, 4.80532, 15.57331],
			"to": [1.5317, 8.53852, 16.57331],
			"rotation": {"angle": 0, "axis": "x", "origin": [15.005, 6.44692, 9.34331]},
			"faces": {
				"north": {"uv": [15.75, 15.75, 16, 16], "rotation": 180, "texture": "#0"},
				"east": {"uv": [15.75, 15.75, 16, 16], "rotation": 90, "texture": "#0"},
				"south": {"uv": [15.75, 15.75, 16, 16], "texture": "#0"},
				"west": {"uv": [15.75, 15.75, 16, 16], "rotation": 270, "texture": "#0"},
				"up": {"uv": [15.75, 15.75, 16, 16], "texture": "#0"},
				"down": {"uv": [4.5, 12, 5, 12.25], "rotation": 90, "texture": "#0"}
			}
		},
		{
			"from": [0.4184, 9.5806, 0.23457],
			"to": [1.5416, 14.7406, 3.51777],
			"rotation": {"angle": -45, "axis": "x", "origin": [15.02, 12.1606, 1.87617]},
			"faces": {
				"north": {"uv": [4, 12, 6.25, 12.25], "rotation": 90, "texture": "#0"},
				"east": {"uv": [15.75, 15.75, 16, 16], "texture": "#0"},
				"south": {"uv": [0, 0, 13, 1], "texture": "#missing"},
				"west": {"uv": [15.75, 15.75, 16, 16], "texture": "#0"},
				"up": {"uv": [0, 0, 13, 13], "texture": "#missing"},
				"down": {"uv": [0, 0, 13, 13], "texture": "#missing"}
			}
		},
		{
			"from": [0.4184, 12.2441, -0.03765],
			"to": [15.5816, 16.5641, 1.08555],
			"rotation": {"angle": 22.5, "axis": "x", "origin": [8, 15.4841, 0.52395]},
			"faces": {
				"north": {"uv": [4, 4, 8, 5.25], "texture": "#0"},
				"east": {"uv": [15.75, 15.75, 16, 16], "texture": "#0"},
				"south": {"uv": [4, 4, 8, 5.25], "texture": "#0"},
				"west": {"uv": [15.75, 15.75, 16, 16], "texture": "#0"},
				"up": {"uv": [12, 15.5, 16, 16], "texture": "#0"},
				"down": {"uv": [8.5, 15.5, 16, 16], "texture": "#0"}
			}
		},
		{
			"from": [7.4384, 12.2441, -0.30765],
			"to": [8.5616, 16.7801, -0.03765],
			"rotation": {"angle": 22.5, "axis": "x", "origin": [8, 15.4841, 0.52395]},
			"faces": {
				"north": {"uv": [14, 15.5, 16, 16], "rotation": 90, "texture": "#0"},
				"east": {"uv": [13.25, 15.75, 16, 16], "rotation": 90, "texture": "#0"},
				"south": {"uv": [15.75, 15.75, 16, 16], "texture": "#0"},
				"west": {"uv": [11.5, 15.75, 16, 16], "rotation": 90, "texture": "#0"},
				"up": {"uv": [15.75, 15.75, 16, 16], "texture": "#0"},
				"down": {"uv": [15.75, 15.75, 16, 16], "texture": "#0"}
			}
		},
		{
			"from": [7.4384, 16.67568, 0.25161],
			"to": [8.5616, 16.99968, 15.56061],
			"rotation": {"angle": 0, "axis": "x", "origin": [8, 15.52008, 0.57561]},
			"faces": {
				"north": {"uv": [15.75, 15.75, 16, 16], "rotation": 180, "texture": "#0"},
				"east": {"uv": [15.75, 15.75, 16, 16], "rotation": 270, "texture": "#0"},
				"south": {"uv": [15.75, 15.75, 16, 16], "texture": "#0"},
				"west": {"uv": [11.75, 15.75, 12, 16], "rotation": 90, "texture": "#0"},
				"up": {"uv": [8.5, 15.5, 16, 16], "rotation": 90, "texture": "#0"},
				"down": {"uv": [13.5, 15.5, 16, 16], "rotation": 90, "texture": "#0"}
			}
		},
		{
			"from": [8.45686, 16.4731, 0.46761],
			"to": [9.58006, 16.7971, 15.56061],
			"rotation": {"angle": -22.5, "axis": "z", "origin": [9.01846, 16.6351, 2.51961]},
			"faces": {
				"north": {"uv": [15.75, 15.75, 16, 16], "rotation": 180, "texture": "#0"},
				"east": {"uv": [15.75, 15.75, 16, 16], "rotation": 270, "texture": "#0"},
				"south": {"uv": [15.75, 15.75, 16, 16], "texture": "#0"},
				"west": {"uv": [15.5, 15.75, 16, 16], "rotation": 90, "texture": "#0"},
				"up": {"uv": [4.5, 4, 12, 4.5], "rotation": 90, "texture": "#0"},
				"down": {"uv": [15.75, 15.75, 16, 16], "texture": "#0"}
			}
		},
		{
			"from": [6.41994, 16.4731, 0.50161],
			"to": [7.54314, 16.7971, 15.56961],
			"rotation": {"angle": 22.5, "axis": "z", "origin": [6.98154, 16.6351, 2.30361]},
			"faces": {
				"north": {"uv": [15.75, 15.75, 16, 16], "rotation": 180, "texture": "#0"},
				"east": {"uv": [15.75, 15.75, 16, 16], "rotation": 270, "texture": "#0"},
				"south": {"uv": [15.75, 15.75, 16, 16], "texture": "#0"},
				"west": {"uv": [15.5, 15.75, 16, 16], "rotation": 90, "texture": "#0"},
				"up": {"uv": [0, 4, 7.5, 4.5], "rotation": 90, "texture": "#0"},
				"down": {"uv": [15.75, 15.75, 16, 16], "texture": "#0"}
			}
		}
	],
	"display": {
		"thirdperson_righthand": {
			"translation": [0, -3.25, 0],
			"scale": [0.67, 0.68, 0.5]
		},
		"thirdperson_lefthand": {
			"translation": [0, -3.25, 0],
			"scale": [0.67, 0.68, 0.5]
		},
		"firstperson_righthand": {
			"scale": [0.67, 0.68, 0.5]
		},
		"firstperson_lefthand": {
			"scale": [0.67, 0.68, 0.5]
		},
		"ground": {
			"scale": [0.6, 0.6, 0.6]
		},
		"gui": {
			"rotation": [-14, -124, 0],
			"translation": [0.25, -1.5, 0],
			"scale": [0.7, 0.7, 0.58]
		},
		"head": {
			"translation": [0, -1.5, 0],
			"scale": [1.1, 1.1, 1.1]
		},
		"fixed": {
			"rotation": [-51, 0, 0],
			"translation": [0, -2.5, 0]
		}
	}
}