{
	"credit": "Made with Blockbench",
	"textures": {
		"1": "concrete:helmets/italian_helmet",
		"2": "concrete:helmets/italian_feather",
		"particle": "concrete:helmets/italian_helmet"
	},
	"elements": [
		{
			"from": [0, 0, 0],
			"to": [16, 16, 16],
			"faces": {
				"north": {"uv": [4, 4, 8, 8], "texture": "#1"},
				"east": {"uv": [0, 4, 4, 8], "texture": "#1"},
				"south": {"uv": [12, 4, 16, 8], "texture": "#1"},
				"west": {"uv": [8, 4, 12, 8], "texture": "#1"},
				"up": {"uv": [4, 0, 8, 4], "rotation": 180, "texture": "#1"},
				"down": {"uv": [0, 0, 0, 0], "texture": "#1"}
			}
		},
		{
			"from": [-0.2, 1, -1],
			"to": [2.2, 6.025, 0],
			"rotation": {"angle": 0, "axis": "y", "origin": [7.5, 7.5, 7.5]},
			"faces": {
				"north": {"uv": [6.25, 12, 7.25, 16], "texture": "#1"},
				"east": {"uv": [5.5, 12, 6.5, 16], "texture": "#1"},
				"south": {"uv": [5.25, 12, 6.25, 16], "texture": "#1"},
				"west": {"uv": [5.5, 12, 6.5, 16], "texture": "#1"},
				"up": {"uv": [4.75, 13.25, 7.15, 14.25], "texture": "#1"},
				"down": {"uv": [4.75, 13.75, 7.15, 14.75], "texture": "#1"}
			}
		},
		{
			"from": [13.8, 1, -1],
			"to": [16.2, 6.025, 0],
			"rotation": {"angle": 0, "axis": "y", "origin": [7.5, 7.5, 7.5]},
			"faces": {
				"north": {"uv": [4.75, 12, 5.75, 16], "texture": "#1"},
				"east": {"uv": [5.5, 12, 6.5, 16], "texture": "#1"},
				"south": {"uv": [5.25, 12, 6.25, 16], "texture": "#1"},
				"west": {"uv": [5.5, 12, 6.5, 16], "texture": "#1"},
				"up": {"uv": [4.75, 13.25, 7.15, 14.25], "texture": "#1"},
				"down": {"uv": [4.75, 13.75, 7.15, 14.75], "texture": "#1"}
			}
		},
		{
			"from": [0.025, 8, -0.8],
			"to": [15.975, 9, 0],
			"rotation": {"angle": 0, "axis": "y", "origin": [7.5, 7.5, 7.5]},
			"faces": {
				"north": {"uv": [4, 13.75, 8, 14], "texture": "#1"},
				"east": {"uv": [4, 12, 4.25, 12.25], "texture": "#1"},
				"south": {"uv": [4, 13.75, 8, 14], "texture": "#1"},
				"west": {"uv": [4, 12, 4.25, 12.25], "texture": "#1"},
				"up": {"uv": [0, 0, 15.95, 0.8], "texture": "#1"},
				"down": {"uv": [4, 13.5, 8, 13.75], "texture": "#1"}
			}
		},
		{
			"from": [7.525, 9.5, -0.1],
			"to": [8.475, 16, 0],
			"rotation": {"angle": 0, "axis": "y", "origin": [7.5, 7.5, 7.5]},
			"faces": {
				"north": {"uv": [12, 15.5, 16, 16], "rotation": 90, "texture": "#1"},
				"east": {"uv": [8.5, 15.75, 16, 16], "rotation": 90, "texture": "#1"},
				"south": {"uv": [8.5, 15.5, 16, 16], "rotation": 90, "texture": "#1"},
				"west": {"uv": [8.5, 15.75, 16, 16], "rotation": 90, "texture": "#1"},
				"up": {"uv": [0, 0, 0.95, 0.1], "texture": "#1"},
				"down": {"uv": [0, 0, 0.95, 0.1], "texture": "#1"}
			}
		},
		{
			"from": [7.525, 12.6, 16],
			"to": [8.475, 16, 16.5],
			"rotation": {"angle": 0, "axis": "y", "origin": [7.5, 7.5, 7.5]},
			"faces": {
				"north": {"uv": [0, 0, 0.95, 3.4], "texture": "#1"},
				"east": {"uv": [13.25, 15.75, 16, 16], "rotation": 90, "texture": "#1"},
				"south": {"uv": [13.25, 15.5, 16, 16], "rotation": 90, "texture": "#1"},
				"west": {"uv": [14, 15.75, 16, 16], "rotation": 90, "texture": "#1"},
				"up": {"uv": [0, 0, 0.95, 0.5], "texture": "#1"},
				"down": {"uv": [0, 0, 0.95, 0.5], "texture": "#1"}
			}
		},
		{
			"from": [7.525, 11.42508, 15.36847],
			"to": [8.475, 12.82508, 15.86847],
			"rotation": {"angle": 22.5, "axis": "x", "origin": [8, 11.12508, 15.61847]},
			"faces": {
				"north": {"uv": [0, 0, 0.95, 1.4], "texture": "#1"},
				"east": {"uv": [14.75, 16, 16, 16], "rotation": 90, "texture": "#1"},
				"south": {"uv": [14.25, 15.5, 16, 16], "rotation": 90, "texture": "#1"},
				"west": {"uv": [15, 15.75, 16, 16], "rotation": 90, "texture": "#1"},
				"up": {"uv": [0, 0, 0.95, 0.5], "texture": "#1"},
				"down": {"uv": [0, 0, 0.95, 0.5], "texture": "#1"}
			}
		},
		{
			"from": [7.525, 16, -0.1],
			"to": [8.475, 16.5, 16.5],
			"rotation": {"angle": 0, "axis": "y", "origin": [8, 16.25, 3.25]},
			"faces": {
				"north": {"uv": [15.5, 15.5, 16, 16], "rotation": 270, "texture": "#1"},
				"east": {"uv": [8.5, 15.5, 16, 16], "rotation": 180, "texture": "#1"},
				"south": {"uv": [15.5, 15.5, 16, 16], "texture": "#1"},
				"west": {"uv": [8.5, 15.5, 16, 16], "rotation": 180, "texture": "#1"},
				"up": {"uv": [8.5, 15.5, 16, 16], "rotation": 90, "texture": "#1"},
				"down": {"uv": [8.5, 15.5, 16, 16], "rotation": 90, "texture": "#1"}
			}
		},
		{
			"from": [8, 16.5, 14.675],
			"to": [8, 25, 23.275],
			"rotation": {"angle": -22.5, "axis": "x", "origin": [8, 19.07027, 17.35768]},
			"faces": {
				"north": {"uv": [0, 0, 0, 0], "rotation": 270, "texture": "#2"},
				"east": {"uv": [10, 0, 16, 6], "texture": "#2"},
				"south": {"uv": [15.5, 15.5, 16, 16], "texture": "#2"},
				"west": {"uv": [0, 0, 6, 6], "texture": "#2"},
				"up": {"uv": [8.5, 15.5, 16, 16], "rotation": 90, "texture": "#2"},
				"down": {"uv": [8.5, 15.5, 16, 16], "rotation": 90, "texture": "#2"}
			}
		},
		{
			"from": [8.025, 16.11047, 15.60707],
			"to": [8.025, 24.61047, 24.20707],
			"rotation": {"angle": 0, "axis": "y", "origin": [8, 19.07027, 17.35768]},
			"faces": {
				"north": {"uv": [0, 0, 0, 0], "rotation": 270, "texture": "#2"},
				"east": {"uv": [10, 0, 16, 6], "texture": "#2"},
				"south": {"uv": [15.5, 15.5, 16, 16], "texture": "#2"},
				"west": {"uv": [0, 0, 6, 6], "texture": "#2"},
				"up": {"uv": [8.5, 15.5, 16, 16], "rotation": 90, "texture": "#2"},
				"down": {"uv": [8.5, 15.5, 16, 16], "rotation": 90, "texture": "#2"}
			}
		},
		{
			"from": [7.975, 15.67676, 16.72789],
			"to": [7.975, 24.17676, 25.32789],
			"rotation": {"angle": 22.5, "axis": "x", "origin": [8, 19.07027, 17.35768]},
			"faces": {
				"north": {"uv": [0, 0, 0, 0], "rotation": 270, "texture": "#2"},
				"east": {"uv": [10, 0, 16, 6], "texture": "#2"},
				"south": {"uv": [15.5, 15.5, 16, 16], "texture": "#2"},
				"west": {"uv": [0, 0, 6, 6], "texture": "#2"},
				"up": {"uv": [8.5, 15.5, 16, 16], "rotation": 90, "texture": "#2"},
				"down": {"uv": [8.5, 15.5, 16, 16], "rotation": 90, "texture": "#2"}
			}
		},
		{
			"from": [0.025, 8.57071, -0.5636],
			"to": [15.975, 9.77071, 0.2364],
			"rotation": {"angle": 45, "axis": "x", "origin": [8, 9.07071, -0.1636]},
			"faces": {
				"north": {"uv": [4, 13.5, 8, 14], "texture": "#1"},
				"east": {"uv": [4, 12, 4.25, 12.25], "texture": "#1"},
				"south": {"uv": [4, 13.5, 8, 14], "texture": "#1"},
				"west": {"uv": [4, 12, 4.25, 12.25], "texture": "#1"},
				"up": {"uv": [4, 13.25, 8, 13.5], "texture": "#1"},
				"down": {"uv": [4, 13.5, 8, 14], "texture": "#1"}
			}
		},
		{
			"from": [14.025, 6, -0.8],
			"to": [15.975, 8, 0],
			"rotation": {"angle": 0, "axis": "y", "origin": [7.5, 7.5, 7.5]},
			"faces": {
				"north": {"uv": [4, 12, 4.5, 12.5], "texture": "#1"},
				"east": {"uv": [4, 12, 4.25, 12.75], "texture": "#1"},
				"south": {"uv": [4, 12, 4.5, 12.5], "texture": "#1"},
				"west": {"uv": [4, 12, 4.25, 12.75], "texture": "#1"},
				"up": {"uv": [0, 0, 1.95, 0.8], "texture": "#1"},
				"down": {"uv": [4, 12, 4.25, 12.25], "texture": "#1"}
			}
		},
		{
			"from": [0.025, 6, -0.8],
			"to": [1.975, 8, 0],
			"rotation": {"angle": 0, "axis": "y", "origin": [7.5, 7.5, 7.5]},
			"faces": {
				"north": {"uv": [4, 12, 4.5, 12.5], "texture": "#1"},
				"east": {"uv": [4, 12, 4.25, 12.75], "texture": "#1"},
				"south": {"uv": [4, 12, 4.5, 12.5], "texture": "#1"},
				"west": {"uv": [4, 12, 4.25, 12.75], "texture": "#1"},
				"up": {"uv": [0, 0, 1.95, 0.8], "texture": "#1"},
				"down": {"uv": [4, 12, 4.25, 12.25], "texture": "#1"}
			}
		},
		{
			"from": [1.91731, 1, -1.42116],
			"to": [8.31731, 6, -0.42116],
			"rotation": {"angle": 22.5, "axis": "y", "origin": [3.11731, 3.5, -0.92116]},
			"faces": {
				"north": {"uv": [4, 12, 6, 16], "texture": "#1"},
				"east": {"uv": [5.75, 12, 6.75, 16], "texture": "#1"},
				"south": {"uv": [4, 12, 6, 16], "texture": "#1"},
				"west": {"uv": [5.75, 12, 6.75, 16], "texture": "#1"},
				"up": {"uv": [4, 13.5, 8, 14.5], "texture": "#1"},
				"down": {"uv": [4, 13.5, 8, 14.5], "texture": "#1"}
			}
		},
		{
			"from": [7.98717, 1, -2.95189],
			"to": [14.38717, 6, -1.95189],
			"rotation": {"angle": -22.5, "axis": "y", "origin": [9.18717, 3.5, -2.45189]},
			"faces": {
				"north": {"uv": [6, 12, 8, 16], "texture": "#1"},
				"east": {"uv": [5.75, 12, 6.75, 16], "texture": "#1"},
				"south": {"uv": [4, 12, 6, 16], "texture": "#1"},
				"west": {"uv": [5.75, 12, 6.75, 16], "texture": "#1"},
				"up": {"uv": [4, 13.5, 8, 14.5], "texture": "#1"},
				"down": {"uv": [4, 13.5, 8, 14.5], "texture": "#1"}
			}
		},
		{
			"from": [7.73015, 1, -3.37305],
			"to": [8.28015, 5.975, -2.37305],
			"rotation": {"angle": 0, "axis": "y", "origin": [8.00515, 2.1875, -2.87305]},
			"faces": {
				"north": {"uv": [5.5, 12, 6, 16], "texture": "#1"},
				"east": {"uv": [5.5, 12, 6.5, 16], "texture": "#1"},
				"south": {"uv": [5.75, 12, 6.25, 16], "texture": "#1"},
				"west": {"uv": [5.5, 12, 6.5, 16], "texture": "#1"},
				"up": {"uv": [5.25, 13.75, 5.8, 14.75], "texture": "#1"},
				"down": {"uv": [5.5, 13.5, 6.05, 14.5], "texture": "#1"}
			}
		},
		{
			"from": [7.73015, 3.7762, -2.21292],
			"to": [8.28015, 6.1512, -1.61292],
			"rotation": {"angle": -22.5, "axis": "x", "origin": [1.65515, 1.6512, -2.11292]},
			"faces": {
				"north": {"uv": [6.25, 13, 6.8, 15.375], "texture": "#1"},
				"east": {"uv": [5.5, 13, 6.1, 15.375], "texture": "#1"},
				"south": {"uv": [5.5, 13, 6.05, 15.375], "texture": "#1"},
				"west": {"uv": [5, 13.25, 5.6, 15.625], "texture": "#1"},
				"up": {"uv": [5.75, 14, 6.3, 14.6], "texture": "#1"},
				"down": {"uv": [6.25, 14.25, 6.8, 14.85], "texture": "#1"}
			}
		},
		{
			"from": [16.025, 6, 0],
			"to": [16.175, 9, 8.675],
			"rotation": {"angle": -22.5, "axis": "x", "origin": [7.5, 7.5, 7.5]},
			"faces": {
				"north": {"uv": [0, 0, 0.175, 3], "texture": "#1"},
				"east": {"uv": [5, 12, 7, 15.5], "rotation": 270, "texture": "#1"},
				"south": {"uv": [4, 13, 4.175, 16], "texture": "#1"},
				"west": {"uv": [5, 12, 7, 16], "rotation": 90, "texture": "#1"},
				"up": {"uv": [4, 12, 4.25, 16], "texture": "#1"},
				"down": {"uv": [0, 0, 0.175, 8.675], "texture": "#1"}
			}
		},
		{
			"from": [-0.175, 6, 0],
			"to": [-0.025, 9, 8.675],
			"rotation": {"angle": -22.5, "axis": "x", "origin": [-8.7, 7.5, 7.5]},
			"faces": {
				"north": {"uv": [0, 0, 0.175, 3], "texture": "#1"},
				"east": {"uv": [5, 12, 7, 15.5], "rotation": 270, "texture": "#1"},
				"south": {"uv": [4, 13, 4.175, 16], "texture": "#1"},
				"west": {"uv": [5, 12, 7, 16], "rotation": 90, "texture": "#1"},
				"up": {"uv": [4, 12, 4.25, 16], "texture": "#1"},
				"down": {"uv": [0, 0, 0.175, 8.675], "texture": "#1"}
			}
		},
		{
			"from": [16, 1, 0],
			"to": [16.2, 6.6, 9.15],
			"rotation": {"angle": 0, "axis": "y", "origin": [7.5, 7.5, 7.5]},
			"faces": {
				"north": {"uv": [4, 12, 4.25, 16], "texture": "#1"},
				"east": {"uv": [5, 12, 7, 16], "rotation": 270, "texture": "#1"},
				"south": {"uv": [4, 12, 4.25, 16], "texture": "#1"},
				"west": {"uv": [5, 12, 7, 16], "rotation": 90, "texture": "#1"},
				"up": {"uv": [4, 12, 4.25, 16], "texture": "#1"},
				"down": {"uv": [4, 12, 4.25, 16], "texture": "#1"}
			}
		},
		{
			"from": [-0.2, 1, 0],
			"to": [0, 6.6, 9.15],
			"rotation": {"angle": 0, "axis": "y", "origin": [-8.7, 7.5, 7.5]},
			"faces": {
				"north": {"uv": [4, 12, 4.25, 16], "texture": "#1"},
				"east": {"uv": [5, 12, 7, 16], "rotation": 270, "texture": "#1"},
				"south": {"uv": [4, 12, 4.25, 16], "texture": "#1"},
				"west": {"uv": [5, 12, 7, 16], "rotation": 90, "texture": "#1"},
				"up": {"uv": [4, 12, 4.25, 16], "texture": "#1"},
				"down": {"uv": [4, 12, 4.25, 16], "texture": "#1"}
			}
		}
	],
	"display": {
		"thirdperson_righthand": {
			"rotation": [75, 45, 0],
			"translation": [0, 2.5, 0],
			"scale": [0.375, 0.375, 0.375]
		},
		"thirdperson_lefthand": {
			"rotation": [75, 45, 0],
			"translation": [0, 2.5, 0],
			"scale": [0.375, 0.375, 0.375]
		},
		"firstperson_righthand": {
			"rotation": [-14.5, 134.25, 0],
			"translation": [0, 4.25, 0],
			"scale": [0.4, 0.4, 0.4]
		},
		"firstperson_lefthand": {
			"rotation": [-14.5, 134.25, 0],
			"translation": [0, 4.25, 0],
			"scale": [0.4, 0.4, 0.4]
		},
		"ground": {
			"translation": [0, 3, 0],
			"scale": [0.33, 0.33, 0.33]
		},
		"gui": {
			"rotation": [30, 225, 0],
			"translation": [0, -1.75, 0],
			"scale": [0.45, 0.45, 0.45]
		},
		"head": {
			"translation": [0, 0.5, 0]
		},
		"fixed": {
			"rotation": [-77.25, 0, 0],
			"translation": [0, 0, -7.75]
		}
	}
}
