{
	"credit": "Made with Blockbench",
	"textures": {
		"1": "concrete:helmets/italian_helmet",
		"2": "concrete:helmets/copper_texture",
		"3": "concrete:helmets/copper_texture2",
		"particle": "concrete:helmets/copper_texture"
	},
	"elements": [
		{
			"from": [8.725, 9.125, 1.225],
			"to": [11.675, 12.45, 1.45],
			"rotation": {"angle": 0, "axis": "y", "origin": [8, 8, 8]},
			"faces": {
				"north": {"uv": [0, 0, 2.95, 3.325], "texture": "#2"},
				"east": {"uv": [0, 0, 0.225, 3.325], "texture": "#2"},
				"south": {"uv": [4.26667, 3.73333, 7.21667, 7.05833], "texture": "#2"},
				"west": {"uv": [0, 0, 0.225, 3.325], "texture": "#2"},
				"up": {"uv": [16, 2.45, 18.95, 2.675], "texture": "#2"},
				"down": {"uv": [0, 0, 2.95, 0.225], "texture": "#2"}
			}
		},
		{
			"from": [9.675, 12.625, 0.925],
			"to": [10.65, 18.725, 15.275],
			"rotation": {"angle": 0, "axis": "y", "origin": [8, 8, 8]},
			"faces": {
				"north": {"uv": [8.5, 15.5, 16, 16], "rotation": 90, "texture": "#1"},
				"east": {"uv": [8.5, 15.5, 16, 16], "texture": "#1"},
				"south": {"uv": [8.5, 15.5, 16, 16], "rotation": 90, "texture": "#1"},
				"west": {"uv": [8.5, 15.5, 16, 16], "texture": "#1"},
				"up": {"uv": [8.5, 15.5, 16, 16], "rotation": 90, "texture": "#1"},
				"down": {"uv": [8.5, 15.5, 16, 16], "texture": "#1"}
			}
		},
		{
			"from": [9.725, 12.175, 0.3],
			"to": [10.6, 13.3, 16.025],
			"rotation": {"angle": 0, "axis": "y", "origin": [8, 8, 8]},
			"faces": {
				"north": {"uv": [0, 0, 0.5, 0.5], "texture": "#3"},
				"east": {"uv": [0, 0, 0.5, 0.5], "texture": "#3"},
				"south": {"uv": [0, 0, 0.5, 0.5], "texture": "#3"},
				"west": {"uv": [0, 0, 0.5, 0.5], "texture": "#3"},
				"up": {"uv": [0, 0, 0.5, 0.5], "texture": "#3"},
				"down": {"uv": [0, 0, 0.5, 0.5], "texture": "#3"}
			}
		},
		{
			"from": [13.225, 12.175, 0.2],
			"to": [14.1, 13.3, 16],
			"rotation": {"angle": 0, "axis": "y", "origin": [8, 8, 8]},
			"faces": {
				"north": {"uv": [0, 0, 0.5, 0.5], "texture": "#3"},
				"east": {"uv": [0, 0, 0.5, 0.5], "texture": "#3"},
				"south": {"uv": [0, 0, 0.5, 0.5], "texture": "#3"},
				"west": {"uv": [0, 0, 0.5, 0.5], "texture": "#3"},
				"up": {"uv": [0, 0, 0.5, 0.5], "texture": "#3"},
				"down": {"uv": [0, 0, 0.5, 0.5], "texture": "#3"}
			}
		},
		{
			"from": [6.55, 12.175, 0.325],
			"to": [7.425, 13.3, 15.95],
			"rotation": {"angle": 0, "axis": "y", "origin": [8, 8, 8]},
			"faces": {
				"north": {"uv": [0, 0, 0.5, 0.5], "texture": "#3"},
				"east": {"uv": [0, 0, 0.5, 0.5], "texture": "#3"},
				"south": {"uv": [0, 0, 0.5, 0.5], "texture": "#3"},
				"west": {"uv": [0, 0, 0.5, 0.5], "texture": "#3"},
				"up": {"uv": [0, 0, 0.5, 0.5], "texture": "#3"},
				"down": {"uv": [0, 0, 0.5, 0.5], "texture": "#3"}
			}
		},
		{
			"from": [3.75, 12.175, 2.775],
			"to": [16.7, 13.3, 3.5],
			"rotation": {"angle": 0, "axis": "y", "origin": [8, 8, 8]},
			"faces": {
				"north": {"uv": [0, 0, 0.5, 0.5], "texture": "#3"},
				"east": {"uv": [0, 0, 0.5, 0.5], "texture": "#3"},
				"south": {"uv": [0, 0, 0.5, 0.5], "texture": "#3"},
				"west": {"uv": [0, 0, 0.5, 0.5], "texture": "#3"},
				"up": {"uv": [0, 0, 0.5, 0.5], "texture": "#3"},
				"down": {"uv": [0, 0, 0.5, 0.5], "texture": "#3"}
			}
		},
		{
			"from": [3.75, 12.175, 6.125],
			"to": [16.7, 13.3, 7],
			"rotation": {"angle": 0, "axis": "y", "origin": [8, 8, 8]},
			"faces": {
				"north": {"uv": [0, 0, 0.5, 0.5], "texture": "#3"},
				"east": {"uv": [0, 0, 0.5, 0.5], "texture": "#3"},
				"south": {"uv": [0, 0, 0.5, 0.5], "texture": "#3"},
				"west": {"uv": [0, 0, 0.5, 0.5], "texture": "#3"},
				"up": {"uv": [0, 0, 0.5, 0.5], "texture": "#3"},
				"down": {"uv": [0, 0, 0.5, 0.5], "texture": "#3"}
			}
		},
		{
			"from": [3.75, 12.175, 9.575],
			"to": [16.7, 13.3, 10.45],
			"rotation": {"angle": 0, "axis": "y", "origin": [8, 8, 8]},
			"faces": {
				"north": {"uv": [0, 0, 0.5, 0.5], "texture": "#3"},
				"east": {"uv": [0, 0, 0.5, 0.5], "texture": "#3"},
				"south": {"uv": [0, 0, 0.5, 0.5], "texture": "#3"},
				"west": {"uv": [0, 0, 0.5, 0.5], "texture": "#3"},
				"up": {"uv": [0, 0, 0.5, 0.5], "texture": "#3"},
				"down": {"uv": [0, 0, 0.5, 0.5], "texture": "#3"}
			}
		},
		{
			"from": [3.75, 12.175, 13.3],
			"to": [16.7, 13.3, 14.025],
			"rotation": {"angle": 0, "axis": "y", "origin": [8, 8, 8]},
			"faces": {
				"north": {"uv": [0, 0, 0.5, 0.5], "texture": "#3"},
				"east": {"uv": [0, 0, 0.5, 0.5], "texture": "#3"},
				"south": {"uv": [0, 0, 0.5, 0.5], "texture": "#3"},
				"west": {"uv": [0, 0, 0.5, 0.5], "texture": "#3"},
				"up": {"uv": [0, 0, 0.5, 0.5], "texture": "#3"},
				"down": {"uv": [0, 0, 0.5, 0.5], "texture": "#3"}
			}
		},
		{
			"from": [4.3, 12.725, 7.675],
			"to": [15.95, 18.8, 8.65],
			"rotation": {"angle": 0, "axis": "y", "origin": [8, 8, 8]},
			"faces": {
				"north": {"uv": [8.5, 15.5, 16, 16], "texture": "#1"},
				"east": {"uv": [8.5, 15.5, 16, 16], "rotation": 90, "texture": "#1"},
				"south": {"uv": [8.5, 15.5, 16, 16], "texture": "#1"},
				"west": {"uv": [8.5, 15.5, 16, 16], "rotation": 90, "texture": "#1"},
				"up": {"uv": [8.5, 15.5, 16, 16], "rotation": 180, "texture": "#1"},
				"down": {"uv": [8.5, 15.5, 16, 16], "rotation": 90, "texture": "#1"}
			}
		},
		{
			"from": [9.625, 1.8, 1.05],
			"to": [10.7, 12.45, 1.4],
			"rotation": {"angle": 0, "axis": "y", "origin": [8, 8, 8]},
			"faces": {
				"north": {"uv": [0, 0, 1.075, 10.65], "texture": "#2"},
				"east": {"uv": [13.22667, 0, 13.57667, 10.65], "texture": "#2"},
				"south": {"uv": [14.4, 0, 15.475, 10.65], "texture": "#2"},
				"west": {"uv": [0, 0, 0.35, 10.65], "texture": "#2"},
				"up": {"uv": [16, 2.1, 17.075, 2.45], "texture": "#2"},
				"down": {"uv": [13.97333, 2.02667, 15.04833, 2.37667], "texture": "#2"}
			}
		},
		{
			"from": [11.725, 2.3, 1.2],
			"to": [12.8, 3.55, 1.55],
			"rotation": {"angle": 0, "axis": "y", "origin": [8, 8, 8]},
			"faces": {
				"north": {"uv": [0, 0, 0.5, 0.5], "texture": "#3"},
				"east": {"uv": [0, 0, 0.5, 0.5], "texture": "#3"},
				"south": {"uv": [0, 0, 0.5, 0.5], "texture": "#3"},
				"west": {"uv": [0, 0, 0.5, 0.5], "texture": "#3"},
				"up": {"uv": [0, 0, 0.5, 0.5], "texture": "#3"},
				"down": {"uv": [0, 0, 0.5, 0.5], "texture": "#3"}
			}
		},
		{
			"from": [7.5, 2.25, 1.2],
			"to": [8.575, 3.55, 1.55],
			"rotation": {"angle": 0, "axis": "y", "origin": [8, 8, 8]},
			"faces": {
				"north": {"uv": [0, 0, 0.5, 0.5], "texture": "#3"},
				"east": {"uv": [0, 0, 0.5, 0.5], "texture": "#3"},
				"south": {"uv": [0, 0, 0.5, 0.5], "texture": "#3"},
				"west": {"uv": [0, 0, 0.5, 0.5], "texture": "#3"},
				"up": {"uv": [0, 0, 0.5, 0.5], "texture": "#3"},
				"down": {"uv": [0, 0, 0.5, 0.5], "texture": "#3"}
			}
		},
		{
			"from": [5.5, 2.275, 1.2],
			"to": [6.575, 3.55, 1.525],
			"rotation": {"angle": 0, "axis": "y", "origin": [8, 8, 8]},
			"faces": {
				"north": {"uv": [0, 0, 0.5, 0.5], "texture": "#3"},
				"east": {"uv": [0, 0, 0.5, 0.5], "texture": "#3"},
				"south": {"uv": [0, 0, 0.5, 0.5], "texture": "#3"},
				"west": {"uv": [0, 0, 0.5, 0.5], "texture": "#3"},
				"up": {"uv": [0, 0, 0.5, 0.5], "texture": "#3"},
				"down": {"uv": [0, 0, 0.5, 0.5], "texture": "#3"}
			}
		},
		{
			"from": [4.45, 2.3, 1.475],
			"to": [4.575, 3.525, 2.45],
			"rotation": {"angle": 0, "axis": "y", "origin": [8, 8, 8]},
			"faces": {
				"north": {"uv": [0, 0, 0.5, 0.5], "texture": "#3"},
				"east": {"uv": [0, 0, 0.5, 0.5], "texture": "#3"},
				"south": {"uv": [0, 0, 0.5, 0.5], "texture": "#3"},
				"west": {"uv": [0, 0, 0.5, 0.5], "texture": "#3"},
				"up": {"uv": [0, 0, 0.5, 0.5], "texture": "#3"},
				"down": {"uv": [0, 0, 0.5, 0.5], "texture": "#3"}
			}
		},
		{
			"from": [4.45, 2.325, 3.275],
			"to": [4.575, 3.5, 4.25],
			"rotation": {"angle": 0, "axis": "y", "origin": [8, 8, 8]},
			"faces": {
				"north": {"uv": [0, 0, 0.5, 0.5], "texture": "#3"},
				"east": {"uv": [0, 0, 0.5, 0.5], "texture": "#3"},
				"south": {"uv": [0, 0, 0.5, 0.5], "texture": "#3"},
				"west": {"uv": [0, 0, 0.5, 0.5], "texture": "#3"},
				"up": {"uv": [0, 0, 0.5, 0.5], "texture": "#3"},
				"down": {"uv": [0, 0, 0.5, 0.5], "texture": "#3"}
			}
		},
		{
			"from": [15.8, 2.075, 3.575],
			"to": [15.925, 3.675, 4.425],
			"rotation": {"angle": 0, "axis": "y", "origin": [8, 8, 8]},
			"faces": {
				"north": {"uv": [0, 0, 0.5, 0.5], "texture": "#3"},
				"east": {"uv": [0, 0, 0.5, 0.5], "texture": "#3"},
				"south": {"uv": [0, 0, 0.5, 0.5], "texture": "#3"},
				"west": {"uv": [0, 0, 0.5, 0.5], "texture": "#3"},
				"up": {"uv": [0, 0, 0.5, 0.5], "texture": "#3"},
				"down": {"uv": [0, 0, 0.5, 0.5], "texture": "#3"}
			}
		},
		{
			"from": [15.8, 2.1, 5.275],
			"to": [15.925, 3.7, 6.125],
			"rotation": {"angle": 0, "axis": "y", "origin": [8, 8, 8]},
			"faces": {
				"north": {"uv": [0, 0, 0.5, 0.5], "texture": "#3"},
				"east": {"uv": [0, 0, 0.5, 0.5], "texture": "#3"},
				"south": {"uv": [0, 0, 0.5, 0.5], "texture": "#3"},
				"west": {"uv": [0, 0, 0.5, 0.5], "texture": "#3"},
				"up": {"uv": [0, 0, 0.5, 0.5], "texture": "#3"},
				"down": {"uv": [0, 0, 0.5, 0.5], "texture": "#3"}
			}
		},
		{
			"from": [15.85, 4.875, 6.125],
			"to": [15.925, 5.65, 7.325],
			"rotation": {"angle": 0, "axis": "y", "origin": [8, 8, 8]},
			"faces": {
				"north": {"uv": [0, 0, 0.5, 0.5], "texture": "#3"},
				"east": {"uv": [0, 0, 0.5, 0.5], "texture": "#3"},
				"south": {"uv": [0, 0, 0.5, 0.5], "texture": "#3"},
				"west": {"uv": [0, 0, 0.5, 0.5], "texture": "#3"},
				"up": {"uv": [0, 0, 0.5, 0.5], "texture": "#3"},
				"down": {"uv": [0, 0, 0.5, 0.5], "texture": "#3"}
			}
		},
		{
			"from": [15.85, 6.675, 6.125],
			"to": [15.925, 7.45, 7.325],
			"rotation": {"angle": 0, "axis": "y", "origin": [8, 8, 8]},
			"faces": {
				"north": {"uv": [0, 0, 0.5, 0.5], "texture": "#3"},
				"east": {"uv": [0, 0, 0.5, 0.5], "texture": "#3"},
				"south": {"uv": [0, 0, 0.5, 0.5], "texture": "#3"},
				"west": {"uv": [0, 0, 0.5, 0.5], "texture": "#3"},
				"up": {"uv": [0, 0, 0.5, 0.5], "texture": "#3"},
				"down": {"uv": [0, 0, 0.5, 0.5], "texture": "#3"}
			}
		},
		{
			"from": [15.85, 8.5, 6.125],
			"to": [15.925, 9.275, 7.325],
			"rotation": {"angle": 0, "axis": "y", "origin": [8, 8, 8]},
			"faces": {
				"north": {"uv": [0, 0, 0.5, 0.5], "texture": "#3"},
				"east": {"uv": [0, 0, 0.5, 0.5], "texture": "#3"},
				"south": {"uv": [0, 0, 0.5, 0.5], "texture": "#3"},
				"west": {"uv": [0, 0, 0.5, 0.5], "texture": "#3"},
				"up": {"uv": [0, 0, 0.5, 0.5], "texture": "#3"},
				"down": {"uv": [0, 0, 0.5, 0.5], "texture": "#3"}
			}
		},
		{
			"from": [15.85, 10.2, 6.125],
			"to": [15.925, 10.975, 7.325],
			"rotation": {"angle": 0, "axis": "y", "origin": [8, 8, 8]},
			"faces": {
				"north": {"uv": [0, 0, 0.5, 0.5], "texture": "#3"},
				"east": {"uv": [0, 0, 0.5, 0.5], "texture": "#3"},
				"south": {"uv": [0, 0, 0.5, 0.5], "texture": "#3"},
				"west": {"uv": [0, 0, 0.5, 0.5], "texture": "#3"},
				"up": {"uv": [0, 0, 0.5, 0.5], "texture": "#3"},
				"down": {"uv": [0, 0, 0.5, 0.5], "texture": "#3"}
			}
		},
		{
			"from": [4.4, 10.2, 6.125],
			"to": [4.475, 10.975, 7.325],
			"rotation": {"angle": 0, "axis": "y", "origin": [8, 8, 8]},
			"faces": {
				"north": {"uv": [0, 0, 0.5, 0.5], "texture": "#3"},
				"east": {"uv": [0, 0, 0.5, 0.5], "texture": "#3"},
				"south": {"uv": [0, 0, 0.5, 0.5], "texture": "#3"},
				"west": {"uv": [0, 0, 0.5, 0.5], "texture": "#3"},
				"up": {"uv": [0, 0, 0.5, 0.5], "texture": "#3"},
				"down": {"uv": [0, 0, 0.5, 0.5], "texture": "#3"}
			}
		},
		{
			"from": [4.4, 8.575, 6.125],
			"to": [4.475, 9.35, 7.325],
			"rotation": {"angle": 0, "axis": "y", "origin": [8, 8, 8]},
			"faces": {
				"north": {"uv": [0, 0, 0.5, 0.5], "texture": "#3"},
				"east": {"uv": [0, 0, 0.5, 0.5], "texture": "#3"},
				"south": {"uv": [0, 0, 0.5, 0.5], "texture": "#3"},
				"west": {"uv": [0, 0, 0.5, 0.5], "texture": "#3"},
				"up": {"uv": [0, 0, 0.5, 0.5], "texture": "#3"},
				"down": {"uv": [0, 0, 0.5, 0.5], "texture": "#3"}
			}
		},
		{
			"from": [4.4, 6.875, 6.125],
			"to": [4.475, 7.65, 7.325],
			"rotation": {"angle": 0, "axis": "y", "origin": [8, 8, 8]},
			"faces": {
				"north": {"uv": [0, 0, 0.5, 0.5], "texture": "#3"},
				"east": {"uv": [0, 0, 0.5, 0.5], "texture": "#3"},
				"south": {"uv": [0, 0, 0.5, 0.5], "texture": "#3"},
				"west": {"uv": [0, 0, 0.5, 0.5], "texture": "#3"},
				"up": {"uv": [0, 0, 0.5, 0.5], "texture": "#3"},
				"down": {"uv": [0, 0, 0.5, 0.5], "texture": "#3"}
			}
		},
		{
			"from": [4.4, 5.075, 6.125],
			"to": [4.475, 5.85, 7.325],
			"rotation": {"angle": 0, "axis": "y", "origin": [8, 8, 8]},
			"faces": {
				"north": {"uv": [0, 0, 0.5, 0.5], "texture": "#3"},
				"east": {"uv": [0, 0, 0.5, 0.5], "texture": "#3"},
				"south": {"uv": [0, 0, 0.5, 0.5], "texture": "#3"},
				"west": {"uv": [0, 0, 0.5, 0.5], "texture": "#3"},
				"up": {"uv": [0, 0, 0.5, 0.5], "texture": "#3"},
				"down": {"uv": [0, 0, 0.5, 0.5], "texture": "#3"}
			}
		},
		{
			"from": [15.8, 2, 1.8],
			"to": [15.925, 3.65, 2.65],
			"rotation": {"angle": 0, "axis": "y", "origin": [8, 8, 8]},
			"faces": {
				"north": {"uv": [0, 0, 0.5, 0.5], "texture": "#3"},
				"east": {"uv": [0, 0, 0.5, 0.5], "texture": "#3"},
				"south": {"uv": [0, 0, 0.5, 0.5], "texture": "#3"},
				"west": {"uv": [0, 0, 0.5, 0.5], "texture": "#3"},
				"up": {"uv": [0, 0, 0.5, 0.5], "texture": "#3"},
				"down": {"uv": [0, 0, 0.5, 0.5], "texture": "#3"}
			}
		},
		{
			"from": [4.45, 2.3, 5.1],
			"to": [4.575, 3.5, 6.075],
			"rotation": {"angle": 0, "axis": "y", "origin": [8, 8, 8]},
			"faces": {
				"north": {"uv": [0, 0, 0.5, 0.5], "texture": "#3"},
				"east": {"uv": [0, 0, 0.5, 0.5], "texture": "#3"},
				"south": {"uv": [0, 0, 0.5, 0.5], "texture": "#3"},
				"west": {"uv": [0, 0, 0.5, 0.5], "texture": "#3"},
				"up": {"uv": [0, 0, 0.5, 0.5], "texture": "#3"},
				"down": {"uv": [0, 0, 0.5, 0.5], "texture": "#3"}
			}
		},
		{
			"from": [13.7, 2.25, 1.2],
			"to": [14.775, 3.55, 1.55],
			"rotation": {"angle": 0, "axis": "y", "origin": [8, 8, 8]},
			"faces": {
				"north": {"uv": [0, 0, 0.5, 0.5], "texture": "#3"},
				"east": {"uv": [0, 0, 0.5, 0.5], "texture": "#3"},
				"south": {"uv": [0, 0, 0.5, 0.5], "texture": "#3"},
				"west": {"uv": [0, 0, 0.5, 0.5], "texture": "#3"},
				"up": {"uv": [0, 0, 0.5, 0.5], "texture": "#3"},
				"down": {"uv": [0, 0, 0.5, 0.5], "texture": "#3"}
			}
		},
		{
			"from": [4.45, 1.7, 1.2],
			"to": [15.95, 2.275, 1.4],
			"rotation": {"angle": 0, "axis": "y", "origin": [8, 8, 8]},
			"faces": {
				"north": {"uv": [0, 11.45, 11.5, 12.025], "texture": "#2"},
				"east": {"uv": [13.44, 1.17333, 13.64, 1.74833], "texture": "#2"},
				"south": {"uv": [13.86667, 2.13333, 25.36667, 2.70833], "texture": "#2"},
				"west": {"uv": [0, 0, 0.2, 0.575], "texture": "#2"},
				"up": {"uv": [8.9, 2.4, 20.4, 2.6], "texture": "#2"},
				"down": {"uv": [13.65333, 1.81333, 25.15333, 2.01333], "texture": "#2"}
			}
		},
		{
			"from": [4.45, 1.7, 1.2],
			"to": [4.8, 2.275, 7.6],
			"rotation": {"angle": 0, "axis": "y", "origin": [8, 8, 8]},
			"faces": {
				"north": {"uv": [6.4, 11.45, 6.75, 12.025], "texture": "#2"},
				"east": {"uv": [13.44, 1.17333, 19.84, 1.74833], "texture": "#2"},
				"south": {"uv": [13.86667, 2.13333, 14.21667, 2.70833], "texture": "#2"},
				"west": {"uv": [0, 0, 6.4, 0.575], "texture": "#2"},
				"up": {"uv": [8.9, 2.4, 9.25, 8.8], "texture": "#2"},
				"down": {"uv": [13.65333, 1.81333, 14.00333, 8.21333], "texture": "#2"}
			}
		},
		{
			"from": [4.45, 1.725, 7.15],
			"to": [4.775, 12.3, 7.6],
			"rotation": {"angle": 0, "axis": "y", "origin": [8, 8, 8]},
			"faces": {
				"north": {"uv": [6.45, 0, 6.775, 10.575], "texture": "#2"},
				"east": {"uv": [13.44, 1.17333, 13.89, 11.74833], "texture": "#2"},
				"south": {"uv": [13.86667, 2.13333, 14.19167, 12.70833], "texture": "#2"},
				"west": {"uv": [0, 0, 0.45, 10.575], "texture": "#2"},
				"up": {"uv": [8.9, 14.3, 9.225, 14.75], "texture": "#2"},
				"down": {"uv": [13.65333, 1.81333, 13.97833, 2.26333], "texture": "#2"}
			}
		},
		{
			"from": [15.575, 2.075, 7.15],
			"to": [15.925, 12.575, 7.6],
			"rotation": {"angle": 0, "axis": "y", "origin": [8, 8, 8]},
			"faces": {
				"north": {"uv": [0, 0, 0.35, 10.5], "texture": "#2"},
				"east": {"uv": [13.44, 1.17333, 13.89, 11.67333], "texture": "#2"},
				"south": {"uv": [13.86667, 2.13333, 14.21667, 12.63333], "texture": "#2"},
				"west": {"uv": [0, 0, 0.45, 10.5], "texture": "#2"},
				"up": {"uv": [16, 14.3, 16.35, 14.75], "texture": "#2"},
				"down": {"uv": [13.65333, 1.81333, 14.00333, 2.26333], "texture": "#2"}
			}
		},
		{
			"from": [15.6, 1.675, 1.2],
			"to": [15.95, 2.25, 7.6],
			"rotation": {"angle": 0, "axis": "y", "origin": [8, 8, 8]},
			"faces": {
				"north": {"uv": [0, 11.5, 0.35, 12.075], "texture": "#2"},
				"east": {"uv": [13.44, 1.17333, 19.84, 1.74833], "texture": "#2"},
				"south": {"uv": [13.86667, 2.13333, 14.21667, 2.70833], "texture": "#2"},
				"west": {"uv": [0, 0, 6.4, 0.575], "texture": "#2"},
				"up": {"uv": [16, 2.4, 16.35, 8.8], "texture": "#2"},
				"down": {"uv": [13.65333, 1.81333, 14.00333, 8.21333], "texture": "#2"}
			}
		},
		{
			"from": [14.625, 9.125, 1.225],
			"to": [15.85, 12.45, 1.45],
			"rotation": {"angle": 0, "axis": "y", "origin": [8, 8, 8]},
			"faces": {
				"north": {"uv": [0, 0, 1.225, 3.325], "texture": "#2"},
				"east": {"uv": [0, 0, 0.225, 3.325], "texture": "#2"},
				"south": {"uv": [4.16, 3.94667, 5.385, 7.27167], "texture": "#2"},
				"west": {"uv": [0, 0, 0.225, 3.325], "texture": "#2"},
				"up": {"uv": [16, 2.45, 17.225, 2.675], "texture": "#2"},
				"down": {"uv": [0, 0, 1.225, 0.225], "texture": "#2"}
			}
		},
		{
			"from": [4.525, 9.125, 1.225],
			"to": [5.8, 12.45, 1.45],
			"rotation": {"angle": 0, "axis": "y", "origin": [8, 8, 8]},
			"faces": {
				"north": {"uv": [4.4, 0, 5.675, 3.325], "texture": "#2"},
				"east": {"uv": [0, 0, 0.225, 3.325], "texture": "#2"},
				"south": {"uv": [4.16, 3.62667, 5.435, 6.95167], "texture": "#2"},
				"west": {"uv": [0, 0, 0.225, 3.325], "texture": "#2"},
				"up": {"uv": [9.05, 2.45, 10.325, 2.675], "texture": "#2"},
				"down": {"uv": [0, 0, 1.275, 0.225], "texture": "#2"}
			}
		},
		{
			"from": [4.525, 2.175, 1.225],
			"to": [15.775, 9.125, 1.45],
			"rotation": {"angle": 0, "axis": "y", "origin": [8, 8.4, 8]},
			"faces": {
				"north": {"uv": [0, 0, 11.25, 6.95], "texture": "#2"},
				"east": {"uv": [0, 0, 0.225, 6.95], "texture": "#2"},
				"south": {"uv": [4.26667, 3.84, 15.51667, 10.79], "texture": "#2"},
				"west": {"uv": [0, 0, 0.225, 6.95], "texture": "#2"},
				"up": {"uv": [9.05, 2.45, 20.3, 2.675], "texture": "#2"},
				"down": {"uv": [0, 0, 11.25, 0.225], "texture": "#2"}
			}
		},
		{
			"from": [4.525, 1.825, 1.275],
			"to": [4.725, 12.1, 7.525],
			"rotation": {"angle": 0, "axis": "y", "origin": [9.275, 11.1, 8.3]},
			"faces": {
				"north": {"uv": [6.55, 0, 6.75, 10.275], "texture": "#2"},
				"east": {"uv": [3.94667, 3.73333, 10.19667, 14.00833], "texture": "#2"},
				"south": {"uv": [0, 0, 0.2, 10.275], "texture": "#2"},
				"west": {"uv": [0, 0, 6.25, 10.275], "texture": "#2"},
				"up": {"uv": [9.05, 2.55, 15.3, 2.75], "rotation": 270, "texture": "#2"},
				"down": {"uv": [0, 0, 6.25, 0.2], "rotation": 90, "texture": "#2"}
			}
		},
		{
			"from": [15.625, 2.175, 1.275],
			"to": [15.825, 11.825, 7.525],
			"rotation": {"angle": 0, "axis": "y", "origin": [9.275, 11.1, 8.3]},
			"faces": {
				"north": {"uv": [0, 0, 0.2, 9.65], "texture": "#2"},
				"east": {"uv": [0, 0, 6.25, 9.65], "texture": "#2"},
				"south": {"uv": [0, 0, 0.2, 9.65], "texture": "#2"},
				"west": {"uv": [0, 0, 6.25, 9.65], "texture": "#2"},
				"up": {"uv": [16, 2.55, 22.25, 2.75], "rotation": 270, "texture": "#2"},
				"down": {"uv": [0, 0, 6.25, 0.2], "rotation": 90, "texture": "#2"}
			}
		},
		{
			"from": [4, 11.825, 0.6],
			"to": [16.425, 13.75, 15.65],
			"rotation": {"angle": 0, "axis": "y", "origin": [8, 8, 8]},
			"faces": {
				"north": {"uv": [0, 0, 12.425, 1.925], "texture": "#2"},
				"east": {"uv": [1, 7.5, 16.05, 9.425], "texture": "#2"},
				"south": {"uv": [3.5, 8, 15.925, 9.925], "texture": "#2"},
				"west": {"uv": [0, 0, 15.05, 1.925], "texture": "#2"},
				"up": {"uv": [3.5, 1, 15.925, 16.05], "texture": "#2"},
				"down": {"uv": [3.5, 1, 15.925, 16.05], "texture": "#2"}
			}
		},
		{
			"from": [4.475, 12.9, 1.05],
			"to": [15.775, 18.6, 15.1],
			"rotation": {"angle": 0, "axis": "y", "origin": [8, 8, 8]},
			"faces": {
				"north": {"uv": [4, 0, 8, 2], "texture": "#1"},
				"east": {"uv": [4, 0, 8, 2], "texture": "#1"},
				"south": {"uv": [4, 0, 8, 2], "texture": "#1"},
				"west": {"uv": [4, 0, 8, 2], "texture": "#1"},
				"up": {"uv": [4, 0, 8, 4], "texture": "#1"},
				"down": {"uv": [0, 0, 4.01778, 4.99556], "texture": "#1"}
			}
		}
	],
	"display": {
		"thirdperson_righthand": {
			"translation": [0.5, -2.5, 0],
			"scale": [0.7, 0.5, 0.6]
		},
		"thirdperson_lefthand": {
			"translation": [0.5, -2.5, 0],
			"scale": [0.7, 0.5, 0.6]
		},
		"firstperson_righthand": {
			"translation": [4, -2.5, 0]
		},
		"firstperson_lefthand": {
			"translation": [4, -2.5, 0]
		},
		"ground": {
			"scale": [0.92773, 0.66, 0.64648]
		},
		"gui": {
			"rotation": [1, -163, 0],
			"translation": [1.5, -1.25, 0.5],
			"scale": [0.9, 0.64, 0.9]
		},
		"head": {
			"translation": [-2.75, -3, -0.25],
			"scale": [1.32, 0.99, 1.12]
		},
		"fixed": {
			"rotation": [-27, 0, 0],
			"translation": [-2, -2.25, -1.75],
			"scale": [1, 0.73, 1]
		}
	},
	"groups": [
		{
			"name": "group",
			"origin": [0, 0, 0],
			"color": 0,
			"children": [0, 1, 2, 3, 4, 5, 6, 7, 8, 9, 10, 11, 12, 13, 14, 15, 16, 17, 18, 19, 20, 21, 22, 23, 24, 25, 26, 27, 28, 29, 30, 31, 32, 33, 34, 35, 36, 37, 38, 39, 40]
		},
		{
			"name": "group",
			"origin": [0, 0, 0],
			"color": 0,
			"children": []
		}
	]
}