{
	"credit": "Made with Blockbench",
	"texture_size": [32, 32],
	"textures": {
		"1": "concrete:vehicle/boat/asian/floor",
		"2": "concrete:vehicle/boat/asian/wood",
		"3": "concrete:vehicle/boat/asian/sail",
		"particle": "concrete:vehicle/boat/asian/wood"
	},
	"elements": [
		{
			"from": [10.00584, -9.15504, 2.40246],
			"to": [11.39096, 18.10565, 2.71388],
			"rotation": {"angle": 0, "axis": "y", "origin": [9.76862, -7.9094, 9.18816]},
			"faces": {
				"north": {"uv": [15, 11, 13, 9], "texture": "#2"},
				"east": {"uv": [15, 11, 13, 9], "texture": "#2"},
				"south": {"uv": [15, 11, 13, 9], "texture": "#2"},
				"west": {"uv": [15, 11, 13, 9], "texture": "#2"},
				"up": {"uv": [15, 11, 13, 9], "texture": "#2"},
				"down": {"uv": [15, 11, 13, 9], "texture": "#2"}
			}
		},
		{
			"from": [9.93853, -9.15504, 2.03155],
			"to": [11.32365, 18.10565, 2.34297],
			"rotation": {"angle": 45, "axis": "y", "origin": [11.11248, -6.14546, 2.07355]},
			"faces": {
				"north": {"uv": [15, 11, 13, 9], "texture": "#2"},
				"east": {"uv": [15, 11, 13, 9], "texture": "#2"},
				"south": {"uv": [15, 11, 13, 9], "texture": "#2"},
				"west": {"uv": [15, 11, 13, 9], "texture": "#2"},
				"up": {"uv": [15, 11, 13, 9], "texture": "#2"},
				"down": {"uv": [15, 11, 13, 9], "texture": "#2"}
			}
		},
		{
			"from": [10.14113, -9.15504, 2.17504],
			"to": [11.52625, 18.10565, 2.48647],
			"rotation": {"angle": 22.5, "axis": "y", "origin": [11.33769, -6.14546, 2.33076]},
			"faces": {
				"north": {"uv": [15, 11, 13, 9], "texture": "#2"},
				"east": {"uv": [15, 11, 13, 9], "texture": "#2"},
				"south": {"uv": [15, 11, 13, 9], "texture": "#2"},
				"west": {"uv": [15, 11, 13, 9], "texture": "#2"},
				"up": {"uv": [15, 11, 13, 9], "texture": "#2"},
				"down": {"uv": [15, 11, 13, 9], "texture": "#2"}
			}
		},
		{
			"from": [10.84305, -9.15504, 1.86237],
			"to": [11.15448, 18.10565, 2.23949],
			"shade": false,
			"rotation": {"angle": -22.5, "axis": "y", "origin": [11.11248, -6.14546, 2.07355]},
			"faces": {
				"north": {"uv": [15, 11, 13, 9], "texture": "#2"},
				"east": {"uv": [15, 11, 13, 9], "texture": "#2"},
				"south": {"uv": [15, 11, 13, 9], "texture": "#2"},
				"west": {"uv": [15, 11, 13, 9], "texture": "#2"},
				"up": {"uv": [15, 11, 13, 9], "texture": "#2"},
				"down": {"uv": [15, 11, 13, 9], "texture": "#2"}
			}
		},
		{
			"from": [10.44994, -9.15504, 1.89763],
			"to": [10.76137, 18.10565, 3.13875],
			"rotation": {"angle": 22.5, "axis": "y", "origin": [10.38978, 15.56331, 2.15929]},
			"faces": {
				"north": {"uv": [15, 11, 13, 9], "texture": "#2"},
				"east": {"uv": [15, 11, 13, 9], "texture": "#2"},
				"south": {"uv": [15, 11, 13, 9], "texture": "#2"},
				"west": {"uv": [15, 11, 13, 9], "texture": "#2"},
				"up": {"uv": [15, 11, 13, 9], "texture": "#2"},
				"down": {"uv": [15, 11, 13, 9], "texture": "#2"}
			}
		},
		{
			"from": [10.23407, -9.15504, 1.94057],
			"to": [10.54549, 18.10565, 3.18169],
			"rotation": {"angle": 45, "axis": "y", "origin": [10.38978, 15.56331, 2.15929]},
			"faces": {
				"north": {"uv": [15, 11, 13, 9], "texture": "#2"},
				"east": {"uv": [15, 11, 13, 9], "texture": "#2"},
				"south": {"uv": [15, 11, 13, 9], "texture": "#2"},
				"west": {"uv": [15, 11, 13, 9], "texture": "#2"},
				"up": {"uv": [15, 11, 13, 9], "texture": "#2"},
				"down": {"uv": [15, 11, 13, 9], "texture": "#2"}
			}
		},
		{
			"from": [10.63295, -9.15504, 1.77535],
			"to": [10.94438, 18.10565, 3.01647],
			"rotation": {"angle": 0, "axis": "y", "origin": [10.4895, -6.14546, 2.11044]},
			"faces": {
				"north": {"uv": [15, 11, 13, 9], "texture": "#2"},
				"east": {"uv": [15, 11, 13, 9], "texture": "#2"},
				"south": {"uv": [15, 11, 13, 9], "texture": "#2"},
				"west": {"uv": [15, 11, 13, 9], "texture": "#2"},
				"up": {"uv": [15, 11, 13, 9], "texture": "#2"},
				"down": {"uv": [15, 11, 13, 9], "texture": "#2"}
			}
		},
		{
			"from": [10.63295, -9.15504, 2.96388],
			"to": [10.94438, 18.10565, 3.341],
			"rotation": {"angle": 0, "axis": "y", "origin": [10.4895, -6.14546, 3.0059]},
			"faces": {
				"north": {"uv": [15, 11, 13, 9], "texture": "#2"},
				"east": {"uv": [15, 11, 13, 9], "texture": "#2"},
				"south": {"uv": [15, 11, 13, 9], "texture": "#2"},
				"west": {"uv": [15, 11, 13, 9], "texture": "#2"},
				"up": {"uv": [15, 11, 13, 9], "texture": "#2"},
				"down": {"uv": [15, 11, 13, 9], "texture": "#2"}
			}
		},
		{
			"from": [10.43884, -9.15504, 2.88347],
			"to": [10.75027, 18.10565, 3.26059],
			"rotation": {"angle": -22.5, "axis": "y", "origin": [10.4895, -6.14546, 3.0059]},
			"faces": {
				"north": {"uv": [15, 11, 13, 9], "texture": "#2"},
				"east": {"uv": [15, 11, 13, 9], "texture": "#2"},
				"south": {"uv": [15, 11, 13, 9], "texture": "#2"},
				"west": {"uv": [15, 11, 13, 9], "texture": "#2"},
				"up": {"uv": [15, 11, 13, 9], "texture": "#2"},
				"down": {"uv": [15, 11, 13, 9], "texture": "#2"}
			}
		},
		{
			"from": [10.22873, -9.15504, 2.88347],
			"to": [10.54016, 18.10565, 3.26059],
			"rotation": {"angle": -45, "axis": "y", "origin": [10.4895, -6.14546, 3.0059]},
			"faces": {
				"north": {"uv": [15, 11, 13, 9], "texture": "#2"},
				"east": {"uv": [15, 11, 13, 9], "texture": "#2"},
				"south": {"uv": [15, 11, 13, 9], "texture": "#2"},
				"west": {"uv": [15, 11, 13, 9], "texture": "#2"},
				"up": {"uv": [15, 11, 13, 9], "texture": "#2"},
				"down": {"uv": [15, 11, 13, 9], "texture": "#2"}
			}
		},
		{
			"from": [10.15441, -9.15504, 2.55102],
			"to": [10.53152, 18.10565, 2.86245],
			"rotation": {"angle": 22.5, "axis": "y", "origin": [10.4895, -6.14546, 3.0059]},
			"faces": {
				"north": {"uv": [15, 11, 13, 9], "texture": "#2"},
				"east": {"uv": [15, 11, 13, 9], "texture": "#2"},
				"south": {"uv": [15, 11, 13, 9], "texture": "#2"},
				"west": {"uv": [15, 11, 13, 9], "texture": "#2"},
				"up": {"uv": [15, 11, 13, 9], "texture": "#2"},
				"down": {"uv": [15, 11, 13, 9], "texture": "#2"}
			}
		},
		{
			"from": [10.94653, -9.15504, 2.77337],
			"to": [11.32365, 18.10565, 3.0848],
			"rotation": {"angle": -45, "axis": "y", "origin": [11.11248, -6.14546, 3.04279]},
			"faces": {
				"north": {"uv": [15, 11, 13, 9], "texture": "#2"},
				"east": {"uv": [15, 11, 13, 9], "texture": "#2"},
				"south": {"uv": [15, 11, 13, 9], "texture": "#2"},
				"west": {"uv": [15, 11, 13, 9], "texture": "#2"},
				"up": {"uv": [15, 11, 13, 9], "texture": "#2"},
				"down": {"uv": [15, 11, 13, 9], "texture": "#2"}
			}
		},
		{
			"from": [10.84305, -9.15504, 2.87685],
			"to": [11.15448, 18.10565, 3.25397],
			"rotation": {"angle": 22.5, "axis": "y", "origin": [11.11248, -6.14546, 3.04279]},
			"faces": {
				"north": {"uv": [15, 11, 13, 9], "texture": "#2"},
				"east": {"uv": [15, 11, 13, 9], "texture": "#2"},
				"south": {"uv": [15, 11, 13, 9], "texture": "#2"},
				"west": {"uv": [15, 11, 13, 9], "texture": "#2"},
				"up": {"uv": [15, 11, 13, 9], "texture": "#2"},
				"down": {"uv": [15, 11, 13, 9], "texture": "#2"}
			}
		},
		{
			"from": [11.14913, -9.15504, 2.62987],
			"to": [11.52625, 18.10565, 2.9413],
			"rotation": {"angle": -22.5, "axis": "y", "origin": [11.33769, -6.14546, 2.78559]},
			"faces": {
				"north": {"uv": [15, 11, 13, 9], "texture": "#2"},
				"east": {"uv": [15, 11, 13, 9], "texture": "#2"},
				"south": {"uv": [15, 11, 13, 9], "texture": "#2"},
				"west": {"uv": [15, 11, 13, 9], "texture": "#2"},
				"up": {"uv": [15, 11, 13, 9], "texture": "#2"},
				"down": {"uv": [15, 11, 13, 9], "texture": "#2"}
			}
		},
		{
			"from": [11.19437, -9.15504, 2.40246],
			"to": [11.57149, 18.10565, 2.71388],
			"rotation": {"angle": 0, "axis": "y", "origin": [9.74064, -7.9094, 9.18816]},
			"faces": {
				"north": {"uv": [15, 11, 13, 9], "texture": "#2"},
				"east": {"uv": [15, 11, 13, 9], "texture": "#2"},
				"south": {"uv": [15, 11, 13, 9], "texture": "#2"},
				"west": {"uv": [15, 11, 13, 9], "texture": "#2"},
				"up": {"uv": [15, 11, 13, 9], "texture": "#2"},
				"down": {"uv": [15, 11, 13, 9], "texture": "#2"}
			}
		},
		{
			"from": [6.27526, 4.05237, -4.09554],
			"to": [7.02406, 4.78965, 30.92526],
			"shade": false,
			"rotation": {"angle": 0, "axis": "y", "origin": [6.64966, 4.42101, 13.41486]},
			"faces": {
				"north": {"uv": [1, 1, 0, 0], "texture": "#1"},
				"east": {"uv": [1, 1, 0, 0], "texture": "#1"},
				"south": {"uv": [1, 1, 0, 0], "texture": "#1"},
				"west": {"uv": [1, 1, 0, 0], "texture": "#1"},
				"up": {"uv": [1, 1, 0, 0], "rotation": 90, "texture": "#1"},
				"down": {"uv": [1, 1, 0, 0], "rotation": 270, "texture": "#1"}
			}
		},
		{
			"from": [9.15526, 0.45237, -3.80754],
			"to": [9.15526, 8.82165, 31.78926],
			"shade": false,
			"rotation": {"angle": 45, "axis": "z", "origin": [12.89926, 3.62901, 16.07886]},
			"faces": {
				"north": {"uv": [16, 16, 0, 0], "texture": "#3"},
				"east": {"uv": [16, 16, 0, 0], "texture": "#3"},
				"south": {"uv": [16, 16, 0, 0], "texture": "#3"},
				"west": {"uv": [16, 16, 0, 0], "texture": "#3"},
				"up": {"uv": [16, 16, 0, 0], "texture": "#3"},
				"down": {"uv": [16, 16, 0, 0], "texture": "#3"}
			}
		},
		{
			"from": [5.82103, 3.96378, -3.80754],
			"to": [5.82103, 11.18106, 30.63726],
			"shade": false,
			"rotation": {"angle": 22.5, "axis": "z", "origin": [4.95703, 6.27642, 15.43086]},
			"faces": {
				"north": {"uv": [16, 16, 0, 0], "texture": "#3"},
				"east": {"uv": [16, 16, 0, 0], "texture": "#3"},
				"south": {"uv": [16, 16, 0, 0], "texture": "#3"},
				"west": {"uv": [16, 16, 0, 0], "texture": "#3"},
				"up": {"uv": [16, 16, 0, 0], "texture": "#3"},
				"down": {"uv": [16, 16, 0, 0], "texture": "#3"}
			}
		},
		{
			"from": [3.87834, 11.13835, -3.80754],
			"to": [3.87834, 22.09963, 27.90126],
			"shade": false,
			"rotation": {"angle": 0, "axis": "y", "origin": [2.43834, 14.74699, 16.07886]},
			"faces": {
				"north": {"uv": [16, 16, 0, 0], "texture": "#3"},
				"east": {"uv": [16, 16, 0, 0], "texture": "#3"},
				"south": {"uv": [16, 16, 0, 0], "texture": "#3"},
				"west": {"uv": [16, 16, 0, 0], "texture": "#3"},
				"up": {"uv": [16, 16, 0, 0], "texture": "#3"},
				"down": {"uv": [16, 16, 0, 0], "texture": "#3"}
			}
		},
		{
			"from": [11.74726, -0.98763, -4.52754],
			"to": [12.49606, -0.25035, 31.35726],
			"shade": false,
			"rotation": {"angle": 0, "axis": "y", "origin": [4.87846, 1.50501, 15.21486]},
			"faces": {
				"north": {"uv": [1, 1, 0, 0], "texture": "#1"},
				"east": {"uv": [1, 1, 0, 0], "texture": "#1"},
				"south": {"uv": [1, 1, 0, 0], "texture": "#1"},
				"west": {"uv": [1, 1, 0, 0], "texture": "#1"},
				"up": {"uv": [1, 1, 0, 0], "rotation": 90, "texture": "#1"},
				"down": {"uv": [1, 1, 0, 0], "rotation": 270, "texture": "#1"}
			}
		},
		{
			"from": [3.68326, 10.37451, -4.321],
			"to": [4.43206, 11.11179, 30.6998],
			"shade": false,
			"rotation": {"angle": 0, "axis": "y", "origin": [3.33766, 10.74315, 4.0454]},
			"faces": {
				"north": {"uv": [1, 1, 0, 0], "texture": "#1"},
				"east": {"uv": [1, 1, 0, 0], "texture": "#1"},
				"south": {"uv": [1, 1, 0, 0], "texture": "#1"},
				"west": {"uv": [1, 1, 0, 0], "texture": "#1"},
				"up": {"uv": [1, 1, 0, 0], "rotation": 90, "texture": "#1"},
				"down": {"uv": [1, 1, 0, 0], "rotation": 270, "texture": "#1"}
			}
		}
	],
	"display": {
		"thirdperson_righthand": {
			"rotation": [69, -90, 0],
			"translation": [-12.5, 4.75, 3.5],
			"scale": [0.2, 0.2, 0.2]
		},
		"thirdperson_lefthand": {
			"rotation": [69, 90, 0],
			"translation": [-12.5, 4.75, 3.5],
			"scale": [0.2, 0.2, 0.2]
		},
		"firstperson_righthand": {
			"translation": [-17.25, 4, -0.5],
			"scale": [0.15, 0.15, 0.15]
		},
		"firstperson_lefthand": {
			"translation": [-17.25, 4, -0.5],
			"scale": [0.15, 0.15, 0.15]
		},
		"ground": {
			"scale": [0.23, 0.2, 0.2]
		},
		"gui": {
			"scale": [0.25, 0.29, 1]
		},
		"head": {
            "rotation": [0, 180, 0],
            "translation": [0, 12, 0],
			"scale": [4, 4, 4]
		},
		"fixed": {
			"translation": [0, 0, -3],
			"scale": [0.56, 0.47, 0.52]
		}
	},
	"groups": [
		{
			"name": "sail1part1",
			"origin": [4.76226, 9.90497, 5.25375],
			"color": 0,
			"children": [0, 1, 2, 3, 4, 5, 6, 7, 8, 9, 10, 11, 12, 13, 14, 15, 16, 17, 18, 19, 20]
		}
	]
}