{
	"credit": "Made with Blockbench",
	"texture_size": [32, 32],
	"textures": {
		"1": "concrete:vehicle/boat/asian/floor",
		"2": "concrete:vehicle/boat/asian/wood",
		"3": "concrete:vehicle/boat/asian/sail",
		"particle": "concrete:vehicle/boat/asian/wood"
	},
	"elements": [
		{
			"from": [11.86008, -4.2458, 2.82576],
			"to": [12.27911, 21.40385, 3.17179],
			"rotation": {"angle": 0, "axis": "y", "origin": [10.24483, -33.10176, 10.36544]},
			"faces": {
				"north": {"uv": [15, 11, 13, 9], "texture": "#2"},
				"east": {"uv": [15, 11, 13, 9], "texture": "#2"},
				"south": {"uv": [15, 11, 13, 9], "texture": "#2"},
				"west": {"uv": [15, 11, 13, 9], "texture": "#2"},
				"up": {"uv": [15, 11, 13, 9], "texture": "#2"},
				"down": {"uv": [15, 11, 13, 9], "texture": "#2"}
			}
		},
		{
			"from": [10.48827, -4.2458, 3.06124],
			"to": [12.23227, 21.40385, 3.40727],
			"rotation": {"angle": -22.5, "axis": "y", "origin": [11.97778, -31.14182, 3.23425]},
			"faces": {
				"north": {"uv": [15, 11, 13, 9], "texture": "#2"},
				"east": {"uv": [15, 11, 13, 9], "texture": "#2"},
				"south": {"uv": [15, 11, 13, 9], "texture": "#2"},
				"west": {"uv": [15, 11, 13, 9], "texture": "#2"},
				"up": {"uv": [15, 11, 13, 9], "texture": "#2"},
				"down": {"uv": [15, 11, 13, 9], "texture": "#2"}
			}
		},
		{
			"from": [11.46973, -4.2458, 3.35287],
			"to": [11.81576, 21.40385, 3.77189],
			"rotation": {"angle": 22.5, "axis": "y", "origin": [11.76909, -31.14182, 3.53725]},
			"faces": {
				"north": {"uv": [15, 11, 13, 9], "texture": "#2"},
				"east": {"uv": [15, 11, 13, 9], "texture": "#2"},
				"south": {"uv": [15, 11, 13, 9], "texture": "#2"},
				"west": {"uv": [15, 11, 13, 9], "texture": "#2"},
				"up": {"uv": [15, 11, 13, 9], "texture": "#2"},
				"down": {"uv": [15, 11, 13, 9], "texture": "#2"}
			}
		},
		{
			"from": [11.58471, -4.2458, 3.23789],
			"to": [12.00373, 21.40385, 3.58392],
			"rotation": {"angle": -45, "axis": "y", "origin": [11.76909, -31.14182, 3.53725]},
			"faces": {
				"north": {"uv": [15, 11, 13, 9], "texture": "#2"},
				"east": {"uv": [15, 11, 13, 9], "texture": "#2"},
				"south": {"uv": [15, 11, 13, 9], "texture": "#2"},
				"west": {"uv": [15, 11, 13, 9], "texture": "#2"},
				"up": {"uv": [15, 11, 13, 9], "texture": "#2"},
				"down": {"uv": [15, 11, 13, 9], "texture": "#2"}
			}
		},
		{
			"from": [10.70457, -4.2458, 2.99084],
			"to": [11.12359, 21.40385, 3.33687],
			"rotation": {"angle": 22.5, "axis": "y", "origin": [11.0769, -31.14182, 3.49626]},
			"faces": {
				"north": {"uv": [15, 11, 13, 9], "texture": "#2"},
				"east": {"uv": [15, 11, 13, 9], "texture": "#2"},
				"south": {"uv": [15, 11, 13, 9], "texture": "#2"},
				"west": {"uv": [15, 11, 13, 9], "texture": "#2"},
				"up": {"uv": [15, 11, 13, 9], "texture": "#2"},
				"down": {"uv": [15, 11, 13, 9], "texture": "#2"}
			}
		},
		{
			"from": [10.78716, -4.2458, 3.36023],
			"to": [11.13319, 21.40385, 3.77925],
			"rotation": {"angle": -45, "axis": "y", "origin": [11.0769, -31.14182, 3.49626]},
			"faces": {
				"north": {"uv": [15, 11, 13, 9], "texture": "#2"},
				"east": {"uv": [15, 11, 13, 9], "texture": "#2"},
				"south": {"uv": [15, 11, 13, 9], "texture": "#2"},
				"west": {"uv": [15, 11, 13, 9], "texture": "#2"},
				"up": {"uv": [15, 11, 13, 9], "texture": "#2"},
				"down": {"uv": [15, 11, 13, 9], "texture": "#2"}
			}
		},
		{
			"from": [11.02061, -4.2458, 3.36023],
			"to": [11.36664, 21.40385, 3.77925],
			"rotation": {"angle": -22.5, "axis": "y", "origin": [11.0769, -31.14182, 3.49626]},
			"faces": {
				"north": {"uv": [15, 11, 13, 9], "texture": "#2"},
				"east": {"uv": [15, 11, 13, 9], "texture": "#2"},
				"south": {"uv": [15, 11, 13, 9], "texture": "#2"},
				"west": {"uv": [15, 11, 13, 9], "texture": "#2"},
				"up": {"uv": [15, 11, 13, 9], "texture": "#2"},
				"down": {"uv": [15, 11, 13, 9], "texture": "#2"}
			}
		},
		{
			"from": [11.23629, -4.2458, 3.44956],
			"to": [11.58232, 21.40385, 3.86858],
			"rotation": {"angle": 0, "axis": "y", "origin": [11.0769, -31.14182, 3.49626]},
			"faces": {
				"north": {"uv": [15, 11, 13, 9], "texture": "#2"},
				"east": {"uv": [15, 11, 13, 9], "texture": "#2"},
				"south": {"uv": [15, 11, 13, 9], "texture": "#2"},
				"west": {"uv": [15, 11, 13, 9], "texture": "#2"},
				"up": {"uv": [15, 11, 13, 9], "texture": "#2"},
				"down": {"uv": [15, 11, 13, 9], "texture": "#2"}
			}
		},
		{
			"from": [11.23629, -4.2458, 2.12897],
			"to": [11.58232, 21.40385, 3.50799],
			"rotation": {"angle": 0, "axis": "y", "origin": [11.0769, -31.14182, 2.5013]},
			"faces": {
				"north": {"uv": [15, 11, 13, 9], "texture": "#2"},
				"east": {"uv": [15, 11, 13, 9], "texture": "#2"},
				"south": {"uv": [15, 11, 13, 9], "texture": "#2"},
				"west": {"uv": [15, 11, 13, 9], "texture": "#2"},
				"up": {"uv": [15, 11, 13, 9], "texture": "#2"},
				"down": {"uv": [15, 11, 13, 9], "texture": "#2"}
			}
		},
		{
			"from": [10.79308, -4.2458, 2.31256],
			"to": [11.13911, 21.40385, 3.69158],
			"rotation": {"angle": 45, "axis": "y", "origin": [10.96609, -7.02097, 2.55557]},
			"faces": {
				"north": {"uv": [15, 11, 13, 9], "texture": "#2"},
				"east": {"uv": [15, 11, 13, 9], "texture": "#2"},
				"south": {"uv": [15, 11, 13, 9], "texture": "#2"},
				"west": {"uv": [15, 11, 13, 9], "texture": "#2"},
				"up": {"uv": [15, 11, 13, 9], "texture": "#2"},
				"down": {"uv": [15, 11, 13, 9], "texture": "#2"}
			}
		},
		{
			"from": [11.03294, -4.2458, 2.26484],
			"to": [11.37897, 21.40385, 3.64387],
			"rotation": {"angle": 22.5, "axis": "y", "origin": [10.96609, -7.02097, 2.55557]},
			"faces": {
				"north": {"uv": [15, 11, 13, 9], "texture": "#2"},
				"east": {"uv": [15, 11, 13, 9], "texture": "#2"},
				"south": {"uv": [15, 11, 13, 9], "texture": "#2"},
				"west": {"uv": [15, 11, 13, 9], "texture": "#2"},
				"up": {"uv": [15, 11, 13, 9], "texture": "#2"},
				"down": {"uv": [15, 11, 13, 9], "texture": "#2"}
			}
		},
		{
			"from": [11.46973, -4.2458, 2.22567],
			"to": [11.81576, 21.40385, 2.64469],
			"shade": false,
			"rotation": {"angle": -22.5, "axis": "y", "origin": [11.76909, -31.14182, 2.46031]},
			"faces": {
				"north": {"uv": [15, 11, 13, 9], "texture": "#2"},
				"east": {"uv": [15, 11, 13, 9], "texture": "#2"},
				"south": {"uv": [15, 11, 13, 9], "texture": "#2"},
				"west": {"uv": [15, 11, 13, 9], "texture": "#2"},
				"up": {"uv": [15, 11, 13, 9], "texture": "#2"},
				"down": {"uv": [15, 11, 13, 9], "texture": "#2"}
			}
		},
		{
			"from": [10.68982, -4.2458, 2.57308],
			"to": [12.22884, 21.40385, 2.91911],
			"rotation": {"angle": 22.5, "axis": "y", "origin": [12.01933, -31.14182, 2.7461]},
			"faces": {
				"north": {"uv": [15, 11, 13, 9], "texture": "#2"},
				"east": {"uv": [15, 11, 13, 9], "texture": "#2"},
				"south": {"uv": [15, 11, 13, 9], "texture": "#2"},
				"west": {"uv": [15, 11, 13, 9], "texture": "#2"},
				"up": {"uv": [15, 11, 13, 9], "texture": "#2"},
				"down": {"uv": [15, 11, 13, 9], "texture": "#2"}
			}
		},
		{
			"from": [10.46471, -4.2458, 2.41364],
			"to": [12.00373, 21.40385, 2.75967],
			"rotation": {"angle": 45, "axis": "y", "origin": [11.76909, -31.14182, 2.46031]},
			"faces": {
				"north": {"uv": [15, 11, 13, 9], "texture": "#2"},
				"east": {"uv": [15, 11, 13, 9], "texture": "#2"},
				"south": {"uv": [15, 11, 13, 9], "texture": "#2"},
				"west": {"uv": [15, 11, 13, 9], "texture": "#2"},
				"up": {"uv": [15, 11, 13, 9], "texture": "#2"},
				"down": {"uv": [15, 11, 13, 9], "texture": "#2"}
			}
		},
		{
			"from": [10.53949, -4.2458, 2.82576],
			"to": [12.07852, 21.40385, 3.17179],
			"rotation": {"angle": 0, "axis": "y", "origin": [10.27592, -33.10176, 10.36544]},
			"faces": {
				"north": {"uv": [15, 11, 13, 9], "texture": "#2"},
				"east": {"uv": [15, 11, 13, 9], "texture": "#2"},
				"south": {"uv": [15, 11, 13, 9], "texture": "#2"},
				"west": {"uv": [15, 11, 13, 9], "texture": "#2"},
				"up": {"uv": [15, 11, 13, 9], "texture": "#2"},
				"down": {"uv": [15, 11, 13, 9], "texture": "#2"}
			}
		},
		{
			"from": [6.13116, 0.38241, -2.79424],
			"to": [6.13116, 14.48161, 26.51776],
			"shade": false,
			"rotation": {"angle": -22.5, "axis": "z", "origin": [3.73116, 6.15201, 15.86176]},
			"faces": {
				"north": {"uv": [16, 16, 0, 0], "texture": "#3"},
				"east": {"uv": [16, 16, 0, 0], "texture": "#3"},
				"south": {"uv": [16, 16, 0, 0], "texture": "#3"},
				"west": {"uv": [16, 16, 0, 0], "texture": "#3"},
				"up": {"uv": [16, 16, 0, 0], "texture": "#3"},
				"down": {"uv": [16, 16, 0, 0], "texture": "#3"}
			}
		},
		{
			"from": [10.29456, 11.5838, -1.03424],
			"to": [10.29456, 18.163, 20.59776],
			"shade": false,
			"rotation": {"angle": -22.5, "axis": "z", "origin": [12.53456, 14.9534, 10.34176]},
			"faces": {
				"north": {"uv": [16, 16, 0, 0], "texture": "#3"},
				"east": {"uv": [16, 16, 0, 0], "texture": "#3"},
				"south": {"uv": [16, 16, 0, 0], "texture": "#3"},
				"west": {"uv": [16, 16, 0, 0], "texture": "#3"},
				"up": {"uv": [16, 16, 0, 0], "texture": "#3"},
				"down": {"uv": [16, 16, 0, 0], "texture": "#3"}
			}
		},
		{
			"from": [8.7944, 12.4937, -4.00475],
			"to": [9.6264, 13.3129, 28.82725],
			"shade": false,
			"rotation": {"angle": 0, "axis": "y", "origin": [3.1304, -12.3767, 4.65125]},
			"faces": {
				"north": {"uv": [1, 1, 0, 0], "texture": "#1"},
				"east": {"uv": [1, 1, 0, 0], "texture": "#1"},
				"south": {"uv": [1, 1, 0, 0], "texture": "#1"},
				"west": {"uv": [1, 1, 0, 0], "texture": "#1"},
				"up": {"uv": [1, 1, 0, 0], "rotation": 90, "texture": "#1"},
				"down": {"uv": [1, 1, 0, 0], "rotation": 270, "texture": "#1"}
			}
		},
		{
			"from": [3.5144, -0.1463, -4.64475],
			"to": [4.3464, 0.6729, 31.86725],
			"shade": false,
			"rotation": {"angle": 0, "axis": "y", "origin": [3.1304, -12.3767, 4.65125]},
			"faces": {
				"north": {"uv": [1, 1, 0, 0], "texture": "#1"},
				"east": {"uv": [1, 1, 0, 0], "texture": "#1"},
				"south": {"uv": [1, 1, 0, 0], "texture": "#1"},
				"west": {"uv": [1, 1, 0, 0], "texture": "#1"},
				"up": {"uv": [1, 1, 0, 0], "rotation": 90, "texture": "#1"},
				"down": {"uv": [1, 1, 0, 0], "rotation": 270, "texture": "#1"}
			}
		},
		{
			"from": [8.7944, 12.4937, -4.00475],
			"to": [9.6264, 13.3129, 28.82725],
			"shade": false,
			"rotation": {"angle": 0, "axis": "y", "origin": [3.1304, -12.3767, 4.65125]},
			"faces": {
				"north": {"uv": [1, 1, 0, 0], "texture": "#1"},
				"east": {"uv": [1, 1, 0, 0], "texture": "#1"},
				"south": {"uv": [1, 1, 0, 0], "texture": "#1"},
				"west": {"uv": [1, 1, 0, 0], "texture": "#1"},
				"up": {"uv": [1, 1, 0, 0], "rotation": 90, "texture": "#1"},
				"down": {"uv": [1, 1, 0, 0], "rotation": 270, "texture": "#1"}
			}
		}
	],
	"display": {
		"thirdperson_righthand": {
			"rotation": [69, -90, 0],
			"translation": [-12.5, 4.75, 3.5],
			"scale": [0.2, 0.2, 0.2]
		},
		"thirdperson_lefthand": {
			"rotation": [69, 90, 0],
			"translation": [-12.5, 4.75, 3.5],
			"scale": [0.2, 0.2, 0.2]
		},
		"firstperson_righthand": {
			"translation": [-17.25, 4, -0.5],
			"scale": [0.15, 0.15, 0.15]
		},
		"firstperson_lefthand": {
			"translation": [-17.25, 4, -0.5],
			"scale": [0.15, 0.15, 0.15]
		},
		"ground": {
			"scale": [0.23, 0.2, 0.2]
		},
		"gui": {
			"scale": [0.25, 0.29, 1]
		},
		"head": {
            "rotation": [0, 180, 0],
            "translation": [-1, -43, 2.25],
			"scale": [3.9, 3.9, 3.9]
		},
		"fixed": {
			"translation": [0, 0, -3],
			"scale": [0.56, 0.47, 0.52]
		}
	},
	"groups": [
		{
			"name": "sail1part2",
			"origin": [4.9565, -4.73543, 5.90703],
			"color": 0,
			"children": [0, 1, 2, 3, 4, 5, 6, 7, 8, 9, 10, 11, 12, 13, 14, 15, 16, 17, 18, 19]
		}
	]
}