{
	"credit": "Made with Blockbench",
	"texture_size": [32, 32],
	"textures": {
		"1": "concrete:vehicle/boat/asian/floor",
		"2": "concrete:vehicle/boat/asian/wood",
		"3": "concrete:vehicle/boat/asian/sail",
		"particle": "concrete:vehicle/boat/asian/wood"
	},
	"elements": [
		{
			"from": [5.95089, 3.99754, -4.26354],
			"to": [6.71009, 4.74506, 31.24366],
			"shade": false,
			"rotation": {"angle": 0, "axis": "y", "origin": [6.33049, 4.3713, 13.49006]},
			"faces": {
				"north": {"uv": [1, 1, 0, 0], "texture": "#1"},
				"east": {"uv": [1, 1, 0, 0], "texture": "#1"},
				"south": {"uv": [1, 1, 0, 0], "texture": "#1"},
				"west": {"uv": [1, 1, 0, 0], "texture": "#1"},
				"up": {"uv": [1, 1, 0, 0], "rotation": 90, "texture": "#1"},
				"down": {"uv": [1, 1, 0, 0], "rotation": 270, "texture": "#1"}
			}
		},
		{
			"from": [8.87089, 0.34754, -3.97154],
			"to": [8.87089, 8.83306, 32],
			"shade": false,
			"rotation": {"angle": 45, "axis": "z", "origin": [12.66689, 3.5683, 16.19106]},
			"faces": {
				"north": {"uv": [16, 16, 0, 0], "texture": "#3"},
				"east": {"uv": [16, 16, 0, 0], "texture": "#3"},
				"south": {"uv": [16, 16, 0, 0], "texture": "#3"},
				"west": {"uv": [16, 16, 0, 0], "texture": "#3"},
				"up": {"uv": [16, 16, 0, 0], "texture": "#3"},
				"down": {"uv": [16, 16, 0, 0], "texture": "#3"}
			}
		},
		{
			"from": [5.49036, 3.90772, -3.97154],
			"to": [5.49036, 11.22524, 30.95166],
			"shade": false,
			"rotation": {"angle": 22.5, "axis": "z", "origin": [4.61436, 6.25248, 15.53406]},
			"faces": {
				"north": {"uv": [16, 16, 0, 0], "texture": "#3"},
				"east": {"uv": [16, 16, 0, 0], "texture": "#3"},
				"south": {"uv": [16, 16, 0, 0], "texture": "#3"},
				"west": {"uv": [16, 16, 0, 0], "texture": "#3"},
				"up": {"uv": [16, 16, 0, 0], "texture": "#3"},
				"down": {"uv": [16, 16, 0, 0], "texture": "#3"}
			}
		},
		{
			"from": [3.52069, 11.18194, -3.97154],
			"to": [3.52069, 22.29546, 28.17766],
			"shade": false,
			"rotation": {"angle": 0, "axis": "y", "origin": [2.06069, 14.8407, 16.19106]},
			"faces": {
				"north": {"uv": [16, 16, 0, 0], "texture": "#3"},
				"east": {"uv": [16, 16, 0, 0], "texture": "#3"},
				"south": {"uv": [16, 16, 0, 0], "texture": "#3"},
				"west": {"uv": [16, 16, 0, 0], "texture": "#3"},
				"up": {"uv": [16, 16, 0, 0], "texture": "#3"},
				"down": {"uv": [16, 16, 0, 0], "texture": "#3"}
			}
		},
		{
			"from": [11.49889, -1.11246, -4.70154],
			"to": [12.25809, -0.36494, 31.68166],
			"shade": false,
			"rotation": {"angle": 0, "axis": "y", "origin": [4.53469, 1.4148, 15.31506]},
			"faces": {
				"north": {"uv": [1, 1, 0, 0], "texture": "#1"},
				"east": {"uv": [1, 1, 0, 0], "texture": "#1"},
				"south": {"uv": [1, 1, 0, 0], "texture": "#1"},
				"west": {"uv": [1, 1, 0, 0], "texture": "#1"},
				"up": {"uv": [1, 1, 0, 0], "rotation": 90, "texture": "#1"},
				"down": {"uv": [1, 1, 0, 0], "rotation": 270, "texture": "#1"}
			}
		},
		{
			"from": [3.03089, 10.40749, -4.49213],
			"to": [3.79009, 11.15501, 31.01507],
			"shade": false,
			"rotation": {"angle": 0, "axis": "y", "origin": [2.97249, 10.78125, 3.99047]},
			"faces": {
				"north": {"uv": [1, 1, 0, 0], "texture": "#1"},
				"east": {"uv": [1, 1, 0, 0], "texture": "#1"},
				"south": {"uv": [1, 1, 0, 0], "texture": "#1"},
				"west": {"uv": [1, 1, 0, 0], "texture": "#1"},
				"up": {"uv": [1, 1, 0, 0], "rotation": 90, "texture": "#1"},
				"down": {"uv": [1, 1, 0, 0], "rotation": 270, "texture": "#1"}
			}
		},
		{
			"from": [12.39833, -10.5613, 2.32471],
			"to": [12.78068, 17.078, 2.64047],
			"rotation": {"angle": 0, "axis": "y", "origin": [10.9244, -9.29837, 9.20466]},
			"faces": {
				"north": {"uv": [15, 11, 13, 9], "texture": "#2"},
				"east": {"uv": [15, 11, 13, 9], "texture": "#2"},
				"south": {"uv": [15, 11, 13, 9], "texture": "#2"},
				"west": {"uv": [15, 11, 13, 9], "texture": "#2"},
				"up": {"uv": [15, 11, 13, 9], "texture": "#2"},
				"down": {"uv": [15, 11, 13, 9], "texture": "#2"}
			}
		},
		{
			"from": [12.35246, -10.5613, 2.55529],
			"to": [12.73482, 17.078, 2.87104],
			"rotation": {"angle": -22.5, "axis": "y", "origin": [12.54364, -7.50992, 2.71316]},
			"faces": {
				"north": {"uv": [15, 11, 13, 9], "texture": "#2"},
				"east": {"uv": [15, 11, 13, 9], "texture": "#2"},
				"south": {"uv": [15, 11, 13, 9], "texture": "#2"},
				"west": {"uv": [15, 11, 13, 9], "texture": "#2"},
				"up": {"uv": [15, 11, 13, 9], "texture": "#2"},
				"down": {"uv": [15, 11, 13, 9], "texture": "#2"}
			}
		},
		{
			"from": [12.04213, -10.5613, 2.80569],
			"to": [12.35789, 17.078, 3.18805],
			"rotation": {"angle": 22.5, "axis": "y", "origin": [12.3153, -7.50992, 2.97394]},
			"faces": {
				"north": {"uv": [15, 11, 13, 9], "texture": "#2"},
				"east": {"uv": [15, 11, 13, 9], "texture": "#2"},
				"south": {"uv": [15, 11, 13, 9], "texture": "#2"},
				"west": {"uv": [15, 11, 13, 9], "texture": "#2"},
				"up": {"uv": [15, 11, 13, 9], "texture": "#2"},
				"down": {"uv": [15, 11, 13, 9], "texture": "#2"}
			}
		},
		{
			"from": [12.14705, -10.5613, 2.70078],
			"to": [12.52941, 17.078, 3.01653],
			"rotation": {"angle": -45, "axis": "y", "origin": [12.3153, -7.50992, 2.97394]},
			"faces": {
				"north": {"uv": [15, 11, 13, 9], "texture": "#2"},
				"east": {"uv": [15, 11, 13, 9], "texture": "#2"},
				"south": {"uv": [15, 11, 13, 9], "texture": "#2"},
				"west": {"uv": [15, 11, 13, 9], "texture": "#2"},
				"up": {"uv": [15, 11, 13, 9], "texture": "#2"},
				"down": {"uv": [15, 11, 13, 9], "texture": "#2"}
			}
		},
		{
			"from": [11.34392, -10.5613, 2.47534],
			"to": [11.72628, 17.078, 2.7911],
			"rotation": {"angle": 22.5, "axis": "y", "origin": [11.68367, -7.50992, 2.93654]},
			"faces": {
				"north": {"uv": [15, 11, 13, 9], "texture": "#2"},
				"east": {"uv": [15, 11, 13, 9], "texture": "#2"},
				"south": {"uv": [15, 11, 13, 9], "texture": "#2"},
				"west": {"uv": [15, 11, 13, 9], "texture": "#2"},
				"up": {"uv": [15, 11, 13, 9], "texture": "#2"},
				"down": {"uv": [15, 11, 13, 9], "texture": "#2"}
			}
		},
		{
			"from": [11.41928, -10.5613, 2.81241],
			"to": [11.73503, 17.078, 3.19477],
			"rotation": {"angle": -45, "axis": "y", "origin": [11.68367, -7.50992, 2.93654]},
			"faces": {
				"north": {"uv": [15, 11, 13, 9], "texture": "#2"},
				"east": {"uv": [15, 11, 13, 9], "texture": "#2"},
				"south": {"uv": [15, 11, 13, 9], "texture": "#2"},
				"west": {"uv": [15, 11, 13, 9], "texture": "#2"},
				"up": {"uv": [15, 11, 13, 9], "texture": "#2"},
				"down": {"uv": [15, 11, 13, 9], "texture": "#2"}
			}
		},
		{
			"from": [11.6323, -10.5613, 2.81241],
			"to": [11.94806, 17.078, 3.19477],
			"rotation": {"angle": -22.5, "axis": "y", "origin": [11.68367, -7.50992, 2.93654]},
			"faces": {
				"north": {"uv": [15, 11, 13, 9], "texture": "#2"},
				"east": {"uv": [15, 11, 13, 9], "texture": "#2"},
				"south": {"uv": [15, 11, 13, 9], "texture": "#2"},
				"west": {"uv": [15, 11, 13, 9], "texture": "#2"},
				"up": {"uv": [15, 11, 13, 9], "texture": "#2"},
				"down": {"uv": [15, 11, 13, 9], "texture": "#2"}
			}
		},
		{
			"from": [11.82911, -10.5613, 2.89393],
			"to": [12.14486, 17.078, 3.27629],
			"rotation": {"angle": 0, "axis": "y", "origin": [11.68367, -7.50992, 2.93654]},
			"faces": {
				"north": {"uv": [15, 11, 13, 9], "texture": "#2"},
				"east": {"uv": [15, 11, 13, 9], "texture": "#2"},
				"south": {"uv": [15, 11, 13, 9], "texture": "#2"},
				"west": {"uv": [15, 11, 13, 9], "texture": "#2"},
				"up": {"uv": [15, 11, 13, 9], "texture": "#2"},
				"down": {"uv": [15, 11, 13, 9], "texture": "#2"}
			}
		},
		{
			"from": [11.82911, -10.5613, 1.68889],
			"to": [12.14486, 17.078, 2.94725],
			"rotation": {"angle": 0, "axis": "y", "origin": [11.68367, -7.50992, 2.02864]},
			"faces": {
				"north": {"uv": [15, 11, 13, 9], "texture": "#2"},
				"east": {"uv": [15, 11, 13, 9], "texture": "#2"},
				"south": {"uv": [15, 11, 13, 9], "texture": "#2"},
				"west": {"uv": [15, 11, 13, 9], "texture": "#2"},
				"up": {"uv": [15, 11, 13, 9], "texture": "#2"},
				"down": {"uv": [15, 11, 13, 9], "texture": "#2"}
			}
		},
		{
			"from": [11.42469, -10.5613, 1.85641],
			"to": [11.74044, 17.078, 3.11477],
			"rotation": {"angle": 45, "axis": "y", "origin": [11.58256, 14.50035, 2.07817]},
			"faces": {
				"north": {"uv": [15, 11, 13, 9], "texture": "#2"},
				"east": {"uv": [15, 11, 13, 9], "texture": "#2"},
				"south": {"uv": [15, 11, 13, 9], "texture": "#2"},
				"west": {"uv": [15, 11, 13, 9], "texture": "#2"},
				"up": {"uv": [15, 11, 13, 9], "texture": "#2"},
				"down": {"uv": [15, 11, 13, 9], "texture": "#2"}
			}
		},
		{
			"from": [11.64356, -10.5613, 1.81287],
			"to": [11.95931, 17.078, 3.07123],
			"rotation": {"angle": 22.5, "axis": "y", "origin": [11.58256, 14.50035, 2.07817]},
			"faces": {
				"north": {"uv": [15, 11, 13, 9], "texture": "#2"},
				"east": {"uv": [15, 11, 13, 9], "texture": "#2"},
				"south": {"uv": [15, 11, 13, 9], "texture": "#2"},
				"west": {"uv": [15, 11, 13, 9], "texture": "#2"},
				"up": {"uv": [15, 11, 13, 9], "texture": "#2"},
				"down": {"uv": [15, 11, 13, 9], "texture": "#2"}
			}
		},
		{
			"from": [12.04213, -10.5613, 1.77713],
			"to": [12.35789, 17.078, 2.15949],
			"shade": false,
			"rotation": {"angle": -22.5, "axis": "y", "origin": [12.3153, -7.50992, 1.99124]},
			"faces": {
				"north": {"uv": [15, 11, 13, 9], "texture": "#2"},
				"east": {"uv": [15, 11, 13, 9], "texture": "#2"},
				"south": {"uv": [15, 11, 13, 9], "texture": "#2"},
				"west": {"uv": [15, 11, 13, 9], "texture": "#2"},
				"up": {"uv": [15, 11, 13, 9], "texture": "#2"},
				"down": {"uv": [15, 11, 13, 9], "texture": "#2"}
			}
		},
		{
			"from": [11.33046, -10.5613, 2.09414],
			"to": [12.73482, 17.078, 2.40989],
			"rotation": {"angle": 22.5, "axis": "y", "origin": [12.54364, -7.50992, 2.25202]},
			"faces": {
				"north": {"uv": [15, 11, 13, 9], "texture": "#2"},
				"east": {"uv": [15, 11, 13, 9], "texture": "#2"},
				"south": {"uv": [15, 11, 13, 9], "texture": "#2"},
				"west": {"uv": [15, 11, 13, 9], "texture": "#2"},
				"up": {"uv": [15, 11, 13, 9], "texture": "#2"},
				"down": {"uv": [15, 11, 13, 9], "texture": "#2"}
			}
		},
		{
			"from": [11.12505, -10.5613, 1.94865],
			"to": [12.52941, 17.078, 2.2644],
			"rotation": {"angle": 45, "axis": "y", "origin": [12.3153, -7.50992, 1.99124]},
			"faces": {
				"north": {"uv": [15, 11, 13, 9], "texture": "#2"},
				"east": {"uv": [15, 11, 13, 9], "texture": "#2"},
				"south": {"uv": [15, 11, 13, 9], "texture": "#2"},
				"west": {"uv": [15, 11, 13, 9], "texture": "#2"},
				"up": {"uv": [15, 11, 13, 9], "texture": "#2"},
				"down": {"uv": [15, 11, 13, 9], "texture": "#2"}
			}
		},
		{
			"from": [11.19329, -10.5613, 2.32471],
			"to": [12.59765, 17.078, 2.64047],
			"rotation": {"angle": 0, "axis": "y", "origin": [10.95277, -9.29837, 9.20466]},
			"faces": {
				"north": {"uv": [15, 11, 13, 9], "texture": "#2"},
				"east": {"uv": [15, 11, 13, 9], "texture": "#2"},
				"south": {"uv": [15, 11, 13, 9], "texture": "#2"},
				"west": {"uv": [15, 11, 13, 9], "texture": "#2"},
				"up": {"uv": [15, 11, 13, 9], "texture": "#2"},
				"down": {"uv": [15, 11, 13, 9], "texture": "#2"}
			}
		}
	],
	"display": {
		"thirdperson_righthand": {
			"rotation": [69, -90, 0],
			"translation": [-12.5, 4.75, 3.5],
			"scale": [0.2, 0.2, 0.2]
		},
		"thirdperson_lefthand": {
			"rotation": [69, 90, 0],
			"translation": [-12.5, 4.75, 3.5],
			"scale": [0.2, 0.2, 0.2]
		},
		"firstperson_righthand": {
			"translation": [-17.25, 4, -0.5],
			"scale": [0.15, 0.15, 0.15]
		},
		"firstperson_lefthand": {
			"translation": [-17.25, 4, -0.5],
			"scale": [0.15, 0.15, 0.15]
		},
		"ground": {
			"scale": [0.23, 0.2, 0.2]
		},
		"gui": {
			"scale": [0.25, 0.29, 1]
		},
		"head": {
            "rotation": [0, 180, 0],
            "translation": [0, -5, 0],
			"scale": [4, 4, 4]
		},
		"fixed": {
			"translation": [0, 0, -3],
			"scale": [0.56, 0.47, 0.52]
		}
	},
	"groups": [
		{
			"name": "sail3part1",
			"origin": [10.95277, -9.29837, 9.20466],
			"color": 0,
			"children": [0, 1, 2, 3, 4, 5, 6, 7, 8, 9, 10, 11, 12, 13, 14, 15, 16, 17, 18, 19, 20]
		}
	]
}