{
	"credit": "Made with Blockbench",
	"texture_size": [64, 64],
	"textures": {
		"0": "concrete:helmets/arab_helmet",
		"particle": "concrete:helmets/arab_helmet"
	},
	"elements": [
		{
			"from": [0, 13, 0],
			"to": [15.25, 17, 15],
			"faces": {
				"north": {"uv": [7.25, 5, 11, 6], "texture": "#0"},
				"east": {"uv": [7.25, 6, 11, 7], "texture": "#0"},
				"south": {"uv": [0, 7.5, 3.75, 8.5], "texture": "#0"},
				"west": {"uv": [0, 8.5, 3.75, 9.5], "texture": "#0"},
				"up": {"uv": [3.75, 3.75, 0, 0], "texture": "#0"},
				"down": {"uv": [3.75, 3.75, 0, 7.5], "texture": "#0"}
			}
		},
		{
			"from": [0.6, 16.875, 0.5],
			"to": [14.85, 18.875, 14.5],
			"faces": {
				"north": {"uv": [9.5, 3.5, 13, 4], "texture": "#0"},
				"east": {"uv": [9.5, 4, 13, 4.5], "texture": "#0"},
				"south": {"uv": [9.5, 4.5, 13, 5], "texture": "#0"},
				"west": {"uv": [9.75, 7, 13.25, 7.5], "texture": "#0"},
				"up": {"uv": [7.25, 3.5, 3.75, 0], "texture": "#0"},
				"down": {"uv": [7.25, 3.5, 3.75, 7], "texture": "#0"}
			}
		},
		{
			"from": [1.75, 18.75, 1.25],
			"to": [13.5, 20.75, 13.75],
			"faces": {
				"north": {"uv": [9.75, 8.5, 12.75, 9], "texture": "#0"},
				"east": {"uv": [9.75, 7.5, 13, 8], "texture": "#0"},
				"south": {"uv": [9.75, 9, 12.75, 9.5], "texture": "#0"},
				"west": {"uv": [9.75, 8, 13, 8.5], "texture": "#0"},
				"up": {"uv": [6.75, 10.25, 3.75, 7], "texture": "#0"},
				"down": {"uv": [9.75, 7, 6.75, 10.25], "texture": "#0"}
			}
		},
		{
			"from": [3.25, 20.75, 2.55],
			"to": [12, 22.25, 12.3],
			"faces": {
				"north": {"uv": [3, 10.25, 5.25, 10.75], "texture": "#0"},
				"east": {"uv": [9.75, 9.5, 12.25, 10], "texture": "#0"},
				"south": {"uv": [5.25, 10.25, 7.5, 10.75], "texture": "#0"},
				"west": {"uv": [9.75, 10, 12.25, 10.5], "texture": "#0"},
				"up": {"uv": [9.5, 2.5, 7.25, 0], "texture": "#0"},
				"down": {"uv": [9.5, 2.5, 7.25, 5], "texture": "#0"}
			}
		},
		{
			"from": [4.25, 22.25, 3.8],
			"to": [11, 23.25, 11.3],
			"faces": {
				"north": {"uv": [10.75, 2.25, 12.5, 2.5], "texture": "#0"},
				"east": {"uv": [9, 10.5, 11, 10.75], "texture": "#0"},
				"south": {"uv": [10.75, 2.5, 12.5, 2.75], "texture": "#0"},
				"west": {"uv": [10.75, 2, 12.75, 2.25], "texture": "#0"},
				"up": {"uv": [1.75, 11.5, 0, 9.5], "texture": "#0"},
				"down": {"uv": [11.25, 0, 9.5, 2], "texture": "#0"}
			}
		},
		{
			"from": [5.25, 23.25, 4.8],
			"to": [10, 24.25, 10.3],
			"faces": {
				"north": {"uv": [10.75, 3, 12, 3.25], "texture": "#0"},
				"east": {"uv": [10.75, 2.75, 12.25, 3], "texture": "#0"},
				"south": {"uv": [10.75, 3.25, 12, 3.5], "texture": "#0"},
				"west": {"uv": [3, 10.75, 4.5, 11], "texture": "#0"},
				"up": {"uv": [3, 11, 1.75, 9.5], "texture": "#0"},
				"down": {"uv": [10.75, 2, 9.5, 3.5], "texture": "#0"}
			}
		},
		{
			"from": [6, 24.25, 5.55],
			"to": [9.25, 25.25, 9.55],
			"faces": {
				"north": {"uv": [9, 10.25, 9.75, 10.5], "texture": "#0"},
				"east": {"uv": [6, 10.75, 7, 11], "texture": "#0"},
				"south": {"uv": [10.5, 10.75, 11.25, 11], "texture": "#0"},
				"west": {"uv": [9, 10.75, 10, 11], "texture": "#0"},
				"up": {"uv": [8.25, 11.25, 7.5, 10.25], "texture": "#0"},
				"down": {"uv": [9, 10.25, 8.25, 11.25], "texture": "#0"}
			}
		},
		{
			"from": [6.9, 25, 6.65],
			"to": [8.4, 28, 8.4],
			"faces": {
				"north": {"uv": [3, 9.5, 3.5, 10.25], "texture": "#0"},
				"east": {"uv": [4.5, 10.75, 5, 11.5], "texture": "#0"},
				"south": {"uv": [5, 10.75, 5.5, 11.5], "texture": "#0"},
				"west": {"uv": [5.5, 10.75, 6, 11.5], "texture": "#0"},
				"up": {"uv": [7.5, 11.25, 7, 10.75], "texture": "#0"},
				"down": {"uv": [10.5, 10.75, 10, 11.25], "texture": "#0"}
			}
		},
		{
			"from": [7.25, 29.75, 7.15],
			"to": [8.05, 30.5, 7.9],
			"faces": {
				"north": {"uv": [3.5, 10, 3.75, 10.25], "texture": "#0"},
				"east": {"uv": [2.5, 11, 2.75, 11.25], "texture": "#0"},
				"south": {"uv": [2.75, 11, 3, 11.25], "texture": "#0"},
				"west": {"uv": [3, 11, 3.25, 11.25], "texture": "#0"},
				"up": {"uv": [3.5, 11.25, 3.25, 11], "texture": "#0"},
				"down": {"uv": [3.75, 11, 3.5, 11.25], "texture": "#0"}
			}
		},
		{
			"from": [7.15, 28, 6.9],
			"to": [8.15, 29.75, 8.15],
			"faces": {
				"north": {"uv": [3.5, 9.5, 3.75, 10], "texture": "#0"},
				"east": {"uv": [1.75, 11, 2, 11.5], "texture": "#0"},
				"south": {"uv": [2, 11, 2.25, 11.5], "texture": "#0"},
				"west": {"uv": [2.25, 11, 2.5, 11.5], "texture": "#0"},
				"up": {"uv": [4, 11.25, 3.75, 11], "texture": "#0"},
				"down": {"uv": [4.25, 11, 4, 11.25], "texture": "#0"}
			}
		}
	],
	"display": {
		"thirdperson_righthand": {
			"rotation": [-176.04, -84.81, 126],
			"translation": [0, 1.5, -3.5],
			"scale": [0.52852, 0.51289, 0.45234]
		},
		"thirdperson_lefthand": {
			"rotation": [-175.8, -84.8, 126.59],
			"translation": [0, 1.75, -3],
			"scale": [0.52852, 0.56563, 0.45234]
		},
		"firstperson_righthand": {
			"rotation": [105.71, -84.81, 126],
			"translation": [0.5, -3.5, -1.25],
			"scale": [0.52852, 0.3332, 0.45234]
		},
		"firstperson_lefthand": {
			"rotation": [103.95, -84.8, 126.59],
			"translation": [0, -1.5, 0.25],
			"scale": [0.52852, 0.29414, 0.45234]
		},
		"ground": {
			"scale": [0.4082, 0.28906, 0.38867]
		},
		"gui": {
			"rotation": [0, 89.5, 0],
			"translation": [0, -6.75, 0],
			"scale": [0.72461, 0.61133, 0.7832]
		},
		"head": {
			"rotation": [0, -90, 0],
			"translation": [-0.5, -2.5, 0.25],
			"scale": [0.91797, 0.88281, 0.93945]
		},
		"fixed": {
			"rotation": [0, -90, 0],
			"translation": [0, -6.5, -0.75],
			"scale": [0.50391, 0.5293, 0.66992]
		}
	},
	"groups": [
		{
			"name": "Persian Helmet",
			"origin": [8, 8, 8],
			"color": 0,
			"children": [
				{
					"name": "Base Helmet",
					"origin": [0, 0, 0],
					"color": 0,
					"children": [0, 1, 2, 3, 4, 5, 6]
				},
				{
					"name": "Pointy thing on top",
					"origin": [8, 8, 8],
					"color": 9,
					"children": [7, 8, 9]
				}
			]
		}
	]
}