{
	"credit": "Made with Blockbench",
	"texture_size": [64, 64],
	"textures": {
		"0": "concrete:helmets/russian_helm",
		"particle": "concrete:helmets/russian_helm"
	},
	"elements": [
		{
			"name": "head",
			"from": [3.13191, 7.45563, 2.74435],
			"to": [12.86809, 9.76572, 12.48053],
			"rotation": {"angle": 0, "axis": "y", "origin": [8, 11.59687, 7.61244]},
			"faces": {
				"north": {"uv": [9.25, 8, 11, 8.5], "texture": "#0"},
				"east": {"uv": [9.5, 5.5, 11.25, 6], "texture": "#0"},
				"south": {"uv": [8.5, 9.5, 10.25, 10], "texture": "#0"},
				"west": {"uv": [0, 10, 1.75, 10.5], "texture": "#0"},
				"up": {"uv": [4, 5.25, 2.25, 3.5], "texture": "#0"},
				"down": {"uv": [5.75, 3.5, 4, 5.25], "texture": "#0"}
			}
		},
		{
			"name": "head",
			"from": [3.32663, 8.02927, 2.93907],
			"to": [12.67337, 10.24696, 12.28581],
			"rotation": {"angle": 0, "axis": "y", "origin": [8, 11.59687, 7.61244]},
			"faces": {
				"north": {"uv": [10, 1.5, 11.75, 2], "texture": "#0"},
				"east": {"uv": [10, 2, 11.75, 2.5], "texture": "#0"},
				"south": {"uv": [10, 2.5, 11.75, 3], "texture": "#0"},
				"west": {"uv": [10, 3, 11.75, 3.5], "texture": "#0"},
				"up": {"uv": [6, 1.75, 4.25, 0], "texture": "#0"},
				"down": {"uv": [6, 1.75, 4.25, 3.5], "texture": "#0"}
			}
		},
		{
			"name": "head",
			"from": [3.60703, 8.79905, 3.21947],
			"to": [12.39297, 10.88369, 12.00541],
			"rotation": {"angle": 0, "axis": "y", "origin": [8, 11.59687, 7.61244]},
			"faces": {
				"north": {"uv": [10, 3.5, 11.75, 4], "texture": "#0"},
				"east": {"uv": [10, 4, 11.75, 4.5], "texture": "#0"},
				"south": {"uv": [8.5, 10, 10.25, 10.5], "texture": "#0"},
				"west": {"uv": [10.25, 0, 12, 0.5], "texture": "#0"},
				"up": {"uv": [1.75, 6.25, 0, 4.5], "texture": "#0"},
				"down": {"uv": [3.5, 5.25, 1.75, 7], "texture": "#0"}
			}
		},
		{
			"name": "head",
			"from": [3.87061, 9.56485, 3.48305],
			"to": [12.12939, 11.5244, 11.74183],
			"rotation": {"angle": 0, "axis": "y", "origin": [8, 11.59687, 7.61244]},
			"faces": {
				"north": {"uv": [11.75, 3.5, 13.25, 3.75], "texture": "#0"},
				"east": {"uv": [11.75, 3.75, 13.25, 4], "texture": "#0"},
				"south": {"uv": [11.75, 4, 13.25, 4.25], "texture": "#0"},
				"west": {"uv": [4.25, 11.75, 5.75, 12], "texture": "#0"},
				"up": {"uv": [5, 6.75, 3.5, 5.25], "texture": "#0"},
				"down": {"uv": [6.5, 5.25, 5, 6.75], "texture": "#0"}
			}
		},
		{
			"name": "head",
			"from": [4.11837, 10.29173, 3.73081],
			"to": [11.88163, 12.13371, 11.49407],
			"rotation": {"angle": 0, "axis": "y", "origin": [8, 11.59687, 7.61244]},
			"faces": {
				"north": {"uv": [11.75, 4.25, 13.25, 4.5], "texture": "#0"},
				"east": {"uv": [5.75, 11.75, 7.25, 12], "texture": "#0"},
				"south": {"uv": [11.75, 6, 13.25, 6.25], "texture": "#0"},
				"west": {"uv": [11.5, 11.75, 13, 12], "texture": "#0"},
				"up": {"uv": [7.25, 5, 5.75, 3.5], "texture": "#0"},
				"down": {"uv": [7.5, 0, 6, 1.5], "texture": "#0"}
			}
		},
		{
			"name": "head",
			"from": [4.50654, 10.94643, 4.11898],
			"to": [11.49346, 12.60422, 11.1059],
			"rotation": {"angle": 0, "axis": "y", "origin": [8, 11.59687, 7.61244]},
			"faces": {
				"north": {"uv": [6, 11.5, 7.25, 11.75], "texture": "#0"},
				"east": {"uv": [12.75, 4.75, 14, 5], "texture": "#0"},
				"south": {"uv": [5.75, 12.75, 7, 13], "texture": "#0"},
				"west": {"uv": [7, 12.75, 8.25, 13], "texture": "#0"},
				"up": {"uv": [2.25, 8.25, 1, 7], "texture": "#0"},
				"down": {"uv": [3.5, 7, 2.25, 8.25], "texture": "#0"}
			}
		},
		{
			"name": "head",
			"from": [5.06549, 11.78231, 4.67793],
			"to": [10.93451, 13.17485, 10.54695],
			"rotation": {"angle": 0, "axis": "y", "origin": [8, 11.59687, 7.61244]},
			"faces": {
				"north": {"uv": [0, 8, 1, 8.25], "texture": "#0"},
				"east": {"uv": [2.5, 9, 3.5, 9.25], "texture": "#0"},
				"south": {"uv": [9.25, 8.5, 10.25, 8.75], "texture": "#0"},
				"west": {"uv": [13, 11.75, 14, 12], "texture": "#0"},
				"up": {"uv": [6, 10.25, 5, 9.25], "texture": "#0"},
				"down": {"uv": [7, 9.25, 6, 10.25], "texture": "#0"}
			}
		},
		{
			"name": "head",
			"from": [5.53501, 12.49148, 5.14745],
			"to": [10.46499, 13.66121, 10.07743],
			"rotation": {"angle": 0, "axis": "y", "origin": [8, 11.59687, 7.61244]},
			"faces": {
				"north": {"uv": [13, 12, 14, 12.25], "texture": "#0"},
				"east": {"uv": [13, 12.25, 14, 12.5], "texture": "#0"},
				"south": {"uv": [13, 12.5, 14, 12.75], "texture": "#0"},
				"west": {"uv": [13, 12.75, 14, 13], "texture": "#0"},
				"up": {"uv": [10.25, 8, 9.25, 7], "texture": "#0"},
				"down": {"uv": [10.5, 4.5, 9.5, 5.5], "texture": "#0"}
			}
		},
		{
			"name": "head",
			"from": [6.02801, 13.20622, 5.64045],
			"to": [9.97199, 14.14201, 9.58443],
			"rotation": {"angle": 0, "axis": "y", "origin": [8, 11.59687, 7.61244]},
			"faces": {
				"north": {"uv": [5.75, 5, 6.5, 5.25], "texture": "#0"},
				"east": {"uv": [6.75, 13.5, 7.5, 13.75], "texture": "#0"},
				"south": {"uv": [0.75, 13.75, 1.5, 14], "texture": "#0"},
				"west": {"uv": [13.75, 2.25, 14.5, 2.5], "texture": "#0"},
				"up": {"uv": [1.75, 7, 1, 6.25], "texture": "#0"},
				"down": {"uv": [11, 10, 10.25, 10.75], "texture": "#0"}
			}
		},
		{
			"name": "head",
			"from": [6.50129, 13.91628, 6.11373],
			"to": [9.49871, 14.62748, 9.11115],
			"rotation": {"angle": 0, "axis": "y", "origin": [8, 11.59687, 7.61244]},
			"faces": {
				"north": {"uv": [1.75, 5, 2.25, 5.25], "texture": "#0"},
				"east": {"uv": [14, 8, 14.5, 8.25], "texture": "#0"},
				"south": {"uv": [14, 8.25, 14.5, 8.5], "texture": "#0"},
				"west": {"uv": [10, 14, 10.5, 14.25], "texture": "#0"},
				"up": {"uv": [2.25, 5, 1.75, 4.5], "texture": "#0"},
				"down": {"uv": [8.75, 4.5, 8.25, 5], "texture": "#0"}
			}
		},
		{
			"name": "head",
			"from": [9.74384, 6.52511, 2.74435],
			"to": [11.83195, 8.04217, 12.48443],
			"rotation": {"angle": 22.5, "axis": "z", "origin": [8, 11.59687, 7.61244]},
			"faces": {
				"north": {"uv": [14, 10, 14.5, 10.25], "texture": "#0"},
				"east": {"uv": [10.5, 6.25, 12.25, 6.5], "texture": "#0"},
				"south": {"uv": [14, 10.25, 14.5, 10.5], "texture": "#0"},
				"west": {"uv": [10.5, 6.5, 12.25, 6.75], "texture": "#0"},
				"up": {"uv": [2.25, 11.75, 1.75, 10], "texture": "#0"},
				"down": {"uv": [2.75, 10.25, 2.25, 12], "texture": "#0"}
			}
		},
		{
			"name": "head",
			"from": [2.28014, 7.46314, 1.79134],
			"to": [13.73403, 9.25053, 13.36429],
			"rotation": {"angle": 0, "axis": "y", "origin": [11.48606, 14.06792, 0.11066]},
			"faces": {
				"north": {"uv": [9.5, 6, 11.75, 6.25], "texture": "#0"},
				"east": {"uv": [10.25, 7.75, 12.5, 8], "texture": "#0"},
				"south": {"uv": [10.5, 4.5, 12.75, 4.75], "texture": "#0"},
				"west": {"uv": [10.5, 4.75, 12.75, 5], "texture": "#0"},
				"up": {"uv": [2.25, 2.25, 0, 0], "texture": "#0"},
				"down": {"uv": [2.25, 2.25, 0, 4.5], "texture": "#0"}
			}
		},
		{
			"name": "head",
			"from": [7.76816, 8.89205, 1.52412],
			"to": [8.27887, 11.94459, 10.59953],
			"rotation": {"angle": 22.5, "axis": "x", "origin": [8.02351, 8.79594, 7.08512]},
			"faces": {
				"north": {"uv": [13.75, 3, 14, 3.75], "texture": "#0"},
				"east": {"uv": [0, 8.25, 1.75, 9], "texture": "#0"},
				"south": {"uv": [4.75, 13.75, 5, 14.5], "texture": "#0"},
				"west": {"uv": [8.25, 1.5, 10, 2.25], "texture": "#0"},
				"up": {"uv": [1, 12.25, 0.75, 10.5], "texture": "#0"},
				"down": {"uv": [1.25, 10.5, 1, 12.25], "texture": "#0"}
			}
		},
		{
			"name": "head",
			"from": [7.76816, 8.29634, 1.9842],
			"to": [8.27887, 11.01283, 7.5179],
			"rotation": {"angle": 0, "axis": "y", "origin": [8.02351, 9.35766, 7.31779]},
			"faces": {
				"north": {"uv": [5, 13.75, 5.25, 14.5], "texture": "#0"},
				"east": {"uv": [10.25, 7, 11.25, 7.75], "texture": "#0"},
				"south": {"uv": [5.25, 13.75, 5.5, 14.5], "texture": "#0"},
				"west": {"uv": [7.25, 10.25, 8.25, 11], "texture": "#0"},
				"up": {"uv": [12.5, 14, 12.25, 13], "texture": "#0"},
				"down": {"uv": [12.75, 13, 12.5, 14], "texture": "#0"}
			}
		},
		{
			"name": "head",
			"from": [7.76816, 8.19602, 5.37933],
			"to": [8.27887, 14.95459, 10.19006],
			"rotation": {"angle": -22.5, "axis": "x", "origin": [8.02351, 8.79594, 7.08512]},
			"faces": {
				"north": {"uv": [1.75, 11.75, 2, 13.25], "texture": "#0"},
				"east": {"uv": [6.5, 7, 7.5, 8.5], "texture": "#0"},
				"south": {"uv": [2, 11.75, 2.25, 13.25], "texture": "#0"},
				"west": {"uv": [7.25, 3.5, 8.25, 5], "texture": "#0"},
				"up": {"uv": [13.25, 14, 13, 13], "texture": "#0"},
				"down": {"uv": [2, 13.25, 1.75, 14.25], "texture": "#0"}
			}
		},
		{
			"name": "head",
			"from": [7.76816, 8.19602, 5.00196],
			"to": [8.27887, 14.95459, 9.84555],
			"rotation": {"angle": 22.5, "axis": "x", "origin": [8.02351, 8.79594, 8.13976]},
			"faces": {
				"north": {"uv": [12, 0, 12.25, 1.5], "texture": "#0"},
				"east": {"uv": [7.5, 0, 8.5, 1.5], "texture": "#0"},
				"south": {"uv": [2.25, 12, 2.5, 13.5], "texture": "#0"},
				"west": {"uv": [7.5, 7, 8.5, 8.5], "texture": "#0"},
				"up": {"uv": [2.25, 14.25, 2, 13.25], "texture": "#0"},
				"down": {"uv": [13.5, 3.5, 13.25, 4.5], "texture": "#0"}
			}
		},
		{
			"name": "head",
			"from": [7.76816, 8.89205, 4.62535],
			"to": [8.27887, 11.94459, 13.70076],
			"rotation": {"angle": -22.5, "axis": "x", "origin": [8.02351, 8.79594, 8.13976]},
			"faces": {
				"north": {"uv": [5.5, 13.75, 5.75, 14.5], "texture": "#0"},
				"east": {"uv": [1.75, 8.25, 3.5, 9], "texture": "#0"},
				"south": {"uv": [5.75, 13.75, 6, 14.5], "texture": "#0"},
				"west": {"uv": [8.25, 2.25, 10, 3], "texture": "#0"},
				"up": {"uv": [1.5, 12.25, 1.25, 10.5], "texture": "#0"},
				"down": {"uv": [1.75, 10.5, 1.5, 12.25], "texture": "#0"}
			}
		},
		{
			"name": "head",
			"from": [7.76816, 8.29634, 7.70698],
			"to": [8.27887, 11.01283, 13.24068],
			"rotation": {"angle": 0, "axis": "y", "origin": [8.02351, 9.35766, 7.90709]},
			"faces": {
				"north": {"uv": [6, 13.75, 6.25, 14.5], "texture": "#0"},
				"east": {"uv": [10.25, 8.5, 11.25, 9.25], "texture": "#0"},
				"south": {"uv": [6.25, 13.75, 6.5, 14.5], "texture": "#0"},
				"west": {"uv": [10.25, 9.25, 11.25, 10], "texture": "#0"},
				"up": {"uv": [4, 14.25, 3.75, 13.25], "texture": "#0"},
				"down": {"uv": [4.25, 13.25, 4, 14.25], "texture": "#0"}
			}
		},
		{
			"name": "head",
			"from": [4.18578, 7.47823, 1.53981],
			"to": [13.39265, 7.72604, 5.20035],
			"rotation": {"angle": 22.5, "axis": "y", "origin": [7.30715, 7.60213, 3.0978]},
			"faces": {
				"north": {"uv": [10.5, 6.75, 12.25, 7], "texture": "#0"},
				"east": {"uv": [13.75, 2.5, 14.5, 2.75], "texture": "#0"},
				"south": {"uv": [8.5, 10.5, 10.25, 10.75], "texture": "#0"},
				"west": {"uv": [13.75, 3.75, 14.5, 4], "texture": "#0"},
				"up": {"uv": [10, 3.75, 8.25, 3], "texture": "#0"},
				"down": {"uv": [10, 3.75, 8.25, 4.5], "texture": "#0"}
			}
		},
		{
			"name": "head",
			"from": [5.8293, 7.47823, -2.30696],
			"to": [10.50858, 7.72604, 7.29425],
			"rotation": {"angle": -22.5, "axis": "y", "origin": [7.30715, 7.60213, 3.0978]},
			"faces": {
				"north": {"uv": [4.5, 13.25, 5.5, 13.5], "texture": "#0"},
				"east": {"uv": [3.75, 10.75, 5.5, 11], "texture": "#0"},
				"south": {"uv": [5.5, 13.25, 6.5, 13.5], "texture": "#0"},
				"west": {"uv": [5.5, 10.75, 7.25, 11], "texture": "#0"},
				"up": {"uv": [1, 8, 0, 6.25], "texture": "#0"},
				"down": {"uv": [4.5, 6.75, 3.5, 8.5], "texture": "#0"}
			}
		},
		{
			"name": "head",
			"from": [5.49142, 7.47823, -2.30696],
			"to": [10.20356, 7.72604, 7.29425],
			"rotation": {"angle": 22.5, "axis": "y", "origin": [8.69285, 7.60213, 3.0978]},
			"faces": {
				"north": {"uv": [13.25, 6, 14.25, 6.25], "texture": "#0"},
				"east": {"uv": [8.5, 10.75, 10.25, 11], "texture": "#0"},
				"south": {"uv": [6.5, 13.25, 7.5, 13.5], "texture": "#0"},
				"west": {"uv": [10.25, 10.75, 12, 11], "texture": "#0"},
				"up": {"uv": [5.5, 8.5, 4.5, 6.75], "texture": "#0"},
				"down": {"uv": [6.5, 6.75, 5.5, 8.5], "texture": "#0"}
			}
		},
		{
			"name": "head",
			"from": [2.60735, 7.47823, 1.53981],
			"to": [11.81422, 7.72604, 5.20035],
			"rotation": {"angle": -22.5, "axis": "y", "origin": [8.69285, 7.60213, 3.0978]},
			"faces": {
				"north": {"uv": [3.75, 11, 5.5, 11.25], "texture": "#0"},
				"east": {"uv": [13.75, 6.25, 14.5, 6.5], "texture": "#0"},
				"south": {"uv": [5.5, 11, 7.25, 11.25], "texture": "#0"},
				"west": {"uv": [6.5, 13.75, 7.25, 14], "texture": "#0"},
				"up": {"uv": [10.25, 0.75, 8.5, 0], "texture": "#0"},
				"down": {"uv": [10.25, 0.75, 8.5, 1.5], "texture": "#0"}
			}
		},
		{
			"name": "head",
			"from": [13.09236, -1.03873, 6.87589],
			"to": [13.53734, 4.49497, 13.32231],
			"rotation": {"angle": 0, "axis": "y", "origin": [11.48606, 8.55653, 5.19521]},
			"faces": {
				"north": {"uv": [9, 13.25, 9.25, 14.25], "texture": "#0"},
				"east": {"uv": [2.5, 9.25, 3.75, 10.25], "texture": "#0"},
				"south": {"uv": [9.25, 13.25, 9.5, 14.25], "texture": "#0"},
				"west": {"uv": [3.75, 9.25, 5, 10.25], "texture": "#0"},
				"up": {"uv": [0.25, 14, 0, 12.75], "texture": "#0"},
				"down": {"uv": [0.5, 12.75, 0.25, 14], "texture": "#0"}
			}
		},
		{
			"name": "head",
			"from": [13.09187, -0.71875, 5.26723],
			"to": [13.53685, 4.38032, 8.92778],
			"rotation": {"angle": 22.5, "axis": "x", "origin": [13.41295, 4.27903, 7.09751]},
			"faces": {
				"north": {"uv": [8.5, 11, 8.75, 12.75], "texture": "#0"},
				"east": {"uv": [7.75, 8.5, 8.5, 10.25], "texture": "#0"},
				"south": {"uv": [8.75, 11, 9, 12.75], "texture": "#0"},
				"west": {"uv": [8.75, 4.5, 9.5, 6.25], "texture": "#0"},
				"up": {"uv": [11.75, 14.5, 11.5, 13.75], "texture": "#0"},
				"down": {"uv": [12, 13.75, 11.75, 14.5], "texture": "#0"}
			}
		},
		{
			"name": "head",
			"from": [13.09236, 2.41966, 2.26507],
			"to": [13.53734, 6.8689, 5.5567],
			"rotation": {"angle": -22.5, "axis": "x", "origin": [13.41295, 4.47996, 8.05155]},
			"faces": {
				"north": {"uv": [13.5, 13.75, 13.75, 14.5], "texture": "#0"},
				"east": {"uv": [8.75, 6.25, 10.5, 7], "texture": "#0"},
				"south": {"uv": [13.75, 13.75, 14, 14.5], "texture": "#0"},
				"west": {"uv": [8.5, 8.75, 10.25, 9.5], "texture": "#0"},
				"up": {"uv": [9.25, 12.75, 9, 11], "texture": "#0"},
				"down": {"uv": [9.5, 11, 9.25, 12.75], "texture": "#0"}
			}
		},
		{
			"name": "head",
			"from": [13.09367, 4.47266, 1.79134],
			"to": [13.53866, 7.47596, 13.36429],
			"rotation": {"angle": 0, "axis": "y", "origin": [11.48606, 14.06792, 0.11066]},
			"faces": {
				"north": {"uv": [9.5, 13.25, 9.75, 14.25], "texture": "#0"},
				"east": {"uv": [6.5, 5, 8.75, 6], "texture": "#0"},
				"south": {"uv": [9.75, 13.25, 10, 14.25], "texture": "#0"},
				"west": {"uv": [6.5, 6, 8.75, 7], "texture": "#0"},
				"up": {"uv": [0.5, 12.75, 0.25, 10.5], "texture": "#0"},
				"down": {"uv": [0.75, 10.5, 0.5, 12.75], "texture": "#0"}
			}
		},
		{
			"name": "head",
			"from": [2.46266, -1.03873, 6.87589],
			"to": [2.90764, 4.49497, 13.32231],
			"rotation": {"angle": 0, "axis": "y", "origin": [4.51394, 8.55653, 5.19521]},
			"faces": {
				"north": {"uv": [9.25, 13.25, 9, 14.25], "texture": "#0"},
				"east": {"uv": [5, 9.25, 3.75, 10.25], "texture": "#0"},
				"south": {"uv": [9.5, 13.25, 9.25, 14.25], "texture": "#0"},
				"west": {"uv": [3.75, 9.25, 2.5, 10.25], "texture": "#0"},
				"up": {"uv": [0, 14, 0.25, 12.75], "texture": "#0"},
				"down": {"uv": [0.25, 12.75, 0.5, 14], "texture": "#0"}
			}
		},
		{
			"name": "head",
			"from": [2.46134, 4.47266, 1.79134],
			"to": [2.90633, 7.47596, 13.36429],
			"rotation": {"angle": 0, "axis": "y", "origin": [4.51394, 14.06792, 0.11066]},
			"faces": {
				"north": {"uv": [9.75, 13.25, 9.5, 14.25], "texture": "#0"},
				"east": {"uv": [8.75, 6, 6.5, 7], "texture": "#0"},
				"south": {"uv": [10, 13.25, 9.75, 14.25], "texture": "#0"},
				"west": {"uv": [8.75, 5, 6.5, 6], "texture": "#0"},
				"up": {"uv": [0.25, 12.75, 0.5, 10.5], "texture": "#0"},
				"down": {"uv": [0.5, 10.5, 0.75, 12.75], "texture": "#0"}
			}
		},
		{
			"name": "head",
			"from": [2.46266, 2.41966, 2.26507],
			"to": [2.90764, 6.8689, 5.5567],
			"rotation": {"angle": -22.5, "axis": "x", "origin": [2.58705, 4.47996, 8.05155]},
			"faces": {
				"north": {"uv": [13.75, 13.75, 13.5, 14.5], "texture": "#0"},
				"east": {"uv": [10.25, 8.75, 8.5, 9.5], "texture": "#0"},
				"south": {"uv": [14, 13.75, 13.75, 14.5], "texture": "#0"},
				"west": {"uv": [10.5, 6.25, 8.75, 7], "texture": "#0"},
				"up": {"uv": [9, 12.75, 9.25, 11], "texture": "#0"},
				"down": {"uv": [9.25, 11, 9.5, 12.75], "texture": "#0"}
			}
		},
		{
			"name": "head",
			"from": [2.46315, -0.71875, 5.26723],
			"to": [2.90813, 4.38032, 8.92778],
			"rotation": {"angle": 22.5, "axis": "x", "origin": [2.58705, 4.27903, 7.09751]},
			"faces": {
				"north": {"uv": [8.75, 11, 8.5, 12.75], "texture": "#0"},
				"east": {"uv": [9.5, 4.5, 8.75, 6.25], "texture": "#0"},
				"south": {"uv": [9, 11, 8.75, 12.75], "texture": "#0"},
				"west": {"uv": [8.5, 8.5, 7.75, 10.25], "texture": "#0"},
				"up": {"uv": [11.5, 14.5, 11.75, 13.75], "texture": "#0"},
				"down": {"uv": [11.75, 13.75, 12, 14.5], "texture": "#0"}
			}
		},
		{
			"name": "head",
			"from": [2.46315, -1.03873, 13.10736],
			"to": [13.54317, 7.51831, 13.35517],
			"rotation": {"angle": 0, "axis": "y", "origin": [0.78247, 8.55653, 11.30438]},
			"faces": {
				"north": {"uv": [2.25, 0, 4.25, 1.75], "texture": "#0"},
				"east": {"uv": [9.5, 11, 9.75, 12.75], "texture": "#0"},
				"south": {"uv": [2.25, 1.75, 4.25, 3.5], "texture": "#0"},
				"west": {"uv": [9.75, 11, 10, 12.75], "texture": "#0"},
				"up": {"uv": [12.5, 5.25, 10.5, 5], "texture": "#0"},
				"down": {"uv": [12.5, 5.25, 10.5, 5.5], "texture": "#0"}
			}
		},
		{
			"name": "head",
			"from": [11.5414, 7.04424, 2.93907],
			"to": [11.80104, 8.5613, 12.29237],
			"rotation": {"angle": 22.5, "axis": "z", "origin": [8, 11.59687, 7.61244]},
			"faces": {
				"north": {"uv": [2.25, 10, 2.5, 10.25], "texture": "#0"},
				"east": {"uv": [11, 8, 12.75, 8.25], "texture": "#0"},
				"south": {"uv": [13.25, 14, 13.5, 14.25], "texture": "#0"},
				"west": {"uv": [11, 8.25, 12.75, 8.5], "texture": "#0"},
				"up": {"uv": [10.25, 12.75, 10, 11], "texture": "#0"},
				"down": {"uv": [10.5, 11, 10.25, 12.75], "texture": "#0"}
			}
		},
		{
			"name": "head",
			"from": [11.53946, 7.77228, 3.21947],
			"to": [11.79911, 9.28935, 12.01017],
			"rotation": {"angle": 22.5, "axis": "z", "origin": [8, 11.59687, 7.61244]},
			"faces": {
				"north": {"uv": [1, 14.25, 1.25, 14.5], "texture": "#0"},
				"east": {"uv": [11, 10, 12.75, 10.25], "texture": "#0"},
				"south": {"uv": [2.75, 14.25, 3, 14.5], "texture": "#0"},
				"west": {"uv": [11, 10.25, 12.75, 10.5], "texture": "#0"},
				"up": {"uv": [10.75, 12.75, 10.5, 11], "texture": "#0"},
				"down": {"uv": [11, 11, 10.75, 12.75], "texture": "#0"}
			}
		},
		{
			"name": "head",
			"from": [11.52768, 8.43261, 3.48305],
			"to": [11.78733, 9.94967, 11.7463],
			"rotation": {"angle": 22.5, "axis": "z", "origin": [8, 11.59687, 7.61244]},
			"faces": {
				"north": {"uv": [4.25, 14.25, 4.5, 14.5], "texture": "#0"},
				"east": {"uv": [4.25, 12, 5.75, 12.25], "texture": "#0"},
				"south": {"uv": [7, 14.25, 7.25, 14.5], "texture": "#0"},
				"west": {"uv": [5.75, 12, 7.25, 12.25], "texture": "#0"},
				"up": {"uv": [2.75, 13.5, 2.5, 12], "texture": "#0"},
				"down": {"uv": [3, 12, 2.75, 13.5], "texture": "#0"}
			}
		},
		{
			"name": "head",
			"from": [11.53195, 9.09035, 3.73081],
			"to": [11.79159, 10.60741, 11.50179],
			"rotation": {"angle": 22.5, "axis": "z", "origin": [8, 11.59687, 7.61244]},
			"faces": {
				"north": {"uv": [14.25, 7, 14.5, 7.25], "texture": "#0"},
				"east": {"uv": [12, 10.75, 13.5, 11], "texture": "#0"},
				"south": {"uv": [14.25, 7.25, 14.5, 7.5], "texture": "#0"},
				"west": {"uv": [11.5, 12, 13, 12.25], "texture": "#0"},
				"up": {"uv": [3.25, 13.5, 3, 12], "texture": "#0"},
				"down": {"uv": [3.5, 12, 3.25, 13.5], "texture": "#0"}
			}
		},
		{
			"name": "head",
			"from": [10.43858, 9.56129, 4.1176],
			"to": [11.26083, 9.84765, 11.15016],
			"rotation": {"angle": 45, "axis": "z", "origin": [8, 11.59687, 7.61244]},
			"faces": {
				"north": {"uv": [7.5, 14.25, 7.75, 14.5], "texture": "#0"},
				"east": {"uv": [12.75, 8, 14, 8.25], "texture": "#0"},
				"south": {"uv": [14.25, 7.5, 14.5, 7.75], "texture": "#0"},
				"west": {"uv": [12.75, 8.25, 14, 8.5], "texture": "#0"},
				"up": {"uv": [0.75, 14, 0.5, 12.75], "texture": "#0"},
				"down": {"uv": [8.75, 12.75, 8.5, 14], "texture": "#0"}
			}
		},
		{
			"name": "head",
			"from": [10.79052, 9.82385, 4.67793],
			"to": [11.26114, 10.63766, 10.58528],
			"rotation": {"angle": 45, "axis": "z", "origin": [8, 11.59687, 7.61244]},
			"faces": {
				"north": {"uv": [7.75, 14.25, 8, 14.5], "texture": "#0"},
				"east": {"uv": [11, 13.25, 12, 13.5], "texture": "#0"},
				"south": {"uv": [8, 14.25, 8.25, 14.5], "texture": "#0"},
				"west": {"uv": [13.25, 11.25, 14.25, 11.5], "texture": "#0"},
				"up": {"uv": [12.25, 14.25, 12, 13.25], "texture": "#0"},
				"down": {"uv": [13.5, 13, 13.25, 14], "texture": "#0"}
			}
		},
		{
			"name": "head",
			"from": [10.7321, 10.49976, 5.14745],
			"to": [11.20272, 11.31357, 10.07024],
			"rotation": {"angle": 45, "axis": "z", "origin": [8, 11.59687, 7.61244]},
			"faces": {
				"north": {"uv": [14.25, 8.5, 14.5, 8.75], "texture": "#0"},
				"east": {"uv": [13.25, 11.5, 14.25, 11.75], "texture": "#0"},
				"south": {"uv": [8.75, 14.25, 9, 14.5], "texture": "#0"},
				"west": {"uv": [13.5, 1.5, 14.5, 1.75], "texture": "#0"},
				"up": {"uv": [1.75, 14.5, 1.5, 13.5], "texture": "#0"},
				"down": {"uv": [13.75, 1.75, 13.5, 2.75], "texture": "#0"}
			}
		},
		{
			"name": "head",
			"from": [10.72347, 11.18834, 5.64045],
			"to": [11.19409, 12.00215, 9.57868],
			"rotation": {"angle": 45, "axis": "z", "origin": [8, 11.59687, 7.61244]},
			"faces": {
				"north": {"uv": [14.25, 8.75, 14.5, 9], "texture": "#0"},
				"east": {"uv": [13.75, 6.5, 14.5, 6.75], "texture": "#0"},
				"south": {"uv": [9, 14.25, 9.25, 14.5], "texture": "#0"},
				"west": {"uv": [13.75, 6.75, 14.5, 7], "texture": "#0"},
				"up": {"uv": [0.25, 14.75, 0, 14], "texture": "#0"},
				"down": {"uv": [0.5, 14, 0.25, 14.75], "texture": "#0"}
			}
		},
		{
			"name": "head",
			"from": [10.7321, 11.86628, 6.11373],
			"to": [11.20271, 12.68008, 9.10256],
			"rotation": {"angle": 45, "axis": "z", "origin": [8, 11.59687, 7.61244]},
			"faces": {
				"north": {"uv": [14.25, 9, 14.5, 9.25], "texture": "#0"},
				"east": {"uv": [10.5, 14, 11, 14.25], "texture": "#0"},
				"south": {"uv": [9.25, 14.25, 9.5, 14.5], "texture": "#0"},
				"west": {"uv": [14, 10.5, 14.5, 10.75], "texture": "#0"},
				"up": {"uv": [8.75, 14.5, 8.5, 14], "texture": "#0"},
				"down": {"uv": [14.25, 11.75, 14, 12.25], "texture": "#0"}
			}
		},
		{
			"name": "head",
			"from": [10.96935, 10.60741, 4.1176],
			"to": [11.79159, 10.9641, 11.15016],
			"rotation": {"angle": 22.5, "axis": "z", "origin": [8, 11.59687, 7.61244]},
			"faces": {
				"north": {"uv": [14.25, 9.25, 14.5, 9.5], "texture": "#0"},
				"east": {"uv": [8.75, 12.75, 10, 13], "texture": "#0"},
				"south": {"uv": [9.5, 14.25, 9.75, 14.5], "texture": "#0"},
				"west": {"uv": [12.75, 10, 14, 10.25], "texture": "#0"},
				"up": {"uv": [10.25, 14, 10, 12.75], "texture": "#0"},
				"down": {"uv": [10.5, 12.75, 10.25, 14], "texture": "#0"}
			}
		},
		{
			"name": "head",
			"from": [4.16805, 6.52511, 2.74435],
			"to": [6.25616, 8.04217, 12.48443],
			"rotation": {"angle": -22.5, "axis": "z", "origin": [8, 11.59687, 7.61244]},
			"faces": {
				"north": {"uv": [14, 11, 14.5, 11.25], "texture": "#0"},
				"east": {"uv": [11, 10.5, 12.75, 10.75], "texture": "#0"},
				"south": {"uv": [12.25, 14, 12.75, 14.25], "texture": "#0"},
				"west": {"uv": [11, 11, 12.75, 11.25], "texture": "#0"},
				"up": {"uv": [3.25, 12, 2.75, 10.25], "texture": "#0"},
				"down": {"uv": [3.75, 10.25, 3.25, 12], "texture": "#0"}
			}
		},
		{
			"name": "head",
			"from": [4.19896, 7.04424, 2.93907],
			"to": [4.4586, 8.5613, 12.29237],
			"rotation": {"angle": -22.5, "axis": "z", "origin": [8, 11.59687, 7.61244]},
			"faces": {
				"north": {"uv": [14.25, 9.5, 14.5, 9.75], "texture": "#0"},
				"east": {"uv": [3.75, 11.25, 5.5, 11.5], "texture": "#0"},
				"south": {"uv": [9.75, 14.25, 10, 14.5], "texture": "#0"},
				"west": {"uv": [5.5, 11.25, 7.25, 11.5], "texture": "#0"},
				"up": {"uv": [11.25, 13, 11, 11.25], "texture": "#0"},
				"down": {"uv": [11.5, 11.25, 11.25, 13], "texture": "#0"}
			}
		},
		{
			"name": "head",
			"from": [4.20089, 7.77228, 3.21947],
			"to": [4.46054, 9.28935, 12.01017],
			"rotation": {"angle": -22.5, "axis": "z", "origin": [8, 11.59687, 7.61244]},
			"faces": {
				"north": {"uv": [14.25, 9.75, 14.5, 10], "texture": "#0"},
				"east": {"uv": [11.25, 5.5, 13, 5.75], "texture": "#0"},
				"south": {"uv": [10, 14.25, 10.25, 14.5], "texture": "#0"},
				"west": {"uv": [11.25, 5.75, 13, 6], "texture": "#0"},
				"up": {"uv": [4, 13.25, 3.75, 11.5], "texture": "#0"},
				"down": {"uv": [4.25, 11.5, 4, 13.25], "texture": "#0"}
			}
		},
		{
			"name": "head",
			"from": [4.21267, 8.43261, 3.48305],
			"to": [4.47232, 9.94967, 11.7463],
			"rotation": {"angle": -22.5, "axis": "z", "origin": [8, 11.59687, 7.61244]},
			"faces": {
				"north": {"uv": [10.25, 14.25, 10.5, 14.5], "texture": "#0"},
				"east": {"uv": [12.25, 0, 13.75, 0.25], "texture": "#0"},
				"south": {"uv": [10.5, 14.25, 10.75, 14.5], "texture": "#0"},
				"west": {"uv": [12.25, 0.25, 13.75, 0.5], "texture": "#0"},
				"up": {"uv": [3.75, 13.5, 3.5, 12], "texture": "#0"},
				"down": {"uv": [1, 12.25, 0.75, 13.75], "texture": "#0"}
			}
		},
		{
			"name": "head",
			"from": [4.20841, 9.09035, 3.73081],
			"to": [4.46805, 10.60741, 11.50179],
			"rotation": {"angle": -22.5, "axis": "z", "origin": [8, 11.59687, 7.61244]},
			"faces": {
				"north": {"uv": [10.75, 14.25, 11, 14.5], "texture": "#0"},
				"east": {"uv": [12.25, 0.5, 13.75, 0.75], "texture": "#0"},
				"south": {"uv": [14.25, 11.25, 14.5, 11.5], "texture": "#0"},
				"west": {"uv": [12.25, 0.75, 13.75, 1], "texture": "#0"},
				"up": {"uv": [1.25, 13.75, 1, 12.25], "texture": "#0"},
				"down": {"uv": [1.5, 12.25, 1.25, 13.75], "texture": "#0"}
			}
		},
		{
			"name": "head",
			"from": [4.73917, 9.56129, 4.1176],
			"to": [5.56142, 9.84765, 11.15016],
			"rotation": {"angle": -45, "axis": "z", "origin": [8, 11.59687, 7.61244]},
			"faces": {
				"north": {"uv": [14.25, 11.5, 14.5, 11.75], "texture": "#0"},
				"east": {"uv": [12.75, 10.25, 14, 10.5], "texture": "#0"},
				"south": {"uv": [14.25, 11.75, 14.5, 12], "texture": "#0"},
				"west": {"uv": [12.75, 10.5, 14, 10.75], "texture": "#0"},
				"up": {"uv": [10.75, 14, 10.5, 12.75], "texture": "#0"},
				"down": {"uv": [11, 12.75, 10.75, 14], "texture": "#0"}
			}
		},
		{
			"name": "head",
			"from": [4.20841, 10.60741, 4.1176],
			"to": [5.03065, 10.9641, 11.15016],
			"rotation": {"angle": -22.5, "axis": "z", "origin": [8, 11.59687, 7.61244]},
			"faces": {
				"north": {"uv": [12, 14.25, 12.25, 14.5], "texture": "#0"},
				"east": {"uv": [12.75, 11, 14, 11.25], "texture": "#0"},
				"south": {"uv": [14.25, 12, 14.5, 12.25], "texture": "#0"},
				"west": {"uv": [11.5, 12.75, 12.75, 13], "texture": "#0"},
				"up": {"uv": [13, 14, 12.75, 12.75], "texture": "#0"},
				"down": {"uv": [4.5, 13, 4.25, 14.25], "texture": "#0"}
			}
		},
		{
			"name": "head",
			"from": [4.73886, 9.82385, 4.67793],
			"to": [5.20948, 10.63766, 10.58528],
			"rotation": {"angle": -45, "axis": "z", "origin": [8, 11.59687, 7.61244]},
			"faces": {
				"north": {"uv": [12.25, 14.25, 12.5, 14.5], "texture": "#0"},
				"east": {"uv": [2.25, 13.5, 3.25, 13.75], "texture": "#0"},
				"south": {"uv": [12.5, 14.25, 12.75, 14.5], "texture": "#0"},
				"west": {"uv": [13.5, 2.75, 14.5, 3], "texture": "#0"},
				"up": {"uv": [13.75, 4, 13.5, 3], "texture": "#0"},
				"down": {"uv": [3.5, 13.5, 3.25, 14.5], "texture": "#0"}
			}
		},
		{
			"name": "head",
			"from": [4.79728, 10.49976, 5.14745],
			"to": [5.2679, 11.31357, 10.07024],
			"rotation": {"angle": -45, "axis": "z", "origin": [8, 11.59687, 7.61244]},
			"faces": {
				"north": {"uv": [13.25, 14.25, 13.5, 14.5], "texture": "#0"},
				"east": {"uv": [13.5, 4, 14.5, 4.25], "texture": "#0"},
				"south": {"uv": [14, 14.25, 14.25, 14.5], "texture": "#0"},
				"west": {"uv": [13.5, 4.25, 14.5, 4.5], "texture": "#0"},
				"up": {"uv": [3.75, 14.5, 3.5, 13.5], "texture": "#0"},
				"down": {"uv": [4.75, 13.5, 4.5, 14.5], "texture": "#0"}
			}
		},
		{
			"name": "head",
			"from": [4.80591, 11.18834, 5.64045],
			"to": [5.27653, 12.00215, 9.57868],
			"rotation": {"angle": -45, "axis": "z", "origin": [8, 11.59687, 7.61244]},
			"faces": {
				"north": {"uv": [14.25, 14.25, 14.5, 14.5], "texture": "#0"},
				"east": {"uv": [0.5, 14, 1.25, 14.25], "texture": "#0"},
				"south": {"uv": [0.5, 14.5, 0.75, 14.75], "texture": "#0"},
				"west": {"uv": [2.25, 14, 3, 14.25], "texture": "#0"},
				"up": {"uv": [1.5, 14.75, 1.25, 14], "texture": "#0"},
				"down": {"uv": [3.25, 14, 3, 14.75], "texture": "#0"}
			}
		},
		{
			"name": "head",
			"from": [4.79729, 11.86628, 6.11373],
			"to": [5.2679, 12.68008, 9.10256],
			"rotation": {"angle": -45, "axis": "z", "origin": [8, 11.59687, 7.61244]},
			"faces": {
				"north": {"uv": [0.75, 14.5, 1, 14.75], "texture": "#0"},
				"east": {"uv": [14, 12.25, 14.5, 12.5], "texture": "#0"},
				"south": {"uv": [1, 14.5, 1.25, 14.75], "texture": "#0"},
				"west": {"uv": [14, 12.5, 14.5, 12.75], "texture": "#0"},
				"up": {"uv": [13, 14.5, 12.75, 14], "texture": "#0"},
				"down": {"uv": [13.25, 14, 13, 14.5], "texture": "#0"}
			}
		},
		{
			"name": "head",
			"from": [3.12285, 6.52511, 3.78049],
			"to": [12.86294, 8.04217, 5.8686],
			"rotation": {"angle": 22.5, "axis": "x", "origin": [8, 11.59687, 7.61244]},
			"faces": {
				"north": {"uv": [11.25, 7, 13, 7.25], "texture": "#0"},
				"east": {"uv": [14, 12.75, 14.5, 13], "texture": "#0"},
				"south": {"uv": [11.25, 7.25, 13, 7.5], "texture": "#0"},
				"west": {"uv": [14, 13.75, 14.5, 14], "texture": "#0"},
				"up": {"uv": [12, 1, 10.25, 0.5], "texture": "#0"},
				"down": {"uv": [12, 1, 10.25, 1.5], "texture": "#0"}
			}
		},
		{
			"name": "head",
			"from": [3.31492, 7.04424, 3.8114],
			"to": [12.66822, 8.5613, 4.07104],
			"rotation": {"angle": 22.5, "axis": "x", "origin": [8, 11.59687, 7.61244]},
			"faces": {
				"north": {"uv": [11.25, 7.5, 13, 7.75], "texture": "#0"},
				"east": {"uv": [1.5, 14.5, 1.75, 14.75], "texture": "#0"},
				"south": {"uv": [11.25, 8.5, 13, 8.75], "texture": "#0"},
				"west": {"uv": [14.5, 1.5, 14.75, 1.75], "texture": "#0"},
				"up": {"uv": [13, 9, 11.25, 8.75], "texture": "#0"},
				"down": {"uv": [13, 9, 11.25, 9.25], "texture": "#0"}
			}
		},
		{
			"name": "head",
			"from": [3.59712, 7.77228, 3.81333],
			"to": [12.38781, 9.28935, 4.07298],
			"rotation": {"angle": 22.5, "axis": "x", "origin": [8, 11.59687, 7.61244]},
			"faces": {
				"north": {"uv": [11.25, 9.25, 13, 9.5], "texture": "#0"},
				"east": {"uv": [1.75, 14.5, 2, 14.75], "texture": "#0"},
				"south": {"uv": [11.25, 9.5, 13, 9.75], "texture": "#0"},
				"west": {"uv": [2, 14.5, 2.25, 14.75], "texture": "#0"},
				"up": {"uv": [13, 10, 11.25, 9.75], "texture": "#0"},
				"down": {"uv": [6, 11.5, 4.25, 11.75], "texture": "#0"}
			}
		},
		{
			"name": "head",
			"from": [4.1055, 9.09035, 3.82085],
			"to": [11.87647, 10.60741, 4.08049],
			"rotation": {"angle": 22.5, "axis": "x", "origin": [8, 11.59687, 7.61244]},
			"faces": {
				"north": {"uv": [12.25, 1, 13.75, 1.25], "texture": "#0"},
				"east": {"uv": [2.25, 14.5, 2.5, 14.75], "texture": "#0"},
				"south": {"uv": [12.25, 1.25, 13.75, 1.5], "texture": "#0"},
				"west": {"uv": [14.5, 2.25, 14.75, 2.5], "texture": "#0"},
				"up": {"uv": [5.75, 12.5, 4.25, 12.25], "texture": "#0"},
				"down": {"uv": [7.25, 12.25, 5.75, 12.5], "texture": "#0"}
			}
		},
		{
			"name": "head",
			"from": [4.45713, 10.60741, 3.82085],
			"to": [11.48968, 10.9641, 4.64309],
			"rotation": {"angle": 22.5, "axis": "x", "origin": [8, 11.59687, 7.61244]},
			"faces": {
				"north": {"uv": [4.5, 13, 5.75, 13.25], "texture": "#0"},
				"east": {"uv": [2.5, 14.5, 2.75, 14.75], "texture": "#0"},
				"south": {"uv": [13, 5.5, 14.25, 5.75], "texture": "#0"},
				"west": {"uv": [14.5, 2.5, 14.75, 2.75], "texture": "#0"},
				"up": {"uv": [7, 13.25, 5.75, 13], "texture": "#0"},
				"down": {"uv": [14.25, 5.75, 13, 6], "texture": "#0"}
			}
		},
		{
			"name": "head",
			"from": [3.86098, 8.43261, 3.82511],
			"to": [12.12423, 9.94967, 4.08476],
			"rotation": {"angle": 22.5, "axis": "x", "origin": [8, 11.59687, 7.61244]},
			"faces": {
				"north": {"uv": [12.25, 6.25, 13.75, 6.5], "texture": "#0"},
				"east": {"uv": [2.75, 14.5, 3, 14.75], "texture": "#0"},
				"south": {"uv": [12.25, 6.5, 13.75, 6.75], "texture": "#0"},
				"west": {"uv": [14.5, 2.75, 14.75, 3], "texture": "#0"},
				"up": {"uv": [13.75, 7, 12.25, 6.75], "texture": "#0"},
				"down": {"uv": [13, 12.25, 11.5, 12.5], "texture": "#0"}
			}
		},
		{
			"name": "head",
			"from": [5.02201, 9.82385, 4.3513],
			"to": [10.92936, 10.63766, 4.82192],
			"rotation": {"angle": 45, "axis": "x", "origin": [8, 11.59687, 7.61244]},
			"faces": {
				"north": {"uv": [4.75, 13.5, 5.75, 13.75], "texture": "#0"},
				"east": {"uv": [3.25, 14.5, 3.5, 14.75], "texture": "#0"},
				"south": {"uv": [5.75, 13.5, 6.75, 13.75], "texture": "#0"},
				"west": {"uv": [3.5, 14.5, 3.75, 14.75], "texture": "#0"},
				"up": {"uv": [14.5, 11, 13.5, 10.75], "texture": "#0"},
				"down": {"uv": [12, 13.5, 11, 13.75], "texture": "#0"}
			}
		},
		{
			"name": "head",
			"from": [5.53705, 10.49976, 4.40972],
			"to": [10.45983, 11.31357, 4.88034],
			"rotation": {"angle": 45, "axis": "x", "origin": [8, 11.59687, 7.61244]},
			"faces": {
				"north": {"uv": [13.5, 13, 14.5, 13.25], "texture": "#0"},
				"east": {"uv": [3.75, 14.5, 4, 14.75], "texture": "#0"},
				"south": {"uv": [13.5, 13.25, 14.5, 13.5], "texture": "#0"},
				"west": {"uv": [14.5, 3.75, 14.75, 4], "texture": "#0"},
				"up": {"uv": [14.5, 13.75, 13.5, 13.5], "texture": "#0"},
				"down": {"uv": [14.75, 0, 13.75, 0.25], "texture": "#0"}
			}
		},
		{
			"name": "head",
			"from": [6.02861, 11.18834, 4.41835],
			"to": [9.96684, 12.00215, 4.88897],
			"rotation": {"angle": 45, "axis": "x", "origin": [8, 11.59687, 7.61244]},
			"faces": {
				"north": {"uv": [14, 3, 14.75, 3.25], "texture": "#0"},
				"east": {"uv": [4, 14.5, 4.25, 14.75], "texture": "#0"},
				"south": {"uv": [14, 3.25, 14.75, 3.5], "texture": "#0"},
				"west": {"uv": [14.5, 4, 14.75, 4.25], "texture": "#0"},
				"up": {"uv": [14.75, 3.75, 14, 3.5], "texture": "#0"},
				"down": {"uv": [14.75, 4.75, 14, 5], "texture": "#0"}
			}
		},
		{
			"name": "head",
			"from": [6.50472, 11.86628, 4.40973],
			"to": [9.49356, 12.68008, 4.88035],
			"rotation": {"angle": 45, "axis": "x", "origin": [8, 11.59687, 7.61244]},
			"faces": {
				"north": {"uv": [14, 14, 14.5, 14.25], "texture": "#0"},
				"east": {"uv": [4.25, 14.5, 4.5, 14.75], "texture": "#0"},
				"south": {"uv": [0.5, 14.25, 1, 14.5], "texture": "#0"},
				"west": {"uv": [14.5, 4.25, 14.75, 4.5], "texture": "#0"},
				"up": {"uv": [2.25, 14.5, 1.75, 14.25], "texture": "#0"},
				"down": {"uv": [2.75, 14.25, 2.25, 14.5], "texture": "#0"}
			}
		},
		{
			"name": "head",
			"from": [4.45713, 9.56129, 4.35161],
			"to": [11.48968, 9.84765, 5.17386],
			"rotation": {"angle": 45, "axis": "x", "origin": [8, 11.59687, 7.61244]},
			"faces": {
				"north": {"uv": [7, 13, 8.25, 13.25], "texture": "#0"},
				"east": {"uv": [4.5, 14.5, 4.75, 14.75], "texture": "#0"},
				"south": {"uv": [13, 7, 14.25, 7.25], "texture": "#0"},
				"west": {"uv": [4.75, 14.5, 5, 14.75], "texture": "#0"},
				"up": {"uv": [14.25, 7.5, 13, 7.25], "texture": "#0"},
				"down": {"uv": [14.25, 7.5, 13, 7.75], "texture": "#0"}
			}
		},
		{
			"name": "head",
			"from": [3.13191, 6.52511, 9.35628],
			"to": [12.87199, 8.04217, 11.44439],
			"rotation": {"angle": -22.5, "axis": "x", "origin": [8, 11.59687, 7.61244]},
			"faces": {
				"north": {"uv": [11.5, 11.25, 13.25, 11.5], "texture": "#0"},
				"east": {"uv": [3.75, 14.25, 4.25, 14.5], "texture": "#0"},
				"south": {"uv": [11.5, 11.5, 13.25, 11.75], "texture": "#0"},
				"west": {"uv": [14.25, 4.5, 14.75, 4.75], "texture": "#0"},
				"up": {"uv": [5.5, 10.75, 3.75, 10.25], "texture": "#0"},
				"down": {"uv": [7.25, 10.25, 5.5, 10.75], "texture": "#0"}
			}
		},
		{
			"name": "head",
			"from": [3.32663, 7.04424, 11.15384],
			"to": [12.67993, 8.5613, 11.41348],
			"rotation": {"angle": -22.5, "axis": "x", "origin": [8, 11.59687, 7.61244]},
			"faces": {
				"north": {"uv": [11.75, 1.5, 13.5, 1.75], "texture": "#0"},
				"east": {"uv": [5, 14.5, 5.25, 14.75], "texture": "#0"},
				"south": {"uv": [11.75, 1.75, 13.5, 2], "texture": "#0"},
				"west": {"uv": [5.25, 14.5, 5.5, 14.75], "texture": "#0"},
				"up": {"uv": [13.5, 2.25, 11.75, 2], "texture": "#0"},
				"down": {"uv": [13.5, 2.25, 11.75, 2.5], "texture": "#0"}
			}
		},
		{
			"name": "head",
			"from": [3.60703, 7.77228, 11.1519],
			"to": [12.39773, 9.28935, 11.41155],
			"rotation": {"angle": -22.5, "axis": "x", "origin": [8, 11.59687, 7.61244]},
			"faces": {
				"north": {"uv": [11.75, 2.5, 13.5, 2.75], "texture": "#0"},
				"east": {"uv": [5.5, 14.5, 5.75, 14.75], "texture": "#0"},
				"south": {"uv": [11.75, 2.75, 13.5, 3], "texture": "#0"},
				"west": {"uv": [5.75, 14.5, 6, 14.75], "texture": "#0"},
				"up": {"uv": [13.5, 3.25, 11.75, 3], "texture": "#0"},
				"down": {"uv": [13.5, 3.25, 11.75, 3.5], "texture": "#0"}
			}
		},
		{
			"name": "head",
			"from": [3.87061, 8.43261, 11.14012],
			"to": [12.13386, 9.94967, 11.39977],
			"rotation": {"angle": -22.5, "axis": "x", "origin": [8, 11.59687, 7.61244]},
			"faces": {
				"north": {"uv": [4.25, 12.5, 5.75, 12.75], "texture": "#0"},
				"east": {"uv": [6, 14.5, 6.25, 14.75], "texture": "#0"},
				"south": {"uv": [12.5, 5, 14, 5.25], "texture": "#0"},
				"west": {"uv": [6.25, 14.5, 6.5, 14.75], "texture": "#0"},
				"up": {"uv": [14, 5.5, 12.5, 5.25], "texture": "#0"},
				"down": {"uv": [7.25, 12.5, 5.75, 12.75], "texture": "#0"}
			}
		},
		{
			"name": "head",
			"from": [4.11837, 9.09035, 11.14439],
			"to": [11.88935, 10.60741, 11.40403],
			"rotation": {"angle": -22.5, "axis": "x", "origin": [8, 11.59687, 7.61244]},
			"faces": {
				"north": {"uv": [12.5, 7.75, 14, 8], "texture": "#0"},
				"east": {"uv": [14.5, 6.25, 14.75, 6.5], "texture": "#0"},
				"south": {"uv": [11.5, 12.5, 13, 12.75], "texture": "#0"},
				"west": {"uv": [6.5, 14.5, 6.75, 14.75], "texture": "#0"},
				"up": {"uv": [5.75, 13, 4.25, 12.75], "texture": "#0"},
				"down": {"uv": [14.25, 4.5, 12.75, 4.75], "texture": "#0"}
			}
		},
		{
			"name": "head",
			"from": [4.50516, 9.56129, 10.05102],
			"to": [11.53772, 9.84765, 10.87327],
			"rotation": {"angle": -45, "axis": "x", "origin": [8, 11.59687, 7.61244]},
			"faces": {
				"north": {"uv": [13, 8.5, 14.25, 8.75], "texture": "#0"},
				"east": {"uv": [14.5, 6.5, 14.75, 6.75], "texture": "#0"},
				"south": {"uv": [8.75, 13, 10, 13.25], "texture": "#0"},
				"west": {"uv": [6.75, 14.5, 7, 14.75], "texture": "#0"},
				"up": {"uv": [14.25, 9, 13, 8.75], "texture": "#0"},
				"down": {"uv": [14.25, 9, 13, 9.25], "texture": "#0"}
			}
		},
		{
			"name": "head",
			"from": [4.50516, 10.60741, 10.58179],
			"to": [11.53772, 10.9641, 11.40403],
			"rotation": {"angle": -22.5, "axis": "x", "origin": [8, 11.59687, 7.61244]},
			"faces": {
				"north": {"uv": [13, 9.25, 14.25, 9.5], "texture": "#0"},
				"east": {"uv": [14.5, 6.75, 14.75, 7], "texture": "#0"},
				"south": {"uv": [13, 9.5, 14.25, 9.75], "texture": "#0"},
				"west": {"uv": [7, 14.5, 7.25, 14.75], "texture": "#0"},
				"up": {"uv": [14.25, 10, 13, 9.75], "texture": "#0"},
				"down": {"uv": [12.25, 13, 11, 13.25], "texture": "#0"}
			}
		},
		{
			"name": "head",
			"from": [5.06549, 9.82385, 10.40296],
			"to": [10.97284, 10.63766, 10.87358],
			"rotation": {"angle": -45, "axis": "x", "origin": [8, 11.59687, 7.61244]},
			"faces": {
				"north": {"uv": [13.75, 0.25, 14.75, 0.5], "texture": "#0"},
				"east": {"uv": [14.5, 7, 14.75, 7.25], "texture": "#0"},
				"south": {"uv": [13.75, 0.5, 14.75, 0.75], "texture": "#0"},
				"west": {"uv": [7.25, 14.5, 7.5, 14.75], "texture": "#0"},
				"up": {"uv": [14.75, 1, 13.75, 0.75], "texture": "#0"},
				"down": {"uv": [14.75, 1, 13.75, 1.25], "texture": "#0"}
			}
		},
		{
			"name": "head",
			"from": [5.53501, 10.49976, 10.34454],
			"to": [10.4578, 11.31357, 10.81516],
			"rotation": {"angle": -45, "axis": "x", "origin": [8, 11.59687, 7.61244]},
			"faces": {
				"north": {"uv": [13.75, 1.25, 14.75, 1.5], "texture": "#0"},
				"east": {"uv": [14.5, 7.25, 14.75, 7.5], "texture": "#0"},
				"south": {"uv": [13.75, 1.75, 14.75, 2], "texture": "#0"},
				"west": {"uv": [7.5, 14.5, 7.75, 14.75], "texture": "#0"},
				"up": {"uv": [14.75, 2.25, 13.75, 2], "texture": "#0"},
				"down": {"uv": [3.25, 13.75, 2.25, 14], "texture": "#0"}
			}
		},
		{
			"name": "head",
			"from": [6.02801, 11.18834, 10.33591],
			"to": [9.96624, 12.00215, 10.80653],
			"rotation": {"angle": -45, "axis": "x", "origin": [8, 11.59687, 7.61244]},
			"faces": {
				"north": {"uv": [14, 5, 14.75, 5.25], "texture": "#0"},
				"east": {"uv": [14.5, 7.5, 14.75, 7.75], "texture": "#0"},
				"south": {"uv": [14, 5.25, 14.75, 5.5], "texture": "#0"},
				"west": {"uv": [7.75, 14.5, 8, 14.75], "texture": "#0"},
				"up": {"uv": [7.25, 14.25, 6.5, 14], "texture": "#0"},
				"down": {"uv": [14.75, 7.75, 14, 8], "texture": "#0"}
			}
		},
		{
			"name": "head",
			"from": [6.50129, 11.86628, 10.34454],
			"to": [9.49012, 12.68008, 10.81515],
			"rotation": {"angle": -45, "axis": "x", "origin": [8, 11.59687, 7.61244]},
			"faces": {
				"north": {"uv": [14.25, 5.5, 14.75, 5.75], "texture": "#0"},
				"east": {"uv": [8, 14.5, 8.25, 14.75], "texture": "#0"},
				"south": {"uv": [14.25, 5.75, 14.75, 6], "texture": "#0"},
				"west": {"uv": [14.5, 8, 14.75, 8.25], "texture": "#0"},
				"up": {"uv": [14.75, 6.25, 14.25, 6], "texture": "#0"},
				"down": {"uv": [7, 14.25, 6.5, 14.5], "texture": "#0"}
			}
		}
	],
	"display": {
		"thirdperson_righthand": {
			"translation": [0, 5.25, 0],
			"scale": [0.67, 0.67, 0.67]
		},
		"thirdperson_lefthand": {
			"translation": [0, 5.25, 0],
			"scale": [0.67, 0.67, 0.67]
		},
		"firstperson_righthand": {
			"translation": [0, 5.25, -0.25],
			"scale": [0.67, 0.67, 0.67]
		},
		"firstperson_lefthand": {
			"translation": [0, 5.25, 0],
			"scale": [0.67, 0.67, 0.67]
		},
		"gui": {
			"rotation": [0, 148, 0],
			"translation": [0, 1, 0],
			"scale": [0.9, 0.9, 0.9]
		},
		"head": {
			"translation": [0, 5, 0.75],
			"scale": [1.25, 1.27, 1.27]
		},
		"fixed": {
			"translation": [0, 0, -2.25]
		}
	},
	"groups": [
		{
			"name": "steve",
			"origin": [8, 2.95109, 7.70516],
			"color": 0,
			"children": [
				0,
				1,
				2,
				3,
				4,
				5,
				6,
				7,
				8,
				9,
				10,
				11,
				12,
				13,
				14,
				15,
				16,
				17,
				18,
				19,
				20,
				21,
				22,
				23,
				24,
				25,
				26,
				27,
				28,
				29,
				30,
				31,
				32,
				33,
				34,
				35,
				36,
				37,
				38,
				39,
				40,
				41,
				42,
				43,
				44,
				45,
				46,
				47,
				48,
				49,
				50,
				51,
				52,
				53,
				54,
				55,
				56,
				57,
				58,
				59,
				60,
				61,
				62,
				63,
				64,
				65,
				66,
				67,
				68,
				69,
				70,
				71,
				72,
				73
			]
		}
	]
}