{
	"credit": "Made with Blockbench",
	"texture_size": [32, 32],
	"textures": {
		"7": "concrete:helmets/crusader_3",
		"10": "concrete:helmets/crusader_1",
		"13": "concrete:helmets/crusader_4",
		"14": "concrete:helmets/crusader_5",
		"15": "concrete:helmets/crusader_2",
		"19": "concrete:helmets/crusader_7",
		"21": "concrete:helmets/crusader_6"
	},
	"elements": [
		{
			"from": [4.98128, -0.04113, 6.11609],
			"to": [4.98128, 5.05887, 10.61609],
			"rotation": {"angle": 22.5, "axis": "y", "origin": [9.88423, 5.41512, 8.0344]},
			"faces": {
				"north": {"uv": [7.09375, 0, 7.34375, 5], "texture": "#10"},
				"east": {"uv": [0, 5.09375, 4.5, 10.09375], "rotation": 180, "texture": "#10"},
				"south": {"uv": [10.59375, 9.3125, 10.84375, 14.3125], "texture": "#10"},
				"west": {"uv": [0.03125, 5, 4.5, 10.09375], "texture": "#10"},
				"up": {"uv": [6.25, 4.5, 6, 0], "texture": "#10"},
				"down": {"uv": [8.78125, 9.75, 8.53125, 14.25], "texture": "#10"}
			}
		},
		{
			"from": [4.82587, 0.025, 8.18552],
			"to": [4.82587, 5.025, 10.18552],
			"rotation": {"angle": -22.5, "axis": "y", "origin": [9.75037, 5.35625, 8.02488]},
			"faces": {
				"north": {"uv": [14.75, 11, 14.5, 16], "texture": "#7"},
				"east": {"uv": [8, 6.03125, 6, 11.03125], "texture": "#7"},
				"south": {"uv": [8.25, 10, 8, 15], "texture": "#7"},
				"west": {"uv": [8, 6, 6, 11], "texture": "#7"},
				"up": {"uv": [13.96875, 15.125, 14.21875, 13.125], "rotation": 180, "texture": "#7"},
				"down": {"uv": [11, 11.03125, 11.25, 13.03125], "rotation": 180, "texture": "#7"}
			}
		},
		{
			"from": [9.87212, -0.04113, 13.35205],
			"to": [10.92212, 8.53387, 13.60205],
			"rotation": {"angle": 22.5, "axis": "y", "origin": [9.76896, 5.34012, 8.0211]},
			"faces": {
				"north": {"uv": [10.3125, 5.625, 8.3125, 4.9375], "texture": "#19"},
				"east": {"uv": [10.3125, 5.625, 8.3125, 4.9375], "texture": "#19"},
				"south": {"uv": [10.3125, 5.625, 8.3125, 4.9375], "texture": "#19"},
				"west": {"uv": [10.3125, 5.625, 8.3125, 4.9375], "texture": "#19"},
				"up": {"uv": [14.875, 5.5625, 12.875, 4.875], "texture": "#19"},
				"down": {"uv": [10.3125, 5.625, 8.3125, 4.9375], "texture": "#19"}
			}
		},
		{
			"from": [8.6567, -0.01613, 13.36925],
			"to": [9.5817, 8.53387, 13.61925],
			"rotation": {"angle": 45, "axis": "y", "origin": [9.74713, 5.34012, 7.97089]},
			"faces": {
				"north": {"uv": [10.3125, 4.75, 9.875, 2], "texture": "#19"},
				"east": {"uv": [10.3125, 4.75, 9.875, 2], "texture": "#19"},
				"south": {"uv": [10.3125, 4.75, 9.875, 2], "texture": "#19"},
				"west": {"uv": [10.3125, 4.75, 9.875, 2], "texture": "#19"},
				"up": {"uv": [10.3125, 4.75, 9.875, 2], "texture": "#19"},
				"down": {"uv": [10.3125, 4.75, 9.875, 2], "texture": "#19"}
			}
		},
		{
			"from": [8.375, -0.04113, 12.88775],
			"to": [12, 8.53387, 13.13775],
			"rotation": {"angle": 0, "axis": "y", "origin": [9.75037, 5.35625, 7.97512]},
			"faces": {
				"north": {"uv": [10.3125, 4.75, 9.875, 2], "texture": "#19"},
				"east": {"uv": [10.3125, 4.75, 9.875, 2], "texture": "#19"},
				"south": {"uv": [10.3125, 4.75, 9.875, 2], "texture": "#19"},
				"west": {"uv": [10.3125, 4.75, 9.875, 2], "texture": "#19"},
				"up": {"uv": [14.875, 4.6875, 14.4375, 1.9375], "texture": "#19"},
				"down": {"uv": [10.3125, 4.75, 9.875, 2], "texture": "#19"}
			}
		},
		{
			"from": [14.657, -0.04113, 6.47319],
			"to": [14.907, 8.53387, 10.27319],
			"rotation": {"angle": -22.5, "axis": "y", "origin": [9.71917, 5.34012, 7.95286]},
			"faces": {
				"north": {"uv": [8, 4.75, 7.0625, 2], "texture": "#19"},
				"east": {"uv": [8.9375, 3.1875, 8.5, 0.375], "texture": "#19"},
				"south": {"uv": [8, 4.75, 7.0625, 2], "texture": "#19"},
				"west": {"uv": [8, 4.75, 7.0625, 2], "texture": "#19"},
				"up": {"uv": [12.5625, 4.6875, 11.625, 1.9375], "texture": "#19"},
				"down": {"uv": [8, 4.75, 7.0625, 2], "texture": "#19"}
			}
		},
		{
			"from": [14.657, -0.04113, 5.72681],
			"to": [14.907, 8.53387, 9.52681],
			"rotation": {"angle": 22.5, "axis": "y", "origin": [9.71917, 5.34012, 8.04714]},
			"faces": {
				"north": {"uv": [7.0625, 4.75, 8, 2], "texture": "#19"},
				"east": {"uv": [8.5, 3.1875, 8.9375, 0.375], "texture": "#19"},
				"south": {"uv": [7.0625, 4.75, 8, 2], "texture": "#19"},
				"west": {"uv": [7.0625, 4.75, 8, 2], "texture": "#19"},
				"up": {"uv": [11.625, 4.6875, 12.5625, 1.9375], "texture": "#19"},
				"down": {"uv": [7.0625, 4.75, 8, 2], "texture": "#19"}
			}
		},
		{
			"from": [9.87212, -0.04113, 2.39795],
			"to": [10.92212, 8.53387, 2.64795],
			"rotation": {"angle": -22.5, "axis": "y", "origin": [9.76896, 5.34012, 7.9789]},
			"faces": {
				"north": {"uv": [8.3125, 5.625, 10.3125, 4.9375], "texture": "#19"},
				"east": {"uv": [8.3125, 5.625, 10.3125, 4.9375], "texture": "#19"},
				"south": {"uv": [8.3125, 5.625, 10.3125, 4.9375], "texture": "#19"},
				"west": {"uv": [8.3125, 5.625, 10.3125, 4.9375], "texture": "#19"},
				"up": {"uv": [12.875, 5.5625, 14.875, 4.875], "texture": "#19"},
				"down": {"uv": [8.3125, 5.625, 10.3125, 4.9375], "texture": "#19"}
			}
		},
		{
			"from": [8.375, -0.04113, 2.86225],
			"to": [12, 8.53387, 3.11225],
			"rotation": {"angle": 0, "axis": "y", "origin": [9.75037, 5.35625, 8.02488]},
			"faces": {
				"north": {"uv": [9.875, 4.75, 10.3125, 2], "texture": "#19"},
				"east": {"uv": [9.875, 4.75, 10.3125, 2], "texture": "#19"},
				"south": {"uv": [9.875, 4.75, 10.3125, 2], "texture": "#19"},
				"west": {"uv": [9.875, 4.75, 10.3125, 2], "texture": "#19"},
				"up": {"uv": [14.4375, 4.6875, 14.875, 1.9375], "texture": "#19"},
				"down": {"uv": [9.875, 4.75, 10.3125, 2], "texture": "#19"}
			}
		},
		{
			"from": [8.6567, -0.01613, 2.38075],
			"to": [9.5817, 8.53387, 2.63075],
			"rotation": {"angle": -45, "axis": "y", "origin": [9.74713, 5.34012, 8.02911]},
			"faces": {
				"north": {"uv": [9.875, 4.75, 10.3125, 2], "texture": "#19"},
				"east": {"uv": [9.875, 4.75, 10.3125, 2], "texture": "#19"},
				"south": {"uv": [9.875, 4.75, 10.3125, 2], "texture": "#19"},
				"west": {"uv": [9.875, 4.75, 10.3125, 2], "texture": "#19"},
				"up": {"uv": [14.75, 4.875, 15.1875, 2.125], "texture": "#19"},
				"down": {"uv": [9.875, 4.75, 10.3125, 2], "texture": "#19"}
			}
		},
		{
			"from": [14.82834, -0.04113, 7.42889],
			"to": [15.07834, 8.53387, 8.57889],
			"rotation": {"angle": 0, "axis": "y", "origin": [9.77871, 5.31512, 8.15376]},
			"faces": {
				"north": {"uv": [7.0625, 4.75, 8, 2], "texture": "#19"},
				"east": {"uv": [7.0625, 4.75, 8, 2], "texture": "#19"},
				"south": {"uv": [7.0625, 4.75, 8, 2], "texture": "#19"},
				"west": {"uv": [7.0625, 4.75, 8, 2], "texture": "#19"},
				"up": {"uv": [11.625, 4.6875, 12.5625, 1.9375], "texture": "#19"},
				"down": {"uv": [7.0625, 4.75, 8, 2], "texture": "#19"}
			}
		},
		{
			"from": [4.6811, 5.875, 6.11657],
			"to": [4.8061, 6.25, 10.41657],
			"rotation": {"angle": 22.5, "axis": "y", "origin": [9.70037, 5.35625, 8.02488]},
			"faces": {
				"north": {"uv": [0, 2, 9.125, 2.75], "texture": "#15"},
				"east": {"uv": [0, 2, 9.125, 2.75], "texture": "#15"},
				"south": {"uv": [0, 2, 9.125, 2.75], "texture": "#15"},
				"west": {"uv": [0, 2, 9.125, 2.75], "rotation": 180, "texture": "#15"},
				"up": {"uv": [0, 2, 9.125, 2.75], "texture": "#15"},
				"down": {"uv": [0, 2, 9.125, 2.75], "texture": "#15"}
			}
		},
		{
			"from": [4.6811, 4.975, 6.11657],
			"to": [4.8061, 5.375, 10.41657],
			"rotation": {"angle": 22.5, "axis": "y", "origin": [9.70037, 5.35625, 8.02488]},
			"faces": {
				"north": {"uv": [0, 2, 9.125, 2.75], "texture": "#15"},
				"east": {"uv": [0, 2, 9.125, 2.75], "texture": "#15"},
				"south": {"uv": [0, 2, 9.125, 2.75], "texture": "#15"},
				"west": {"uv": [0, 2, 9.125, 2.75], "rotation": 180, "texture": "#15"},
				"up": {"uv": [0, 2, 9.125, 2.75], "texture": "#15"},
				"down": {"uv": [0, 2, 9.125, 2.75], "texture": "#15"}
			}
		},
		{
			"from": [4.786, 5.875, 5.41418],
			"to": [4.911, 6.25, 10.16418],
			"rotation": {"angle": -22.5, "axis": "y", "origin": [9.70037, 5.35625, 8.02488]},
			"faces": {
				"north": {"uv": [0, 2, 9.5, 2.75], "texture": "#15"},
				"east": {"uv": [0, 2, 9.5, 2.75], "texture": "#15"},
				"south": {"uv": [0, 2, 9.5, 2.75], "texture": "#15"},
				"west": {"uv": [0, 2, 9.5, 2.75], "texture": "#15"},
				"up": {"uv": [0, 2, 9.5, 2.75], "texture": "#15"},
				"down": {"uv": [0, 2, 9.5, 2.75], "texture": "#15"}
			}
		},
		{
			"from": [4.8366, 6.18387, 5.42054],
			"to": [6.2116, 8.53387, 10.07054],
			"rotation": {"angle": -22.5, "axis": "y", "origin": [9.72597, 5.34012, 8.08123]},
			"faces": {
				"north": {"uv": [0, 10.24, 0.21333, 14.24], "texture": "#13"},
				"east": {"uv": [0, 0, 7.78667, 4], "texture": "#13"},
				"south": {"uv": [10.24, 0, 10.45333, 4], "texture": "#13"},
				"west": {"uv": [0, 3, 4.5625, 5.34375], "texture": "#15"},
				"up": {"uv": [8.74667, 7.78667, 8.53333, 0], "texture": "#13"},
				"down": {"uv": [8.74667, 8.53333, 8.53333, 16.32], "texture": "#13"}
			}
		},
		{
			"from": [4.93603, 6.18387, 6.15722],
			"to": [6.31103, 8.53387, 10.60722],
			"rotation": {"angle": 22.5, "axis": "y", "origin": [9.70591, 5.34012, 8.18258]},
			"faces": {
				"north": {"uv": [10.45333, 0, 10.24, 4], "texture": "#13"},
				"east": {"uv": [7.78667, 0, 0, 4], "texture": "#13"},
				"south": {"uv": [0.21333, 10.24, 0, 14.24], "texture": "#13"},
				"west": {"uv": [7.78667, 5.12, 0, 9.12], "texture": "#13"},
				"up": {"uv": [8.53333, 7.78667, 8.74667, 0], "rotation": 180, "texture": "#13"},
				"down": {"uv": [8.53333, 8.53333, 8.74667, 16.32], "rotation": 180, "texture": "#13"}
			}
		},
		{
			"from": [4.93603, 4.98387, 10.35722],
			"to": [5.21103, 6.23387, 10.60722],
			"rotation": {"angle": 22.5, "axis": "y", "origin": [9.70591, 5.34012, 8.18258]},
			"faces": {
				"north": {"uv": [10.45333, 0, 10.24, 4], "texture": "#13"},
				"east": {"uv": [7.78667, 0, 0, 4], "texture": "#13"},
				"south": {"uv": [0.21333, 10.24, 0, 14.24], "texture": "#13"},
				"west": {"uv": [4, 14.50667, 2.45333, 13.49333], "texture": "#13"},
				"up": {"uv": [8.53333, 7.78667, 8.74667, 0], "rotation": 180, "texture": "#13"},
				"down": {"uv": [8.53333, 8.53333, 8.74667, 16.32], "rotation": 180, "texture": "#13"}
			}
		},
		{
			"from": [4.861, 5.2875, 9.40168],
			"to": [5.036, 5.8875, 10.07668],
			"rotation": {"angle": -22.5, "axis": "y", "origin": [9.75037, 5.35625, 8.02488]},
			"faces": {
				"north": {"uv": [6.4375, 0, 7.75, 0], "texture": "#15"},
				"east": {"uv": [6.4375, 0, 7.75, 0], "texture": "#15"},
				"south": {"uv": [6.4375, 0, 7.75, 0], "texture": "#15"},
				"west": {"uv": [6.4375, 0, 7.75, 0], "texture": "#15"},
				"up": {"uv": [6.4375, 0, 7.75, 0], "texture": "#15"},
				"down": {"uv": [6.4375, 0, 7.75, 0], "texture": "#15"}
			}
		},
		{
			"from": [4.886, 5.2875, 5.40168],
			"to": [4.986, 5.9125, 5.92668],
			"rotation": {"angle": -22.5, "axis": "y", "origin": [9.75037, 5.35625, 8.02488]},
			"faces": {
				"north": {"uv": [0.6875, 0, 0.75, 0.375], "texture": "#15"},
				"east": {"uv": [0.6875, 0, 0.75, 0.375], "texture": "#15"},
				"south": {"uv": [0.6875, 0, 0.75, 0.375], "texture": "#15"},
				"west": {"uv": [0.6875, 0, 0.75, 0.375], "texture": "#15"},
				"up": {"uv": [0.6875, 0, 0.75, 0.375], "texture": "#15"},
				"down": {"uv": [0.6875, 0, 0.75, 0.375], "texture": "#15"}
			}
		},
		{
			"from": [4.761, 4.975, 5.41418],
			"to": [4.886, 5.375, 10.08918],
			"rotation": {"angle": -22.5, "axis": "y", "origin": [9.70037, 5.35625, 8.02488]},
			"faces": {
				"north": {"uv": [0, 2, 9.375, 2.75], "texture": "#15"},
				"east": {"uv": [0, 2, 9.375, 2.75], "texture": "#15"},
				"south": {"uv": [0, 2, 9.375, 2.75], "texture": "#15"},
				"west": {"uv": [0, 2, 9.375, 2.75], "texture": "#15"},
				"up": {"uv": [0, 2, 9.375, 2.75], "texture": "#15"},
				"down": {"uv": [0, 2, 9.375, 2.75], "texture": "#15"}
			}
		},
		{
			"from": [4.7561, 5.2875, 6.05407],
			"to": [4.9061, 5.9125, 6.70407],
			"rotation": {"angle": 22.5, "axis": "y", "origin": [9.75037, 5.35625, 8.02488]},
			"faces": {
				"north": {"uv": [7.4375, 0, 8.75, 0], "texture": "#15"},
				"east": {"uv": [7.4375, 0, 8.75, 0], "texture": "#15"},
				"south": {"uv": [7.4375, 0, 8.75, 0], "texture": "#15"},
				"west": {"uv": [7.4375, 0, 8.75, 0], "texture": "#15"},
				"up": {"uv": [7.4375, 0, 8.75, 0], "texture": "#15"},
				"down": {"uv": [7.4375, 0, 8.75, 0], "texture": "#15"}
			}
		},
		{
			"from": [4.7561, 5.2875, 10.02907],
			"to": [4.8561, 5.9125, 10.42907],
			"rotation": {"angle": 22.5, "axis": "y", "origin": [9.75037, 5.35625, 8.02488]},
			"faces": {
				"north": {"uv": [1.4375, 0, 2.75, 0], "texture": "#15"},
				"east": {"uv": [1.4375, 0, 2.75, 0], "texture": "#15"},
				"south": {"uv": [1.4375, 0, 2.75, 0], "texture": "#15"},
				"west": {"uv": [1.4375, 0, 2.75, 0], "texture": "#15"},
				"up": {"uv": [1.4375, 0, 2.75, 0], "texture": "#15"},
				"down": {"uv": [1.4375, 0, 2.75, 0], "texture": "#15"}
			}
		},
		{
			"from": [4.84742, -0.1, 6.10657],
			"to": [4.84742, 5, 10.60657],
			"rotation": {"angle": 22.5, "axis": "y", "origin": [9.75037, 5.35625, 8.02488]},
			"faces": {
				"north": {"uv": [7.09375, 0, 7.34375, 5], "texture": "#10"},
				"east": {"uv": [11.375, 8.59375, 15.875, 13.59375], "texture": "#10"},
				"south": {"uv": [10.59375, 9.3125, 10.84375, 14.3125], "texture": "#10"},
				"west": {"uv": [0.03125, 5, 4.5, 10.09375], "texture": "#10"},
				"up": {"uv": [6.25, 4.5, 6, 0], "texture": "#10"},
				"down": {"uv": [8.78125, 9.75, 8.53125, 14.25], "texture": "#10"}
			}
		},
		{
			"from": [8.26379, -0.04113, 2.68816],
			"to": [9.36379, 4.95887, 2.96316],
			"rotation": {"angle": 22.5, "axis": "y", "origin": [9.85699, 5.31512, 8.02573]},
			"faces": {
				"north": {"uv": [4, 0, 5.09375, 5], "texture": "#21"},
				"east": {"uv": [8, 6, 8.25, 11], "texture": "#21"},
				"south": {"uv": [4, 5, 5.09375, 10], "texture": "#21"},
				"west": {"uv": [7, 8, 7.25, 13], "texture": "#21"},
				"up": {"uv": [11.09375, 1.25, 10, 1], "texture": "#21"},
				"down": {"uv": [11.09375, 2, 10, 2.25], "texture": "#21"}
			}
		},
		{
			"from": [9.36379, -0.04113, 2.68816],
			"to": [10.46379, 4.95887, 2.96316],
			"rotation": {"angle": 22.5, "axis": "y", "origin": [9.85699, 5.31512, 8.02573]},
			"faces": {
				"north": {"uv": [0.15625, 0.28125, 0.96875, 5.28125], "texture": "#21"},
				"east": {"uv": [8, 6, 8.25, 11], "texture": "#21"},
				"south": {"uv": [4, 5, 5.09375, 10], "texture": "#21"},
				"west": {"uv": [7, 8, 7.25, 13], "texture": "#21"},
				"up": {"uv": [11.09375, 1.25, 10, 1], "texture": "#21"},
				"down": {"uv": [11.09375, 2, 10, 2.25], "texture": "#21"}
			}
		},
		{
			"from": [4.7561, 5.2875, 6.05407],
			"to": [4.9061, 5.9125, 6.70407],
			"rotation": {"angle": 22.5, "axis": "y", "origin": [9.75037, 5.35625, 8.02488]},
			"color": 0,
			"faces": {
				"north": {"uv": [9, 3, 10, 4], "texture": "#missing"},
				"east": {"uv": [9, 4, 10, 5], "texture": "#missing"},
				"south": {"uv": [9, 6, 10, 7], "texture": "#missing"},
				"west": {"uv": [9, 7, 10, 8], "texture": "#missing"},
				"up": {"uv": [10, 9, 9, 8], "texture": "#missing"},
				"down": {"uv": [10, 9, 9, 10], "texture": "#missing"}
			}
		},
		{
			"from": [4.886, 5.2875, 5.40168],
			"to": [4.986, 5.9125, 5.92668],
			"rotation": {"angle": -22.5, "axis": "y", "origin": [9.75037, 5.35625, 8.02488]},
			"color": 0,
			"faces": {
				"north": {"uv": [10, 9, 11, 10], "texture": "#missing"},
				"east": {"uv": [10, 10, 11, 11], "texture": "#missing"},
				"south": {"uv": [11, 0, 12, 1], "texture": "#missing"},
				"west": {"uv": [1, 11, 2, 12], "texture": "#missing"},
				"up": {"uv": [12, 2, 11, 1], "texture": "#missing"},
				"down": {"uv": [12, 2, 11, 3], "texture": "#missing"}
			}
		},
		{
			"from": [4.861, 5.2875, 9.40168],
			"to": [5.036, 5.8875, 10.07668],
			"rotation": {"angle": -22.5, "axis": "y", "origin": [9.75037, 5.35625, 8.02488]},
			"color": 0,
			"faces": {
				"north": {"uv": [10, 6, 11, 7], "texture": "#missing"},
				"east": {"uv": [7, 10, 8, 11], "texture": "#missing"},
				"south": {"uv": [10, 7, 11, 8], "texture": "#missing"},
				"west": {"uv": [8, 10, 9, 11], "texture": "#missing"},
				"up": {"uv": [11, 9, 10, 8], "texture": "#missing"},
				"down": {"uv": [10, 10, 9, 11], "texture": "#missing"}
			}
		},
		{
			"from": [4.35, -0.05, 7.9],
			"to": [4.95, 8.575, 8.25],
			"rotation": {"angle": 0, "axis": "y", "origin": [9.75037, 5.35625, 8.02488]},
			"faces": {
				"north": {"uv": [0, 0, 1.01333, 14.72], "texture": "#14"},
				"east": {"uv": [3.41333, 0, 4, 14.72], "texture": "#14"},
				"south": {"uv": [1.70667, 0, 2.72, 14.72], "texture": "#14"},
				"west": {"uv": [5.12, 0, 5.70667, 14.72], "texture": "#14"},
				"up": {"uv": [7.84, 0.58667, 6.82667, 0], "texture": "#14"},
				"down": {"uv": [7.84, 1.70667, 6.82667, 2.29333], "texture": "#14"}
			}
		},
		{
			"from": [4.8366, 6.18387, 5.42054],
			"to": [5.1116, 8.53387, 10.07054],
			"rotation": {"angle": -22.5, "axis": "y", "origin": [9.72597, 5.34012, 8.08123]},
			"faces": {
				"north": {"uv": [0, 10.24, 0.21333, 14.24], "texture": "#13"},
				"east": {"uv": [0, 0, 7.78667, 4], "texture": "#13"},
				"south": {"uv": [10.24, 0, 10.45333, 4], "texture": "#13"},
				"west": {"uv": [0, 5.12, 7.78667, 9.12], "texture": "#13"},
				"up": {"uv": [8.74667, 7.78667, 8.53333, 0], "texture": "#13"},
				"down": {"uv": [8.74667, 8.53333, 8.53333, 16.32], "texture": "#13"}
			}
		},
		{
			"from": [9.28019, 4.95887, 2.71302],
			"to": [10.48019, 8.53387, 2.98802],
			"rotation": {"angle": 22.5, "axis": "y", "origin": [9.80271, 5.34012, 8.07938]},
			"faces": {
				"north": {"uv": [2, 6, 3.0625, 9.3125], "texture": "#21"},
				"east": {"uv": [9, 8, 9.25, 11.3125], "texture": "#21"},
				"south": {"uv": [6, 4, 7.0625, 7.3125], "texture": "#21"},
				"west": {"uv": [0, 10, 0.25, 13.3125], "texture": "#21"},
				"up": {"uv": [4.0625, 10.25, 3, 10], "texture": "#21"},
				"down": {"uv": [11.0625, 3, 10, 3.25], "texture": "#21"}
			}
		},
		{
			"from": [7.04618, 4.88387, 2.94528],
			"to": [8.17118, 8.53387, 3.22028],
			"rotation": {"angle": 22.5, "axis": "y", "origin": [8.66439, 5.29012, 5.40784]},
			"faces": {
				"north": {"uv": [0, 6, 1.125, 9.59375], "texture": "#21"},
				"east": {"uv": [9, 0, 9.25, 3.59375], "texture": "#21"},
				"south": {"uv": [6, 0, 7.125, 3.59375], "texture": "#21"},
				"west": {"uv": [9, 4, 9.25, 7.59375], "texture": "#21"},
				"up": {"uv": [11.125, 0.25, 10, 0], "texture": "#21"},
				"down": {"uv": [2.125, 10, 1, 10.25], "texture": "#21"}
			}
		},
		{
			"from": [8.26379, -0.04113, 13.03684],
			"to": [9.36379, 4.95887, 13.31184],
			"rotation": {"angle": -22.5, "axis": "y", "origin": [9.85699, 5.31512, 7.97427]},
			"faces": {
				"north": {"uv": [5.09375, 5, 4, 10], "texture": "#21"},
				"east": {"uv": [8.25, 6, 8, 11], "texture": "#21"},
				"south": {"uv": [5.09375, 0, 4, 5], "texture": "#21"},
				"west": {"uv": [7.25, 8, 7, 13], "texture": "#21"},
				"up": {"uv": [11.09375, 1, 10, 1.25], "texture": "#21"},
				"down": {"uv": [11.09375, 2.25, 10, 2], "texture": "#21"}
			}
		},
		{
			"from": [9.36379, -0.04113, 13.03684],
			"to": [10.46379, 4.95887, 13.31184],
			"rotation": {"angle": -22.5, "axis": "y", "origin": [9.85699, 5.31512, 7.97427]},
			"faces": {
				"north": {"uv": [5.09375, 5, 4, 10], "texture": "#21"},
				"east": {"uv": [8.25, 6, 8, 11], "texture": "#21"},
				"south": {"uv": [0.96875, 0.28125, 0.15625, 5.28125], "texture": "#21"},
				"west": {"uv": [7.25, 8, 7, 13], "texture": "#21"},
				"up": {"uv": [11.09375, 1, 10, 1.25], "texture": "#21"},
				"down": {"uv": [11.09375, 2.25, 10, 2], "texture": "#21"}
			}
		},
		{
			"from": [9.28019, 4.95887, 13.01198],
			"to": [10.48019, 8.53387, 13.28698],
			"rotation": {"angle": -22.5, "axis": "y", "origin": [9.80271, 5.34012, 7.92062]},
			"faces": {
				"north": {"uv": [7.0625, 4, 6, 7.3125], "texture": "#21"},
				"east": {"uv": [9.25, 8, 9, 11.3125], "texture": "#21"},
				"south": {"uv": [3.0625, 6, 2, 9.3125], "texture": "#21"},
				"west": {"uv": [0.25, 10, 0, 13.3125], "texture": "#21"},
				"up": {"uv": [4.0625, 10, 3, 10.25], "texture": "#21"},
				"down": {"uv": [11.0625, 3.25, 10, 3], "texture": "#21"}
			}
		},
		{
			"from": [7.04618, 4.88387, 12.77972],
			"to": [8.17118, 8.53387, 13.05472],
			"rotation": {"angle": -22.5, "axis": "y", "origin": [8.66439, 5.29012, 10.59216]},
			"faces": {
				"north": {"uv": [7.125, 0, 6, 3.59375], "texture": "#21"},
				"east": {"uv": [9.25, 0, 9, 3.59375], "texture": "#21"},
				"south": {"uv": [1.125, 6, 0, 9.59375], "texture": "#21"},
				"west": {"uv": [9.25, 4, 9, 7.59375], "texture": "#21"},
				"up": {"uv": [11.125, 0, 10, 0.25], "texture": "#21"},
				"down": {"uv": [2.125, 10.25, 1, 10], "texture": "#21"}
			}
		},
		{
			"from": [9.89171, 6.03062, 5.93796],
			"to": [10.89971, 10.86262, 13.37796],
			"rotation": {"angle": 22.5, "axis": "y", "origin": [9.79268, 11.19662, 8.02025]},
			"faces": {
				"north": {"uv": [10.3125, 5.625, 8.3125, 4.9375], "texture": "#19"},
				"east": {"uv": [10.3125, 5.625, 8.3125, 4.9375], "texture": "#19"},
				"south": {"uv": [10.3125, 5.625, 8.3125, 4.9375], "texture": "#19"},
				"west": {"uv": [10.3125, 5.625, 8.3125, 4.9375], "texture": "#19"},
				"up": {"uv": [15.4375, 5.375, 13.4375, 4.6875], "texture": "#19"},
				"down": {"uv": [15.875, 5.5625, 13.875, 4.875], "texture": "#19"}
			}
		},
		{
			"from": [8.72491, 6.05462, 5.95448],
			"to": [9.61291, 10.86262, 13.39448],
			"rotation": {"angle": 45, "axis": "y", "origin": [9.77172, 11.19662, 7.97205]},
			"faces": {
				"north": {"uv": [10.3125, 4.75, 9.875, 2], "texture": "#19"},
				"east": {"uv": [10.3125, 4.75, 9.875, 2], "texture": "#19"},
				"south": {"uv": [10.3125, 4.75, 9.875, 2], "texture": "#19"},
				"west": {"uv": [10.3125, 4.75, 9.875, 2], "texture": "#19"},
				"up": {"uv": [15.4375, 4.5, 15, 1.75], "texture": "#19"},
				"down": {"uv": [15.875, 4.6875, 15.4375, 1.9375], "texture": "#19"}
			}
		},
		{
			"from": [8.45448, 6.03062, 3.09224],
			"to": [11.93448, 10.86262, 12.93224],
			"rotation": {"angle": 0, "axis": "y", "origin": [9.77483, 11.2121, 7.97612]},
			"faces": {
				"north": {"uv": [10.3125, 4.75, 9.875, 2], "texture": "#19"},
				"east": {"uv": [10.3125, 4.75, 9.875, 2], "texture": "#19"},
				"south": {"uv": [10.3125, 4.75, 9.875, 2], "texture": "#19"},
				"west": {"uv": [10.3125, 4.75, 9.875, 2], "texture": "#19"},
				"up": {"uv": [15.4375, 4.5, 15, 1.75], "texture": "#19"},
				"down": {"uv": [15.5, 4.75, 15.0625, 2], "texture": "#19"}
			}
		},
		{
			"from": [6.08519, 6.03062, 6.53426],
			"to": [14.72519, 10.86262, 10.18226],
			"rotation": {"angle": -22.5, "axis": "y", "origin": [9.74488, 11.19662, 7.95475]},
			"faces": {
				"north": {"uv": [8, 4.75, 7.0625, 2], "texture": "#19"},
				"east": {"uv": [8.9375, 3.1875, 8.5, 0.375], "texture": "#19"},
				"south": {"uv": [8, 4.75, 7.0625, 2], "texture": "#19"},
				"west": {"uv": [8, 4.75, 7.0625, 2], "texture": "#19"},
				"up": {"uv": [13.125, 4.5, 12.1875, 1.75], "texture": "#19"},
				"down": {"uv": [13.5625, 4.6875, 12.625, 1.9375], "texture": "#19"}
			}
		},
		{
			"from": [5.24969, 6.03062, 7.45173],
			"to": [14.88969, 10.86262, 8.55573],
			"rotation": {"angle": 0, "axis": "y", "origin": [9.80204, 11.17262, 8.14761]},
			"faces": {
				"north": {"uv": [7.0625, 4.75, 8, 2], "texture": "#19"},
				"east": {"uv": [7.0625, 4.75, 8, 2], "texture": "#19"},
				"south": {"uv": [7.0625, 4.75, 8, 2], "texture": "#19"},
				"west": {"uv": [7.0625, 4.75, 8, 2], "texture": "#19"},
				"up": {"uv": [12.1875, 4.5, 13.125, 1.75], "texture": "#19"},
				"down": {"uv": [12.625, 4.6875, 13.5625, 1.9375], "texture": "#19"}
			}
		},
		{
			"from": [8.72491, 6.05462, 2.60552],
			"to": [9.61291, 10.86262, 6.84552],
			"rotation": {"angle": -45, "axis": "y", "origin": [9.77172, 11.19662, 8.02795]},
			"faces": {
				"north": {"uv": [7.5, 1.625, 8, 5.875], "texture": "#19"},
				"east": {"uv": [7.5, 1.625, 8, 5.875], "texture": "#19"},
				"south": {"uv": [7.5, 1.625, 8, 5.875], "texture": "#19"},
				"west": {"uv": [7.5, 1.625, 8, 5.875], "texture": "#19"},
				"up": {"uv": [12.625, 1.375, 13.125, 5.625], "texture": "#19"},
				"down": {"uv": [13.0625, 1.5625, 13.5625, 5.8125], "texture": "#19"}
			}
		},
		{
			"from": [8.45448, 6.03062, 3.06776],
			"to": [11.93448, 10.86262, 3.30776],
			"rotation": {"angle": 0, "axis": "y", "origin": [9.77483, 11.2121, 8.02388]},
			"faces": {
				"north": {"uv": [9.875, 4.75, 10.3125, 2], "texture": "#19"},
				"east": {"uv": [9.875, 4.75, 10.3125, 2], "texture": "#19"},
				"south": {"uv": [9.875, 4.75, 10.3125, 2], "texture": "#19"},
				"west": {"uv": [9.875, 4.75, 10.3125, 2], "texture": "#19"},
				"up": {"uv": [15, 4.5, 15.4375, 1.75], "texture": "#19"},
				"down": {"uv": [15.4375, 4.6875, 15.875, 1.9375], "texture": "#19"}
			}
		},
		{
			"from": [9.89171, 6.03062, 2.62204],
			"to": [10.89971, 10.86262, 7.16204],
			"rotation": {"angle": -22.5, "axis": "y", "origin": [9.79268, 11.19662, 7.97975]},
			"faces": {
				"north": {"uv": [8.3125, 5.625, 10.3125, 4.9375], "texture": "#19"},
				"east": {"uv": [8.3125, 5.625, 10.3125, 4.9375], "texture": "#19"},
				"south": {"uv": [8.3125, 5.625, 10.3125, 4.9375], "texture": "#19"},
				"west": {"uv": [8.3125, 5.625, 10.3125, 4.9375], "texture": "#19"},
				"up": {"uv": [13.4375, 5.375, 15.4375, 4.6875], "texture": "#19"},
				"down": {"uv": [13.875, 5.5625, 15.875, 4.875], "texture": "#19"}
			}
		},
		{
			"from": [8.62525, 6.03062, 2.62204],
			"to": [10.49725, 10.86262, 9.66204],
			"rotation": {"angle": 22.5, "axis": "y", "origin": [10.59627, 11.19662, 7.97975]},
			"faces": {
				"north": {"uv": [10.3125, 4.75, 9.8125, 3.8125], "texture": "#19"},
				"east": {"uv": [10.3125, 4.75, 9.8125, 3.8125], "texture": "#19"},
				"south": {"uv": [10.3125, 4.75, 9.8125, 3.8125], "texture": "#19"},
				"west": {"uv": [10.3125, 4.75, 9.8125, 3.8125], "texture": "#19"},
				"up": {"uv": [15.4375, 4.5, 14.9375, 3.5625], "texture": "#19"},
				"down": {"uv": [15.875, 4.6875, 15.375, 3.75], "texture": "#19"}
			}
		},
		{
			"from": [8.62525, 6.03062, 7.13796],
			"to": [10.49725, 10.86262, 13.37796],
			"rotation": {"angle": -22.5, "axis": "y", "origin": [10.59627, 11.19662, 8.02025]},
			"faces": {
				"north": {"uv": [9.8125, 4.75, 10.3125, 3.8125], "texture": "#19"},
				"east": {"uv": [9.8125, 4.75, 10.3125, 3.8125], "texture": "#19"},
				"south": {"uv": [9.8125, 4.75, 10.3125, 3.8125], "texture": "#19"},
				"west": {"uv": [9.8125, 4.75, 10.3125, 3.8125], "texture": "#19"},
				"up": {"uv": [14.9375, 4.5, 15.4375, 3.5625], "texture": "#19"},
				"down": {"uv": [15.125, 4.75, 15.625, 3.8125], "texture": "#19"}
			}
		},
		{
			"from": [8.98519, 6.03062, 5.81774],
			"to": [14.72519, 10.86262, 9.46574],
			"rotation": {"angle": 22.5, "axis": "y", "origin": [9.74488, 11.19662, 8.04525]},
			"faces": {
				"north": {"uv": [7.0625, 4.75, 8, 2], "texture": "#19"},
				"east": {"uv": [8.5, 3.1875, 8.9375, 0.375], "texture": "#19"},
				"south": {"uv": [7.0625, 4.75, 8, 2], "texture": "#19"},
				"west": {"uv": [7.0625, 4.75, 8, 2], "texture": "#19"},
				"up": {"uv": [12.1875, 4.5, 13.125, 1.75], "texture": "#19"},
				"down": {"uv": [12.625, 4.6875, 13.5625, 1.9375], "texture": "#19"}
			}
		},
		{
			"from": [5.49344, 6.03062, 5.52047],
			"to": [13.93344, 10.86262, 10.12847],
			"rotation": {"angle": -22.5, "axis": "y", "origin": [10.47375, 11.19662, 7.74798]},
			"faces": {
				"north": {"uv": [8, 4.75, 7.625, 2], "texture": "#19"},
				"east": {"uv": [8, 4.75, 7.625, 2], "texture": "#19"},
				"south": {"uv": [8, 4.75, 7.625, 2], "texture": "#19"},
				"west": {"uv": [8, 4.75, 7.625, 2], "texture": "#19"},
				"up": {"uv": [13.125, 4.5, 12.75, 1.75], "texture": "#19"},
				"down": {"uv": [13.5625, 4.6875, 13.1875, 1.9375], "texture": "#19"}
			}
		},
		{
			"from": [5.49344, 6.03062, 5.96753],
			"to": [11.43344, 10.86262, 10.47953],
			"rotation": {"angle": 22.5, "axis": "y", "origin": [10.47375, 11.19662, 8.25202]},
			"faces": {
				"north": {"uv": [7.625, 4.75, 8, 2], "texture": "#19"},
				"east": {"uv": [7.625, 4.75, 8, 2], "texture": "#19"},
				"south": {"uv": [7.625, 4.75, 8, 2], "texture": "#19"},
				"west": {"uv": [7.625, 4.75, 8, 2], "texture": "#19"},
				"up": {"uv": [12.75, 4.5, 13.125, 1.75], "texture": "#19"},
				"down": {"uv": [13.1875, 4.6875, 13.5625, 1.9375], "texture": "#19"}
			}
		},
		{
			"from": [4.8261, 0, 5.96657],
			"to": [4.8261, 5, 7.96657],
			"rotation": {"angle": 22.5, "axis": "y", "origin": [9.75037, 5.35625, 8.02488]},
			"faces": {
				"north": {"uv": [8, 10, 8.25, 15], "texture": "#7"},
				"east": {"uv": [6, 6.03125, 8, 11.03125], "texture": "#7"},
				"south": {"uv": [14.5, 11, 14.75, 16], "texture": "#7"},
				"west": {"uv": [6, 6, 8, 11], "texture": "#7"},
				"up": {"uv": [14.21875, 15.125, 13.96875, 13.125], "texture": "#7"},
				"down": {"uv": [11.25, 11.03125, 11, 13.03125], "texture": "#7"}
			}
		},
		{
			"from": [4.82587, 0.025, 8.18552],
			"to": [4.82587, 5.025, 10.18552],
			"rotation": {"angle": -22.5, "axis": "y", "origin": [9.75037, 5.35625, 8.02488]},
			"faces": {
				"north": {"uv": [14.75, 11, 14.5, 16], "texture": "#7"},
				"east": {"uv": [15.0625, 5.59375, 13.0625, 10.59375], "texture": "#7"},
				"south": {"uv": [8.25, 10, 8, 15], "texture": "#7"},
				"west": {"uv": [8, 6, 6, 11], "texture": "#7"},
				"up": {"uv": [13.96875, 15.125, 14.21875, 13.125], "rotation": 180, "texture": "#7"},
				"down": {"uv": [11, 11.03125, 11.25, 13.03125], "rotation": 180, "texture": "#7"}
			}
		},
		{
			"from": [4.93626, -0.04113, 5.36635],
			"to": [4.96126, 5.05887, 10.01635],
			"rotation": {"angle": -22.5, "axis": "y", "origin": [9.81757, 5.41512, 8.06999]},
			"faces": {
				"north": {"uv": [10.84375, 9.3125, 10.59375, 14.3125], "texture": "#10"},
				"east": {"uv": [4.5, 5.09375, 0, 10.09375], "rotation": 180, "texture": "#10"},
				"south": {"uv": [7.34375, 0, 7.09375, 5], "texture": "#10"},
				"west": {"uv": [4.5, 5, 0.03125, 10.09375], "texture": "#10"},
				"up": {"uv": [6, 4.5, 6.25, 0], "rotation": 180, "texture": "#10"},
				"down": {"uv": [8.53125, 9.75, 8.78125, 14.25], "rotation": 180, "texture": "#10"}
			}
		}
	],
	"gui_light": "front",
	"display": {
		"thirdperson_righthand": {
			"translation": [0, 5.25, 0],
			"scale": [0.67, 0.67, 0.67]
		},
		"thirdperson_lefthand": {
			"translation": [0, 5.25, 0],
			"scale": [0.67, 0.67, 0.67]
		},
		"firstperson_righthand": {
			"translation": [0, 5.25, -0.25],
			"scale": [0.67, 0.67, 0.67]
		},
		"firstperson_lefthand": {
			"rotation": [0, -180, 0],
			"translation": [0, 5.25, 0],
			"scale": [0.67, 0.67, 0.67]
		},
		"gui": {
			"rotation": [0, 94, 0],
			"translation": [0, 1, 0]
		},
		"head": {
			"rotation": [0, -90, 0],
			"translation": [0, 5.5, -3.75],
			"scale": [1.74, 1.74, 1.74]
		},
		"fixed": {
			"rotation": [0, -90, 0],
			"translation": [0, 0, -2.25]
		}
	},
	"groups": [
		{
			"name": "Crusader Helmet",
			"origin": [0, 0, 0],
			"color": 0,
			"children": [
				0,
				1,
				2,
				3,
				4,
				5,
				6,
				7,
				8,
				9,
				10,
				11,
				12,
				13,
				14,
				15,
				16,
				17,
				18,
				19,
				20,
				21,
				22,
				23,
				24,
				25,
				26,
				27,
				28,
				29,
				30,
				31,
				32,
				33,
				34,
				35,
				36,
				37,
				38,
				39,
				40,
				41,
				42,
				43,
				44,
				45,
				46,
				47,
				48,
				49,
				50,
				51
			]
		}
	]
}