{
	"credit": "Made with Blockbench",
	"texture_size": [128, 128],
	"textures": {
		"0": "concrete:helmets/goldhead",
		"1": "concrete:helmets/goesup",
		"2": "concrete:helmets/cloth",
		"particle": "concrete:helmets/goldhead"
	},
	"elements": [
		{
			"from": [1, 0, 0],
			"to": [15, 8, 1],
			"rotation": {"angle": 0, "axis": "y", "origin": [0.5, 3.5, 8]},
			"faces": {
				"north": {"uv": [4, 2, 7.75, 4], "texture": "#0"},
				"east": {"uv": [4, 8, 4.25, 10], "texture": "#0"},
				"south": {"uv": [4, 4, 7.75, 6], "texture": "#0"},
				"west": {"uv": [4.25, 8, 4.5, 10], "texture": "#0"},
				"up": {"uv": [11.75, 0.25, 8, 0], "texture": "#0"},
				"down": {"uv": [4, 8, 0.25, 8.25], "texture": "#0"}
			}
		},
		{
			"from": [1, 0, 15],
			"to": [15, 8, 16],
			"rotation": {"angle": 0, "axis": "y", "origin": [0.5, 3.5, 8]},
			"faces": {
				"north": {"uv": [0, 6, 3.75, 8], "texture": "#0"},
				"east": {"uv": [4.5, 8, 4.75, 10], "texture": "#0"},
				"south": {"uv": [3.75, 6, 7.5, 8], "texture": "#0"},
				"west": {"uv": [4.75, 8, 5, 10], "texture": "#0"},
				"up": {"uv": [11.75, 0.5, 8, 0.25], "texture": "#0"},
				"down": {"uv": [11.75, 0.5, 8, 0.75], "texture": "#0"}
			}
		},
		{
			"from": [0, 0, 0],
			"to": [1, 8, 16],
			"rotation": {"angle": 0, "axis": "y", "origin": [-7, 4, 15.5]},
			"faces": {
				"north": {"uv": [4.75, 8, 5, 10], "texture": "#0"},
				"east": {"uv": [0, 6, 3.75, 8], "texture": "#0"},
				"south": {"uv": [4.5, 8, 4.75, 10], "texture": "#0"},
				"west": {"uv": [3.75, 6, 7.5, 8], "texture": "#0"},
				"up": {"uv": [11.75, 0.5, 8, 0.25], "rotation": 90, "texture": "#0"},
				"down": {"uv": [11.75, 0.5, 8, 0.75], "rotation": 270, "texture": "#0"}
			}
		},
		{
			"from": [15, 0, 0],
			"to": [16, 8, 16],
			"rotation": {"angle": 0, "axis": "y", "origin": [0.5, 3.5, 8]},
			"faces": {
				"north": {"uv": [8, 4.75, 8.25, 6.75], "texture": "#0"},
				"east": {"uv": [0, 4, 4, 6], "texture": "#0"},
				"south": {"uv": [5, 8, 5.25, 10], "texture": "#0"},
				"west": {"uv": [4, 0, 8, 2], "texture": "#0"},
				"up": {"uv": [8, 10, 7.75, 6], "texture": "#0"},
				"down": {"uv": [0.25, 8, 0, 12], "texture": "#0"}
			}
		},
		{
			"from": [0, 8, 6.25],
			"to": [1, 17, 10.25],
			"faces": {
				"north": {"uv": [1, 4.25, 1.25, 6.5], "texture": "#1"},
				"east": {"uv": [3.5, 0, 4.5, 2.25], "texture": "#1"},
				"south": {"uv": [1.25, 4.25, 1.5, 6.5], "texture": "#1"},
				"west": {"uv": [3.5, 2.25, 4.5, 4.5], "texture": "#1"},
				"up": {"uv": [1.75, 5.25, 1.5, 4.25], "texture": "#1"},
				"down": {"uv": [2, 4.25, 1.75, 5.25], "texture": "#1"}
			}
		},
		{
			"from": [-1, 0, 6.5],
			"to": [0, 17.25, 10],
			"faces": {
				"north": {"uv": [0.3125, 4.25, 0.75, 8.4375], "texture": "#1"},
				"east": {"uv": [0, 0, 1, 1.25], "texture": "#1"},
				"south": {"uv": [0.75, 4.25, 1, 8.5], "texture": "#1"},
				"west": {"uv": [1.25, 0, 1.86875, 4.6375], "texture": "#1"},
				"up": {"uv": [4.75, 2.5, 4.5, 1.5], "texture": "#1"},
				"down": {"uv": [2.25, 4.5, 2, 5.5], "texture": "#1"}
			}
		},
		{
			"from": [-1.75, 0, 6.8],
			"to": [-1, 17.5, 9.7],
			"faces": {
				"north": {"uv": [0, 4.25, 0.25, 8.75], "texture": "#1"},
				"east": {"uv": [2, 0, 2.75, 1.25], "texture": "#1"},
				"south": {"uv": [0.25, 4.25, 0.5, 8.75], "texture": "#1"},
				"west": {"uv": [3, 0, 3.5, 4.75], "texture": "#1"},
				"up": {"uv": [3, 5.25, 2.75, 4.5], "texture": "#1"},
				"down": {"uv": [3.25, 4.5, 3, 5.25], "texture": "#1"}
			}
		},
		{
			"from": [-2.25, 15, 7],
			"to": [-1.75, 17.75, 9.5],
			"faces": {
				"north": {"uv": [4.5, 3, 4.75, 3.75], "texture": "#1"},
				"east": {"uv": [4.5, 0, 5.25, 0.75], "texture": "#1"},
				"south": {"uv": [3.25, 4.5, 3.5, 5.25], "texture": "#1"},
				"west": {"uv": [4.5, 0.75, 5.25, 1.5], "texture": "#1"},
				"up": {"uv": [3.75, 5.25, 3.5, 4.5], "texture": "#1"},
				"down": {"uv": [4, 4.5, 3.75, 5.25], "texture": "#1"}
			}
		},
		{
			"from": [-2.75, 16, 7.25],
			"to": [-2.25, 18, 9.25],
			"faces": {
				"north": {"uv": [4.5, 3.75, 4.75, 4.25], "texture": "#1"},
				"east": {"uv": [2.25, 4.5, 2.75, 5], "texture": "#1"},
				"south": {"uv": [4, 4.5, 4.25, 5], "texture": "#1"},
				"west": {"uv": [4.5, 2.5, 5, 3], "texture": "#1"},
				"up": {"uv": [4.5, 5, 4.25, 4.5], "texture": "#1"},
				"down": {"uv": [4.75, 4.25, 4.5, 4.75], "texture": "#1"}
			}
		},
		{
			"from": [-3.25, 17, 7.5],
			"to": [-2.75, 18.25, 9],
			"faces": {
				"north": {"uv": [4.75, 3.5, 5, 3.75], "texture": "#1"},
				"east": {"uv": [4.75, 1.5, 5.25, 1.75], "texture": "#1"},
				"south": {"uv": [4.75, 3.75, 5, 4], "texture": "#1"},
				"west": {"uv": [4.75, 1.75, 5.25, 2], "texture": "#1"},
				"up": {"uv": [5, 2.5, 4.75, 2], "texture": "#1"},
				"down": {"uv": [5, 3, 4.75, 3.5], "texture": "#1"}
			}
		},
		{
			"from": [0, 12.375, 0],
			"to": [1, 18.475, 16],
			"rotation": {"angle": -45, "axis": "z", "origin": [0, 0, 0]},
			"faces": {
				"north": {"uv": [4, 2, 4.125, 2.875], "texture": "#2"},
				"east": {"uv": [0, 5.25, 2, 6.125], "texture": "#2"},
				"south": {"uv": [4.125, 2, 4.25, 2.875], "texture": "#2"},
				"west": {"uv": [2, 5.25, 4, 6.125], "texture": "#2"},
				"up": {"uv": [5, 7.25, 4.875, 5.25], "texture": "#2"},
				"down": {"uv": [5.125, 5.25, 5, 7.25], "texture": "#2"}
			}
		},
		{
			"from": [12.68512, 11.14958, 0],
			"to": [17.68512, 12.14958, 16],
			"rotation": {"angle": -45, "axis": "z", "origin": [15.18512, 11.64958, -8]},
			"faces": {
				"north": {"uv": [4, 2.875, 4.625, 3], "texture": "#2"},
				"east": {"uv": [5.125, 6, 7.125, 6.125], "texture": "#2"},
				"south": {"uv": [4, 3, 4.625, 3.125], "texture": "#2"},
				"west": {"uv": [0, 6.125, 2, 6.25], "texture": "#2"},
				"up": {"uv": [4.625, 7.25, 4, 5.25], "texture": "#2"},
				"down": {"uv": [6.25, 0, 5.625, 2], "texture": "#2"}
			}
		},
		{
			"from": [16.30644, -16, 0],
			"to": [17.30644, 10.23537, 16],
			"rotation": {"angle": 0, "axis": "y", "origin": [10.80644, 4.73537, -24]},
			"faces": {
				"north": {"uv": [4.625, 5.25, 4.75, 8.5], "texture": "#2"},
				"east": {"uv": [0, 0, 2, 3.25], "texture": "#2"},
				"south": {"uv": [4.75, 5.25, 4.875, 8.5], "texture": "#2"},
				"west": {"uv": [2, 0, 4, 3.25], "texture": "#2"},
				"up": {"uv": [2.125, 8.125, 2, 6.125], "texture": "#2"},
				"down": {"uv": [2.25, 6.125, 2.125, 8.125], "texture": "#2"}
			}
		},
		{
			"from": [1, 8, 0],
			"to": [15, 8.75, 16],
			"faces": {
				"north": {"uv": [2.25, 6.125, 4, 6.25], "texture": "#2"},
				"east": {"uv": [5.125, 6.125, 7.125, 6.25], "texture": "#2"},
				"south": {"uv": [6.25, 0.5, 8, 0.625], "texture": "#2"},
				"west": {"uv": [0, 6.25, 2, 6.375], "texture": "#2"},
				"up": {"uv": [1.75, 5.25, 0, 3.25], "texture": "#2"},
				"down": {"uv": [3.5, 3.25, 1.75, 5.25], "texture": "#2"}
			}
		},
		{
			"from": [2, 8.75, 0],
			"to": [14.5, 9.5, 16],
			"faces": {
				"north": {"uv": [6.25, 0.625, 7.875, 0.75], "texture": "#2"},
				"east": {"uv": [6.25, 0, 8.25, 0.125], "texture": "#2"},
				"south": {"uv": [6.25, 0.75, 7.875, 0.875], "texture": "#2"},
				"west": {"uv": [6.25, 0.125, 8.25, 0.25], "texture": "#2"},
				"up": {"uv": [5.125, 5.25, 3.5, 3.25], "texture": "#2"},
				"down": {"uv": [5.625, 0, 4, 2], "texture": "#2"}
			}
		},
		{
			"from": [4, 9.5, 0],
			"to": [13.75, 10.25, 16],
			"faces": {
				"north": {"uv": [6.25, 0.875, 7.5, 1], "texture": "#2"},
				"east": {"uv": [6.25, 0.25, 8.25, 0.375], "texture": "#2"},
				"south": {"uv": [6.25, 1, 7.5, 1.125], "texture": "#2"},
				"west": {"uv": [6.25, 0.375, 8.25, 0.5], "texture": "#2"},
				"up": {"uv": [6.375, 4, 5.125, 2], "texture": "#2"},
				"down": {"uv": [6.375, 4, 5.125, 6], "texture": "#2"}
			}
		}
	],
	"display": {
		"thirdperson_righthand": {
			"rotation": [-152.85, -85.87, 162.48],
			"translation": [0, 3, 1],
			"scale": [0.38203, 0.45625, 0.41133]
		},
		"thirdperson_lefthand": {
			"rotation": [6.37, 84.42, 25.45],
			"translation": [0, 3, 1],
			"scale": [0.38203, 0.45625, 0.41133]
		},
		"firstperson_righthand": {
			"rotation": [0, -90, 25],
			"translation": [1.13, 3.2, 1.13],
			"scale": [0.68, 0.68, 0.68]
		},
		"firstperson_lefthand": {
			"rotation": [-49.75, 85.25, 25],
			"translation": [1.13, 3.2, 1.13],
			"scale": [0.68, 0.46516, 0.51203]
		},
		"ground": {
			"translation": [0, 2, 0],
			"scale": [0.5, 0.5, 0.5]
		},
		"gui": {
			"rotation": [0, 87.5, 0],
			"translation": [0, 3.25, 0.08789],
			"scale": [1, 0.41016, 0.53711]
		},
		"head": {
			"rotation": [0, -90, 0],
			"translation": [0, 7.75, -0.25],
			"scale": [0.85156, 0.66602, 0.88086]
		},
		"fixed": {
			"rotation": [0, -85.75, 0],
			"translation": [0, 3.5, -2.75],
			"scale": [0.25586, 0.46094, 0.38867]
		}
	},
	"groups": [
		{
			"name": "Helmet",
			"origin": [8, 8, 8],
			"color": 0,
			"children": [
				{
					"name": "Put on head part",
					"origin": [8, 8, 8],
					"color": 0,
					"children": [0, 1, 2, 3]
				},
				{
					"name": "Thing that goes up",
					"origin": [8, 8, 8],
					"color": 0,
					"children": [4, 5, 6, 7, 8, 9]
				},
				{
					"name": "Cloth Part Connected to gold",
					"origin": [8, 8, 8],
					"color": 0,
					"children": [10, 11, 12, 13, 14, 15]
				}
			]
		}
	]
}