{
	"credit": "Made with Blockbench",
	"texture_size": [32, 32],
	"textures": {
		"0": "concrete:helmets/grey-metal",
		"1": "concrete:helmets/outer-inner",
		"2": "concrete:helmets/metal-rod",
		"3": "concrete:helmets/circular-thingy",
		"particle": "concrete:helmets/grey-metal"
	},
	"elements": [
		{
			"from": [1, 5, 1],
			"to": [15, 6.25, 14.1],
			"faces": {
				"north": {"uv": [7.5, 6, 11, 6.25], "texture": "#0"},
				"east": {"uv": [10, 0, 13.25, 0.25], "texture": "#0"},
				"south": {"uv": [7.5, 6.25, 11, 6.5], "texture": "#0"},
				"west": {"uv": [10, 0.25, 13.25, 0.5], "texture": "#0"},
				"up": {"uv": [7.5, 3.25, 4, 0], "texture": "#0"},
				"down": {"uv": [7.5, 3.25, 4, 6.5], "texture": "#0"}
			}
		},
		{
			"from": [2, 6.25, 2],
			"to": [14, 7.25, 13.1],
			"faces": {
				"north": {"uv": [10, 0.5, 13, 0.75], "texture": "#0"},
				"east": {"uv": [10, 1, 12.75, 1.25], "texture": "#0"},
				"south": {"uv": [10, 0.75, 13, 1], "texture": "#0"},
				"west": {"uv": [10, 1.25, 12.75, 1.5], "texture": "#0"},
				"up": {"uv": [7, 9.25, 4, 6.5], "texture": "#0"},
				"down": {"uv": [10, 6.5, 7, 9.25], "texture": "#0"}
			}
		},
		{
			"from": [3, 7.25, 3],
			"to": [13, 8, 12.1],
			"faces": {
				"north": {"uv": [10, 1.5, 12.5, 1.75], "texture": "#0"},
				"east": {"uv": [10, 2, 12.25, 2.25], "texture": "#0"},
				"south": {"uv": [10, 1.75, 12.5, 2], "texture": "#0"},
				"west": {"uv": [10, 6.5, 12.25, 6.75], "texture": "#0"},
				"up": {"uv": [2.5, 9.75, 0, 7.5], "texture": "#0"},
				"down": {"uv": [10, 0, 7.5, 2.25], "texture": "#0"}
			}
		},
		{
			"from": [4, 8, 4],
			"to": [12, 8.75, 11.1],
			"faces": {
				"north": {"uv": [10, 6.75, 12, 7], "texture": "#0"},
				"east": {"uv": [10, 7.25, 11.75, 7.5], "texture": "#0"},
				"south": {"uv": [10, 7, 12, 7.25], "texture": "#0"},
				"west": {"uv": [10, 7.5, 11.75, 7.75], "texture": "#0"},
				"up": {"uv": [8.25, 11, 6.25, 9.25], "texture": "#0"},
				"down": {"uv": [10.25, 9.25, 8.25, 11], "texture": "#0"}
			}
		},
		{
			"from": [5, 8.75, 5],
			"to": [11, 9.5, 10.1],
			"faces": {
				"north": {"uv": [2.5, 8.75, 4, 9], "texture": "#0"},
				"east": {"uv": [10, 7.75, 11.25, 8], "texture": "#0"},
				"south": {"uv": [2.5, 9, 4, 9.25], "texture": "#0"},
				"west": {"uv": [10, 8, 11.25, 8.25], "texture": "#0"},
				"up": {"uv": [4, 8.75, 2.5, 7.5], "texture": "#0"},
				"down": {"uv": [1.5, 9.75, 0, 11], "texture": "#0"}
			}
		},
		{
			"from": [8, 9.5, 7],
			"to": [9, 12, 8.1],
			"faces": {
				"north": {"uv": [1.5, 9.75, 1.75, 10.5], "texture": "#0"},
				"east": {"uv": [1.75, 9.75, 2, 10.5], "texture": "#0"},
				"south": {"uv": [2, 9.75, 2.25, 10.5], "texture": "#0"},
				"west": {"uv": [2.25, 9.75, 2.5, 10.5], "texture": "#0"},
				"up": {"uv": [10.25, 8.5, 10, 8.25], "texture": "#0"},
				"down": {"uv": [10.25, 8.5, 10, 8.75], "texture": "#0"}
			}
		},
		{
			"from": [8, 12, 7],
			"to": [9, 12.15, 8.1],
			"faces": {
				"north": {"uv": [10, 8.75, 10.25, 9], "texture": "#0"},
				"east": {"uv": [10, 9, 10.25, 9.25], "texture": "#0"},
				"south": {"uv": [10.25, 8.25, 10.5, 8.5], "texture": "#0"},
				"west": {"uv": [10.25, 8.5, 10.5, 8.75], "texture": "#0"},
				"up": {"uv": [10.5, 9, 10.25, 8.75], "texture": "#0"},
				"down": {"uv": [10.5, 9, 10.25, 9.25], "texture": "#0"}
			}
		},
		{
			"from": [8.075, 12.15, 7.05],
			"to": [8.925, 12.3, 8.05],
			"faces": {
				"north": {"uv": [10.25, 9.25, 10.5, 9.5], "texture": "#0"},
				"east": {"uv": [10.25, 9.5, 10.5, 9.75], "texture": "#0"},
				"south": {"uv": [10.25, 9.75, 10.5, 10], "texture": "#0"},
				"west": {"uv": [10.25, 10, 10.5, 10.25], "texture": "#0"},
				"up": {"uv": [10.5, 10.5, 10.25, 10.25], "texture": "#0"},
				"down": {"uv": [1.75, 10.5, 1.5, 10.75], "texture": "#0"}
			}
		},
		{
			"from": [8.15, 12.3, 7.125],
			"to": [8.85, 12.375, 7.95],
			"faces": {
				"north": {"uv": [1.75, 10.5, 2, 10.75], "texture": "#0"},
				"east": {"uv": [2, 10.5, 2.25, 10.75], "texture": "#0"},
				"south": {"uv": [2.25, 10.5, 2.5, 10.75], "texture": "#0"},
				"west": {"uv": [2.5, 10.5, 2.75, 10.75], "texture": "#0"},
				"up": {"uv": [3, 10.75, 2.75, 10.5], "texture": "#0"},
				"down": {"uv": [3.25, 10.5, 3, 10.75], "texture": "#0"}
			}
		},
		{
			"from": [0, 0, 0],
			"to": [16, 5, 15.1],
			"faces": {
				"north": {"uv": [7.5, 2.25, 11.5, 3.5], "texture": "#0"},
				"east": {"uv": [7.5, 4.75, 11.25, 6], "texture": "#0"},
				"south": {"uv": [7.5, 3.5, 11.5, 4.75], "texture": "#0"},
				"west": {"uv": [2.5, 9.25, 6.25, 10.5], "texture": "#0"},
				"up": {"uv": [4, 3.75, 0, 0], "texture": "#0"},
				"down": {"uv": [4, 3.75, 0, 7.5], "texture": "#0"}
			}
		},
		{
			"from": [-0.25, 0.75, 0],
			"to": [0, 1.75, 15],
			"faces": {
				"north": {"uv": [5.5, 1.5, 6, 2], "texture": "#2"},
				"east": {"uv": [2, 0, 9.5, 0.5], "texture": "#2"},
				"south": {"uv": [5.5, 2, 6, 2.5], "texture": "#2"},
				"west": {"uv": [2, 0.5, 9.5, 1], "texture": "#2"},
				"up": {"uv": [2.5, 8.5, 2, 1], "texture": "#2"},
				"down": {"uv": [3, 1, 2.5, 8.5], "texture": "#2"}
			}
		},
		{
			"from": [-0.45, 0.75, 6.6],
			"to": [-0.2, 1.75, 8.5],
			"faces": {
				"north": {"uv": [1, 5, 1.5, 5.5], "texture": "#2"},
				"east": {"uv": [4, 1, 5, 1.5], "texture": "#2"},
				"south": {"uv": [5, 1, 5.5, 1.5], "texture": "#2"},
				"west": {"uv": [4, 1.5, 5, 2], "texture": "#2"},
				"up": {"uv": [4.5, 3, 4, 2], "texture": "#2"},
				"down": {"uv": [4.5, 3, 4, 4], "texture": "#2"}
			}
		},
		{
			"from": [-0.25, -4.75, 6.75],
			"to": [0, 4.75, 8.25],
			"faces": {
				"north": {"uv": [3, 1, 3.5, 6], "texture": "#2"},
				"east": {"uv": [0, 0, 1, 5], "texture": "#2"},
				"south": {"uv": [3.5, 1, 4, 6], "texture": "#2"},
				"west": {"uv": [1, 0, 2, 5], "texture": "#2"},
				"up": {"uv": [0.5, 6, 0, 5], "texture": "#2"},
				"down": {"uv": [1, 5, 0.5, 6], "texture": "#2"}
			}
		},
		{
			"from": [-0.25, 4.75, 7.25],
			"to": [0, 6.25, 7.75],
			"faces": {
				"north": {"uv": [4, 4, 4.5, 5], "texture": "#2"},
				"east": {"uv": [4.5, 2, 5, 3], "texture": "#2"},
				"south": {"uv": [4.5, 3, 5, 4], "texture": "#2"},
				"west": {"uv": [4.5, 4, 5, 5], "texture": "#2"},
				"up": {"uv": [4.5, 5.5, 4, 5], "texture": "#2"},
				"down": {"uv": [5.5, 4, 5, 4.5], "texture": "#2"}
			}
		},
		{
			"from": [-0.25, 4.5, 8.25],
			"to": [0, 5.5, 8.75],
			"faces": {
				"north": {"uv": [4.5, 5, 5, 5.5], "texture": "#2"},
				"east": {"uv": [5, 4.5, 5.5, 5], "texture": "#2"},
				"south": {"uv": [5, 5, 5.5, 5.5], "texture": "#2"},
				"west": {"uv": [1, 5.5, 1.5, 6], "texture": "#2"},
				"up": {"uv": [6, 1.5, 5.5, 1], "texture": "#2"},
				"down": {"uv": [2, 5.5, 1.5, 6], "texture": "#2"}
			}
		},
		{
			"from": [-0.25, 4.5, 6.25],
			"to": [0, 5.5, 6.75],
			"faces": {
				"north": {"uv": [1.5, 5, 2, 5.5], "texture": "#2"},
				"east": {"uv": [5, 1.5, 5.5, 2], "texture": "#2"},
				"south": {"uv": [5, 2, 5.5, 2.5], "texture": "#2"},
				"west": {"uv": [5, 2.5, 5.5, 3], "texture": "#2"},
				"up": {"uv": [5.5, 3.5, 5, 3], "texture": "#2"},
				"down": {"uv": [5.5, 3.5, 5, 4], "texture": "#2"}
			}
		},
		{
			"from": [-0.65, 0, 0],
			"to": [0, 0.75, 15],
			"faces": {
				"north": {"uv": [0.5, 8.5, 1, 9], "texture": "#3"},
				"east": {"uv": [0, 0, 7.5, 0.5], "texture": "#3"},
				"south": {"uv": [8.5, 1, 9, 1.5], "texture": "#3"},
				"west": {"uv": [0, 0.5, 7.5, 1], "texture": "#3"},
				"up": {"uv": [0.5, 8.5, 0, 1], "texture": "#3"},
				"down": {"uv": [1, 1, 0.5, 8.5], "texture": "#3"}
			}
		},
		{
			"from": [-1.3, 0, 0.25],
			"to": [-0.65, 0.75, 14.75],
			"faces": {
				"north": {"uv": [8.5, 1.5, 9, 2], "texture": "#3"},
				"east": {"uv": [1, 1, 8.5, 1.5], "texture": "#3"},
				"south": {"uv": [8.5, 8, 9, 8.5], "texture": "#3"},
				"west": {"uv": [1, 1.5, 8.5, 2], "texture": "#3"},
				"up": {"uv": [1.5, 9.5, 1, 2], "texture": "#3"},
				"down": {"uv": [2, 2, 1.5, 9.5], "texture": "#3"}
			}
		},
		{
			"from": [-1.95, 0, 0.5],
			"to": [-1.3, 0.75, 14.5],
			"faces": {
				"north": {"uv": [8.5, 8.5, 9, 9], "texture": "#3"},
				"east": {"uv": [2, 2, 9, 2.5], "texture": "#3"},
				"south": {"uv": [0.5, 9, 1, 9.5], "texture": "#3"},
				"west": {"uv": [2, 2.5, 9, 3], "texture": "#3"},
				"up": {"uv": [2.5, 10, 2, 3], "texture": "#3"},
				"down": {"uv": [3, 3, 2.5, 10], "texture": "#3"}
			}
		},
		{
			"from": [-2.6, 0, 1],
			"to": [-1.95, 0.75, 14],
			"faces": {
				"north": {"uv": [9, 0.5, 9.5, 1], "texture": "#3"},
				"east": {"uv": [3, 3, 9.5, 3.5], "texture": "#3"},
				"south": {"uv": [9, 1, 9.5, 1.5], "texture": "#3"},
				"west": {"uv": [3, 3.5, 9.5, 4], "texture": "#3"},
				"up": {"uv": [3.5, 10.5, 3, 4], "texture": "#3"},
				"down": {"uv": [4, 4, 3.5, 10.5], "texture": "#3"}
			}
		},
		{
			"from": [-3.25, 0, 2],
			"to": [-2.6, 0.75, 13],
			"faces": {
				"north": {"uv": [9, 1.5, 9.5, 2], "texture": "#3"},
				"east": {"uv": [4, 4, 9.5, 4.5], "texture": "#3"},
				"south": {"uv": [9, 2, 9.5, 2.5], "texture": "#3"},
				"west": {"uv": [4, 4.5, 9.5, 5], "texture": "#3"},
				"up": {"uv": [4.5, 10.5, 4, 5], "texture": "#3"},
				"down": {"uv": [5, 5, 4.5, 10.5], "texture": "#3"}
			}
		},
		{
			"from": [-3.9, 0, 3],
			"to": [-3.25, 0.75, 12],
			"faces": {
				"north": {"uv": [9, 2.5, 9.5, 3], "texture": "#3"},
				"east": {"uv": [5, 5, 9.5, 5.5], "texture": "#3"},
				"south": {"uv": [9, 8, 9.5, 8.5], "texture": "#3"},
				"west": {"uv": [5, 5.5, 9.5, 6], "texture": "#3"},
				"up": {"uv": [5.5, 10.5, 5, 6], "texture": "#3"},
				"down": {"uv": [6, 6, 5.5, 10.5], "texture": "#3"}
			}
		},
		{
			"from": [-4.55, 0, 4],
			"to": [-3.9, 0.75, 11],
			"faces": {
				"north": {"uv": [8.5, 9, 9, 9.5], "texture": "#3"},
				"east": {"uv": [6, 6, 9.5, 6.5], "texture": "#3"},
				"south": {"uv": [9, 8.5, 9.5, 9], "texture": "#3"},
				"west": {"uv": [6, 6.5, 9.5, 7], "texture": "#3"},
				"up": {"uv": [6.5, 10.5, 6, 7], "texture": "#3"},
				"down": {"uv": [7, 7, 6.5, 10.5], "texture": "#3"}
			}
		},
		{
			"from": [-5.2, 0, 5],
			"to": [-4.55, 0.75, 10],
			"faces": {
				"north": {"uv": [9.5, 0.5, 10, 1], "texture": "#3"},
				"east": {"uv": [7, 7, 9.5, 7.5], "texture": "#3"},
				"south": {"uv": [1, 9.5, 1.5, 10], "texture": "#3"},
				"west": {"uv": [7.5, 0, 10, 0.5], "texture": "#3"},
				"up": {"uv": [7.5, 10, 7, 7.5], "texture": "#3"},
				"down": {"uv": [8, 7.5, 7.5, 10], "texture": "#3"}
			}
		},
		{
			"from": [-5.85, 0, 6],
			"to": [-5.2, 0.75, 9],
			"faces": {
				"north": {"uv": [9, 9, 9.5, 9.5], "texture": "#3"},
				"east": {"uv": [7.5, 0.5, 9, 1], "texture": "#3"},
				"south": {"uv": [0.5, 9.5, 1, 10], "texture": "#3"},
				"west": {"uv": [8, 7.5, 9.5, 8], "texture": "#3"},
				"up": {"uv": [8.5, 9.5, 8, 8], "texture": "#3"},
				"down": {"uv": [0.5, 8.5, 0, 10], "texture": "#3"}
			}
		},
		{
			"from": [4.75, -6, 0],
			"to": [10.75, 0, 0.5],
			"faces": {
				"north": {"uv": [3, 3, 4.5, 4.5], "texture": "#1"},
				"east": {"uv": [2.75, 6, 3, 7.5], "texture": "#1"},
				"south": {"uv": [3.75, 0, 5.25, 1.5], "texture": "#1"},
				"west": {"uv": [3, 6, 3.25, 7.5], "texture": "#1"},
				"up": {"uv": [7.25, 3.25, 5.75, 3], "texture": "#1"},
				"down": {"uv": [7.25, 3.25, 5.75, 3.5], "texture": "#1"}
			}
		},
		{
			"from": [5.25, -5.5, -0.475],
			"to": [10.25, -0.75, 0.025],
			"faces": {
				"north": {"uv": [5, 1.5, 6.25, 2.75], "texture": "#1"},
				"east": {"uv": [6.25, 4.5, 6.5, 5.75], "texture": "#1"},
				"south": {"uv": [5, 4, 6.25, 5.25], "texture": "#1"},
				"west": {"uv": [5.5, 6.25, 5.75, 7.5], "texture": "#1"},
				"up": {"uv": [7, 6.5, 5.75, 6.25], "texture": "#1"},
				"down": {"uv": [7.5, 5.75, 6.25, 6], "texture": "#1"}
			}
		},
		{
			"from": [5.3, -5.45, -0.975],
			"to": [10.2, -0.8, -0.475],
			"faces": {
				"north": {"uv": [4.5, 2.75, 5.75, 4], "texture": "#1"},
				"east": {"uv": [6.25, 0.25, 6.5, 1.5], "texture": "#1"},
				"south": {"uv": [3.75, 4.5, 5, 5.75], "texture": "#1"},
				"west": {"uv": [6.25, 1.5, 6.5, 2.75], "texture": "#1"},
				"up": {"uv": [7.5, 4.25, 6.25, 4], "texture": "#1"},
				"down": {"uv": [7.5, 4.25, 6.25, 4.5], "texture": "#1"}
			}
		},
		{
			"from": [6.05, -4.7, -1.475],
			"to": [9.45, -1.55, -0.975],
			"faces": {
				"north": {"uv": [5.5, 5.25, 6.25, 6], "texture": "#1"},
				"east": {"uv": [7, 4.5, 7.25, 5.25], "texture": "#1"},
				"south": {"uv": [0, 5.75, 0.75, 6.5], "texture": "#1"},
				"west": {"uv": [7, 6, 7.25, 6.75], "texture": "#1"},
				"up": {"uv": [7.25, 5.75, 6.5, 5.5], "texture": "#1"},
				"down": {"uv": [7.5, 5.25, 6.75, 5.5], "texture": "#1"}
			}
		},
		{
			"from": [4.25, -6, 14.575],
			"to": [10.25, 0, 15.075],
			"faces": {
				"north": {"uv": [0, 3, 1.5, 4.5], "texture": "#1"},
				"east": {"uv": [2.25, 5.75, 2.5, 7.25], "texture": "#1"},
				"south": {"uv": [1.5, 3, 3, 4.5], "texture": "#1"},
				"west": {"uv": [2.5, 5.75, 2.75, 7.25], "texture": "#1"},
				"up": {"uv": [4.25, 6, 2.75, 5.75], "texture": "#1"},
				"down": {"uv": [7.25, 2.75, 5.75, 3], "texture": "#1"}
			}
		},
		{
			"from": [5.55, -4.7, 16.1],
			"to": [8.95, -1.55, 16.6],
			"faces": {
				"north": {"uv": [5.25, 0, 6, 0.75], "texture": "#1"},
				"east": {"uv": [6.75, 1.75, 7, 2.5], "texture": "#1"},
				"south": {"uv": [5.25, 0.75, 6, 1.5], "texture": "#1"},
				"west": {"uv": [6.75, 4.5, 7, 5.25], "texture": "#1"},
				"up": {"uv": [4.5, 3, 3.75, 2.75], "texture": "#1"},
				"down": {"uv": [7.25, 2.5, 6.5, 2.75], "texture": "#1"}
			}
		},
		{
			"from": [4.8, -5.45, 15.6],
			"to": [9.7, -0.8, 16.1],
			"faces": {
				"north": {"uv": [3.75, 1.5, 5, 2.75], "texture": "#1"},
				"east": {"uv": [3.25, 6, 3.5, 7.25], "texture": "#1"},
				"south": {"uv": [0, 4.5, 1.25, 5.75], "texture": "#1"},
				"west": {"uv": [3.5, 6, 3.75, 7.25], "texture": "#1"},
				"up": {"uv": [7, 3.75, 5.75, 3.5], "texture": "#1"},
				"down": {"uv": [7, 3.75, 5.75, 4], "texture": "#1"}
			}
		},
		{
			"from": [4.75, -5.5, 15.1],
			"to": [9.75, -0.75, 15.6],
			"faces": {
				"north": {"uv": [1.25, 4.5, 2.5, 5.75], "texture": "#1"},
				"east": {"uv": [3.75, 6, 4, 7.25], "texture": "#1"},
				"south": {"uv": [2.5, 4.5, 3.75, 5.75], "texture": "#1"},
				"west": {"uv": [4, 6, 4.25, 7.25], "texture": "#1"},
				"up": {"uv": [6.75, 6.25, 5.5, 6], "texture": "#1"},
				"down": {"uv": [7.5, 0, 6.25, 0.25], "texture": "#1"}
			}
		},
		{
			"from": [15.5, -6, 0],
			"to": [16, 0, 15.1],
			"faces": {
				"north": {"uv": [1.25, 5.75, 1, 7.25], "texture": "#1"},
				"east": {"uv": [0, 0, 3.75, 1.5], "texture": "#1"},
				"south": {"uv": [1, 5.75, 1.25, 7.25], "texture": "#1"},
				"west": {"uv": [0, 1.5, 3.75, 3], "texture": "#1"},
				"up": {"uv": [5.25, 9, 5, 5.25], "texture": "#1"},
				"down": {"uv": [5.5, 5.25, 5.25, 9], "texture": "#1"}
			}
		},
		{
			"from": [12.1, -3, 14.6],
			"to": [13.3, 0, 15.1],
			"rotation": {"angle": 0, "axis": "y", "origin": [-3.175, 0, 12]},
			"faces": {
				"north": {"uv": [6.25, 6.5, 6.5, 7.25], "texture": "#1"},
				"east": {"uv": [6.5, 6.5, 6.75, 7.25], "texture": "#1"},
				"south": {"uv": [6.75, 0.25, 7, 1], "texture": "#1"},
				"west": {"uv": [6.75, 1, 7, 1.75], "texture": "#1"},
				"up": {"uv": [4.75, 4.25, 4.5, 4], "texture": "#1"},
				"down": {"uv": [4.75, 4.25, 4.5, 4.5], "texture": "#1"}
			}
		},
		{
			"from": [13.3, -4.25, 14.6],
			"to": [14.5, 0, 15.1],
			"rotation": {"angle": 0, "axis": "y", "origin": [-3.15, 0, 14]},
			"faces": {
				"north": {"uv": [0, 6.5, 0.25, 7.5], "texture": "#1"},
				"east": {"uv": [0.25, 6.5, 0.5, 7.5], "texture": "#1"},
				"south": {"uv": [6.5, 0.25, 6.75, 1.25], "texture": "#1"},
				"west": {"uv": [0.5, 6.5, 0.75, 7.5], "texture": "#1"},
				"up": {"uv": [5, 4.25, 4.75, 4], "texture": "#1"},
				"down": {"uv": [5, 4.25, 4.75, 4.5], "texture": "#1"}
			}
		},
		{
			"from": [14.5, -5.5, 14.6],
			"to": [15.5, 0, 15.1],
			"rotation": {"angle": 0, "axis": "y", "origin": [-3.125, 0, 14]},
			"faces": {
				"north": {"uv": [1.25, 5.75, 1.5, 7.25], "texture": "#1"},
				"east": {"uv": [1.5, 5.75, 1.75, 7.25], "texture": "#1"},
				"south": {"uv": [1.75, 5.75, 2, 7.25], "texture": "#1"},
				"west": {"uv": [2, 5.75, 2.25, 7.25], "texture": "#1"},
				"up": {"uv": [6.75, 2.5, 6.5, 2.25], "texture": "#1"},
				"down": {"uv": [7, 6, 6.75, 6.25], "texture": "#1"}
			}
		},
		{
			"from": [14.5, -5.5, 0],
			"to": [15.5, 0, 0.5],
			"rotation": {"angle": 0, "axis": "y", "origin": [-3.1, 0, 16]},
			"faces": {
				"north": {"uv": [4.25, 5.75, 4.5, 7.25], "texture": "#1"},
				"east": {"uv": [4.5, 5.75, 4.75, 7.25], "texture": "#1"},
				"south": {"uv": [4.75, 5.75, 5, 7.25], "texture": "#1"},
				"west": {"uv": [6, 0, 6.25, 1.5], "texture": "#1"},
				"up": {"uv": [7.25, 3.75, 7, 3.5], "texture": "#1"},
				"down": {"uv": [7.25, 3.75, 7, 4], "texture": "#1"}
			}
		},
		{
			"from": [13.325, -4.25, 0],
			"to": [14.525, 0, 0.5],
			"rotation": {"angle": 0, "axis": "y", "origin": [-3.1, 0, 16]},
			"faces": {
				"north": {"uv": [6.5, 1.25, 6.75, 2.25], "texture": "#1"},
				"east": {"uv": [6.5, 4.5, 6.75, 5.5], "texture": "#1"},
				"south": {"uv": [5.75, 6.5, 6, 7.5], "texture": "#1"},
				"west": {"uv": [6, 6.5, 6.25, 7.5], "texture": "#1"},
				"up": {"uv": [7.25, 7, 7, 6.75], "texture": "#1"},
				"down": {"uv": [7.25, 7, 7, 7.25], "texture": "#1"}
			}
		},
		{
			"from": [12.15, -3, 0],
			"to": [13.35, 0, 0.5],
			"rotation": {"angle": 0, "axis": "y", "origin": [-3.1, 0, 16]},
			"faces": {
				"north": {"uv": [6.75, 6.5, 7, 7.25], "texture": "#1"},
				"east": {"uv": [7, 0.25, 7.25, 1], "texture": "#1"},
				"south": {"uv": [7, 1, 7.25, 1.75], "texture": "#1"},
				"west": {"uv": [7, 1.75, 7.25, 2.5], "texture": "#1"},
				"up": {"uv": [7.5, 0.5, 7.25, 0.25], "texture": "#1"},
				"down": {"uv": [7.5, 0.5, 7.25, 0.75], "texture": "#1"}
			}
		}
	],
	"display": {
		"thirdperson_righthand": {
			"rotation": [41.04, -87.67, -47.88],
			"translation": [0, 3, 1],
			"scale": [0.55, 0.55, 0.55]
		},
		"thirdperson_lefthand": {
			"rotation": [171.12, 72.52, -128.58],
			"translation": [0, 3, 1],
			"scale": [0.55, 0.55, 0.55]
		},
		"firstperson_lefthand": {
			"rotation": [-18.02, 67.61, 19.36]
		},
		"ground": {
			"translation": [0, 2, 0],
			"scale": [0.5, 0.5, 0.45898]
		},
		"gui": {
			"rotation": [-180, 88.75, -180],
			"translation": [0.25, 3.75, 0],
			"scale": [1, 0.70508, 0.69336]
		},
		"head": {
			"rotation": [0, -90, 0],
			"translation": [-0.5, 9.25, 0],
			"scale": [1, 0.87109, 0.90234]
		},
		"fixed": {
			"rotation": [0, -88.5, 0],
			"translation": [-0.25, 3, 0],
			"scale": [0.52148, 0.52734, 0.58398]
		}
	},
	"groups": [
		{
			"name": "Helmet",
			"origin": [8, 8, 8],
			"color": 0,
			"children": [
				{
					"name": "Base",
					"origin": [8, 8, 8],
					"color": 0,
					"children": [
						{
							"name": "Upper-half",
							"origin": [8, 8, 8],
							"color": 0,
							"children": [0, 1, 2, 3, 4, 5, 6, 7, 8]
						},
						{
							"name": "lower-half",
							"origin": [8, 8, 8],
							"color": 0,
							"children": [9, 10, 11, 12, 13, 14, 15, 16, 17, 18, 19, 20, 21, 22, 23, 24]
						}
					]
				},
				{
					"name": "ear-cups",
					"origin": [0, 0, 0],
					"color": 0,
					"children": [
						{
							"name": "Left-ear-cup",
							"origin": [0, 0, 0],
							"color": 0,
							"children": [25, 26, 27, 28]
						},
						{
							"name": "Right-ear-cup",
							"origin": [0, 0, 0],
							"color": 0,
							"children": [29, 30, 31, 32]
						}
					]
				},
				{
					"name": "\"Back-plate\"",
					"origin": [8, 8, 8],
					"color": 0,
					"children": [33, 34, 35, 36, 37, 38, 39]
				}
			]
		}
	]
}