{
	"credit": "Made with Blockbench",
	"texture_size": [64, 64],
	"textures": {
		"0": "concrete:helmets/nafrica_chain-metal",
		"1": "concrete:helmets/nafrica_golden-metal-with-words",
		"2": "concrete:helmets/nafrica_upper-part",
		"3": "concrete:helmets/nafrica_pointy-thing",
		"5": "concrete:helmets/nafrica_chain-metal-sides",
		"particle": "concrete:helmets/nafrica_chain-metal"
	},
	"elements": [
		{
			"from": [0, 13, 0],
			"to": [15.25, 17, 15],
			"faces": {
				"north": {"uv": [7.5, 0, 15, 2], "texture": "#1"},
				"east": {"uv": [7.5, 2, 15, 4], "texture": "#1"},
				"south": {"uv": [7.5, 4, 15, 6], "texture": "#1"},
				"west": {"uv": [7.5, 6, 15, 8], "texture": "#1"},
				"up": {"uv": [7.5, 7.5, 0, 0], "texture": "#1"},
				"down": {"uv": [7.5, 7.5, 0, 15], "texture": "#1"}
			}
		},
		{
			"from": [1, 16.875, 1],
			"to": [14.25, 18.875, 14],
			"faces": {
				"north": {"uv": [5.75, 0, 9, 0.5], "texture": "#2"},
				"east": {"uv": [5.75, 0.5, 9, 1], "texture": "#2"},
				"south": {"uv": [5.75, 1, 9, 1.5], "texture": "#2"},
				"west": {"uv": [5.75, 1.5, 9, 2], "texture": "#2"},
				"up": {"uv": [3.25, 3.25, 0, 0], "texture": "#2"},
				"down": {"uv": [3.25, 3.25, 0, 6.5], "texture": "#2"}
			}
		},
		{
			"from": [2.5, 18.75, 2],
			"to": [12.75, 20.75, 13],
			"faces": {
				"north": {"uv": [5.75, 3, 8.25, 3.5], "texture": "#2"},
				"east": {"uv": [5.75, 2, 8.5, 2.5], "texture": "#2"},
				"south": {"uv": [5.75, 3.5, 8.25, 4], "texture": "#2"},
				"west": {"uv": [5.75, 2.5, 8.5, 3], "texture": "#2"},
				"up": {"uv": [5.75, 2.75, 3.25, 0], "texture": "#2"},
				"down": {"uv": [5.75, 2.75, 3.25, 5.5], "texture": "#2"}
			}
		},
		{
			"from": [4.5, 20.75, 4],
			"to": [10.75, 22.25, 11.25],
			"faces": {
				"north": {"uv": [5.75, 5, 7.25, 5.5], "texture": "#2"},
				"east": {"uv": [5.75, 4, 7.5, 4.5], "texture": "#2"},
				"south": {"uv": [6.25, 5.5, 7.75, 6], "texture": "#2"},
				"west": {"uv": [5.75, 4.5, 7.5, 5], "texture": "#2"},
				"up": {"uv": [4.75, 7.25, 3.25, 5.5], "texture": "#2"},
				"down": {"uv": [6.25, 5.5, 4.75, 7.25], "texture": "#2"}
			}
		},
		{
			"from": [6, 22.25, 5.75],
			"to": [9.25, 23.25, 9.75],
			"faces": {
				"north": {"uv": [0.75, 6.75, 1.5, 7], "texture": "#2"},
				"east": {"uv": [0.75, 6.5, 1.75, 6.75], "texture": "#2"},
				"south": {"uv": [1.5, 6.75, 2.25, 7], "texture": "#2"},
				"west": {"uv": [1.75, 6.5, 2.75, 6.75], "texture": "#2"},
				"up": {"uv": [7, 7, 6.25, 6], "texture": "#2"},
				"down": {"uv": [0.75, 6.5, 0, 7.5], "texture": "#2"}
			}
		},
		{
			"from": [0, 9.5, 0],
			"to": [0.5, 13, 14.975],
			"rotation": {"angle": 0, "axis": "y", "origin": [-0.5, 11, -7.5]},
			"faces": {
				"north": {"uv": [11, 7, 11.25, 8], "texture": "#0"},
				"east": {"uv": [3.75, 0, 7.5, 1], "texture": "#0"},
				"south": {"uv": [11, 8, 11.25, 9], "texture": "#0"},
				"west": {"uv": [3.75, 1, 7.5, 2], "texture": "#0"},
				"up": {"uv": [8, 4.25, 7.75, 0.5], "texture": "#0"},
				"down": {"uv": [8, 4.25, 7.75, 8], "texture": "#0"}
			}
		},
		{
			"from": [-0.25, 13, 7.25],
			"to": [0, 21, 8.25],
			"rotation": {"angle": 0, "axis": "y", "origin": [0, 1, 0]},
			"faces": {
				"north": {"uv": [7.5, 8, 8, 11], "texture": "#1"},
				"east": {"uv": [8, 8, 8.5, 11], "texture": "#1"},
				"south": {"uv": [8.5, 8, 9, 11], "texture": "#1"},
				"west": {"uv": [9, 8, 9.5, 11], "texture": "#1"},
				"up": {"uv": [13.5, 13, 13, 12.5], "texture": "#1"},
				"down": {"uv": [13.5, 13, 13, 13.5], "texture": "#1"}
			}
		},
		{
			"from": [-0.25, 10.5, 6.6],
			"to": [0, 13, 8.9],
			"rotation": {"angle": 0, "axis": "y", "origin": [0, 1, 0]},
			"faces": {
				"north": {"uv": [7.5, 8, 8, 11], "texture": "#1"},
				"east": {"uv": [8, 8, 8.5, 11], "texture": "#1"},
				"south": {"uv": [8.5, 8, 9, 11], "texture": "#1"},
				"west": {"uv": [9, 8, 9.5, 11], "texture": "#1"},
				"up": {"uv": [13.5, 13, 13, 12.5], "texture": "#1"},
				"down": {"uv": [13.5, 13, 13, 13.5], "texture": "#1"}
			}
		},
		{
			"from": [-0.5, 11.5, 7.6],
			"to": [-0.25, 13, 7.9],
			"rotation": {"angle": 0, "axis": "y", "origin": [0, 1, 0]},
			"faces": {
				"north": {"uv": [7.5, 8, 8, 11], "texture": "#1"},
				"east": {"uv": [8, 8, 8.5, 11], "texture": "#1"},
				"south": {"uv": [8.5, 8, 9, 11], "texture": "#1"},
				"west": {"uv": [9, 8, 9.5, 11], "texture": "#1"},
				"up": {"uv": [13.5, 13, 13, 12.5], "texture": "#1"},
				"down": {"uv": [13.5, 13, 13, 13.5], "texture": "#1"}
			}
		},
		{
			"from": [-0.4, 10.3, 7.7],
			"to": [-0.25, 11.5, 7.8],
			"rotation": {"angle": 0, "axis": "y", "origin": [0, 1, 0]},
			"faces": {
				"north": {"uv": [7.5, 8, 8, 11], "texture": "#1"},
				"east": {"uv": [8, 8, 8.5, 11], "texture": "#1"},
				"south": {"uv": [8.5, 8, 9, 11], "texture": "#1"},
				"west": {"uv": [9, 8, 9.5, 11], "texture": "#1"},
				"up": {"uv": [13.5, 13, 13, 12.5], "texture": "#1"},
				"down": {"uv": [13.5, 13, 13, 13.5], "texture": "#1"}
			}
		},
		{
			"from": [-0.25, 8.5, 7.1],
			"to": [0, 10.5, 8.4],
			"rotation": {"angle": 0, "axis": "y", "origin": [0, 1, 0]},
			"faces": {
				"north": {"uv": [7.5, 8, 8, 11], "texture": "#1"},
				"east": {"uv": [8, 8, 8.5, 11], "texture": "#1"},
				"south": {"uv": [8.5, 8, 9, 11], "texture": "#1"},
				"west": {"uv": [9, 8, 9.5, 11], "texture": "#1"},
				"up": {"uv": [13.5, 13, 13, 12.5], "texture": "#1"},
				"down": {"uv": [13.5, 13, 13, 13.5], "texture": "#1"}
			}
		},
		{
			"from": [-0.25, 7, 7.35],
			"to": [0, 8.5, 8.15],
			"rotation": {"angle": 0, "axis": "y", "origin": [0, 1, 0]},
			"faces": {
				"north": {"uv": [7.5, 8, 8, 11], "texture": "#1"},
				"east": {"uv": [8, 8, 8.5, 11], "texture": "#1"},
				"south": {"uv": [8.5, 8, 9, 11], "texture": "#1"},
				"west": {"uv": [9, 8, 9.5, 11], "texture": "#1"},
				"up": {"uv": [13.5, 13, 13, 12.5], "texture": "#1"},
				"down": {"uv": [13.5, 13, 13, 13.5], "texture": "#1"}
			}
		},
		{
			"from": [-0.25, 21, 7.25],
			"to": [0, 24, 8.25],
			"rotation": {"angle": 0, "axis": "y", "origin": [0, 1, 0]},
			"faces": {
				"north": {"uv": [7.5, 8, 8, 11], "texture": "#1"},
				"east": {"uv": [8, 8, 8.5, 11], "texture": "#1"},
				"south": {"uv": [8.5, 8, 9, 11], "texture": "#1"},
				"west": {"uv": [9, 8, 9.5, 11], "texture": "#1"},
				"up": {"uv": [13.5, 13, 13, 12.5], "texture": "#1"},
				"down": {"uv": [13.5, 13, 13, 13.5], "texture": "#1"}
			}
		},
		{
			"from": [-0.25, 21.5, 8.25],
			"to": [0, 24, 8.75],
			"rotation": {"angle": 0, "axis": "y", "origin": [0, 1, 0]},
			"faces": {
				"north": {"uv": [7.5, 8, 8, 11], "texture": "#1"},
				"east": {"uv": [8, 8, 8.5, 11], "texture": "#1"},
				"south": {"uv": [8.5, 8, 9, 11], "texture": "#1"},
				"west": {"uv": [9, 8, 9.5, 11], "texture": "#1"},
				"up": {"uv": [13.5, 13, 13, 12.5], "texture": "#1"},
				"down": {"uv": [13.5, 13, 13, 13.5], "texture": "#1"}
			}
		},
		{
			"from": [-0.25, 21.5, 6.75],
			"to": [0, 24, 7.25],
			"rotation": {"angle": 0, "axis": "y", "origin": [0, 1, 0]},
			"faces": {
				"north": {"uv": [7.5, 8, 8, 11], "texture": "#1"},
				"east": {"uv": [8, 8, 8.5, 11], "texture": "#1"},
				"south": {"uv": [8.5, 8, 9, 11], "texture": "#1"},
				"west": {"uv": [9, 8, 9.5, 11], "texture": "#1"},
				"up": {"uv": [13.5, 13, 13, 12.5], "texture": "#1"},
				"down": {"uv": [13.5, 13, 13, 13.5], "texture": "#1"}
			}
		},
		{
			"from": [-0.25, 22, 6.25],
			"to": [0, 24, 6.75],
			"rotation": {"angle": 0, "axis": "y", "origin": [0, 1, 0]},
			"faces": {
				"north": {"uv": [7.5, 8, 8, 11], "texture": "#1"},
				"east": {"uv": [8, 8, 8.5, 11], "texture": "#1"},
				"south": {"uv": [8.5, 8, 9, 11], "texture": "#1"},
				"west": {"uv": [9, 8, 9.5, 11], "texture": "#1"},
				"up": {"uv": [13.5, 13, 13, 12.5], "texture": "#1"},
				"down": {"uv": [13.5, 13, 13, 13.5], "texture": "#1"}
			}
		},
		{
			"from": [-0.25, 22, 8.75],
			"to": [0, 24, 9.25],
			"rotation": {"angle": 0, "axis": "y", "origin": [0, 1, 0]},
			"faces": {
				"north": {"uv": [7.5, 8, 8, 11], "texture": "#1"},
				"east": {"uv": [8, 8, 8.5, 11], "texture": "#1"},
				"south": {"uv": [8.5, 8, 9, 11], "texture": "#1"},
				"west": {"uv": [9, 8, 9.5, 11], "texture": "#1"},
				"up": {"uv": [13.5, 13, 13, 12.5], "texture": "#1"},
				"down": {"uv": [13.5, 13, 13, 13.5], "texture": "#1"}
			}
		},
		{
			"from": [-0.15, 13, 6],
			"to": [0, 14, 7],
			"rotation": {"angle": 0, "axis": "y", "origin": [0, 1, 0]},
			"faces": {
				"north": {"uv": [12.5, 11, 13, 11.5], "texture": "#1"},
				"east": {"uv": [11.5, 12.5, 12, 13], "texture": "#1"},
				"south": {"uv": [12.5, 11.5, 13, 12], "texture": "#1"},
				"west": {"uv": [12, 12.5, 12.5, 13], "texture": "#1"},
				"up": {"uv": [13, 12.5, 12.5, 12], "texture": "#1"},
				"down": {"uv": [13, 12.5, 12.5, 13], "texture": "#1"}
			}
		},
		{
			"from": [-0.15, 13, 8.5],
			"to": [0, 14, 9.5],
			"rotation": {"angle": 0, "axis": "y", "origin": [0, 1, 0]},
			"faces": {
				"north": {"uv": [7.5, 13, 8, 13.5], "texture": "#1"},
				"east": {"uv": [8, 13, 8.5, 13.5], "texture": "#1"},
				"south": {"uv": [8.5, 13, 9, 13.5], "texture": "#1"},
				"west": {"uv": [13, 8.5, 13.5, 9], "texture": "#1"},
				"up": {"uv": [9.5, 13.5, 9, 13], "texture": "#1"},
				"down": {"uv": [13.5, 9, 13, 9.5], "texture": "#1"}
			}
		},
		{
			"from": [-0.4, 13, 7],
			"to": [0, 14, 8.5],
			"rotation": {"angle": 0, "axis": "y", "origin": [0, 1, 0]},
			"faces": {
				"north": {"uv": [12.5, 9.5, 13, 10], "texture": "#1"},
				"east": {"uv": [12, 10, 13, 10.5], "texture": "#1"},
				"south": {"uv": [11, 12.5, 11.5, 13], "texture": "#1"},
				"west": {"uv": [12, 10.5, 13, 11], "texture": "#1"},
				"up": {"uv": [9.5, 13, 9, 12], "texture": "#1"},
				"down": {"uv": [12.5, 11, 12, 12], "texture": "#1"}
			}
		},
		{
			"from": [0.5, -3, 14.5],
			"to": [14.75, 13, 15],
			"rotation": {"angle": 0, "axis": "y", "origin": [0.5, 11, 13]},
			"faces": {
				"north": {"uv": [0, 4, 3.75, 8], "texture": "#5"},
				"east": {"uv": [1, 8, 1.25, 12], "texture": "#5"},
				"south": {"uv": [3.75, 4, 7.5, 8], "texture": "#5"},
				"west": {"uv": [1.25, 8, 1.5, 12], "texture": "#5"},
				"up": {"uv": [5.75, 8.25, 2, 8], "texture": "#5"},
				"down": {"uv": [9.5, 8, 5.75, 8.25], "texture": "#5"}
			}
		},
		{
			"from": [0.5, -3, 0],
			"to": [14.75, 13, 0.5],
			"rotation": {"angle": 0, "axis": "y", "origin": [7.5, 5, 0.25]},
			"faces": {
				"north": {"uv": [7.5, 0, 11, 4], "texture": "#5"},
				"east": {"uv": [0, 8, 0.25, 12], "texture": "#5"},
				"south": {"uv": [7.5, 4, 11, 8], "texture": "#5"},
				"west": {"uv": [0.25, 8, 0.5, 12], "texture": "#5"},
				"up": {"uv": [5.5, 8.5, 2, 8.25], "texture": "#5"},
				"down": {"uv": [9, 8.25, 5.5, 8.5], "texture": "#5"}
			}
		},
		{
			"from": [14.75, -3, 0],
			"to": [15.25, 13, 15],
			"rotation": {"angle": 0, "axis": "y", "origin": [15, 5, 7.125]},
			"faces": {
				"north": {"uv": [0.5, 8, 0.75, 12], "texture": "#5"},
				"east": {"uv": [0, 0, 3.75, 4], "texture": "#5"},
				"south": {"uv": [0.75, 8, 1, 12], "texture": "#5"},
				"west": {"uv": [3.75, 0, 7.5, 4], "texture": "#5"},
				"up": {"uv": [1.75, 11.75, 1.5, 8], "texture": "#5"},
				"down": {"uv": [2, 8, 1.75, 11.75], "texture": "#5"}
			}
		},
		{
			"from": [7.15, 24.075, 6.9],
			"to": [8.15, 26.575, 8.55],
			"faces": {
				"north": {"uv": [0, 3, 1, 6], "texture": "#3"},
				"east": {"uv": [0, 0, 2, 3], "texture": "#3"},
				"south": {"uv": [1, 3, 2, 6], "texture": "#3"},
				"west": {"uv": [2, 0, 4, 3], "texture": "#3"},
				"up": {"uv": [3, 5, 2, 3], "texture": "#3"},
				"down": {"uv": [4, 3, 3, 5], "texture": "#3"}
			}
		},
		{
			"from": [7.15, 28.325, 7.45],
			"to": [8.15, 29.075, 7.975],
			"faces": {
				"north": {"uv": [2, 5, 3, 6], "texture": "#3"},
				"east": {"uv": [5, 2, 6, 3], "texture": "#3"},
				"south": {"uv": [3, 5, 4, 6], "texture": "#3"},
				"west": {"uv": [5, 3, 6, 4], "texture": "#3"},
				"up": {"uv": [6, 5, 5, 4], "texture": "#3"},
				"down": {"uv": [6, 5, 5, 6], "texture": "#3"}
			}
		},
		{
			"from": [7.15, 26.575, 7.25],
			"to": [8.15, 28.325, 8.2],
			"faces": {
				"north": {"uv": [4, 0, 5, 2], "texture": "#3"},
				"east": {"uv": [4, 2, 5, 4], "texture": "#3"},
				"south": {"uv": [4, 4, 5, 6], "texture": "#3"},
				"west": {"uv": [5, 0, 6, 2], "texture": "#3"},
				"up": {"uv": [4, 7, 3, 6], "texture": "#3"},
				"down": {"uv": [7, 3, 6, 4], "texture": "#3"}
			}
		},
		{
			"from": [6.65, 23.275, 6.45],
			"to": [8.65, 24.125, 9],
			"faces": {
				"north": {"uv": [0, 6, 1, 7], "texture": "#3"},
				"east": {"uv": [6, 0, 7, 1], "texture": "#3"},
				"south": {"uv": [1, 6, 2, 7], "texture": "#3"},
				"west": {"uv": [6, 1, 7, 2], "texture": "#3"},
				"up": {"uv": [3, 7, 2, 6], "texture": "#3"},
				"down": {"uv": [7, 2, 6, 3], "texture": "#3"}
			}
		}
	],
	"display": {
		"thirdperson_righthand": {
			"rotation": [-176.04, -84.81, 126],
			"translation": [0, 3, 1],
			"scale": [0.52852, 0.3332, 0.45234]
		},
		"thirdperson_lefthand": {
			"rotation": [-175.8, -84.8, 126.59],
			"translation": [0, 3, 1],
			"scale": [0.52852, 0.29414, 0.45234]
		},
		"firstperson_righthand": {
			"rotation": [167, -70.5, 174],
			"translation": [1.13, 0.7, 1.13],
			"scale": [0.68, 0.36945, 0.58039]
		},
		"firstperson_lefthand": {
			"rotation": [-180, -57.5, 174],
			"translation": [1.13, 2.2, 1.13],
			"scale": [0.68, 0.36945, 0.58039]
		},
		"ground": {
			"scale": [0.4082, 0.28906, 0.38867]
		},
		"gui": {
			"rotation": [0, 89.5, 0],
			"translation": [0.25, -2.5, 0],
			"scale": [0.72461, 0.46094, 0.70898]
		},
		"head": {
			"rotation": [0, -90, 0],
			"translation": [-0.5, 0.25, 0.25],
			"scale": [0.91797, 0.88281, 0.93945]
		},
		"fixed": {
			"rotation": [0, -90, 0],
			"translation": [0, 0, -0.75],
			"scale": [0.50391, 0.37695, 0.51563]
		}
	},
	"groups": [
		{
			"name": "Persian Helmet",
			"origin": [8, 8, 8],
			"color": 0,
			"children": [
				{
					"name": "Base Helmet",
					"origin": [0, 0, 0],
					"color": 0,
					"children": [0, 1, 2, 3, 4, 5]
				},
				{
					"name": "Upward Thing",
					"origin": [8, 8, 8],
					"color": 0,
					"children": [6, 7, 8, 9, 10, 11, 12, 13, 14, 15, 16, 17, 18, 19]
				},
				{
					"name": "Right Side mesh thing",
					"origin": [8, 8, 8],
					"color": 0,
					"children": [20]
				},
				{
					"name": "Left Side mesh thing",
					"origin": [8, 8, 8],
					"color": 0,
					"children": [21]
				},
				{
					"name": "Back side mesh thing",
					"origin": [8, 8, 8],
					"color": 0,
					"children": [22]
				},
				{
					"name": "Pointy thing on top",
					"origin": [8, 8, 8],
					"color": 9,
					"children": [23, 24, 25, 26]
				}
			]
		}
	]
}