{
	"credit": "Made with Blockbench",
	"texture_size": [128, 128],
	"textures": {
		"0": "concrete:helmets/nord_hat",
		"particle": "concrete:helmets/nord_hat"
	},
	"elements": [
		{
			"from": [4.61997, 0.8812, 12.70032],
			"to": [9.85845, 1.97328, 20.35213],
			"rotation": {"angle": -22.5, "axis": "y", "origin": [8.44791, 1.42724, 9.18171]},
			"faces": {
				"north": {"uv": [11.25, 1.5, 11.875, 1.625], "texture": "#0"},
				"east": {"uv": [10.5, 8.875, 11.375, 9], "texture": "#0"},
				"south": {"uv": [8.125, 1, 8.75, 1.125], "texture": "#0"},
				"west": {"uv": [10.5, 8.75, 11.375, 8.875], "texture": "#0"},
				"up": {"uv": [7.5, 3, 8.125, 3.875], "texture": "#0"},
				"down": {"uv": [0, 8.5, 0.625, 7.625], "texture": "#0"}
			}
		},
		{
			"from": [-1.82202, 0.84904, 0.02146],
			"to": [-0.72994, 5.41914, 15.99262],
			"rotation": {"angle": 0, "axis": "y", "origin": [-1.27598, 2.67725, 2.4462]},
			"faces": {
				"north": {"uv": [6.625, 11.375, 6.75, 11.875], "texture": "#0"},
				"east": {"uv": [4.875, 4.375, 6.625, 4.875], "texture": "#0"},
				"south": {"uv": [6.5, 11.375, 6.625, 11.875], "texture": "#0"},
				"west": {"uv": [4.875, 3.875, 6.625, 4.375], "texture": "#0"},
				"up": {"uv": [9.25, 9.75, 9.375, 11.5], "texture": "#0"},
				"down": {"uv": [8.875, 12, 9, 10.25], "texture": "#0"}
			}
		},
		{
			"from": [-1.83296, 3.25372, 2.15008],
			"to": [-0.67118, 7.93225, 6.93106],
			"rotation": {"angle": -22.5, "axis": "x", "origin": [-1.25207, 1.29537, 7.35587]},
			"faces": {
				"north": {"uv": [3.125, 11.25, 3.25, 11.75], "texture": "#0"},
				"east": {"uv": [10.375, 6.375, 10.875, 6.875], "texture": "#0"},
				"south": {"uv": [10.25, 4.375, 10.375, 4.875], "texture": "#0"},
				"west": {"uv": [8.5, 0, 9, 0.5], "texture": "#0"},
				"up": {"uv": [8.75, 11.25, 8.875, 11.75], "texture": "#0"},
				"down": {"uv": [9.875, 11.75, 10, 11.25], "texture": "#0"}
			}
		},
		{
			"from": [-1.83296, 3.25372, 9.06894],
			"to": [-0.67118, 7.93225, 13.84992],
			"rotation": {"angle": 22.5, "axis": "x", "origin": [-1.25207, 1.29537, 8.64413]},
			"faces": {
				"north": {"uv": [10.375, 4.375, 10.25, 4.875], "texture": "#0"},
				"east": {"uv": [10.875, 6.375, 10.375, 6.875], "texture": "#0"},
				"south": {"uv": [3.25, 11.25, 3.125, 11.75], "texture": "#0"},
				"west": {"uv": [9, 0, 8.5, 0.5], "texture": "#0"},
				"up": {"uv": [8.75, 11.75, 8.875, 11.25], "texture": "#0"},
				"down": {"uv": [9.875, 11.25, 10, 11.75], "texture": "#0"}
			}
		},
		{
			"from": [5.47223, 0.90217, -3.41247],
			"to": [9.94069, 1.97241, 7.11289],
			"rotation": {"angle": 22.5, "axis": "y", "origin": [8.11184, 1.43729, 9.3055]},
			"faces": {
				"north": {"uv": [11.25, 3.75, 11.75, 3.875], "texture": "#0"},
				"east": {"uv": [10.5, 6.875, 11.625, 7], "texture": "#0"},
				"south": {"uv": [11.25, 3.625, 11.75, 3.75], "texture": "#0"},
				"west": {"uv": [10.5, 4.25, 11.625, 4.375], "texture": "#0"},
				"up": {"uv": [5.625, 7.125, 6.125, 8.25], "texture": "#0"},
				"down": {"uv": [6.125, 8.25, 6.625, 7.125], "texture": "#0"}
			}
		},
		{
			"from": [-1.83296, 1.21662, 4.42357],
			"to": [-0.67118, 7.26448, 11.61029],
			"rotation": {"angle": 0, "axis": "y", "origin": [-1.25207, 1.29537, 8.67799]},
			"faces": {
				"north": {"uv": [8.625, 2.75, 8.75, 3.5], "texture": "#0"},
				"east": {"uv": [4.875, 7.125, 5.625, 7.875], "texture": "#0"},
				"south": {"uv": [1.125, 8.5, 1.25, 9.25], "texture": "#0"},
				"west": {"uv": [7.125, 2.25, 7.875, 3], "texture": "#0"},
				"up": {"uv": [1, 9.625, 1.125, 10.375], "texture": "#0"},
				"down": {"uv": [4.75, 11.375, 4.875, 10.625], "texture": "#0"}
			}
		},
		{
			"from": [14.2993, 0.88033, 6.97405],
			"to": [21.90552, 1.97241, 10.25055],
			"rotation": {"angle": 0, "axis": "y", "origin": [8.2134, 1.42637, 9.29246]},
			"faces": {
				"north": {"uv": [10.5, 10.375, 11.375, 10.5], "texture": "#0"},
				"east": {"uv": [7.125, 3.25, 7.5, 3.375], "texture": "#0"},
				"south": {"uv": [10.5, 10.25, 11.375, 10.375], "texture": "#0"},
				"west": {"uv": [5, 6.25, 5.375, 6.375], "texture": "#0"},
				"up": {"uv": [9.5, 6, 10.375, 6.375], "texture": "#0"},
				"down": {"uv": [9.625, 4.375, 10.5, 4], "texture": "#0"}
			}
		},
		{
			"from": [14.11197, 0.88033, 7.56683],
			"to": [21.74648, 1.97241, 12.38293],
			"rotation": {"angle": 22.5, "axis": "y", "origin": [8.2134, 1.42637, 9.29246]},
			"faces": {
				"north": {"uv": [10.5, 10.125, 11.375, 10.25], "texture": "#0"},
				"east": {"uv": [11.25, 6.25, 11.75, 6.375], "texture": "#0"},
				"south": {"uv": [10.5, 10, 11.375, 10.125], "texture": "#0"},
				"west": {"uv": [11.25, 5, 11.75, 5.125], "texture": "#0"},
				"up": {"uv": [7.875, 2.25, 8.75, 2.75], "texture": "#0"},
				"down": {"uv": [8.125, 1, 9, 0.5], "texture": "#0"}
			}
		},
		{
			"from": [11.80395, 0.90217, 7.82604],
			"to": [21.24474, 1.97241, 12.71213],
			"rotation": {"angle": 45, "axis": "y", "origin": [8.34653, 1.43729, 9.0507]},
			"faces": {
				"north": {"uv": [10.5, 7.625, 11.625, 7.75], "texture": "#0"},
				"east": {"uv": [11.25, 4.875, 11.75, 5], "texture": "#0"},
				"south": {"uv": [10.5, 7.5, 11.625, 7.625], "texture": "#0"},
				"west": {"uv": [11.25, 4.75, 11.75, 4.875], "texture": "#0"},
				"up": {"uv": [6.625, 7.125, 7.75, 7.625], "texture": "#0"},
				"down": {"uv": [7.375, 0.5, 8.5, 0], "texture": "#0"}
			}
		},
		{
			"from": [13.65635, 0.88033, 4.9323],
			"to": [21.23428, 1.94741, 9.69182],
			"rotation": {"angle": -22.5, "axis": "y", "origin": [8.2134, 1.42637, 9.29246]},
			"faces": {
				"north": {"uv": [10.5, 9.875, 11.375, 10], "texture": "#0"},
				"east": {"uv": [11.25, 4.625, 11.75, 4.75], "texture": "#0"},
				"south": {"uv": [10.5, 9.75, 11.375, 9.875], "texture": "#0"},
				"west": {"uv": [11.25, 4.5, 11.75, 4.625], "texture": "#0"},
				"up": {"uv": [5.625, 3.375, 6.5, 3.875], "texture": "#0"},
				"down": {"uv": [7.375, 6.375, 8.25, 5.875], "texture": "#0"}
			}
		},
		{
			"from": [8.06041, 0.85533, 13.59855],
			"to": [12.81993, 1.94741, 21.44836],
			"rotation": {"angle": 45, "axis": "y", "origin": [8.24189, 1.40137, 9.27023]},
			"faces": {
				"north": {"uv": [11.25, 4.375, 11.75, 4.5], "texture": "#0"},
				"east": {"uv": [10.5, 9.625, 11.375, 9.75], "texture": "#0"},
				"south": {"uv": [11.25, 3.875, 11.75, 4], "texture": "#0"},
				"west": {"uv": [10.5, 9.5, 11.375, 9.625], "texture": "#0"},
				"up": {"uv": [4.875, 7.875, 5.375, 8.75], "texture": "#0"},
				"down": {"uv": [7.75, 8.875, 8.25, 8], "texture": "#0"}
			}
		},
		{
			"from": [-1.78494, 0.8812, 1.99803],
			"to": [4.29701, 1.97328, 14.58017],
			"shade": false,
			"rotation": {"angle": 0, "axis": "y", "origin": [9.33638, 1.42724, 8.8137]},
			"faces": {
				"north": {"uv": [11.25, 1.375, 12, 1.5], "texture": "#0"},
				"east": {"uv": [10.5, 4.125, 11.875, 4.25], "texture": "#0"},
				"south": {"uv": [10.875, 6.75, 11.625, 6.875], "texture": "#0"},
				"west": {"uv": [10.5, 4, 11.875, 4.125], "texture": "#0"},
				"up": {"uv": [4.875, 1.125, 5.625, 2.5], "texture": "#0"},
				"down": {"uv": [4.875, 3.875, 5.625, 2.5], "texture": "#0"}
			}
		},
		{
			"from": [-2.53465, 0.93673, 8.28183],
			"to": [3.63132, 1.52352, 9.46088],
			"shade": false,
			"rotation": {"angle": 22.5, "axis": "y", "origin": [9.42168, 0.94262, 8.7953]},
			"faces": {
				"north": {"uv": [11.25, 2.25, 11.875, 2.375], "texture": "#0"},
				"east": {"uv": [5.75, 11.375, 6.25, 11.5], "texture": "#0"},
				"south": {"uv": [11.25, 2.125, 11.875, 2.25], "texture": "#0"},
				"west": {"uv": [11.375, 5.625, 11.875, 5.75], "texture": "#0"},
				"up": {"uv": [7, 9.625, 7.625, 10.125], "texture": "#0"},
				"down": {"uv": [9.75, 0.5, 10.375, 0], "texture": "#0"}
			}
		},
		{
			"from": [-4.04002, 0.88033, 7.7663],
			"to": [5.96114, 1.97241, 11.4271],
			"shade": false,
			"rotation": {"angle": -45, "axis": "y", "origin": [9.48912, 1.42637, 9.01595]},
			"faces": {
				"north": {"uv": [10.5, 7.875, 11.625, 8], "texture": "#0"},
				"east": {"uv": [11.375, 5.5, 11.875, 5.625], "texture": "#0"},
				"south": {"uv": [10.5, 7.75, 11.625, 7.875], "texture": "#0"},
				"west": {"uv": [11.375, 5.375, 11.875, 5.5], "texture": "#0"},
				"up": {"uv": [7.375, 4.875, 8.5, 5.375], "texture": "#0"},
				"down": {"uv": [7.375, 5.875, 8.5, 5.375], "texture": "#0"}
			}
		},
		{
			"from": [-0.07663, 0.8812, -1.33838],
			"to": [4.91957, 1.97328, 8.66278],
			"shade": false,
			"rotation": {"angle": 22.5, "axis": "y", "origin": [2.42667, 1.42724, 3.6622]},
			"faces": {
				"north": {"uv": [11.25, 2.5, 11.875, 2.625], "texture": "#0"},
				"east": {"uv": [10.5, 8.125, 11.625, 8.25], "texture": "#0"},
				"south": {"uv": [11.25, 2.375, 11.875, 2.5], "texture": "#0"},
				"west": {"uv": [10.5, 8, 11.625, 8.125], "texture": "#0"},
				"up": {"uv": [1.375, 5.625, 2, 6.75], "texture": "#0"},
				"down": {"uv": [2, 6.75, 2.625, 5.625], "texture": "#0"}
			}
		},
		{
			"from": [-0.64311, 0.84904, 7.52021],
			"to": [5.10309, 1.96612, 17.52136],
			"shade": false,
			"rotation": {"angle": -22.5, "axis": "y", "origin": [2.61019, 1.39508, 13.79359]},
			"faces": {
				"north": {"uv": [11.25, 2.75, 11.875, 2.875], "texture": "#0"},
				"east": {"uv": [10.5, 8.375, 11.625, 8.5], "texture": "#0"},
				"south": {"uv": [11.25, 2.625, 11.875, 2.75], "texture": "#0"},
				"west": {"uv": [10.5, 8.25, 11.625, 8.375], "texture": "#0"},
				"up": {"uv": [5.625, 2.25, 6.25, 3.375], "texture": "#0"},
				"down": {"uv": [2.625, 6.75, 3.25, 5.625], "texture": "#0"}
			}
		},
		{
			"from": [6.58334, 0.8812, 13.14202],
			"to": [9.74414, 1.97328, 21.50095],
			"shade": false,
			"rotation": {"angle": -45, "axis": "y", "origin": [9.33638, 1.42724, 8.8137]},
			"faces": {
				"north": {"uv": [5.25, 11.375, 5.75, 11.5], "texture": "#0"},
				"east": {"uv": [10.625, 0, 11.5, 0.125], "texture": "#0"},
				"south": {"uv": [11.25, 6.625, 11.75, 6.75], "texture": "#0"},
				"west": {"uv": [10.5, 10.5, 11.375, 10.625], "texture": "#0"},
				"up": {"uv": [8.125, 2.75, 8.625, 3.625], "texture": "#0"},
				"down": {"uv": [8.25, 4.5, 8.75, 3.625], "texture": "#0"}
			}
		},
		{
			"from": [4.93452, 0.90217, -3.14424],
			"to": [11.26905, 1.97241, 13.68112],
			"rotation": {"angle": 0, "axis": "y", "origin": [8.09173, 1.43729, 9.3055]},
			"faces": {
				"north": {"uv": [10.625, 6.125, 11.375, 6.25], "texture": "#0"},
				"east": {"uv": [10.5, 7.375, 11.625, 7.5], "texture": "#0"},
				"south": {"uv": [10.625, 6, 11.375, 6.125], "texture": "#0"},
				"west": {"uv": [10.5, 7.25, 11.625, 7.375], "texture": "#0"},
				"up": {"uv": [4.875, 4.875, 5.625, 6], "texture": "#0"},
				"down": {"uv": [0, 6.75, 0.75, 5.625], "texture": "#0"}
			}
		},
		{
			"from": [6.26288, 0.90217, -3.41247],
			"to": [12.03412, 1.97241, 7.11289],
			"rotation": {"angle": -22.5, "axis": "y", "origin": [8.09173, 1.43729, 9.3055]},
			"faces": {
				"north": {"uv": [11.25, 2, 11.875, 2.125], "texture": "#0"},
				"east": {"uv": [10.5, 7.125, 11.625, 7.25], "texture": "#0"},
				"south": {"uv": [11.25, 1.875, 11.875, 2], "texture": "#0"},
				"west": {"uv": [10.5, 7, 11.625, 7.125], "texture": "#0"},
				"up": {"uv": [0.75, 5.625, 1.375, 6.75], "texture": "#0"},
				"down": {"uv": [5.625, 2.25, 6.25, 1.125], "texture": "#0"}
			}
		},
		{
			"from": [7.26365, 0.8812, 12.70032],
			"to": [12.70139, 1.97328, 20.49356],
			"rotation": {"angle": 22.5, "axis": "y", "origin": [8.44791, 1.42724, 9.18171]},
			"faces": {
				"north": {"uv": [11.25, 1.75, 11.875, 1.875], "texture": "#0"},
				"east": {"uv": [10.5, 9.375, 11.375, 9.5], "texture": "#0"},
				"south": {"uv": [11.25, 1.625, 11.875, 1.75], "texture": "#0"},
				"west": {"uv": [10.5, 9.25, 11.375, 9.375], "texture": "#0"},
				"up": {"uv": [0.625, 7.625, 1.25, 8.5], "texture": "#0"},
				"down": {"uv": [6.625, 8.5, 7.25, 7.625], "texture": "#0"}
			}
		},
		{
			"from": [5.45255, 0.8812, 12.33598],
			"to": [11.69008, 1.97328, 20.07266],
			"rotation": {"angle": 0, "axis": "y", "origin": [8.44791, 1.42724, 9.18171]},
			"faces": {
				"north": {"uv": [10.625, 5.875, 11.375, 6], "texture": "#0"},
				"east": {"uv": [10.5, 9.125, 11.375, 9.25], "texture": "#0"},
				"south": {"uv": [4.125, 5.875, 4.875, 6], "texture": "#0"},
				"west": {"uv": [10.5, 9, 11.375, 9.125], "texture": "#0"},
				"up": {"uv": [0, 6.75, 0.75, 7.625], "texture": "#0"},
				"down": {"uv": [0.75, 7.625, 1.5, 6.75], "texture": "#0"}
			}
		},
		{
			"from": [5.6069, 12.68073, 6.39105],
			"to": [5.6069, 22.01392, 16.67809],
			"rotation": {"angle": 0, "axis": "y", "origin": [5.32624, -0.8877, 6.92397]},
			"faces": {
				"north": {"uv": [0, 0, 0, 0.75], "texture": "#0"},
				"east": {"uv": [5.625, 4.875, 6.5, 5.625], "texture": "#0"},
				"south": {"uv": [0, 0, 0, 0.75], "texture": "#0"},
				"west": {"uv": [3.25, 5.625, 4.125, 6.375], "texture": "#0"},
				"up": {"uv": [0, 0, 0, 0.875], "texture": "#0"},
				"down": {"uv": [0, 0.875, 0, 0], "texture": "#0"}
			}
		},
		{
			"from": [5.6069, 12.68073, 6.39105],
			"to": [5.6069, 22.01392, 16.67809],
			"rotation": {"angle": -22.5, "axis": "y", "origin": [5.6069, 17.34733, 11.53457]},
			"faces": {
				"north": {"uv": [0, 0, 0, 0.75], "texture": "#0"},
				"east": {"uv": [4.125, 6, 5, 6.75], "texture": "#0"},
				"south": {"uv": [0, 0, 0, 0.75], "texture": "#0"},
				"west": {"uv": [5.625, 5.625, 6.5, 6.375], "texture": "#0"},
				"up": {"uv": [0, 0, 0, 0.875], "texture": "#0"},
				"down": {"uv": [0, 0.875, 0, 0], "texture": "#0"}
			}
		},
		{
			"from": [5.6069, 12.68073, 6.39105],
			"to": [5.6069, 22.01392, 16.67809],
			"rotation": {"angle": -45, "axis": "y", "origin": [5.6069, 17.34733, 11.53457]},
			"faces": {
				"north": {"uv": [0, 0, 0, 0.75], "texture": "#0"},
				"east": {"uv": [6.25, 1.875, 7.125, 2.625], "texture": "#0"},
				"south": {"uv": [0, 0, 0, 0.75], "texture": "#0"},
				"west": {"uv": [6.25, 1.125, 7.125, 1.875], "texture": "#0"},
				"up": {"uv": [0, 0, 0, 0.875], "texture": "#0"},
				"down": {"uv": [0, 0.875, 0, 0], "texture": "#0"}
			}
		},
		{
			"from": [0.46338, 12.68073, 11.53457],
			"to": [10.75042, 22.01392, 11.53457],
			"rotation": {"angle": 22.5, "axis": "y", "origin": [5.6069, 17.34733, 11.53457]},
			"faces": {
				"north": {"uv": [3.25, 6.375, 4.125, 7.125], "texture": "#0"},
				"east": {"uv": [0, 0, 0, 0.75], "texture": "#0"},
				"south": {"uv": [6.25, 2.625, 7.125, 3.375], "texture": "#0"},
				"west": {"uv": [0, 0, 0, 0.75], "texture": "#0"},
				"up": {"uv": [0, 0, 0.875, 0], "texture": "#0"},
				"down": {"uv": [0, 0, 0.875, 0], "texture": "#0"}
			}
		},
		{
			"from": [0.46338, 12.68073, 11.53457],
			"to": [10.75042, 22.01392, 11.53457],
			"rotation": {"angle": 0, "axis": "y", "origin": [5.6069, 17.34733, 11.53457]},
			"faces": {
				"north": {"uv": [5.875, 6.375, 6.75, 7.125], "texture": "#0"},
				"east": {"uv": [0, 0, 0, 0.75], "texture": "#0"},
				"south": {"uv": [5, 6.375, 5.875, 7.125], "texture": "#0"},
				"west": {"uv": [0, 0, 0, 0.75], "texture": "#0"},
				"up": {"uv": [0, 0, 0.875, 0], "texture": "#0"},
				"down": {"uv": [0, 0, 0.875, 0], "texture": "#0"}
			}
		},
		{
			"from": [0.46338, 12.68073, 11.53457],
			"to": [10.75042, 22.01392, 11.53457],
			"rotation": {"angle": -22.5, "axis": "y", "origin": [5.6069, 17.34733, 11.53457]},
			"faces": {
				"north": {"uv": [6.5, 4.875, 7.375, 5.625], "texture": "#0"},
				"east": {"uv": [0, 0, 0, 0.75], "texture": "#0"},
				"south": {"uv": [6.5, 0, 7.375, 0.75], "texture": "#0"},
				"west": {"uv": [0, 0, 0, 0.75], "texture": "#0"},
				"up": {"uv": [0, 0, 0.875, 0], "texture": "#0"},
				"down": {"uv": [0, 0, 0.875, 0], "texture": "#0"}
			}
		},
		{
			"from": [0.46338, 12.68073, 11.53457],
			"to": [10.75042, 22.01392, 11.53457],
			"rotation": {"angle": -45, "axis": "y", "origin": [5.6069, 17.34733, 11.53457]},
			"faces": {
				"north": {"uv": [6.625, 3.375, 7.5, 4.125], "texture": "#0"},
				"east": {"uv": [0, 0, 0, 0.75], "texture": "#0"},
				"south": {"uv": [6.5, 5.625, 7.375, 6.375], "texture": "#0"},
				"west": {"uv": [0, 0, 0, 0.75], "texture": "#0"},
				"up": {"uv": [0, 0, 0.875, 0], "texture": "#0"},
				"down": {"uv": [0, 0, 0.875, 0], "texture": "#0"}
			}
		},
		{
			"from": [2.23569, 0.91571, 0.76677],
			"to": [14.97923, 9.00938, 15.24979],
			"rotation": {"angle": 0, "axis": "y", "origin": [12.99278, 5.3031, 9.04119]},
			"faces": {
				"north": {"uv": [6.125, 10.375, 5.875, 11.375], "texture": "#0"},
				"east": {"uv": [9.75, 9.5, 9.375, 10.5], "texture": "#0"},
				"south": {"uv": [5.875, 10.375, 5.625, 11.375], "texture": "#0"},
				"west": {"uv": [9.875, 5, 9.5, 6], "texture": "#0"},
				"up": {"uv": [10.625, 0.375, 11, 0.125], "rotation": 270, "texture": "#0"},
				"down": {"uv": [0.375, 10.625, 0.75, 10.875], "rotation": 90, "texture": "#0"}
			}
		},
		{
			"from": [1.40747, 3.2263, 0.02489],
			"to": [15.76022, 5.55118, 16.01356],
			"rotation": {"angle": 0, "axis": "y", "origin": [2.93822, 5.3031, 9.04119]},
			"faces": {
				"north": {"uv": [0.75, 12.625, 4.5, 13.5], "texture": "#0"},
				"east": {"uv": [0.75, 12.625, 4.5, 13.5], "texture": "#0"},
				"south": {"uv": [0.75, 12.625, 4.5, 13.5], "texture": "#0"},
				"west": {"uv": [0.75, 12.625, 4.5, 13.5], "texture": "#0"},
				"up": {"uv": [0, 0, 3.875, 0.75], "rotation": 270, "texture": "#0"},
				"down": {"uv": [0, 4.25, 3.875, 3.5], "rotation": 90, "texture": "#0"}
			}
		},
		{
			"from": [2.92445, 1.25205, 1.11771],
			"to": [14.60322, 13.08287, 14.77234],
			"rotation": {"angle": 0, "axis": "y", "origin": [32.29047, 3.84555, -0.45568]},
			"faces": {
				"north": {"uv": [5.75, 8.25, 6.125, 9.375], "texture": "#0"},
				"east": {"uv": [5.75, 8.25, 6.125, 9.375], "texture": "#0"},
				"south": {"uv": [5.375, 8.25, 5.75, 9.375], "texture": "#0"},
				"west": {"uv": [5.375, 8.25, 5.75, 9.375], "texture": "#0"},
				"up": {"uv": [2.25, 6.75, 2.625, 8.375], "texture": "#0"},
				"down": {"uv": [2.625, 8.375, 3, 6.75], "texture": "#0"}
			}
		}
	],
	"display": {
		"thirdperson_righthand": {
			"translation": [0, 5.25, 0],
			"scale": [0.57, 0.57, 0.57]
		},
		"thirdperson_lefthand": {
			"translation": [0, 5.25, 0],
			"scale": [0.57, 0.57, 0.57]
		},
		"firstperson_righthand": {
			"translation": [0, 5.25, -0.25],
			"scale": [0.5767, 0.57, 0.57]
		},
		"firstperson_lefthand": {
			"translation": [0, 5.25, 0],
			"scale": [0.57, 0.57, 0.57]
		},
		"ground": {
			"scale": [0.64, 0.64, 0.64]
		},
		"gui": {
			"rotation": [0, -180, 0],
			"translation": [0.75, -1, 0],
			"scale": [0.64, 0.64, 0.64]
		},
		"head": {
			"translation": [-0.75, 10.25, -1],
			"scale": [1.1, 1.1, 1.09]
		},
		"fixed": {
			"translation": [0, 0, 3],
			"scale": [0.64, 0.64, 1]
		}
	},
	"groups": [
		{
			"name": "steve",
			"origin": [8, 8, 8],
			"color": 0,
			"children": []
		},
		{
			"name": "steve",
			"origin": [8, 8, 8],
			"color": 0,
			"children": []
		},
		0,
		1,
		2,
		3,
		4,
		5,
		6,
		7,
		8,
		9,
		10,
		11,
		12,
		13,
		14,
		15,
		16,
		17,
		18,
		19,
		20,
		21,
		22,
		23,
		24,
		25,
		26,
		27,
		28,
		29,
		30
	]
}