{
	"credit": "Made with Blockbench",
	"texture_size": [8, 8],
	"textures": {
		"0": "concrete:helmets/chain-metal",
		"1": "concrete:helmets/golden-metal-with-words",
		"2": "concrete:helmets/upper-part",
		"3": "concrete:helmets/pointy-thing",
		"4": "concrete:helmets/special",
		"particle": "concrete:helmets/chain-metal"
	},
	"elements": [
		{
			"from": [0, 13, 0],
			"to": [15.25, 17, 15],
			"faces": {
				"north": {"uv": [7.5, 0, 15, 2], "texture": "#1"},
				"east": {"uv": [7.5, 2, 15, 4], "texture": "#1"},
				"south": {"uv": [7.5, 4, 15, 6], "texture": "#1"},
				"west": {"uv": [7.5, 6, 15, 8], "texture": "#1"},
				"up": {"uv": [7.5, 7.5, 0, 0], "texture": "#1"},
				"down": {"uv": [7.5, 7.5, 0, 15], "texture": "#1"}
			}
		},
		{
			"from": [1, 16.875, 1],
			"to": [14.25, 18.875, 14],
			"faces": {
				"north": {"uv": [5.75, 0, 9, 0.5], "texture": "#2"},
				"east": {"uv": [5.75, 0.5, 9, 1], "texture": "#2"},
				"south": {"uv": [5.75, 1, 9, 1.5], "texture": "#2"},
				"west": {"uv": [5.75, 1.5, 9, 2], "texture": "#2"},
				"up": {"uv": [3.25, 3.25, 0, 0], "texture": "#2"},
				"down": {"uv": [3.25, 3.25, 0, 6.5], "texture": "#2"}
			}
		},
		{
			"from": [2.5, 18.75, 2],
			"to": [12.75, 20.75, 13],
			"faces": {
				"north": {"uv": [5.75, 3, 8.25, 3.5], "texture": "#2"},
				"east": {"uv": [5.75, 2, 8.5, 2.5], "texture": "#2"},
				"south": {"uv": [5.75, 3.5, 8.25, 4], "texture": "#2"},
				"west": {"uv": [5.75, 2.5, 8.5, 3], "texture": "#2"},
				"up": {"uv": [5.75, 2.75, 3.25, 0], "texture": "#2"},
				"down": {"uv": [5.75, 2.75, 3.25, 5.5], "texture": "#2"}
			}
		},
		{
			"from": [4.5, 20.75, 4],
			"to": [10.75, 22.25, 11.25],
			"faces": {
				"north": {"uv": [5.75, 5, 7.25, 5.5], "texture": "#2"},
				"east": {"uv": [5.75, 4, 7.5, 4.5], "texture": "#2"},
				"south": {"uv": [6.25, 5.5, 7.75, 6], "texture": "#2"},
				"west": {"uv": [5.75, 4.5, 7.5, 5], "texture": "#2"},
				"up": {"uv": [4.75, 7.25, 3.25, 5.5], "texture": "#2"},
				"down": {"uv": [6.25, 5.5, 4.75, 7.25], "texture": "#2"}
			}
		},
		{
			"from": [6, 22.25, 5.75],
			"to": [9.25, 23.25, 9.75],
			"faces": {
				"north": {"uv": [0.75, 6.75, 1.5, 7], "texture": "#2"},
				"east": {"uv": [0.75, 6.5, 1.75, 6.75], "texture": "#2"},
				"south": {"uv": [1.5, 6.75, 2.25, 7], "texture": "#2"},
				"west": {"uv": [1.75, 6.5, 2.75, 6.75], "texture": "#2"},
				"up": {"uv": [7, 7, 6.25, 6], "texture": "#2"},
				"down": {"uv": [0.75, 6.5, 0, 7.5], "texture": "#2"}
			}
		},
		{
			"from": [0, 9.5, 0],
			"to": [0.5, 13, 15],
			"rotation": {"angle": 0, "axis": "y", "origin": [-0.5, 11, -7.5]},
			"faces": {
				"north": {"uv": [11, 7, 11.25, 8], "texture": "#0"},
				"east": {"uv": [3.75, 0, 7.5, 1], "texture": "#0"},
				"south": {"uv": [11, 8, 11.25, 9], "texture": "#0"},
				"west": {"uv": [3.75, 1, 7.5, 2], "texture": "#0"},
				"up": {"uv": [8, 4.25, 7.75, 0.5], "texture": "#0"},
				"down": {"uv": [8, 4.25, 7.75, 8], "texture": "#0"}
			}
		},
		{
			"from": [-0.25, 13, 7.25],
			"to": [0, 19, 8.25],
			"rotation": {"angle": 0, "axis": "y", "origin": [0, 1, 0]},
			"faces": {
				"north": {"uv": [7.5, 8, 8, 11], "texture": "#1"},
				"east": {"uv": [8, 8, 8.5, 11], "texture": "#1"},
				"south": {"uv": [8.5, 8, 9, 11], "texture": "#1"},
				"west": {"uv": [9, 8, 9.5, 11], "texture": "#1"},
				"up": {"uv": [13.5, 13, 13, 12.5], "texture": "#1"},
				"down": {"uv": [13.5, 13, 13, 13.5], "texture": "#1"}
			}
		},
		{
			"from": [-0.25, 11, 6.75],
			"to": [0, 13, 8.75],
			"rotation": {"angle": 0, "axis": "y", "origin": [0, 1, 0]},
			"faces": {
				"north": {"uv": [7.5, 12, 8, 13], "texture": "#1"},
				"east": {"uv": [11, 8, 12, 9], "texture": "#1"},
				"south": {"uv": [8, 12, 8.5, 13], "texture": "#1"},
				"west": {"uv": [8.5, 11, 9.5, 12], "texture": "#1"},
				"up": {"uv": [12.5, 9, 12, 8], "texture": "#1"},
				"down": {"uv": [9, 12, 8.5, 13], "texture": "#1"}
			}
		},
		{
			"from": [-0.5, 11.25, 7],
			"to": [-0.25, 12.75, 8.5],
			"rotation": {"angle": 0, "axis": "y", "origin": [0, 1, 0]},
			"faces": {
				"north": {"uv": [11.5, 10, 12, 11], "texture": "#1"},
				"east": {"uv": [10, 10.5, 11, 11.5], "texture": "#1"},
				"south": {"uv": [10.5, 11.5, 11, 12.5], "texture": "#1"},
				"west": {"uv": [7.5, 11, 8.5, 12], "texture": "#1"},
				"up": {"uv": [11.5, 12.5, 11, 11.5], "texture": "#1"},
				"down": {"uv": [12, 11, 11.5, 12], "texture": "#1"}
			}
		},
		{
			"from": [0.70671, 18.8097, 7.25],
			"to": [0.95671, 23.8097, 8.25],
			"rotation": {"angle": -22.5, "axis": "z", "origin": [0.70671, 21.3097, 7.75]},
			"faces": {
				"north": {"uv": [9.5, 8, 10, 10.5], "texture": "#1"},
				"east": {"uv": [10, 8, 10.5, 10.5], "texture": "#1"},
				"south": {"uv": [10.5, 8, 11, 10.5], "texture": "#1"},
				"west": {"uv": [9.5, 10.5, 10, 13], "texture": "#1"},
				"up": {"uv": [10, 13.5, 9.5, 13], "texture": "#1"},
				"down": {"uv": [13.5, 9.5, 13, 10], "texture": "#1"}
			}
		},
		{
			"from": [2.68747, 24.54167, 7.5],
			"to": [2.93747, 25.09167, 8],
			"rotation": {"angle": -45, "axis": "z", "origin": [2.81247, 24.59167, 8.25]},
			"faces": {
				"north": {"uv": [13, 11, 13.5, 11.5], "texture": "#1"},
				"east": {"uv": [11.5, 13, 12, 13.5], "texture": "#1"},
				"south": {"uv": [13, 11.5, 13.5, 12], "texture": "#1"},
				"west": {"uv": [12, 13, 12.5, 13.5], "texture": "#1"},
				"up": {"uv": [13.5, 12.5, 13, 12], "texture": "#1"},
				"down": {"uv": [13, 13, 12.5, 13.5], "texture": "#1"}
			}
		},
		{
			"from": [2.61424, 22.91489, 6.5],
			"to": [2.86424, 23.76489, 9],
			"rotation": {"angle": -45, "axis": "z", "origin": [2.98924, 24.41489, 8.5]},
			"faces": {
				"north": {"uv": [10, 13, 10.5, 13.5], "texture": "#1"},
				"east": {"uv": [11, 9, 12.5, 9.5], "texture": "#1"},
				"south": {"uv": [13, 10, 13.5, 10.5], "texture": "#1"},
				"west": {"uv": [11, 9.5, 12.5, 10], "texture": "#1"},
				"up": {"uv": [11.5, 11.5, 11, 10], "texture": "#1"},
				"down": {"uv": [10.5, 11.5, 10, 13], "texture": "#1"}
			}
		},
		{
			"from": [2.68747, 23.94167, 7],
			"to": [2.93747, 24.54167, 8.5],
			"rotation": {"angle": -45, "axis": "z", "origin": [2.81247, 24.59167, 8.25]},
			"faces": {
				"north": {"uv": [13, 10.5, 13.5, 11], "texture": "#1"},
				"east": {"uv": [11.5, 12, 12.5, 12.5], "texture": "#1"},
				"south": {"uv": [11, 13, 11.5, 13.5], "texture": "#1"},
				"west": {"uv": [12.5, 8, 13.5, 8.5], "texture": "#1"},
				"up": {"uv": [13, 9.5, 12.5, 8.5], "texture": "#1"},
				"down": {"uv": [11, 12.5, 10.5, 13.5], "texture": "#1"}
			}
		},
		{
			"from": [-0.15, 14, 6],
			"to": [0, 15, 7],
			"rotation": {"angle": 0, "axis": "y", "origin": [0, 1, 0]},
			"faces": {
				"north": {"uv": [12.5, 11, 13, 11.5], "texture": "#1"},
				"east": {"uv": [11.5, 12.5, 12, 13], "texture": "#1"},
				"south": {"uv": [12.5, 11.5, 13, 12], "texture": "#1"},
				"west": {"uv": [12, 12.5, 12.5, 13], "texture": "#1"},
				"up": {"uv": [13, 12.5, 12.5, 12], "texture": "#1"},
				"down": {"uv": [13, 12.5, 12.5, 13], "texture": "#1"}
			}
		},
		{
			"from": [-0.15, 14, 8.5],
			"to": [0, 15, 9.5],
			"rotation": {"angle": 0, "axis": "y", "origin": [0, 1, 0]},
			"faces": {
				"north": {"uv": [7.5, 13, 8, 13.5], "texture": "#1"},
				"east": {"uv": [8, 13, 8.5, 13.5], "texture": "#1"},
				"south": {"uv": [8.5, 13, 9, 13.5], "texture": "#1"},
				"west": {"uv": [13, 8.5, 13.5, 9], "texture": "#1"},
				"up": {"uv": [9.5, 13.5, 9, 13], "texture": "#1"},
				"down": {"uv": [13.5, 9, 13, 9.5], "texture": "#1"}
			}
		},
		{
			"from": [-0.4, 14, 7],
			"to": [0, 15, 8.5],
			"rotation": {"angle": 0, "axis": "y", "origin": [0, 1, 0]},
			"faces": {
				"north": {"uv": [12.5, 9.5, 13, 10], "texture": "#1"},
				"east": {"uv": [12, 10, 13, 10.5], "texture": "#1"},
				"south": {"uv": [11, 12.5, 11.5, 13], "texture": "#1"},
				"west": {"uv": [12, 10.5, 13, 11], "texture": "#1"},
				"up": {"uv": [9.5, 13, 9, 12], "texture": "#1"},
				"down": {"uv": [12.5, 11, 12, 12], "texture": "#1"}
			}
		},
		{
			"from": [0.925, 17.5, 4.5],
			"to": [1, 18.75, 5.75],
			"faces": {
				"north": {"uv": [0, 8, 0.5, 10.5], "texture": "#4"},
				"east": {"uv": [0, 0, 2.5, 2.5], "texture": "#4"},
				"south": {"uv": [8, 0, 8.5, 2.5], "texture": "#4"},
				"west": {"uv": [0, 4, 2.5, 6.5], "texture": "#4"},
				"up": {"uv": [2.5, 10.5, 2, 8], "texture": "#4"},
				"down": {"uv": [4.5, 8, 4, 10.5], "texture": "#4"}
			}
		},
		{
			"from": [0.925, 17.65, 4.375],
			"to": [1, 18.6, 4.5],
			"faces": {
				"north": {"uv": [3.5, 7.5, 3.75, 7.75], "texture": "#2"},
				"east": {"uv": [3.75, 7.5, 4, 7.75], "texture": "#2"},
				"south": {"uv": [4, 7.5, 4.25, 7.75], "texture": "#2"},
				"west": {"uv": [7.5, 4, 7.75, 4.25], "texture": "#2"},
				"up": {"uv": [4.5, 7.75, 4.25, 7.5], "texture": "#2"},
				"down": {"uv": [7.75, 4.25, 7.5, 4.5], "texture": "#2"}
			}
		},
		{
			"from": [0.925, 17.65, 5.75],
			"to": [1, 18.6, 5.875],
			"faces": {
				"north": {"uv": [2, 7.5, 2.25, 7.75], "texture": "#2"},
				"east": {"uv": [2.25, 7.5, 2.5, 7.75], "texture": "#2"},
				"south": {"uv": [2.5, 7.5, 2.75, 7.75], "texture": "#2"},
				"west": {"uv": [2.75, 7.5, 3, 7.75], "texture": "#2"},
				"up": {"uv": [3.25, 7.75, 3, 7.5], "texture": "#2"},
				"down": {"uv": [3.5, 7.5, 3.25, 7.75], "texture": "#2"}
			}
		},
		{
			"from": [0.925, 17.3875, 4.6375],
			"to": [1, 17.5125, 5.5875],
			"rotation": {"angle": 0, "axis": "y", "origin": [0.9625, 18.125, 6.8125]},
			"faces": {
				"north": {"uv": [0.5, 7.5, 0.75, 7.75], "texture": "#2"},
				"east": {"uv": [0.75, 7.5, 1, 7.75], "texture": "#2"},
				"south": {"uv": [1, 7.5, 1.25, 7.75], "texture": "#2"},
				"west": {"uv": [1.25, 7.5, 1.5, 7.75], "texture": "#2"},
				"up": {"uv": [1.75, 7.75, 1.5, 7.5], "texture": "#2"},
				"down": {"uv": [2, 7.5, 1.75, 7.75], "texture": "#2"}
			}
		},
		{
			"from": [0.925, 17.2625, 4.7625],
			"to": [1, 17.3875, 5.4625],
			"rotation": {"angle": 0, "axis": "y", "origin": [0.9625, 18.125, 6.8125]},
			"faces": {
				"north": {"uv": [7.25, 6.75, 7.5, 7], "texture": "#2"},
				"east": {"uv": [7, 7.25, 7.25, 7.5], "texture": "#2"},
				"south": {"uv": [7.25, 7, 7.5, 7.25], "texture": "#2"},
				"west": {"uv": [7.25, 7.25, 7.5, 7.5], "texture": "#2"},
				"up": {"uv": [0.25, 7.75, 0, 7.5], "texture": "#2"},
				"down": {"uv": [0.5, 7.5, 0.25, 7.75], "texture": "#2"}
			}
		},
		{
			"from": [0.925, 17.1375, 4.9625],
			"to": [1, 17.2625, 5.2625],
			"rotation": {"angle": 0, "axis": "y", "origin": [0.9625, 18.125, 6.8125]},
			"faces": {
				"north": {"uv": [7.25, 6, 7.5, 6.25], "texture": "#2"},
				"east": {"uv": [6.25, 7.25, 6.5, 7.5], "texture": "#2"},
				"south": {"uv": [7.25, 6.25, 7.5, 6.5], "texture": "#2"},
				"west": {"uv": [6.5, 7.25, 6.75, 7.5], "texture": "#2"},
				"up": {"uv": [7.5, 6.75, 7.25, 6.5], "texture": "#2"},
				"down": {"uv": [7, 7.25, 6.75, 7.5], "texture": "#2"}
			}
		},
		{
			"from": [0.875, 18.7625, 5.0125],
			"to": [1, 19.1375, 5.2125],
			"rotation": {"angle": 0, "axis": "y", "origin": [0.9625, 18.125, 6.8125]},
			"faces": {
				"north": {"uv": [4.5, 7.5, 4.75, 7.75], "texture": "#2"},
				"east": {"uv": [7.5, 4.5, 7.75, 4.75], "texture": "#2"},
				"south": {"uv": [4.75, 7.5, 5, 7.75], "texture": "#2"},
				"west": {"uv": [7.5, 4.75, 7.75, 5], "texture": "#2"},
				"up": {"uv": [5.25, 7.75, 5, 7.5], "texture": "#2"},
				"down": {"uv": [7.75, 5, 7.5, 5.25], "texture": "#2"}
			}
		},
		{
			"from": [0.925, 17.5, 9.625],
			"to": [1, 18.75, 10.875],
			"faces": {
				"north": {"uv": [8, 4, 8.5, 6.5], "texture": "#4"},
				"east": {"uv": [4, 0, 6.5, 2.5], "texture": "#4"},
				"south": {"uv": [6, 8, 6.5, 10.5], "texture": "#4"},
				"west": {"uv": [4, 4, 6.5, 6.5], "texture": "#4"},
				"up": {"uv": [8.5, 10.5, 8, 8], "texture": "#4"},
				"down": {"uv": [10.5, 0, 10, 2.5], "texture": "#4"}
			}
		},
		{
			"from": [0.925, 17.65, 9.5],
			"to": [1, 18.6, 9.625],
			"faces": {
				"north": {"uv": [2.25, 7, 2.5, 7.25], "texture": "#2"},
				"east": {"uv": [2.5, 7, 2.75, 7.25], "texture": "#2"},
				"south": {"uv": [2.75, 7, 3, 7.25], "texture": "#2"},
				"west": {"uv": [3, 7, 3.25, 7.25], "texture": "#2"},
				"up": {"uv": [7.25, 6.25, 7, 6], "texture": "#2"},
				"down": {"uv": [6.5, 7, 6.25, 7.25], "texture": "#2"}
			}
		},
		{
			"from": [0.925, 17.1375, 10.0875],
			"to": [1, 17.2625, 10.3875],
			"rotation": {"angle": 0, "axis": "y", "origin": [0.9625, 18.125, 6.8125]},
			"faces": {
				"north": {"uv": [2.25, 7.25, 2.5, 7.5], "texture": "#2"},
				"east": {"uv": [2.5, 7.25, 2.75, 7.5], "texture": "#2"},
				"south": {"uv": [2.75, 7.25, 3, 7.5], "texture": "#2"},
				"west": {"uv": [3, 7.25, 3.25, 7.5], "texture": "#2"},
				"up": {"uv": [3.5, 7.5, 3.25, 7.25], "texture": "#2"},
				"down": {"uv": [3.75, 7.25, 3.5, 7.5], "texture": "#2"}
			}
		},
		{
			"from": [0.925, 17.2625, 9.8875],
			"to": [1, 17.3875, 10.5875],
			"rotation": {"angle": 0, "axis": "y", "origin": [0.9625, 18.125, 6.8125]},
			"faces": {
				"north": {"uv": [0.75, 7.25, 1, 7.5], "texture": "#2"},
				"east": {"uv": [1, 7.25, 1.25, 7.5], "texture": "#2"},
				"south": {"uv": [1.25, 7.25, 1.5, 7.5], "texture": "#2"},
				"west": {"uv": [1.5, 7.25, 1.75, 7.5], "texture": "#2"},
				"up": {"uv": [2, 7.5, 1.75, 7.25], "texture": "#2"},
				"down": {"uv": [2.25, 7.25, 2, 7.5], "texture": "#2"}
			}
		},
		{
			"from": [0.925, 17.3875, 9.7625],
			"to": [1, 17.5125, 10.7125],
			"rotation": {"angle": 0, "axis": "y", "origin": [0.9625, 18.125, 6.8125]},
			"faces": {
				"north": {"uv": [7, 6.25, 7.25, 6.5], "texture": "#2"},
				"east": {"uv": [6.5, 7, 6.75, 7.25], "texture": "#2"},
				"south": {"uv": [7, 6.5, 7.25, 6.75], "texture": "#2"},
				"west": {"uv": [6.75, 7, 7, 7.25], "texture": "#2"},
				"up": {"uv": [7.25, 7, 7, 6.75], "texture": "#2"},
				"down": {"uv": [7.25, 7, 7, 7.25], "texture": "#2"}
			}
		},
		{
			"from": [0.875, 18.7625, 10.1375],
			"to": [1, 19.1375, 10.3375],
			"rotation": {"angle": 0, "axis": "y", "origin": [0.9625, 18.125, 6.8125]},
			"faces": {
				"north": {"uv": [2.75, 6.5, 3, 6.75], "texture": "#2"},
				"east": {"uv": [3, 6.5, 3.25, 6.75], "texture": "#2"},
				"south": {"uv": [2.25, 6.75, 2.5, 7], "texture": "#2"},
				"west": {"uv": [2.5, 6.75, 2.75, 7], "texture": "#2"},
				"up": {"uv": [3, 7, 2.75, 6.75], "texture": "#2"},
				"down": {"uv": [3.25, 6.75, 3, 7], "texture": "#2"}
			}
		},
		{
			"from": [0.925, 17.65, 10.875],
			"to": [1, 18.6, 11],
			"faces": {
				"north": {"uv": [3.75, 7.25, 4, 7.5], "texture": "#2"},
				"east": {"uv": [4, 7.25, 4.25, 7.5], "texture": "#2"},
				"south": {"uv": [4.25, 7.25, 4.5, 7.5], "texture": "#2"},
				"west": {"uv": [4.5, 7.25, 4.75, 7.5], "texture": "#2"},
				"up": {"uv": [5, 7.5, 4.75, 7.25], "texture": "#2"},
				"down": {"uv": [5.25, 7.25, 5, 7.5], "texture": "#2"}
			}
		},
		{
			"from": [11.125, -6.5, 14.5],
			"to": [12, 9.5, 15],
			"rotation": {"angle": 0, "axis": "y", "origin": [4.875, 3.625, 14.75]},
			"faces": {
				"north": {"uv": [1.75, 7.5, 2, 11.5], "texture": "#0"},
				"east": {"uv": [2, 7.5, 2.25, 11.5], "texture": "#0"},
				"south": {"uv": [2.25, 7.5, 2.5, 11.5], "texture": "#0"},
				"west": {"uv": [2.5, 7.5, 2.75, 11.5], "texture": "#0"},
				"up": {"uv": [11.75, 11.25, 11.5, 11], "texture": "#0"},
				"down": {"uv": [11.5, 11.5, 11.25, 11.75], "texture": "#0"}
			}
		},
		{
			"from": [3, -6.45, 14.5],
			"to": [3.85, 9.5, 15],
			"rotation": {"angle": 0, "axis": "y", "origin": [4.5, 3.675, 14.75]},
			"faces": {
				"north": {"uv": [7.5, 0, 7.75, 4], "texture": "#0"},
				"east": {"uv": [1, 7.5, 1.25, 11.5], "texture": "#0"},
				"south": {"uv": [1.25, 7.5, 1.5, 11.5], "texture": "#0"},
				"west": {"uv": [1.5, 7.5, 1.75, 11.5], "texture": "#0"},
				"up": {"uv": [11.75, 8, 11.5, 7.75], "texture": "#0"},
				"down": {"uv": [8.25, 11.5, 8, 11.75], "texture": "#0"}
			}
		},
		{
			"from": [14, 1.25, 14.5],
			"to": [15, 9.5, 15],
			"rotation": {"angle": 0, "axis": "y", "origin": [11.5, 6.75, 14.75]},
			"faces": {
				"north": {"uv": [10.5, 7, 10.75, 9], "texture": "#0"},
				"east": {"uv": [10.5, 9, 10.75, 11], "texture": "#0"},
				"south": {"uv": [9.75, 10.5, 10, 12.5], "texture": "#0"},
				"west": {"uv": [10.75, 1, 11, 3], "texture": "#0"},
				"up": {"uv": [11.75, 10.5, 11.5, 10.25], "texture": "#0"},
				"down": {"uv": [10.75, 11.5, 10.5, 11.75], "texture": "#0"}
			}
		},
		{
			"from": [0, 1.25, 14.5],
			"to": [1, 9.5, 15],
			"rotation": {"angle": 0, "axis": "y", "origin": [1, 6.75, 14.75]},
			"faces": {
				"north": {"uv": [10.5, 3, 10.75, 5], "texture": "#0"},
				"east": {"uv": [10.5, 5, 10.75, 7], "texture": "#0"},
				"south": {"uv": [6, 10.5, 6.25, 12.5], "texture": "#0"},
				"west": {"uv": [6.25, 10.5, 6.5, 12.5], "texture": "#0"},
				"up": {"uv": [11.75, 7.75, 11.5, 7.5], "texture": "#0"},
				"down": {"uv": [8, 11.5, 7.75, 11.75], "texture": "#0"}
			}
		},
		{
			"from": [1, -1.75, 14.5],
			"to": [2, 9.5, 15],
			"rotation": {"angle": 0, "axis": "y", "origin": [1, 6.75, 14.75]},
			"faces": {
				"north": {"uv": [9.25, 3.75, 9.5, 6.5], "texture": "#0"},
				"east": {"uv": [9.25, 6.5, 9.5, 9.25], "texture": "#0"},
				"south": {"uv": [9, 9.25, 9.25, 12], "texture": "#0"},
				"west": {"uv": [9.25, 9.25, 9.5, 12], "texture": "#0"},
				"up": {"uv": [7.5, 11.75, 7.25, 11.5], "texture": "#0"},
				"down": {"uv": [11.75, 7.25, 11.5, 7.5], "texture": "#0"}
			}
		},
		{
			"from": [13, -1.75, 14.5],
			"to": [14, 9.5, 15],
			"rotation": {"angle": 0, "axis": "y", "origin": [7, 6.75, 14.75]},
			"faces": {
				"north": {"uv": [9.5, 1, 9.75, 3.75], "texture": "#0"},
				"east": {"uv": [9.5, 3.75, 9.75, 6.5], "texture": "#0"},
				"south": {"uv": [9.5, 6.5, 9.75, 9.25], "texture": "#0"},
				"west": {"uv": [8.75, 9.5, 9, 12.25], "texture": "#0"},
				"up": {"uv": [11.75, 10.75, 11.5, 10.5], "texture": "#0"},
				"down": {"uv": [11, 11.5, 10.75, 11.75], "texture": "#0"}
			}
		},
		{
			"from": [2, -4.75, 14.5],
			"to": [3, 9.5, 15],
			"rotation": {"angle": 0, "axis": "y", "origin": [1, 6.75, 14.75]},
			"faces": {
				"north": {"uv": [8.25, 4.5, 8.5, 8], "texture": "#0"},
				"east": {"uv": [8.25, 8, 8.5, 11.5], "texture": "#0"},
				"south": {"uv": [8.5, 1, 8.75, 4.5], "texture": "#0"},
				"west": {"uv": [8.5, 4.5, 8.75, 8], "texture": "#0"},
				"up": {"uv": [11.75, 8.25, 11.5, 8], "texture": "#0"},
				"down": {"uv": [8.5, 11.5, 8.25, 11.75], "texture": "#0"}
			}
		},
		{
			"from": [12, -4.75, 14.5],
			"to": [13, 9.5, 15],
			"rotation": {"angle": 0, "axis": "y", "origin": [6, 6.75, 14.75]},
			"faces": {
				"north": {"uv": [5, 8.5, 5.25, 12], "texture": "#0"},
				"east": {"uv": [5.25, 8.5, 5.5, 12], "texture": "#0"},
				"south": {"uv": [5.5, 8.5, 5.75, 12], "texture": "#0"},
				"west": {"uv": [5.75, 8.5, 6, 12], "texture": "#0"},
				"up": {"uv": [11.75, 11, 11.5, 10.75], "texture": "#0"},
				"down": {"uv": [11.25, 11.5, 11, 11.75], "texture": "#0"}
			}
		},
		{
			"from": [4.85, 7.25, 14.5],
			"to": [5.6, 9.5, 15],
			"rotation": {"angle": 0, "axis": "y", "origin": [-0.45, 2.5, 0]},
			"faces": {
				"north": {"uv": [11.25, 9.5, 11.5, 10], "texture": "#0"},
				"east": {"uv": [11.25, 10, 11.5, 10.5], "texture": "#0"},
				"south": {"uv": [11.25, 10.5, 11.5, 11], "texture": "#0"},
				"west": {"uv": [11.25, 11, 11.5, 11.5], "texture": "#0"},
				"up": {"uv": [11.75, 9, 11.5, 8.75], "texture": "#0"},
				"down": {"uv": [11.75, 9, 11.5, 9.25], "texture": "#0"}
			}
		},
		{
			"from": [3.85, 5.25, 14.5],
			"to": [4.85, 9.5, 15],
			"rotation": {"angle": 0, "axis": "y", "origin": [-0.2, 2.5, 0]},
			"faces": {
				"north": {"uv": [11, 3, 11.25, 4], "texture": "#0"},
				"east": {"uv": [3.5, 11, 3.75, 12], "texture": "#0"},
				"south": {"uv": [3.75, 11, 4, 12], "texture": "#0"},
				"west": {"uv": [4, 11, 4.25, 12], "texture": "#0"},
				"up": {"uv": [11.75, 8.5, 11.5, 8.25], "texture": "#0"},
				"down": {"uv": [11.75, 8.5, 11.5, 8.75], "texture": "#0"}
			}
		},
		{
			"from": [8.625, 8.25, 14.5],
			"to": [9.375, 9.5, 15],
			"rotation": {"angle": 0, "axis": "y", "origin": [9.875, 7.625, 14]},
			"faces": {
				"north": {"uv": [11.75, 0, 12, 0.25], "texture": "#0"},
				"east": {"uv": [11.75, 0.25, 12, 0.5], "texture": "#0"},
				"south": {"uv": [11.75, 0.5, 12, 0.75], "texture": "#0"},
				"west": {"uv": [0.75, 11.75, 1, 12], "texture": "#0"},
				"up": {"uv": [12, 1, 11.75, 0.75], "texture": "#0"},
				"down": {"uv": [1.25, 11.75, 1, 12], "texture": "#0"}
			}
		},
		{
			"from": [5.6, 8.25, 14.5],
			"to": [6.35, 9.5, 15],
			"rotation": {"angle": 0, "axis": "y", "origin": [-0.45, 2.5, 0]},
			"faces": {
				"north": {"uv": [11.5, 9.25, 11.75, 9.5], "texture": "#0"},
				"east": {"uv": [11.5, 9.5, 11.75, 9.75], "texture": "#0"},
				"south": {"uv": [11.5, 9.75, 11.75, 10], "texture": "#0"},
				"west": {"uv": [10, 11.5, 10.25, 11.75], "texture": "#0"},
				"up": {"uv": [11.75, 10.25, 11.5, 10], "texture": "#0"},
				"down": {"uv": [10.5, 11.5, 10.25, 11.75], "texture": "#0"}
			}
		},
		{
			"from": [9.375, 7.25, 14.5],
			"to": [10.125, 9.5, 15],
			"rotation": {"angle": 0, "axis": "y", "origin": [9.875, 7.625, 14]},
			"faces": {
				"north": {"uv": [0, 11.5, 0.25, 12], "texture": "#0"},
				"east": {"uv": [11.5, 0, 11.75, 0.5], "texture": "#0"},
				"south": {"uv": [0.25, 11.5, 0.5, 12], "texture": "#0"},
				"west": {"uv": [0.5, 11.5, 0.75, 12], "texture": "#0"},
				"up": {"uv": [12, 1.25, 11.75, 1], "texture": "#0"},
				"down": {"uv": [1.5, 11.75, 1.25, 12], "texture": "#0"}
			}
		},
		{
			"from": [10.125, 5.25, 14.5],
			"to": [11.125, 9.5, 15],
			"rotation": {"angle": 0, "axis": "y", "origin": [9.875, 7.625, 14]},
			"faces": {
				"north": {"uv": [11, 4, 11.25, 5], "texture": "#0"},
				"east": {"uv": [4.25, 11, 4.5, 12], "texture": "#0"},
				"south": {"uv": [4.5, 11, 4.75, 12], "texture": "#0"},
				"west": {"uv": [4.75, 11, 5, 12], "texture": "#0"},
				"up": {"uv": [11.75, 11.5, 11.5, 11.25], "texture": "#0"},
				"down": {"uv": [11.75, 11.5, 11.5, 11.75], "texture": "#0"}
			}
		},
		{
			"from": [0.5, 9.5, 14.5],
			"to": [14.75, 13, 15],
			"rotation": {"angle": 0, "axis": "y", "origin": [7.5, 11, 14]},
			"faces": {
				"north": {"uv": [0, 2, 3.75, 3], "texture": "#0"},
				"east": {"uv": [11, 5, 11.25, 6], "texture": "#0"},
				"south": {"uv": [0, 3, 3.75, 4], "texture": "#0"},
				"west": {"uv": [11, 6, 11.25, 7], "texture": "#0"},
				"up": {"uv": [11.5, 0.25, 7.75, 0], "texture": "#0"},
				"down": {"uv": [11.5, 0.25, 7.75, 0.5], "texture": "#0"}
			}
		},
		{
			"from": [14, 1.25, 0],
			"to": [15, 9.5, 0.5],
			"rotation": {"angle": 0, "axis": "y", "origin": [11.5, 6.75, 0.25]},
			"faces": {
				"north": {"uv": [10, 7, 10.25, 9], "texture": "#0"},
				"east": {"uv": [10, 9, 10.25, 11], "texture": "#0"},
				"south": {"uv": [10.25, 1, 10.5, 3], "texture": "#0"},
				"west": {"uv": [10.25, 3, 10.5, 5], "texture": "#0"},
				"up": {"uv": [1, 11.75, 0.75, 11.5], "texture": "#0"},
				"down": {"uv": [1.25, 11.5, 1, 11.75], "texture": "#0"}
			}
		},
		{
			"from": [13, -1.75, 0],
			"to": [14, 9.5, 0.5],
			"rotation": {"angle": 0, "axis": "y", "origin": [11.5, 6.75, 0.25]},
			"faces": {
				"north": {"uv": [8.75, 4, 9, 6.75], "texture": "#0"},
				"east": {"uv": [8.75, 6.75, 9, 9.5], "texture": "#0"},
				"south": {"uv": [9, 1, 9.25, 3.75], "texture": "#0"},
				"west": {"uv": [3, 9, 3.25, 11.75], "texture": "#0"},
				"up": {"uv": [11.75, 1.25, 11.5, 1], "texture": "#0"},
				"down": {"uv": [1.5, 11.5, 1.25, 11.75], "texture": "#0"}
			}
		},
		{
			"from": [1, -1.75, 0],
			"to": [2, 9.5, 0.5],
			"rotation": {"angle": 0, "axis": "y", "origin": [5.5, 6.75, 0.25]},
			"faces": {
				"north": {"uv": [3.25, 9, 3.5, 11.75], "texture": "#0"},
				"east": {"uv": [9, 3.75, 9.25, 6.5], "texture": "#0"},
				"south": {"uv": [9, 6.5, 9.25, 9.25], "texture": "#0"},
				"west": {"uv": [9.25, 1, 9.5, 3.75], "texture": "#0"},
				"up": {"uv": [7, 11.75, 6.75, 11.5], "texture": "#0"},
				"down": {"uv": [11.75, 6.75, 11.5, 7], "texture": "#0"}
			}
		},
		{
			"from": [12, -4.75, 0],
			"to": [13, 9.5, 0.5],
			"rotation": {"angle": 0, "axis": "y", "origin": [11.5, 6.75, 0.25]},
			"faces": {
				"north": {"uv": [0.75, 8, 1, 11.5], "texture": "#0"},
				"east": {"uv": [8, 1, 8.25, 4.5], "texture": "#0"},
				"south": {"uv": [8, 4.5, 8.25, 8], "texture": "#0"},
				"west": {"uv": [7, 8, 7.25, 11.5], "texture": "#0"},
				"up": {"uv": [11.75, 1.5, 11.5, 1.25], "texture": "#0"},
				"down": {"uv": [1.75, 11.5, 1.5, 11.75], "texture": "#0"}
			}
		},
		{
			"from": [2, -4.75, 0],
			"to": [3, 9.5, 0.5],
			"rotation": {"angle": 0, "axis": "y", "origin": [6.5, 6.75, 0.25]},
			"faces": {
				"north": {"uv": [7.25, 8, 7.5, 11.5], "texture": "#0"},
				"east": {"uv": [7.75, 8, 8, 11.5], "texture": "#0"},
				"south": {"uv": [8, 8, 8.25, 11.5], "texture": "#0"},
				"west": {"uv": [8.25, 1, 8.5, 4.5], "texture": "#0"},
				"up": {"uv": [6.75, 11.75, 6.5, 11.5], "texture": "#0"},
				"down": {"uv": [11.75, 6.5, 11.5, 6.75], "texture": "#0"}
			}
		},
		{
			"from": [0, 1.25, 0],
			"to": [1, 9.5, 0.5],
			"rotation": {"angle": 0, "axis": "y", "origin": [1, 6.75, 0.25]},
			"faces": {
				"north": {"uv": [10.25, 5, 10.5, 7], "texture": "#0"},
				"east": {"uv": [10.25, 7, 10.5, 9], "texture": "#0"},
				"south": {"uv": [10.25, 9, 10.5, 11], "texture": "#0"},
				"west": {"uv": [10.5, 1, 10.75, 3], "texture": "#0"},
				"up": {"uv": [7.25, 11.75, 7, 11.5], "texture": "#0"},
				"down": {"uv": [11.75, 7, 11.5, 7.25], "texture": "#0"}
			}
		},
		{
			"from": [3.875, 5.25, 0],
			"to": [4.875, 9.5, 0.5],
			"rotation": {"angle": 0, "axis": "y", "origin": [-0.175, 2.5, 0]},
			"faces": {
				"north": {"uv": [10.75, 9, 11, 10], "texture": "#0"},
				"east": {"uv": [10.75, 10, 11, 11], "texture": "#0"},
				"south": {"uv": [11, 1, 11.25, 2], "texture": "#0"},
				"west": {"uv": [11, 2, 11.25, 3], "texture": "#0"},
				"up": {"uv": [11.75, 5.75, 11.5, 5.5], "texture": "#0"},
				"down": {"uv": [11.75, 5.75, 11.5, 6], "texture": "#0"}
			}
		},
		{
			"from": [4.875, 7.25, 0],
			"to": [5.625, 9.5, 0.5],
			"rotation": {"angle": 0, "axis": "y", "origin": [-0.425, 2.5, -14.5]},
			"faces": {
				"north": {"uv": [11.25, 7.5, 11.5, 8], "texture": "#0"},
				"east": {"uv": [11.25, 8, 11.5, 8.5], "texture": "#0"},
				"south": {"uv": [11.25, 8.5, 11.5, 9], "texture": "#0"},
				"west": {"uv": [11.25, 9, 11.5, 9.5], "texture": "#0"},
				"up": {"uv": [11.75, 5.25, 11.5, 5], "texture": "#0"},
				"down": {"uv": [11.75, 5.25, 11.5, 5.5], "texture": "#0"}
			}
		},
		{
			"from": [5.625, 8.25, 0],
			"to": [6.375, 9.5, 0.5],
			"rotation": {"angle": 0, "axis": "y", "origin": [-0.425, 2.5, -14.5]},
			"faces": {
				"north": {"uv": [11.5, 3.5, 11.75, 3.75], "texture": "#0"},
				"east": {"uv": [11.5, 3.75, 11.75, 4], "texture": "#0"},
				"south": {"uv": [11.5, 4, 11.75, 4.25], "texture": "#0"},
				"west": {"uv": [11.5, 4.25, 11.75, 4.5], "texture": "#0"},
				"up": {"uv": [11.75, 4.75, 11.5, 4.5], "texture": "#0"},
				"down": {"uv": [11.75, 4.75, 11.5, 5], "texture": "#0"}
			}
		},
		{
			"from": [9.375, 7.25, 0],
			"to": [10.125, 9.5, 0.5],
			"rotation": {"angle": 0, "axis": "y", "origin": [9.875, 7.625, -0.5]},
			"faces": {
				"north": {"uv": [11.25, 6, 11.5, 6.5], "texture": "#0"},
				"east": {"uv": [11.25, 6.5, 11.5, 7], "texture": "#0"},
				"south": {"uv": [11.25, 7, 11.5, 7.5], "texture": "#0"},
				"west": {"uv": [7.5, 11.25, 7.75, 11.75], "texture": "#0"},
				"up": {"uv": [11.75, 2.25, 11.5, 2], "texture": "#0"},
				"down": {"uv": [2.5, 11.5, 2.25, 11.75], "texture": "#0"}
			}
		},
		{
			"from": [8.625, 8.25, 0],
			"to": [9.375, 9.5, 0.5],
			"rotation": {"angle": 0, "axis": "y", "origin": [9.875, 7.625, -0.5]},
			"faces": {
				"north": {"uv": [11.5, 2.25, 11.75, 2.5], "texture": "#0"},
				"east": {"uv": [2.5, 11.5, 2.75, 11.75], "texture": "#0"},
				"south": {"uv": [11.5, 2.5, 11.75, 2.75], "texture": "#0"},
				"west": {"uv": [11.5, 2.75, 11.75, 3], "texture": "#0"},
				"up": {"uv": [11.75, 3.25, 11.5, 3], "texture": "#0"},
				"down": {"uv": [11.75, 3.25, 11.5, 3.5], "texture": "#0"}
			}
		},
		{
			"from": [10.125, 5.25, 0],
			"to": [11.125, 9.5, 0.5],
			"rotation": {"angle": 0, "axis": "y", "origin": [6.425, 7.625, -0.5]},
			"faces": {
				"north": {"uv": [10.75, 5, 11, 6], "texture": "#0"},
				"east": {"uv": [10.75, 6, 11, 7], "texture": "#0"},
				"south": {"uv": [10.75, 7, 11, 8], "texture": "#0"},
				"west": {"uv": [10.75, 8, 11, 9], "texture": "#0"},
				"up": {"uv": [11.75, 2, 11.5, 1.75], "texture": "#0"},
				"down": {"uv": [2.25, 11.5, 2, 11.75], "texture": "#0"}
			}
		},
		{
			"from": [0.5, 9.5, 0],
			"to": [14.75, 13, 0.5],
			"rotation": {"angle": 0, "axis": "y", "origin": [7.5, 11, -0.5]},
			"faces": {
				"north": {"uv": [3.75, 2, 7.5, 3], "texture": "#0"},
				"east": {"uv": [8.5, 11, 8.75, 12], "texture": "#0"},
				"south": {"uv": [3.75, 3, 7.5, 4], "texture": "#0"},
				"west": {"uv": [11, 9, 11.25, 10], "texture": "#0"},
				"up": {"uv": [11.75, 0.75, 8, 0.5], "texture": "#0"},
				"down": {"uv": [11.75, 0.75, 8, 1], "texture": "#0"}
			}
		},
		{
			"from": [11.125, -6.5, 0],
			"to": [12, 9.5, 0.5],
			"rotation": {"angle": 0, "axis": "y", "origin": [4.875, 3.625, 15.25]},
			"faces": {
				"north": {"uv": [3.5, 7, 3.75, 11], "texture": "#0"},
				"east": {"uv": [3.75, 7, 4, 11], "texture": "#0"},
				"south": {"uv": [4, 7, 4.25, 11], "texture": "#0"},
				"west": {"uv": [7, 4, 7.25, 8], "texture": "#0"},
				"up": {"uv": [11.75, 1.75, 11.5, 1.5], "texture": "#0"},
				"down": {"uv": [2, 11.5, 1.75, 11.75], "texture": "#0"}
			}
		},
		{
			"from": [3, -6.5, 0],
			"to": [3.875, 9.5, 0.5],
			"rotation": {"angle": 0, "axis": "y", "origin": [4.75, 3.625, 15.25]},
			"faces": {
				"north": {"uv": [4.25, 7, 4.5, 11], "texture": "#0"},
				"east": {"uv": [4.5, 7, 4.75, 11], "texture": "#0"},
				"south": {"uv": [4.75, 7, 5, 11], "texture": "#0"},
				"west": {"uv": [7.25, 4, 7.5, 8], "texture": "#0"},
				"up": {"uv": [11.75, 6.25, 11.5, 6], "texture": "#0"},
				"down": {"uv": [11.75, 6.25, 11.5, 6.5], "texture": "#0"}
			}
		},
		{
			"from": [14.75, 9.5, 0],
			"to": [15.25, 13, 15],
			"rotation": {"angle": 0, "axis": "y", "origin": [24.75, 9, 7]},
			"faces": {
				"north": {"uv": [10.75, 3, 11, 4], "texture": "#0"},
				"east": {"uv": [0, 0, 3.75, 1], "texture": "#0"},
				"south": {"uv": [10.75, 4, 11, 5], "texture": "#0"},
				"west": {"uv": [0, 1, 3.75, 2], "texture": "#0"},
				"up": {"uv": [3, 11.25, 2.75, 7.5], "texture": "#0"},
				"down": {"uv": [7.75, 4, 7.5, 7.75], "texture": "#0"}
			}
		},
		{
			"from": [14.5, 1.5, 13],
			"to": [15, 9.5, 14.5],
			"rotation": {"angle": 0, "axis": "y", "origin": [-6, 5.5, 2.5]},
			"faces": {
				"north": {"uv": [9.75, 8.5, 10, 10.5], "texture": "#0"},
				"east": {"uv": [5, 6.5, 5.5, 8.5], "texture": "#0"},
				"south": {"uv": [10, 1, 10.25, 3], "texture": "#0"},
				"west": {"uv": [5.5, 6.5, 6, 8.5], "texture": "#0"},
				"up": {"uv": [10.25, 11.5, 10, 11], "texture": "#0"},
				"down": {"uv": [11.25, 10, 11, 10.5], "texture": "#0"}
			}
		},
		{
			"from": [14.5, -0.5, 11.5],
			"to": [15, 9.5, 13],
			"rotation": {"angle": 0, "axis": "y", "origin": [-6, 5.5, 2.5]},
			"faces": {
				"north": {"uv": [9.5, 9.25, 9.75, 11.75], "texture": "#0"},
				"east": {"uv": [5, 4, 5.5, 6.5], "texture": "#0"},
				"south": {"uv": [9.75, 1, 10, 3.5], "texture": "#0"},
				"west": {"uv": [5.5, 4, 6, 6.5], "texture": "#0"},
				"up": {"uv": [10.5, 11.5, 10.25, 11], "texture": "#0"},
				"down": {"uv": [10.75, 11, 10.5, 11.5], "texture": "#0"}
			}
		},
		{
			"from": [14.5, -4.5, 8.5],
			"to": [15, 9.5, 10],
			"rotation": {"angle": 0, "axis": "y", "origin": [-6, 5.5, 2.5]},
			"faces": {
				"north": {"uv": [7.5, 7.75, 7.75, 11.25], "texture": "#0"},
				"east": {"uv": [1, 4, 1.5, 7.5], "texture": "#0"},
				"south": {"uv": [0, 8, 0.25, 11.5], "texture": "#0"},
				"west": {"uv": [1.5, 4, 2, 7.5], "texture": "#0"},
				"up": {"uv": [11.25, 11, 11, 10.5], "texture": "#0"},
				"down": {"uv": [11, 11, 10.75, 11.5], "texture": "#0"}
			}
		},
		{
			"from": [14.5, -6.25, 6.5],
			"to": [15, 9.5, 8.5],
			"rotation": {"angle": 0, "axis": "y", "origin": [-6, 5.5, 2.5]},
			"faces": {
				"north": {"uv": [6, 6.5, 6.25, 10.5], "texture": "#0"},
				"east": {"uv": [0, 4, 0.5, 8], "texture": "#0"},
				"south": {"uv": [6.25, 6.5, 6.5, 10.5], "texture": "#0"},
				"west": {"uv": [0.5, 4, 1, 8], "texture": "#0"},
				"up": {"uv": [11.25, 11.5, 11, 11], "texture": "#0"},
				"down": {"uv": [11.5, 1, 11.25, 1.5], "texture": "#0"}
			}
		},
		{
			"from": [14.5, -4.5, 5],
			"to": [15, 9.5, 6.5],
			"rotation": {"angle": 0, "axis": "y", "origin": [-6, 5.5, 2]},
			"faces": {
				"north": {"uv": [0.25, 8, 0.5, 11.5], "texture": "#0"},
				"east": {"uv": [2, 4, 2.5, 7.5], "texture": "#0"},
				"south": {"uv": [0.5, 8, 0.75, 11.5], "texture": "#0"},
				"west": {"uv": [2.5, 4, 3, 7.5], "texture": "#0"},
				"up": {"uv": [11.5, 2, 11.25, 1.5], "texture": "#0"},
				"down": {"uv": [11.5, 2, 11.25, 2.5], "texture": "#0"}
			}
		},
		{
			"from": [14.5, -2.5, 3.5],
			"to": [15, 9.5, 5],
			"rotation": {"angle": 0, "axis": "y", "origin": [-6, 5.5, 2]},
			"faces": {
				"north": {"uv": [6.5, 8.5, 6.75, 11.5], "texture": "#0"},
				"east": {"uv": [3, 4, 3.5, 7], "texture": "#0"},
				"south": {"uv": [6.75, 8.5, 7, 11.5], "texture": "#0"},
				"west": {"uv": [3.5, 4, 4, 7], "texture": "#0"},
				"up": {"uv": [11.5, 3, 11.25, 2.5], "texture": "#0"},
				"down": {"uv": [3, 11.25, 2.75, 11.75], "texture": "#0"}
			}
		},
		{
			"from": [14.5, -0.5, 2],
			"to": [15, 9.5, 3.5],
			"rotation": {"angle": 0, "axis": "y", "origin": [-6, 5.5, 2]},
			"faces": {
				"north": {"uv": [9.75, 3.5, 10, 6], "texture": "#0"},
				"east": {"uv": [6, 4, 6.5, 6.5], "texture": "#0"},
				"south": {"uv": [9.75, 6, 10, 8.5], "texture": "#0"},
				"west": {"uv": [6.5, 4, 7, 6.5], "texture": "#0"},
				"up": {"uv": [11.5, 3.5, 11.25, 3], "texture": "#0"},
				"down": {"uv": [11.5, 3.5, 11.25, 4], "texture": "#0"}
			}
		},
		{
			"from": [14.5, 1.5, 0.5],
			"to": [15, 9.5, 2],
			"rotation": {"angle": 0, "axis": "y", "origin": [-6, 5.5, 2.25]},
			"faces": {
				"north": {"uv": [10, 3, 10.25, 5], "texture": "#0"},
				"east": {"uv": [6.5, 6.5, 7, 8.5], "texture": "#0"},
				"south": {"uv": [10, 5, 10.25, 7], "texture": "#0"},
				"west": {"uv": [3, 7, 3.5, 9], "texture": "#0"},
				"up": {"uv": [11.5, 4.5, 11.25, 4], "texture": "#0"},
				"down": {"uv": [11.5, 4.5, 11.25, 5], "texture": "#0"}
			}
		},
		{
			"from": [14.5, -2.5, 10],
			"to": [15, 9.5, 11.5],
			"rotation": {"angle": 0, "axis": "y", "origin": [-6, 5.5, 2.5]},
			"faces": {
				"north": {"uv": [8.5, 8, 8.75, 11], "texture": "#0"},
				"east": {"uv": [4, 4, 4.5, 7], "texture": "#0"},
				"south": {"uv": [8.75, 1, 9, 4], "texture": "#0"},
				"west": {"uv": [4.5, 4, 5, 7], "texture": "#0"},
				"up": {"uv": [11.5, 5.5, 11.25, 5], "texture": "#0"},
				"down": {"uv": [11.5, 5.5, 11.25, 6], "texture": "#0"}
			}
		},
		{
			"from": [7.15, 24.075, 6.85],
			"to": [8.15, 27.075, 8.6],
			"faces": {
				"north": {"uv": [0, 3, 1, 6], "texture": "#3"},
				"east": {"uv": [0, 0, 2, 3], "texture": "#3"},
				"south": {"uv": [1, 3, 2, 6], "texture": "#3"},
				"west": {"uv": [2, 0, 4, 3], "texture": "#3"},
				"up": {"uv": [3, 5, 2, 3], "texture": "#3"},
				"down": {"uv": [4, 3, 3, 5], "texture": "#3"}
			}
		},
		{
			"from": [7.15, 28.825, 7.35],
			"to": [8.15, 29.575, 8.1],
			"faces": {
				"north": {"uv": [2, 5, 3, 6], "texture": "#3"},
				"east": {"uv": [5, 2, 6, 3], "texture": "#3"},
				"south": {"uv": [3, 5, 4, 6], "texture": "#3"},
				"west": {"uv": [5, 3, 6, 4], "texture": "#3"},
				"up": {"uv": [6, 5, 5, 4], "texture": "#3"},
				"down": {"uv": [6, 5, 5, 6], "texture": "#3"}
			}
		},
		{
			"from": [7.15, 27.075, 7.1],
			"to": [8.15, 28.825, 8.35],
			"faces": {
				"north": {"uv": [4, 0, 5, 2], "texture": "#3"},
				"east": {"uv": [4, 2, 5, 4], "texture": "#3"},
				"south": {"uv": [4, 4, 5, 6], "texture": "#3"},
				"west": {"uv": [5, 0, 6, 2], "texture": "#3"},
				"up": {"uv": [4, 7, 3, 6], "texture": "#3"},
				"down": {"uv": [7, 3, 6, 4], "texture": "#3"}
			}
		},
		{
			"from": [7.15, 23.275, 7.2],
			"to": [8.15, 24.125, 8.25],
			"faces": {
				"north": {"uv": [0, 6, 1, 7], "texture": "#3"},
				"east": {"uv": [6, 0, 7, 1], "texture": "#3"},
				"south": {"uv": [1, 6, 2, 7], "texture": "#3"},
				"west": {"uv": [6, 1, 7, 2], "texture": "#3"},
				"up": {"uv": [3, 7, 2, 6], "texture": "#3"},
				"down": {"uv": [7, 2, 6, 3], "texture": "#3"}
			}
		}
	],
	"display": {
		"thirdperson_righthand": {
			"rotation": [-176.04, -84.81, 126],
			"translation": [0, 3, 1],
			"scale": [0.52852, 0.3332, 0.45234]
		},
		"thirdperson_lefthand": {
			"rotation": [-175.8, -84.8, 126.59],
			"translation": [0, 3, 1],
			"scale": [0.52852, 0.29414, 0.45234]
		},
		"firstperson_righthand": {
			"rotation": [167, -70.5, 174],
			"translation": [1.13, 0.7, 1.13],
			"scale": [0.68, 0.36945, 0.58039]
		},
		"firstperson_lefthand": {
			"rotation": [-180, -57.5, 174],
			"translation": [1.13, 2.2, 1.13],
			"scale": [0.68, 0.36945, 0.58039]
		},
		"ground": {
			"scale": [0.4082, 0.28906, 0.38867]
		},
		"gui": {
			"rotation": [0, 89.5, 0],
			"translation": [0, -0.75, 0],
			"scale": [0.72461, 0.36133, 0.58398]
		},
		"head": {
			"rotation": [0, -90, 0],
			"translation": [-0.5, 0.25, 0.25],
			"scale": [0.91797, 0.88281, 0.93945]
		},
		"fixed": {
			"rotation": [0, -90, 0],
			"translation": [0, 0, -0.75],
			"scale": [0.50391, 0.37695, 0.51563]
		}
	},
	"groups": [
		{
			"name": "Persian Helmet",
			"origin": [8, 8, 8],
			"color": 0,
			"children": [
				{
					"name": "Base Helmet",
					"origin": [0, 0, 0],
					"color": 0,
					"children": [0, 1, 2, 3, 4, 5]
				},
				{
					"name": "Upward Thing",
					"origin": [8, 8, 8],
					"color": 0,
					"children": [6, 7, 8, 9, 10, 11, 12, 13, 14, 15, 16, 17, 18, 19, 20, 21, 22, 23, 24, 25, 26, 27, 28, 29]
				},
				{
					"name": "Right Side mesh thing",
					"origin": [8, 8, 8],
					"color": 0,
					"children": [30, 31, 32, 33, 34, 35, 36, 37, 38, 39, 40, 41, 42, 43, 44]
				},
				{
					"name": "Left Side mesh thing",
					"origin": [8, 8, 8],
					"color": 0,
					"children": [45, 46, 47, 48, 49, 50, 51, 52, 53, 54, 55, 56, 57, 58, 59]
				},
				{
					"name": "Back side mesh thing",
					"origin": [8, 8, 8],
					"color": 0,
					"children": [60, 61, 62, 63, 64, 65, 66, 67, 68, 69]
				},
				{
					"name": "Pointy thing on top",
					"origin": [8, 8, 8],
					"color": 9,
					"children": [70, 71, 72, 73]
				}
			]
		}
	]
}