{
	"credit": "Made with Blockbench",
	"texture_size": [128, 128],
	"textures": {
		"0": "concrete:helmets/pole_helm",
		"particle": "concrete:helmets/pole_helm"
	},
	"elements": [
		{
			"name": "head",
			"from": [4.29661, 13.18518, 4.29661],
			"to": [11.70339, 14.94258, 11.70339],
			"rotation": {"angle": 0, "axis": "y", "origin": [0.59322, 0.13166, 15.40678]},
			"faces": {
				"north": {"uv": [3.875, 0.5, 4.8125, 0.71875], "texture": "#0"},
				"east": {"uv": [4.5, 0.75, 5.4375, 0.96875], "texture": "#0"},
				"south": {"uv": [4.5, 1, 5.4375, 1.21875], "texture": "#0"},
				"west": {"uv": [4.5, 1.25, 5.4375, 1.46875], "texture": "#0"},
				"up": {"uv": [2.0625, 0.9375, 1.125, 0], "texture": "#0"},
				"down": {"uv": [2.0625, 1, 1.125, 1.9375], "texture": "#0"}
			}
		},
		{
			"name": "head",
			"from": [4.44474, 13.62158, 4.44474],
			"to": [11.55526, 15.30868, 11.55526],
			"rotation": {"angle": 0, "axis": "y", "origin": [0.88949, 0.7371, 15.11051]},
			"faces": {
				"north": {"uv": [3.5, 4.625, 4.375, 4.84375], "texture": "#0"},
				"east": {"uv": [4.375, 4.625, 5.25, 4.84375], "texture": "#0"},
				"south": {"uv": [4.75, 1.5, 5.625, 1.71875], "texture": "#0"},
				"west": {"uv": [4.75, 1.75, 5.625, 1.96875], "texture": "#0"},
				"up": {"uv": [2, 2.875, 1.125, 2], "texture": "#0"},
				"down": {"uv": [2.875, 2, 2, 2.875], "texture": "#0"}
			}
		},
		{
			"name": "head",
			"from": [4.65806, 14.20719, 4.65806],
			"to": [11.34194, 15.79307, 11.34194],
			"rotation": {"angle": 0, "axis": "y", "origin": [1.31612, 1.57255, 14.68388]},
			"faces": {
				"north": {"uv": [4.875, 3.25, 5.71875, 3.4375], "texture": "#0"},
				"east": {"uv": [3.5, 4.875, 4.34375, 5.0625], "texture": "#0"},
				"south": {"uv": [4.875, 3.5, 5.71875, 3.6875], "texture": "#0"},
				"west": {"uv": [4.875, 3.75, 5.71875, 3.9375], "texture": "#0"},
				"up": {"uv": [2.96875, 0.84375, 2.125, 0], "texture": "#0"},
				"down": {"uv": [2.96875, 0.875, 2.125, 1.71875], "texture": "#0"}
			}
		},
		{
			"name": "head",
			"from": [4.85858, 14.78977, 4.85858],
			"to": [11.14142, 16.2805, 11.14142],
			"rotation": {"angle": 0, "axis": "y", "origin": [1.71715, 2.41672, 14.28285]},
			"faces": {
				"north": {"uv": [0.875, 5, 1.65625, 5.1875], "texture": "#0"},
				"east": {"uv": [3.5, 5.125, 4.28125, 5.3125], "texture": "#0"},
				"south": {"uv": [4.375, 5.125, 5.15625, 5.3125], "texture": "#0"},
				"west": {"uv": [0, 5.25, 0.78125, 5.4375], "texture": "#0"},
				"up": {"uv": [3.03125, 3.65625, 2.25, 2.875], "texture": "#0"},
				"down": {"uv": [3.78125, 0, 3, 0.78125], "texture": "#0"}
			}
		},
		{
			"name": "head",
			"from": [5.04706, 15.34274, 5.04706],
			"to": [10.95294, 16.74402, 10.95294],
			"rotation": {"angle": 0, "axis": "y", "origin": [2.09412, 3.31618, 13.90588]},
			"faces": {
				"north": {"uv": [2.125, 1.75, 2.875, 1.9375], "texture": "#0"},
				"east": {"uv": [0.875, 5.25, 1.625, 5.4375], "texture": "#0"},
				"south": {"uv": [1, 5.5, 1.75, 5.6875], "texture": "#0"},
				"west": {"uv": [5.5, 1, 6.25, 1.1875], "texture": "#0"},
				"up": {"uv": [3.75, 1.625, 3, 0.875], "texture": "#0"},
				"down": {"uv": [3.875, 2.75, 3.125, 3.5], "texture": "#0"}
			}
		},
		{
			"name": "head",
			"from": [5.34236, 15.8408, 5.34236],
			"to": [10.65764, 17.10196, 10.65764],
			"rotation": {"angle": 0, "axis": "y", "origin": [2.68471, 4.6424, 13.31529]},
			"faces": {
				"north": {"uv": [3.375, 6.125, 4.03125, 6.28125], "texture": "#0"},
				"east": {"uv": [0, 6.25, 0.65625, 6.40625], "texture": "#0"},
				"south": {"uv": [0.75, 6.25, 1.40625, 6.40625], "texture": "#0"},
				"west": {"uv": [6.25, 1, 6.90625, 1.15625], "texture": "#0"},
				"up": {"uv": [4.40625, 1.53125, 3.75, 0.875], "texture": "#0"},
				"down": {"uv": [2.90625, 3.75, 2.25, 4.40625], "texture": "#0"}
			}
		},
		{
			"name": "head",
			"from": [5.76758, 16.4767, 5.76758],
			"to": [10.23242, 17.53607, 10.23242],
			"rotation": {"angle": 0, "axis": "y", "origin": [3.53516, 6.63775, 12.46484]},
			"faces": {
				"north": {"uv": [3, 1.625, 3.5625, 1.75], "texture": "#0"},
				"east": {"uv": [3.875, 0.75, 4.4375, 0.875], "texture": "#0"},
				"south": {"uv": [2, 5.75, 2.5625, 5.875], "texture": "#0"},
				"west": {"uv": [6.25, 1.25, 6.8125, 1.375], "texture": "#0"},
				"up": {"uv": [1.0625, 4.9375, 0.5, 4.375], "texture": "#0"},
				"down": {"uv": [1.6875, 4.375, 1.125, 4.9375], "texture": "#0"}
			}
		},
		{
			"name": "head",
			"from": [6.12477, 17.0162, 6.12477],
			"to": [9.87523, 17.90607, 9.87523],
			"rotation": {"angle": 0, "axis": "y", "origin": [4.24953, 8.38233, 11.75047]},
			"faces": {
				"north": {"uv": [3, 5.25, 3.46875, 5.375], "texture": "#0"},
				"east": {"uv": [4.5, 5.625, 4.96875, 5.75], "texture": "#0"},
				"south": {"uv": [6.75, 5.5, 7.21875, 5.625], "texture": "#0"},
				"west": {"uv": [6.75, 5.625, 7.21875, 5.75], "texture": "#0"},
				"up": {"uv": [4.84375, 4.09375, 4.375, 3.625], "texture": "#0"},
				"down": {"uv": [4.84375, 4.125, 4.375, 4.59375], "texture": "#0"}
			}
		},
		{
			"name": "head",
			"from": [6.49981, 17.55993, 6.49981],
			"to": [9.50019, 18.27183, 9.50019],
			"rotation": {"angle": 0, "axis": "y", "origin": [4.99963, 10.30509, 11.00037]},
			"faces": {
				"north": {"uv": [4.875, 4.5, 5.25, 4.59375], "texture": "#0"},
				"east": {"uv": [7, 2.75, 7.375, 2.84375], "texture": "#0"},
				"south": {"uv": [7.125, 4, 7.5, 4.09375], "texture": "#0"},
				"west": {"uv": [7.125, 4.125, 7.5, 4.21875], "texture": "#0"},
				"up": {"uv": [1.125, 2.625, 0.75, 2.25], "texture": "#0"},
				"down": {"uv": [3.875, 4.25, 3.5, 4.625], "texture": "#0"}
			}
		},
		{
			"name": "head",
			"from": [6.85986, 18.10011, 6.85986],
			"to": [9.14014, 18.64115, 9.14014],
			"rotation": {"angle": 0, "axis": "y", "origin": [5.71972, 12.26008, 10.28028]},
			"faces": {
				"north": {"uv": [7.875, 1.25, 8.15625, 1.3125], "texture": "#0"},
				"east": {"uv": [7.875, 1.375, 8.15625, 1.4375], "texture": "#0"},
				"south": {"uv": [1.5, 7.875, 1.78125, 7.9375], "texture": "#0"},
				"west": {"uv": [7.875, 1.5, 8.15625, 1.5625], "texture": "#0"},
				"up": {"uv": [6.65625, 6.53125, 6.375, 6.25], "texture": "#0"},
				"down": {"uv": [0.28125, 6.5, 0, 6.78125], "texture": "#0"}
			}
		},
		{
			"name": "head",
			"from": [7.31591, 17.70007, 7.31591],
			"to": [8.68409, 19.09469, 8.68409],
			"rotation": {"angle": 0, "axis": "y", "origin": [6.63183, 14.9611, 9.36817]},
			"faces": {
				"north": {"uv": [7.25, 2.25, 7.40625, 2.4375], "texture": "#0"},
				"east": {"uv": [7.25, 2.5, 7.40625, 2.6875], "texture": "#0"},
				"south": {"uv": [7.25, 3.25, 7.40625, 3.4375], "texture": "#0"},
				"west": {"uv": [7.25, 5.5, 7.40625, 5.6875], "texture": "#0"},
				"up": {"uv": [3.65625, 7.78125, 3.5, 7.625], "texture": "#0"},
				"down": {"uv": [3.90625, 7.625, 3.75, 7.78125], "texture": "#0"}
			}
		},
		{
			"name": "head",
			"from": [7.31591, 18.10007, 7.31591],
			"to": [8.68409, 19.49469, 8.68409],
			"rotation": {"angle": -45, "axis": "y", "origin": [8, 18.79738, 8]},
			"faces": {
				"north": {"uv": [2, 7.375, 2.15625, 7.5625], "texture": "#0"},
				"east": {"uv": [2.25, 7.375, 2.40625, 7.5625], "texture": "#0"},
				"south": {"uv": [2.5, 7.375, 2.65625, 7.5625], "texture": "#0"},
				"west": {"uv": [2.75, 7.375, 2.90625, 7.5625], "texture": "#0"},
				"up": {"uv": [7.78125, 4.03125, 7.625, 3.875], "texture": "#0"},
				"down": {"uv": [7.78125, 4.5, 7.625, 4.65625], "texture": "#0"}
			}
		},
		{
			"name": "head",
			"from": [8.76831, 12.8854, 4.29661],
			"to": [10.35684, 14.03951, 11.70636],
			"rotation": {"angle": 22.5, "axis": "z", "origin": [8.7467, 17.94308, 8.52118]},
			"faces": {
				"north": {"uv": [3, 7.375, 3.1875, 7.53125], "texture": "#0"},
				"east": {"uv": [5.25, 4.5, 6.1875, 4.65625], "texture": "#0"},
				"south": {"uv": [3.25, 7.375, 3.4375, 7.53125], "texture": "#0"},
				"west": {"uv": [5.25, 4.75, 6.1875, 4.90625], "texture": "#0"},
				"up": {"uv": [2.4375, 5.4375, 2.25, 4.5], "texture": "#0"},
				"down": {"uv": [2.6875, 4.5, 2.5, 5.4375], "texture": "#0"}
			}
		},
		{
			"name": "head",
			"from": [8.86831, 12.8854, 7.29661],
			"to": [10.55684, 16.33951, 8.60636],
			"rotation": {"angle": 22.5, "axis": "z", "origin": [8.8467, 17.94308, 8.52118]},
			"faces": {
				"north": {"uv": [2, 4.875, 2.21875, 5.3125], "texture": "#0"},
				"east": {"uv": [0.375, 6.5, 0.53125, 6.9375], "texture": "#0"},
				"south": {"uv": [4.125, 6.125, 4.34375, 6.5625], "texture": "#0"},
				"west": {"uv": [0.625, 6.5, 0.78125, 6.9375], "texture": "#0"},
				"up": {"uv": [7.34375, 6.03125, 7.125, 5.875], "texture": "#0"},
				"down": {"uv": [7.34375, 6.125, 7.125, 6.28125], "texture": "#0"}
			}
		},
		{
			"name": "head",
			"from": [3.64863, 12.61509, 3.57161],
			"to": [12.36215, 13.97484, 12.37571],
			"rotation": {"angle": 0, "axis": "y", "origin": [10.65201, 17.63966, 2.29303]},
			"faces": {
				"north": {"uv": [4.875, 0.5, 5.96875, 0.65625], "texture": "#0"},
				"east": {"uv": [4.875, 2.5, 5.96875, 2.65625], "texture": "#0"},
				"south": {"uv": [4.875, 2.75, 5.96875, 2.90625], "texture": "#0"},
				"west": {"uv": [4.875, 3, 5.96875, 3.15625], "texture": "#0"},
				"up": {"uv": [1.09375, 1.09375, 0, 0], "texture": "#0"},
				"down": {"uv": [1.09375, 1.125, 0, 2.21875], "texture": "#0"}
			}
		},
		{
			"name": "head",
			"from": [8.37787, 16.01319, 7.29661],
			"to": [10.06639, 19.36729, 8.60636],
			"rotation": {"angle": 45, "axis": "z", "origin": [9.22213, 17.74024, 7.95148]},
			"faces": {
				"north": {"uv": [5.375, 6.25, 5.59375, 6.65625], "texture": "#0"},
				"east": {"uv": [6.625, 4, 6.78125, 4.40625], "texture": "#0"},
				"south": {"uv": [5.625, 6.25, 5.84375, 6.65625], "texture": "#0"},
				"west": {"uv": [6.625, 5.75, 6.78125, 6.15625], "texture": "#0"},
				"up": {"uv": [6.59375, 7.28125, 6.375, 7.125], "texture": "#0"},
				"down": {"uv": [6.84375, 7.125, 6.625, 7.28125], "texture": "#0"}
			}
		},
		{
			"name": "head",
			"from": [5.93361, 16.01319, 7.29661],
			"to": [7.62213, 19.36729, 8.60636],
			"rotation": {"angle": -45, "axis": "z", "origin": [6.77787, 17.74024, 7.95148]},
			"faces": {
				"north": {"uv": [5.875, 6.25, 6.09375, 6.65625], "texture": "#0"},
				"east": {"uv": [6.375, 6.625, 6.53125, 7.03125], "texture": "#0"},
				"south": {"uv": [6.125, 6.25, 6.34375, 6.65625], "texture": "#0"},
				"west": {"uv": [6.625, 6.625, 6.78125, 7.03125], "texture": "#0"},
				"up": {"uv": [7.34375, 6.78125, 7.125, 6.625], "texture": "#0"},
				"down": {"uv": [7.09375, 7.125, 6.875, 7.28125], "texture": "#0"}
			}
		},
		{
			"name": "head",
			"from": [5.44316, 12.8854, 7.29661],
			"to": [7.13169, 16.33951, 8.60636],
			"rotation": {"angle": -22.5, "axis": "z", "origin": [7.1533, 17.94308, 8.52118]},
			"faces": {
				"north": {"uv": [4.375, 6.25, 4.59375, 6.6875], "texture": "#0"},
				"east": {"uv": [0.875, 6.5, 1.03125, 6.9375], "texture": "#0"},
				"south": {"uv": [6.25, 4.5, 6.46875, 4.9375], "texture": "#0"},
				"west": {"uv": [1.125, 6.5, 1.28125, 6.9375], "texture": "#0"},
				"up": {"uv": [7.34375, 7.03125, 7.125, 6.875], "texture": "#0"},
				"down": {"uv": [7.34375, 7.125, 7.125, 7.28125], "texture": "#0"}
			}
		},
		{
			"name": "head",
			"from": [7.25886, 16.01319, 5.89883],
			"to": [8.56861, 19.36729, 7.58735],
			"rotation": {"angle": 45, "axis": "x", "origin": [7.91374, 17.74024, 6.74309]},
			"faces": {
				"north": {"uv": [6.75, 0, 6.90625, 0.40625], "texture": "#0"},
				"east": {"uv": [1.5, 6.375, 1.71875, 6.78125], "texture": "#0"},
				"south": {"uv": [6.75, 1.375, 6.90625, 1.78125], "texture": "#0"},
				"west": {"uv": [1.75, 6.375, 1.96875, 6.78125], "texture": "#0"},
				"up": {"uv": [7.40625, 0.21875, 7.25, 0], "texture": "#0"},
				"down": {"uv": [0.40625, 7.25, 0.25, 7.46875], "texture": "#0"}
			}
		},
		{
			"name": "head",
			"from": [7.25886, 12.8854, 5.40839],
			"to": [8.56861, 16.33951, 7.09691],
			"rotation": {"angle": 22.5, "axis": "x", "origin": [8.48344, 17.94308, 7.11852]},
			"faces": {
				"north": {"uv": [6.5, 1.375, 6.65625, 1.8125], "texture": "#0"},
				"east": {"uv": [4.625, 6.25, 4.84375, 6.6875], "texture": "#0"},
				"south": {"uv": [6.5, 4.5, 6.65625, 4.9375], "texture": "#0"},
				"west": {"uv": [4.875, 6.25, 5.09375, 6.6875], "texture": "#0"},
				"up": {"uv": [7.40625, 0.46875, 7.25, 0.25], "texture": "#0"},
				"down": {"uv": [7.40625, 0.5, 7.25, 0.71875], "texture": "#0"}
			}
		},
		{
			"name": "head",
			"from": [7.784, 13.47029, 3.54972],
			"to": [8.01875, 16.92439, 10.88824],
			"rotation": {"angle": 0, "axis": "y", "origin": [7.91374, 15.19734, 5.04398]},
			"faces": {
				"north": {"uv": [1.25, 8, 1.28125, 8.4375], "texture": "#0"},
				"east": {"uv": [3.625, 1.625, 4.71875, 2.0625], "texture": "#0"},
				"south": {"uv": [1.5, 8, 1.53125, 8.4375], "texture": "#0"},
				"west": {"uv": [3.625, 2.125, 4.71875, 2.5625], "texture": "#0"},
				"up": {"uv": [4.15625, 8.21875, 4.125, 7.125], "texture": "#0"},
				"down": {"uv": [6.03125, 7.125, 6, 8.21875], "texture": "#0"}
			}
		},
		{
			"name": "head",
			"from": [7.789, 13.47029, 5.64972],
			"to": [8.02375, 16.92439, 12.38824],
			"rotation": {"angle": 0, "axis": "y", "origin": [7.91374, 15.19734, 5.04398]},
			"faces": {
				"north": {"uv": [1.25, 8, 1.28125, 8.4375], "texture": "#0"},
				"east": {"uv": [3.625, 1.625, 4.71875, 2.0625], "texture": "#0"},
				"south": {"uv": [1.5, 8, 1.53125, 8.4375], "texture": "#0"},
				"west": {"uv": [3.625, 2.125, 4.71875, 2.5625], "texture": "#0"},
				"up": {"uv": [4.15625, 8.21875, 4.125, 7.125], "texture": "#0"},
				"down": {"uv": [6.03125, 7.125, 6, 8.21875], "texture": "#0"}
			}
		},
		{
			"name": "head",
			"from": [7.785, 15.10175, 3.87424],
			"to": [8.01975, 18.55585, 11.68776],
			"rotation": {"angle": 22.5, "axis": "x", "origin": [7.90124, 16.8288, 8.2935]},
			"faces": {
				"north": {"uv": [1.625, 8, 1.65625, 8.4375], "texture": "#0"},
				"east": {"uv": [3.875, 0, 4.84375, 0.4375], "texture": "#0"},
				"south": {"uv": [1.75, 8, 1.78125, 8.4375], "texture": "#0"},
				"west": {"uv": [0.75, 3.875, 1.71875, 4.3125], "texture": "#0"},
				"up": {"uv": [1.40625, 8.21875, 1.375, 7.25], "texture": "#0"},
				"down": {"uv": [4.28125, 7.25, 4.25, 8.21875], "texture": "#0"}
			}
		},
		{
			"name": "head",
			"from": [7.786, 13.26034, 6.2351],
			"to": [8.02075, 21.07386, 9.5892],
			"rotation": {"angle": -22.5, "axis": "x", "origin": [7.90124, 17.1671, 7.96219]},
			"faces": {
				"north": {"uv": [4.375, 7.25, 4.40625, 8.21875], "texture": "#0"},
				"east": {"uv": [1.75, 3.875, 2.15625, 4.84375], "texture": "#0"},
				"south": {"uv": [5.375, 7.25, 5.40625, 8.21875], "texture": "#0"},
				"west": {"uv": [3.875, 3.625, 4.28125, 4.59375], "texture": "#0"},
				"up": {"uv": [8.15625, 8.28125, 8.125, 7.875], "texture": "#0"},
				"down": {"uv": [8.03125, 8.125, 8, 8.53125], "texture": "#0"}
			}
		},
		{
			"name": "head",
			"from": [7.787, 13.26034, 6.36076],
			"to": [8.02175, 21.07386, 9.71486],
			"rotation": {"angle": 22.5, "axis": "x", "origin": [7.90124, 17.1671, 7.98781]},
			"faces": {
				"north": {"uv": [5.5, 7.25, 5.53125, 8.21875], "texture": "#0"},
				"east": {"uv": [0, 4, 0.40625, 4.96875], "texture": "#0"},
				"south": {"uv": [5.625, 7.25, 5.65625, 8.21875], "texture": "#0"},
				"west": {"uv": [3, 4.25, 3.40625, 5.21875], "texture": "#0"},
				"up": {"uv": [0.03125, 8.65625, 0, 8.25], "texture": "#0"},
				"down": {"uv": [0.15625, 8.25, 0.125, 8.65625], "texture": "#0"}
			}
		},
		{
			"name": "head",
			"from": [7.788, 15.10175, 4.38724],
			"to": [8.02275, 18.55585, 12.07576],
			"rotation": {"angle": -22.5, "axis": "x", "origin": [7.90124, 16.8288, 7.6565]},
			"faces": {
				"north": {"uv": [6.625, 8, 6.65625, 8.4375], "texture": "#0"},
				"east": {"uv": [3.875, 2.625, 4.84375, 3.0625], "texture": "#0"},
				"south": {"uv": [6.75, 8, 6.78125, 8.4375], "texture": "#0"},
				"west": {"uv": [3.875, 3.125, 4.84375, 3.5625], "texture": "#0"},
				"up": {"uv": [5.78125, 8.21875, 5.75, 7.25], "texture": "#0"},
				"down": {"uv": [5.90625, 7.25, 5.875, 8.21875], "texture": "#0"}
			}
		},
		{
			"name": "head",
			"from": [7.35886, 11.21828, 3.77457],
			"to": [8.46861, 12.97238, 4.91309],
			"rotation": {"angle": 22.5, "axis": "z", "origin": [7.91374, 11.24533, 4.41883]},
			"faces": {
				"north": {"uv": [3, 3.75, 3.125, 3.96875], "texture": "#0"},
				"east": {"uv": [0.5, 4, 0.71875, 4.21875], "texture": "#0"},
				"south": {"uv": [3, 4, 3.125, 4.21875], "texture": "#0"},
				"west": {"uv": [6.875, 3.75, 7.09375, 3.96875], "texture": "#0"},
				"up": {"uv": [1.75, 5.46875, 1.625, 5.25], "texture": "#0"},
				"down": {"uv": [4.125, 6.375, 4, 6.59375], "texture": "#0"}
			}
		},
		{
			"name": "head",
			"from": [7.8691, 10.90313, 3.77457],
			"to": [8.57885, 11.65723, 4.91309],
			"rotation": {"angle": 45, "axis": "z", "origin": [8.42398, 10.78018, 4.34383]},
			"faces": {
				"north": {"uv": [3, 3.75, 3.125, 3.96875], "texture": "#0"},
				"east": {"uv": [0.5, 4, 0.71875, 4.21875], "texture": "#0"},
				"south": {"uv": [3, 4, 3.125, 4.21875], "texture": "#0"},
				"west": {"uv": [6.875, 3.75, 7.09375, 3.96875], "texture": "#0"},
				"up": {"uv": [1.75, 5.46875, 1.625, 5.25], "texture": "#0"},
				"down": {"uv": [4.125, 6.375, 4, 6.59375], "texture": "#0"}
			}
		},
		{
			"name": "head",
			"from": [7.74468, 10.75166, 3.77457],
			"to": [8.85443, 11.30576, 4.91309],
			"rotation": {"angle": -45, "axis": "z", "origin": [8.29955, 11.62871, 4.34383]},
			"faces": {
				"north": {"uv": [3, 3.96875, 3.125, 3.75], "texture": "#0"},
				"east": {"uv": [0.5, 4.21875, 0.71875, 4], "texture": "#0"},
				"south": {"uv": [3, 4.21875, 3.125, 4], "texture": "#0"},
				"west": {"uv": [6.875, 3.96875, 7.09375, 3.75], "texture": "#0"},
				"up": {"uv": [4.125, 6.59375, 4, 6.375], "texture": "#0"},
				"down": {"uv": [1.75, 5.25, 1.625, 5.46875], "texture": "#0"}
			}
		},
		{
			"name": "head",
			"from": [6.73358, 11.75358, 3.77457],
			"to": [7.84333, 13.50768, 4.91309],
			"rotation": {"angle": 45, "axis": "z", "origin": [7.28846, 12.63063, 4.41883]},
			"faces": {
				"north": {"uv": [7.5, 2.25, 7.625, 2.46875], "texture": "#0"},
				"east": {"uv": [6.875, 4, 7.09375, 4.21875], "texture": "#0"},
				"south": {"uv": [7.5, 2.5, 7.625, 2.71875], "texture": "#0"},
				"west": {"uv": [6.875, 4.25, 7.09375, 4.46875], "texture": "#0"},
				"up": {"uv": [7.625, 3.09375, 7.5, 2.875], "texture": "#0"},
				"down": {"uv": [7.625, 3.125, 7.5, 3.34375], "texture": "#0"}
			}
		},
		{
			"name": "head",
			"from": [4.40269, 12.33182, 3.79957],
			"to": [6.15679, 13.44157, 5.48809],
			"rotation": {"angle": 22.5, "axis": "z", "origin": [4.96154, 12.78063, 4.64383]},
			"faces": {
				"north": {"uv": [2.875, 2.75, 3.09375, 2.875], "texture": "#0"},
				"east": {"uv": [3.625, 2.625, 3.84375, 2.75], "texture": "#0"},
				"south": {"uv": [0.5, 4.25, 0.71875, 4.375], "texture": "#0"},
				"west": {"uv": [4.5, 1.5, 4.71875, 1.625], "texture": "#0"},
				"up": {"uv": [7.09375, 5.21875, 6.875, 5], "texture": "#0"},
				"down": {"uv": [7.09375, 5.25, 6.875, 5.46875], "texture": "#0"}
			}
		},
		{
			"name": "head",
			"from": [4.35789, 11.84401, 3.79957],
			"to": [5.46764, 13.59811, 5.48809],
			"rotation": {"angle": -45, "axis": "z", "origin": [4.93654, 13.05563, 4.64383]},
			"faces": {
				"north": {"uv": [7.5, 4, 7.625, 4.21875], "texture": "#0"},
				"east": {"uv": [5.375, 6.875, 5.59375, 7.09375], "texture": "#0"},
				"south": {"uv": [4.5, 7.5, 4.625, 7.71875], "texture": "#0"},
				"west": {"uv": [5.625, 6.875, 5.84375, 7.09375], "texture": "#0"},
				"up": {"uv": [7.625, 4.71875, 7.5, 4.5], "texture": "#0"},
				"down": {"uv": [4.75, 7.5, 4.625, 7.71875], "texture": "#0"}
			}
		},
		{
			"name": "head",
			"from": [10.53236, 11.84401, 3.79957],
			"to": [11.64211, 13.59811, 5.48809],
			"rotation": {"angle": 45, "axis": "z", "origin": [11.06346, 13.05563, 4.64383]},
			"faces": {
				"north": {"uv": [4.75, 7.5, 4.875, 7.71875], "texture": "#0"},
				"east": {"uv": [6.875, 5.75, 7.09375, 5.96875], "texture": "#0"},
				"south": {"uv": [7.5, 4.75, 7.625, 4.96875], "texture": "#0"},
				"west": {"uv": [5.875, 6.875, 6.09375, 7.09375], "texture": "#0"},
				"up": {"uv": [5, 7.71875, 4.875, 7.5], "texture": "#0"},
				"down": {"uv": [5.125, 7.5, 5, 7.71875], "texture": "#0"}
			}
		},
		{
			"name": "head",
			"from": [11.86438, 6.32867, 11.55102],
			"to": [12.37413, 7.81719, 12.48012],
			"rotation": {"angle": -22.5, "axis": "y", "origin": [12.11926, 7.07293, 12.31557]},
			"faces": {
				"north": {"uv": [1.125, 8.25, 1.1875, 8.4375], "texture": "#0"},
				"east": {"uv": [6.625, 7.625, 6.75, 7.8125], "texture": "#0"},
				"south": {"uv": [8.25, 1.25, 8.3125, 1.4375], "texture": "#0"},
				"west": {"uv": [6.75, 7.625, 6.875, 7.8125], "texture": "#0"},
				"up": {"uv": [4.8125, 2.625, 4.75, 2.5], "texture": "#0"},
				"down": {"uv": [2.6875, 5.75, 2.625, 5.875], "texture": "#0"}
			}
		},
		{
			"name": "head",
			"from": [11.10048, 6.32867, 12.25256],
			"to": [12.22958, 7.81719, 12.76231],
			"rotation": {"angle": 22.5, "axis": "y", "origin": [11.76503, 7.07293, 12.50743]},
			"faces": {
				"north": {"uv": [3.625, 7.375, 3.78125, 7.5625], "texture": "#0"},
				"east": {"uv": [1.375, 8.25, 1.4375, 8.4375], "texture": "#0"},
				"south": {"uv": [7.375, 3.75, 7.53125, 3.9375], "texture": "#0"},
				"west": {"uv": [1.875, 8.25, 1.9375, 8.4375], "texture": "#0"},
				"up": {"uv": [8.28125, 3.5625, 8.125, 3.5], "texture": "#0"},
				"down": {"uv": [8.40625, 2.75, 8.25, 2.8125], "texture": "#0"}
			}
		},
		{
			"name": "head",
			"from": [11.66438, 6.92867, 11.25102],
			"to": [12.17413, 8.41719, 12.18012],
			"rotation": {"angle": -22.5, "axis": "y", "origin": [11.91926, 7.67293, 12.01557]},
			"faces": {
				"north": {"uv": [2.375, 8.25, 2.4375, 8.4375], "texture": "#0"},
				"east": {"uv": [7, 7.625, 7.125, 7.8125], "texture": "#0"},
				"south": {"uv": [3.5, 8.25, 3.5625, 8.4375], "texture": "#0"},
				"west": {"uv": [7.625, 7, 7.75, 7.1875], "texture": "#0"},
				"up": {"uv": [1.5625, 6.375, 1.5, 6.25], "texture": "#0"},
				"down": {"uv": [6.5625, 1.875, 6.5, 2], "texture": "#0"}
			}
		},
		{
			"name": "head",
			"from": [10.90048, 6.92867, 11.95256],
			"to": [12.02958, 8.41719, 12.46231],
			"rotation": {"angle": 22.5, "axis": "y", "origin": [11.56503, 7.67293, 12.20743]},
			"faces": {
				"north": {"uv": [3.875, 7.375, 4.03125, 7.5625], "texture": "#0"},
				"east": {"uv": [3.625, 8.25, 3.6875, 8.4375], "texture": "#0"},
				"south": {"uv": [7.375, 5.875, 7.53125, 6.0625], "texture": "#0"},
				"west": {"uv": [3.75, 8.25, 3.8125, 8.4375], "texture": "#0"},
				"up": {"uv": [8.53125, 5.6875, 8.375, 5.625], "texture": "#0"},
				"down": {"uv": [0.90625, 8.5, 0.75, 8.5625], "texture": "#0"}
			}
		},
		{
			"name": "head",
			"from": [11.48938, 7.52867, 10.90102],
			"to": [11.99913, 12.91719, 11.83012],
			"rotation": {"angle": -22.5, "axis": "y", "origin": [11.74426, 8.27293, 11.66557]},
			"faces": {
				"north": {"uv": [7, 1.5, 7.0625, 2.1875], "texture": "#0"},
				"east": {"uv": [2.25, 6.375, 2.375, 7.0625], "texture": "#0"},
				"south": {"uv": [0.5, 7.125, 0.5625, 7.8125], "texture": "#0"},
				"west": {"uv": [3.625, 6.375, 3.75, 7.0625], "texture": "#0"},
				"up": {"uv": [6.6875, 2.5, 6.625, 2.375], "texture": "#0"},
				"down": {"uv": [4.3125, 6.625, 4.25, 6.75], "texture": "#0"}
			}
		},
		{
			"name": "head",
			"from": [10.72548, 7.52867, 11.60256],
			"to": [11.85458, 12.91719, 12.11231],
			"rotation": {"angle": 22.5, "axis": "y", "origin": [11.39003, 8.27293, 11.85743]},
			"faces": {
				"north": {"uv": [2.375, 6.125, 2.53125, 6.8125], "texture": "#0"},
				"east": {"uv": [0.625, 7.125, 0.6875, 7.8125], "texture": "#0"},
				"south": {"uv": [2.625, 6.125, 2.78125, 6.8125], "texture": "#0"},
				"west": {"uv": [0.75, 7.125, 0.8125, 7.8125], "texture": "#0"},
				"up": {"uv": [8.65625, 0.9375, 8.5, 0.875], "texture": "#0"},
				"down": {"uv": [1.15625, 8.5, 1, 8.5625], "texture": "#0"}
			}
		},
		{
			"name": "head",
			"from": [5.1264, 7.52867, 11.83747],
			"to": [10.9305, 12.91719, 12.34722],
			"rotation": {"angle": 0, "axis": "y", "origin": [5.59095, 8.27293, 12.09235]},
			"faces": {
				"north": {"uv": [0, 3.25, 0.71875, 3.9375], "texture": "#0"},
				"east": {"uv": [0.875, 7.125, 0.9375, 7.8125], "texture": "#0"},
				"south": {"uv": [3.125, 3.5, 3.84375, 4.1875], "texture": "#0"},
				"west": {"uv": [1, 7.125, 1.0625, 7.8125], "texture": "#0"},
				"up": {"uv": [7.71875, 1.1875, 7, 1.125], "texture": "#0"},
				"down": {"uv": [7.71875, 1.375, 7, 1.4375], "texture": "#0"}
			}
		},
		{
			"name": "head",
			"from": [4.14542, 7.52867, 11.60256],
			"to": [5.27452, 12.91719, 12.11231],
			"rotation": {"angle": -22.5, "axis": "y", "origin": [4.60997, 8.27293, 11.85743]},
			"faces": {
				"north": {"uv": [2.875, 6.125, 3.03125, 6.8125], "texture": "#0"},
				"east": {"uv": [1.125, 7.125, 1.1875, 7.8125], "texture": "#0"},
				"south": {"uv": [3.125, 6.125, 3.28125, 6.8125], "texture": "#0"},
				"west": {"uv": [1.5, 7.125, 1.5625, 7.8125], "texture": "#0"},
				"up": {"uv": [8.65625, 1.0625, 8.5, 1], "texture": "#0"},
				"down": {"uv": [8.65625, 1.125, 8.5, 1.1875], "texture": "#0"}
			}
		},
		{
			"name": "head",
			"from": [4.00087, 7.52867, 10.90102],
			"to": [4.51062, 12.91719, 11.83012],
			"rotation": {"angle": 22.5, "axis": "y", "origin": [4.25574, 8.27293, 11.66557]},
			"faces": {
				"north": {"uv": [7.125, 1.5, 7.1875, 2.1875], "texture": "#0"},
				"east": {"uv": [3.75, 6.375, 3.875, 7.0625], "texture": "#0"},
				"south": {"uv": [1.625, 7.125, 1.6875, 7.8125], "texture": "#0"},
				"west": {"uv": [3.875, 6.375, 4, 7.0625], "texture": "#0"},
				"up": {"uv": [0.3125, 7, 0.25, 6.875], "texture": "#0"},
				"down": {"uv": [8.0625, 2.125, 8, 2.25], "texture": "#0"}
			}
		},
		{
			"name": "head",
			"from": [4.9514, 6.92867, 12.18747],
			"to": [11.0555, 8.41719, 12.69722],
			"rotation": {"angle": 0, "axis": "y", "origin": [5.41595, 7.67293, 12.44235]},
			"faces": {
				"north": {"uv": [5.5, 1.25, 6.25, 1.4375], "texture": "#0"},
				"east": {"uv": [5.625, 8.25, 5.6875, 8.4375], "texture": "#0"},
				"south": {"uv": [2, 5.5, 2.75, 5.6875], "texture": "#0"},
				"west": {"uv": [5.75, 8.25, 5.8125, 8.4375], "texture": "#0"},
				"up": {"uv": [1.25, 7.0625, 0.5, 7], "texture": "#0"},
				"down": {"uv": [7.75, 1, 7, 1.0625], "texture": "#0"}
			}
		},
		{
			"name": "head",
			"from": [3.97042, 6.92867, 11.95256],
			"to": [5.09952, 8.41719, 12.46231],
			"rotation": {"angle": -22.5, "axis": "y", "origin": [4.43497, 7.67293, 12.20743]},
			"faces": {
				"north": {"uv": [7.375, 6.125, 7.53125, 6.3125], "texture": "#0"},
				"east": {"uv": [5.875, 8.25, 5.9375, 8.4375], "texture": "#0"},
				"south": {"uv": [6.375, 7.375, 6.53125, 7.5625], "texture": "#0"},
				"west": {"uv": [6, 8.25, 6.0625, 8.4375], "texture": "#0"},
				"up": {"uv": [1.40625, 8.5625, 1.25, 8.5], "texture": "#0"},
				"down": {"uv": [8.65625, 1.25, 8.5, 1.3125], "texture": "#0"}
			}
		},
		{
			"name": "head",
			"from": [3.82587, 6.92867, 11.25102],
			"to": [4.33562, 8.41719, 12.18012],
			"rotation": {"angle": 22.5, "axis": "y", "origin": [4.08074, 7.67293, 12.01557]},
			"faces": {
				"north": {"uv": [6.875, 8.25, 6.9375, 8.4375], "texture": "#0"},
				"east": {"uv": [7.125, 7.625, 7.25, 7.8125], "texture": "#0"},
				"south": {"uv": [7, 8.25, 7.0625, 8.4375], "texture": "#0"},
				"west": {"uv": [7.25, 7.625, 7.375, 7.8125], "texture": "#0"},
				"up": {"uv": [8.1875, 4.5, 8.125, 4.375], "texture": "#0"},
				"down": {"uv": [8.5625, 3, 8.5, 3.125], "texture": "#0"}
			}
		},
		{
			"name": "head",
			"from": [3.62587, 6.32867, 11.55102],
			"to": [4.13562, 7.81719, 12.48012],
			"rotation": {"angle": 22.5, "axis": "y", "origin": [3.88074, 7.07293, 12.31557]},
			"faces": {
				"north": {"uv": [7.125, 8.25, 7.1875, 8.4375], "texture": "#0"},
				"east": {"uv": [7.625, 7.25, 7.75, 7.4375], "texture": "#0"},
				"south": {"uv": [7.25, 8.25, 7.3125, 8.4375], "texture": "#0"},
				"west": {"uv": [7.375, 7.625, 7.5, 7.8125], "texture": "#0"},
				"up": {"uv": [8.5625, 3.25, 8.5, 3.125], "texture": "#0"},
				"down": {"uv": [3.3125, 8.5, 3.25, 8.625], "texture": "#0"}
			}
		},
		{
			"name": "head",
			"from": [3.77042, 6.32867, 12.25256],
			"to": [4.89952, 7.81719, 12.76231],
			"rotation": {"angle": -22.5, "axis": "y", "origin": [4.23497, 7.07293, 12.50743]},
			"faces": {
				"north": {"uv": [6.625, 7.375, 6.78125, 7.5625], "texture": "#0"},
				"east": {"uv": [7.375, 8.25, 7.4375, 8.4375], "texture": "#0"},
				"south": {"uv": [7.375, 6.625, 7.53125, 6.8125], "texture": "#0"},
				"west": {"uv": [7.5, 8.25, 7.5625, 8.4375], "texture": "#0"},
				"up": {"uv": [8.65625, 1.4375, 8.5, 1.375], "texture": "#0"},
				"down": {"uv": [1.65625, 8.5, 1.5, 8.5625], "texture": "#0"}
			}
		},
		{
			"name": "head",
			"from": [4.7514, 6.32867, 12.48747],
			"to": [11.2555, 7.81719, 12.99722],
			"rotation": {"angle": 0, "axis": "y", "origin": [5.21595, 7.07293, 12.74235]},
			"faces": {
				"north": {"uv": [4.875, 4, 5.6875, 4.1875], "texture": "#0"},
				"east": {"uv": [7.625, 8.25, 7.6875, 8.4375], "texture": "#0"},
				"south": {"uv": [4.875, 4.25, 5.6875, 4.4375], "texture": "#0"},
				"west": {"uv": [7.75, 8.25, 7.8125, 8.4375], "texture": "#0"},
				"up": {"uv": [7.5625, 6.5625, 6.75, 6.5], "texture": "#0"},
				"down": {"uv": [7.6875, 1.25, 6.875, 1.3125], "texture": "#0"}
			}
		},
		{
			"name": "head",
			"from": [4.7445, 5.72867, 12.68747],
			"to": [11.2736, 7.21719, 13.19722],
			"rotation": {"angle": 0, "axis": "y", "origin": [4.83405, 6.47293, 12.94235]},
			"faces": {
				"north": {"uv": [4.375, 4.875, 5.1875, 5.0625], "texture": "#0"},
				"east": {"uv": [7.875, 8.25, 7.9375, 8.4375], "texture": "#0"},
				"south": {"uv": [0, 5, 0.8125, 5.1875], "texture": "#0"},
				"west": {"uv": [8.25, 7.875, 8.3125, 8.0625], "texture": "#0"},
				"up": {"uv": [7.6875, 3.5625, 6.875, 3.5], "texture": "#0"},
				"down": {"uv": [7.6875, 3.625, 6.875, 3.6875], "texture": "#0"}
			}
		},
		{
			"name": "head",
			"from": [3.74542, 5.72867, 12.45256],
			"to": [4.87452, 7.21719, 12.96231],
			"rotation": {"angle": -22.5, "axis": "y", "origin": [4.20997, 6.47293, 12.70743]},
			"faces": {
				"north": {"uv": [6.875, 7.375, 7.03125, 7.5625], "texture": "#0"},
				"east": {"uv": [8.25, 8.125, 8.3125, 8.3125], "texture": "#0"},
				"south": {"uv": [7.375, 6.875, 7.53125, 7.0625], "texture": "#0"},
				"west": {"uv": [8.375, 0, 8.4375, 0.1875], "texture": "#0"},
				"up": {"uv": [8.65625, 1.6875, 8.5, 1.625], "texture": "#0"},
				"down": {"uv": [1.90625, 8.5, 1.75, 8.5625], "texture": "#0"}
			}
		},
		{
			"name": "head",
			"from": [3.60087, 5.72867, 11.75102],
			"to": [4.11062, 7.21719, 12.68012],
			"rotation": {"angle": 22.5, "axis": "y", "origin": [3.85574, 6.47293, 12.51557]},
			"faces": {
				"north": {"uv": [8.375, 0.5, 8.4375, 0.6875], "texture": "#0"},
				"east": {"uv": [7.5, 7.625, 7.625, 7.8125], "texture": "#0"},
				"south": {"uv": [8.375, 0.75, 8.4375, 0.9375], "texture": "#0"},
				"west": {"uv": [7.625, 7.5, 7.75, 7.6875], "texture": "#0"},
				"up": {"uv": [8.5625, 3.375, 8.5, 3.25], "texture": "#0"},
				"down": {"uv": [3.4375, 8.5, 3.375, 8.625], "texture": "#0"}
			}
		},
		{
			"name": "head",
			"from": [3.736, 5.72867, 5.56495],
			"to": [4.24575, 13.21719, 11.06905],
			"rotation": {"angle": 0, "axis": "y", "origin": [3.99273, 6.42293, 6.4795]},
			"faces": {
				"north": {"uv": [0, 6.875, 0.0625, 7.8125], "texture": "#0"},
				"east": {"uv": [1.5, 2.875, 2.1875, 3.8125], "texture": "#0"},
				"south": {"uv": [0.125, 6.875, 0.1875, 7.8125], "texture": "#0"},
				"west": {"uv": [2.875, 1.75, 3.5625, 2.6875], "texture": "#0"},
				"up": {"uv": [1.8125, 7.8125, 1.75, 7.125], "texture": "#0"},
				"down": {"uv": [1.9375, 7.125, 1.875, 7.8125], "texture": "#0"}
			}
		},
		{
			"name": "head",
			"from": [2.79723, 5.72867, 10.82353],
			"to": [3.30698, 7.21719, 11.90264],
			"rotation": {"angle": -22.5, "axis": "y", "origin": [3.05211, 6.47293, 13.23808]},
			"faces": {
				"north": {"uv": [8.375, 1, 8.4375, 1.1875], "texture": "#0"},
				"east": {"uv": [7.75, 0, 7.875, 0.1875], "texture": "#0"},
				"south": {"uv": [8.375, 1.25, 8.4375, 1.4375], "texture": "#0"},
				"west": {"uv": [0.25, 7.75, 0.375, 7.9375], "texture": "#0"},
				"up": {"uv": [8.5625, 3.5, 8.5, 3.375], "texture": "#0"},
				"down": {"uv": [3.5625, 8.5, 3.5, 8.625], "texture": "#0"}
			}
		},
		{
			"name": "head",
			"from": [11.12548, 5.72867, 12.45256],
			"to": [12.25458, 7.21719, 12.96231],
			"rotation": {"angle": 22.5, "axis": "y", "origin": [11.79003, 6.47293, 12.70743]},
			"faces": {
				"north": {"uv": [7.125, 7.375, 7.28125, 7.5625], "texture": "#0"},
				"east": {"uv": [2.25, 8.375, 2.3125, 8.5625], "texture": "#0"},
				"south": {"uv": [7.375, 7.125, 7.53125, 7.3125], "texture": "#0"},
				"west": {"uv": [8.375, 3.375, 8.4375, 3.5625], "texture": "#0"},
				"up": {"uv": [8.65625, 1.8125, 8.5, 1.75], "texture": "#0"},
				"down": {"uv": [8.65625, 1.875, 8.5, 1.9375], "texture": "#0"}
			}
		},
		{
			"name": "head",
			"from": [11.88938, 5.72867, 11.75102],
			"to": [12.39913, 7.21719, 12.68012],
			"rotation": {"angle": -22.5, "axis": "y", "origin": [12.14426, 6.47293, 12.51557]},
			"faces": {
				"north": {"uv": [8.375, 3.875, 8.4375, 4.0625], "texture": "#0"},
				"east": {"uv": [7.75, 1, 7.875, 1.1875], "texture": "#0"},
				"south": {"uv": [8.375, 4.375, 8.4375, 4.5625], "texture": "#0"},
				"west": {"uv": [1.25, 7.75, 1.375, 7.9375], "texture": "#0"},
				"up": {"uv": [8.5625, 3.75, 8.5, 3.625], "texture": "#0"},
				"down": {"uv": [3.8125, 8.5, 3.75, 8.625], "texture": "#0"}
			}
		},
		{
			"name": "head",
			"from": [2.82223, 6.32867, 10.59853],
			"to": [3.33198, 7.81719, 11.70264],
			"rotation": {"angle": -22.5, "axis": "y", "origin": [3.07711, 7.07293, 13.03808]},
			"faces": {
				"north": {"uv": [5.25, 8.375, 5.3125, 8.5625], "texture": "#0"},
				"east": {"uv": [2.125, 7.875, 2.21875, 8.0625], "texture": "#0"},
				"south": {"uv": [8.375, 5.25, 8.4375, 5.4375], "texture": "#0"},
				"west": {"uv": [2.25, 7.875, 2.34375, 8.0625], "texture": "#0"},
				"up": {"uv": [8.5625, 3.84375, 8.5, 3.75], "texture": "#0"},
				"down": {"uv": [3.9375, 8.5, 3.875, 8.59375], "texture": "#0"}
			}
		},
		{
			"name": "head",
			"from": [12.66802, 6.32867, 10.59853],
			"to": [13.17777, 7.81719, 11.70264],
			"rotation": {"angle": 22.5, "axis": "y", "origin": [12.92289, 7.07293, 13.03808]},
			"faces": {
				"north": {"uv": [5.3125, 8.375, 5.25, 8.5625], "texture": "#0"},
				"east": {"uv": [2.34375, 7.875, 2.25, 8.0625], "texture": "#0"},
				"south": {"uv": [8.4375, 5.25, 8.375, 5.4375], "texture": "#0"},
				"west": {"uv": [2.21875, 7.875, 2.125, 8.0625], "texture": "#0"},
				"up": {"uv": [8.5, 3.84375, 8.5625, 3.75], "texture": "#0"},
				"down": {"uv": [3.875, 8.5, 3.9375, 8.59375], "texture": "#0"}
			}
		},
		{
			"name": "head",
			"from": [12.69302, 5.72867, 10.82353],
			"to": [13.20277, 7.21719, 11.90264],
			"rotation": {"angle": 22.5, "axis": "y", "origin": [12.94789, 6.47293, 13.23808]},
			"faces": {
				"north": {"uv": [8.4375, 1, 8.375, 1.1875], "texture": "#0"},
				"east": {"uv": [0.375, 7.75, 0.25, 7.9375], "texture": "#0"},
				"south": {"uv": [8.4375, 1.25, 8.375, 1.4375], "texture": "#0"},
				"west": {"uv": [7.875, 0, 7.75, 0.1875], "texture": "#0"},
				"up": {"uv": [8.5, 3.5, 8.5625, 3.375], "texture": "#0"},
				"down": {"uv": [3.5, 8.5, 3.5625, 8.625], "texture": "#0"}
			}
		},
		{
			"name": "head",
			"from": [11.88938, 5.72867, 11.75102],
			"to": [12.39913, 7.21719, 12.68012],
			"rotation": {"angle": -22.5, "axis": "y", "origin": [12.14426, 6.47293, 12.51557]},
			"faces": {
				"north": {"uv": [8.4375, 0.5, 8.375, 0.6875], "texture": "#0"},
				"east": {"uv": [7.75, 7.5, 7.625, 7.6875], "texture": "#0"},
				"south": {"uv": [8.4375, 0.75, 8.375, 0.9375], "texture": "#0"},
				"west": {"uv": [7.625, 7.625, 7.5, 7.8125], "texture": "#0"},
				"up": {"uv": [8.5, 3.375, 8.5625, 3.25], "texture": "#0"},
				"down": {"uv": [3.375, 8.5, 3.4375, 8.625], "texture": "#0"}
			}
		},
		{
			"name": "head",
			"from": [3.73785, 5.95172, 4.71492],
			"to": [4.2476, 7.78082, 6.10344],
			"rotation": {"angle": -45, "axis": "x", "origin": [4.19273, 6.86627, 5.40918]},
			"faces": {
				"north": {"uv": [8.125, 0, 8.1875, 0.21875], "texture": "#0"},
				"east": {"uv": [2.75, 7.125, 2.9375, 7.34375], "texture": "#0"},
				"south": {"uv": [8.125, 0.5, 8.1875, 0.71875], "texture": "#0"},
				"west": {"uv": [3, 7.125, 3.1875, 7.34375], "texture": "#0"},
				"up": {"uv": [6.1875, 8.5625, 6.125, 8.375], "texture": "#0"},
				"down": {"uv": [6.3125, 8.375, 6.25, 8.5625], "texture": "#0"}
			}
		},
		{
			"name": "head",
			"from": [3.73785, 7.2181, 3.86874],
			"to": [4.2476, 9.04721, 6.25727],
			"rotation": {"angle": -22.5, "axis": "x", "origin": [4.19273, 8.13265, 4.56301]},
			"faces": {
				"north": {"uv": [8.125, 1, 8.1875, 1.21875], "texture": "#0"},
				"east": {"uv": [6.5, 5.25, 6.8125, 5.46875], "texture": "#0"},
				"south": {"uv": [2.125, 8.125, 2.1875, 8.34375], "texture": "#0"},
				"west": {"uv": [6.625, 1.875, 6.9375, 2.09375], "texture": "#0"},
				"up": {"uv": [0.1875, 8.1875, 0.125, 7.875], "texture": "#0"},
				"down": {"uv": [0.5625, 7.875, 0.5, 8.1875], "texture": "#0"}
			}
		},
		{
			"name": "head",
			"from": [3.738, 9.72883, 5.38413],
			"to": [4.24775, 11.11736, 7.51323],
			"rotation": {"angle": -22.5, "axis": "x", "origin": [4.2165, 6.2731, 5.92662]},
			"faces": {
				"north": {"uv": [8.375, 7.625, 8.4375, 7.8125], "texture": "#0"},
				"east": {"uv": [1.875, 6.875, 2.15625, 7.0625], "texture": "#0"},
				"south": {"uv": [8.375, 7.875, 8.4375, 8.0625], "texture": "#0"},
				"west": {"uv": [2.375, 6.875, 2.65625, 7.0625], "texture": "#0"},
				"up": {"uv": [2.4375, 8.15625, 2.375, 7.875], "texture": "#0"},
				"down": {"uv": [3.5625, 7.875, 3.5, 8.15625], "texture": "#0"}
			}
		},
		{
			"name": "head",
			"from": [3.73785, 8.71191, 3.57161],
			"to": [4.2476, 10.54101, 5.96013],
			"rotation": {"angle": 0, "axis": "y", "origin": [4.19273, 9.47646, 4.26587]},
			"faces": {
				"north": {"uv": [8.125, 2.125, 8.1875, 2.34375], "texture": "#0"},
				"east": {"uv": [6.625, 2.125, 6.9375, 2.34375], "texture": "#0"},
				"south": {"uv": [2.25, 8.125, 2.3125, 8.34375], "texture": "#0"},
				"west": {"uv": [6.625, 3.25, 6.9375, 3.46875], "texture": "#0"},
				"up": {"uv": [0.6875, 8.1875, 0.625, 7.875], "texture": "#0"},
				"down": {"uv": [0.8125, 7.875, 0.75, 8.1875], "texture": "#0"}
			}
		},
		{
			"name": "head",
			"from": [3.73785, 10.2576, 5.14172],
			"to": [4.2476, 11.8867, 6.53024],
			"rotation": {"angle": 22.5, "axis": "x", "origin": [4.19273, 11.32215, 5.83598]},
			"faces": {
				"north": {"uv": [5.25, 8.125, 5.3125, 8.34375], "texture": "#0"},
				"east": {"uv": [3.25, 7.125, 3.4375, 7.34375], "texture": "#0"},
				"south": {"uv": [8.125, 5.25, 8.1875, 5.46875], "texture": "#0"},
				"west": {"uv": [3.625, 7.125, 3.8125, 7.34375], "texture": "#0"},
				"up": {"uv": [8.1875, 8.5625, 8.125, 8.375], "texture": "#0"},
				"down": {"uv": [8.4375, 8.125, 8.375, 8.3125], "texture": "#0"}
			}
		},
		{
			"name": "head",
			"from": [3.73785, 11.26939, 5.14172],
			"to": [4.2476, 12.89849, 6.53024],
			"rotation": {"angle": -22.5, "axis": "x", "origin": [4.19273, 11.83394, 5.83598]},
			"faces": {
				"north": {"uv": [6.125, 8.125, 6.1875, 8.34375], "texture": "#0"},
				"east": {"uv": [7.125, 3.75, 7.3125, 3.96875], "texture": "#0"},
				"south": {"uv": [6.25, 8.125, 6.3125, 8.34375], "texture": "#0"},
				"west": {"uv": [3.875, 7.125, 4.0625, 7.34375], "texture": "#0"},
				"up": {"uv": [8.3125, 8.5625, 8.25, 8.375], "texture": "#0"},
				"down": {"uv": [8.4375, 8.375, 8.375, 8.5625], "texture": "#0"}
			}
		},
		{
			"name": "head",
			"from": [3.73785, 12.03874, 5.38413],
			"to": [4.2476, 13.42726, 7.51323],
			"rotation": {"angle": 22.5, "axis": "x", "origin": [4.2165, 16.883, 5.92662]},
			"faces": {
				"north": {"uv": [8.5, 0, 8.5625, 0.1875], "texture": "#0"},
				"east": {"uv": [2.75, 6.875, 3.03125, 7.0625], "texture": "#0"},
				"south": {"uv": [0.25, 8.5, 0.3125, 8.6875], "texture": "#0"},
				"west": {"uv": [3.125, 6.875, 3.40625, 7.0625], "texture": "#0"},
				"up": {"uv": [3.6875, 8.15625, 3.625, 7.875], "texture": "#0"},
				"down": {"uv": [3.8125, 7.875, 3.75, 8.15625], "texture": "#0"}
			}
		},
		{
			"name": "head",
			"from": [11.75225, 9.72883, 5.38413],
			"to": [12.262, 11.11736, 7.51323],
			"rotation": {"angle": -22.5, "axis": "x", "origin": [11.7835, 6.2731, 5.92662]},
			"faces": {
				"north": {"uv": [8.4375, 7.625, 8.375, 7.8125], "texture": "#0"},
				"east": {"uv": [2.65625, 6.875, 2.375, 7.0625], "texture": "#0"},
				"south": {"uv": [8.4375, 7.875, 8.375, 8.0625], "texture": "#0"},
				"west": {"uv": [2.15625, 6.875, 1.875, 7.0625], "texture": "#0"},
				"up": {"uv": [2.375, 8.15625, 2.4375, 7.875], "texture": "#0"},
				"down": {"uv": [3.5, 7.875, 3.5625, 8.15625], "texture": "#0"}
			}
		},
		{
			"name": "head",
			"from": [11.7524, 11.26939, 5.14172],
			"to": [12.26215, 12.89849, 6.53024],
			"rotation": {"angle": -22.5, "axis": "x", "origin": [11.80727, 11.83394, 5.83598]},
			"faces": {
				"north": {"uv": [6.1875, 8.125, 6.125, 8.34375], "texture": "#0"},
				"east": {"uv": [4.0625, 7.125, 3.875, 7.34375], "texture": "#0"},
				"south": {"uv": [6.3125, 8.125, 6.25, 8.34375], "texture": "#0"},
				"west": {"uv": [7.3125, 3.75, 7.125, 3.96875], "texture": "#0"},
				"up": {"uv": [8.25, 8.5625, 8.3125, 8.375], "texture": "#0"},
				"down": {"uv": [8.375, 8.375, 8.4375, 8.5625], "texture": "#0"}
			}
		},
		{
			"name": "head",
			"from": [11.7524, 12.03874, 5.38413],
			"to": [12.26215, 13.42726, 7.51323],
			"rotation": {"angle": 22.5, "axis": "x", "origin": [11.7835, 16.883, 5.92662]},
			"faces": {
				"north": {"uv": [8.5625, 0, 8.5, 0.1875], "texture": "#0"},
				"east": {"uv": [3.40625, 6.875, 3.125, 7.0625], "texture": "#0"},
				"south": {"uv": [0.3125, 8.5, 0.25, 8.6875], "texture": "#0"},
				"west": {"uv": [3.03125, 6.875, 2.75, 7.0625], "texture": "#0"},
				"up": {"uv": [3.625, 8.15625, 3.6875, 7.875], "texture": "#0"},
				"down": {"uv": [3.75, 7.875, 3.8125, 8.15625], "texture": "#0"}
			}
		},
		{
			"name": "head",
			"from": [11.75425, 5.72867, 5.56495],
			"to": [12.264, 13.21719, 11.06905],
			"rotation": {"angle": 0, "axis": "y", "origin": [12.00727, 6.42293, 6.4795]},
			"faces": {
				"north": {"uv": [0.0625, 6.875, 0, 7.8125], "texture": "#0"},
				"east": {"uv": [3.5625, 1.75, 2.875, 2.6875], "texture": "#0"},
				"south": {"uv": [0.1875, 6.875, 0.125, 7.8125], "texture": "#0"},
				"west": {"uv": [2.1875, 2.875, 1.5, 3.8125], "texture": "#0"},
				"up": {"uv": [1.75, 7.8125, 1.8125, 7.125], "texture": "#0"},
				"down": {"uv": [1.875, 7.125, 1.9375, 7.8125], "texture": "#0"}
			}
		},
		{
			"name": "head",
			"from": [11.7524, 8.71191, 3.57161],
			"to": [12.26215, 10.54101, 5.96013],
			"rotation": {"angle": 0, "axis": "y", "origin": [11.80727, 9.47646, 4.26587]},
			"faces": {
				"north": {"uv": [8.1875, 2.125, 8.125, 2.34375], "texture": "#0"},
				"east": {"uv": [6.9375, 3.25, 6.625, 3.46875], "texture": "#0"},
				"south": {"uv": [2.3125, 8.125, 2.25, 8.34375], "texture": "#0"},
				"west": {"uv": [6.9375, 2.125, 6.625, 2.34375], "texture": "#0"},
				"up": {"uv": [0.625, 8.1875, 0.6875, 7.875], "texture": "#0"},
				"down": {"uv": [0.75, 7.875, 0.8125, 8.1875], "texture": "#0"}
			}
		},
		{
			"name": "head",
			"from": [11.7524, 7.2181, 3.86874],
			"to": [12.26215, 9.04721, 6.25727],
			"rotation": {"angle": -22.5, "axis": "x", "origin": [11.80727, 8.13265, 4.56301]},
			"faces": {
				"north": {"uv": [8.1875, 1, 8.125, 1.21875], "texture": "#0"},
				"east": {"uv": [6.9375, 1.875, 6.625, 2.09375], "texture": "#0"},
				"south": {"uv": [2.1875, 8.125, 2.125, 8.34375], "texture": "#0"},
				"west": {"uv": [6.8125, 5.25, 6.5, 5.46875], "texture": "#0"},
				"up": {"uv": [0.125, 8.1875, 0.1875, 7.875], "texture": "#0"},
				"down": {"uv": [0.5, 7.875, 0.5625, 8.1875], "texture": "#0"}
			}
		},
		{
			"name": "head",
			"from": [11.7524, 10.2576, 5.14172],
			"to": [12.26215, 11.8867, 6.53024],
			"rotation": {"angle": 22.5, "axis": "x", "origin": [11.80727, 11.32215, 5.83598]},
			"faces": {
				"north": {"uv": [5.3125, 8.125, 5.25, 8.34375], "texture": "#0"},
				"east": {"uv": [3.8125, 7.125, 3.625, 7.34375], "texture": "#0"},
				"south": {"uv": [8.1875, 5.25, 8.125, 5.46875], "texture": "#0"},
				"west": {"uv": [3.4375, 7.125, 3.25, 7.34375], "texture": "#0"},
				"up": {"uv": [8.125, 8.5625, 8.1875, 8.375], "texture": "#0"},
				"down": {"uv": [8.375, 8.125, 8.4375, 8.3125], "texture": "#0"}
			}
		},
		{
			"name": "head",
			"from": [11.7524, 5.95172, 4.71492],
			"to": [12.26215, 7.78082, 6.10344],
			"rotation": {"angle": -45, "axis": "x", "origin": [11.80727, 6.86627, 5.40918]},
			"faces": {
				"north": {"uv": [8.1875, 0, 8.125, 0.21875], "texture": "#0"},
				"east": {"uv": [3.1875, 7.125, 3, 7.34375], "texture": "#0"},
				"south": {"uv": [8.1875, 0.5, 8.125, 0.71875], "texture": "#0"},
				"west": {"uv": [2.9375, 7.125, 2.75, 7.34375], "texture": "#0"},
				"up": {"uv": [6.125, 8.5625, 6.1875, 8.375], "texture": "#0"},
				"down": {"uv": [6.25, 8.375, 6.3125, 8.5625], "texture": "#0"}
			}
		},
		{
			"name": "head",
			"from": [9.84321, 12.33182, 3.79957],
			"to": [11.59731, 13.44157, 5.48809],
			"rotation": {"angle": -22.5, "axis": "z", "origin": [11.03846, 12.78063, 4.64383]},
			"faces": {
				"north": {"uv": [2, 5.375, 2.21875, 5.5], "texture": "#0"},
				"east": {"uv": [5, 5.375, 5.21875, 5.5], "texture": "#0"},
				"south": {"uv": [2.75, 5.5, 2.96875, 5.625], "texture": "#0"},
				"west": {"uv": [6.25, 1.375, 6.46875, 1.5], "texture": "#0"},
				"up": {"uv": [7.09375, 6.21875, 6.875, 6], "texture": "#0"},
				"down": {"uv": [7.09375, 6.625, 6.875, 6.84375], "texture": "#0"}
			}
		},
		{
			"name": "head",
			"from": [8.15667, 11.75358, 3.77457],
			"to": [9.26642, 13.50768, 4.91309],
			"rotation": {"angle": -45, "axis": "z", "origin": [8.71154, 12.63063, 4.41883]},
			"faces": {
				"north": {"uv": [5.125, 7.5, 5.25, 7.71875], "texture": "#0"},
				"east": {"uv": [6.875, 6.875, 7.09375, 7.09375], "texture": "#0"},
				"south": {"uv": [5.25, 7.5, 5.375, 7.71875], "texture": "#0"},
				"west": {"uv": [7, 0, 7.21875, 0.21875], "texture": "#0"},
				"up": {"uv": [7.625, 5.71875, 7.5, 5.5], "texture": "#0"},
				"down": {"uv": [2.125, 7.625, 2, 7.84375], "texture": "#0"}
			}
		},
		{
			"name": "head",
			"from": [7.40639, 11.21828, 3.77457],
			"to": [8.51614, 12.97238, 4.91309],
			"rotation": {"angle": -22.5, "axis": "z", "origin": [7.96126, 11.24533, 4.41883]},
			"faces": {
				"north": {"uv": [2.125, 7.625, 2.25, 7.84375], "texture": "#0"},
				"east": {"uv": [0.25, 7, 0.46875, 7.21875], "texture": "#0"},
				"south": {"uv": [2.25, 7.625, 2.375, 7.84375], "texture": "#0"},
				"west": {"uv": [7, 0.25, 7.21875, 0.46875], "texture": "#0"},
				"up": {"uv": [7.75, 2.46875, 7.625, 2.25], "texture": "#0"},
				"down": {"uv": [2.5, 7.625, 2.375, 7.84375], "texture": "#0"}
			}
		},
		{
			"name": "head",
			"from": [7.25886, 12.8854, 8.90309],
			"to": [8.56861, 16.33951, 10.59161],
			"rotation": {"angle": -22.5, "axis": "x", "origin": [8.48344, 17.94308, 8.88148]},
			"faces": {
				"north": {"uv": [6.625, 3.5, 6.78125, 3.9375], "texture": "#0"},
				"east": {"uv": [6.25, 5, 6.46875, 5.4375], "texture": "#0"},
				"south": {"uv": [4, 6.625, 4.15625, 7.0625], "texture": "#0"},
				"west": {"uv": [5.125, 6.25, 5.34375, 6.6875], "texture": "#0"},
				"up": {"uv": [7.40625, 0.96875, 7.25, 0.75], "texture": "#0"},
				"down": {"uv": [7.40625, 1.5, 7.25, 1.71875], "texture": "#0"}
			}
		},
		{
			"name": "head",
			"from": [7.25886, 16.01319, 8.41265],
			"to": [8.56861, 19.36729, 10.10117],
			"rotation": {"angle": -45, "axis": "x", "origin": [7.91374, 17.74024, 9.25691]},
			"faces": {
				"north": {"uv": [6.75, 2.375, 6.90625, 2.78125], "texture": "#0"},
				"east": {"uv": [2, 6.375, 2.21875, 6.78125], "texture": "#0"},
				"south": {"uv": [4.25, 6.75, 4.40625, 7.15625], "texture": "#0"},
				"west": {"uv": [3.375, 6.375, 3.59375, 6.78125], "texture": "#0"},
				"up": {"uv": [7.40625, 1.96875, 7.25, 1.75], "texture": "#0"},
				"down": {"uv": [7.40625, 2, 7.25, 2.21875], "texture": "#0"}
			}
		},
		{
			"name": "head",
			"from": [9.98646, 13.24127, 4.44474],
			"to": [10.18399, 14.39537, 11.56024],
			"rotation": {"angle": 22.5, "axis": "z", "origin": [8.57385, 18.29894, 8.66932]},
			"faces": {
				"north": {"uv": [8.5, 3.875, 8.53125, 4.03125], "texture": "#0"},
				"east": {"uv": [5, 5.5, 5.875, 5.65625], "texture": "#0"},
				"south": {"uv": [4, 8.5, 4.03125, 8.65625], "texture": "#0"},
				"west": {"uv": [5.625, 1.5, 6.5, 1.65625], "texture": "#0"},
				"up": {"uv": [2.53125, 8.5, 2.5, 7.625], "texture": "#0"},
				"down": {"uv": [2.65625, 7.625, 2.625, 8.5], "texture": "#0"}
			}
		},
		{
			"name": "head",
			"from": [9.77315, 13.75241, 4.65806],
			"to": [9.97067, 14.90651, 11.34556],
			"rotation": {"angle": 22.5, "axis": "z", "origin": [8.36054, 18.81008, 8.88263]},
			"faces": {
				"north": {"uv": [4.125, 8.5, 4.15625, 8.65625], "texture": "#0"},
				"east": {"uv": [5.75, 2.25, 6.59375, 2.40625], "texture": "#0"},
				"south": {"uv": [8.5, 4.125, 8.53125, 4.28125], "texture": "#0"},
				"west": {"uv": [5.75, 3.25, 6.59375, 3.40625], "texture": "#0"},
				"up": {"uv": [3.03125, 8.46875, 3, 7.625], "texture": "#0"},
				"down": {"uv": [3.15625, 7.625, 3.125, 8.46875], "texture": "#0"}
			}
		},
		{
			"name": "head",
			"from": [9.57263, 14.21308, 4.85858],
			"to": [9.77015, 15.36718, 11.14483],
			"rotation": {"angle": 22.5, "axis": "z", "origin": [8.16002, 19.27075, 9.08315]},
			"faces": {
				"north": {"uv": [4.25, 8.5, 4.28125, 8.65625], "texture": "#0"},
				"east": {"uv": [5.875, 0, 6.65625, 0.15625], "texture": "#0"},
				"south": {"uv": [4.375, 8.5, 4.40625, 8.65625], "texture": "#0"},
				"west": {"uv": [5.875, 0.25, 6.65625, 0.40625], "texture": "#0"},
				"up": {"uv": [4.03125, 8.40625, 4, 7.625], "texture": "#0"},
				"down": {"uv": [7.65625, 5.875, 7.625, 6.65625], "texture": "#0"}
			}
		},
		{
			"name": "head",
			"from": [9.38415, 14.67661, 5.04706],
			"to": [9.58167, 15.83071, 10.95881],
			"rotation": {"angle": 22.5, "axis": "z", "origin": [7.97153, 19.73428, 9.27164]},
			"faces": {
				"north": {"uv": [8.5, 4.375, 8.53125, 4.53125], "texture": "#0"},
				"east": {"uv": [0.875, 6, 1.625, 6.15625], "texture": "#0"},
				"south": {"uv": [4.5, 8.5, 4.53125, 8.65625], "texture": "#0"},
				"west": {"uv": [6, 2.5, 6.75, 2.65625], "texture": "#0"},
				"up": {"uv": [7.78125, 2, 7.75, 1.25], "texture": "#0"},
				"down": {"uv": [4.53125, 7.75, 4.5, 8.5], "texture": "#0"}
			}
		},
		{
			"name": "head",
			"from": [10.50649, 17.03009, 5.34131],
			"to": [11.13201, 17.24794, 10.69131],
			"rotation": {"angle": 45, "axis": "z", "origin": [11.03325, 16.67089, 8.06981]},
			"faces": {
				"north": {"uv": [8.5, 8.5, 8.59375, 8.53125], "texture": "#0"},
				"east": {"uv": [7.75, 5.75, 8.40625, 5.78125], "texture": "#0"},
				"south": {"uv": [8.625, 0, 8.71875, 0.03125], "texture": "#0"},
				"west": {"uv": [7.75, 5.875, 8.40625, 5.90625], "texture": "#0"},
				"up": {"uv": [1.46875, 7.15625, 1.375, 6.5], "texture": "#0"},
				"down": {"uv": [4.59375, 6.75, 4.5, 7.40625], "texture": "#0"}
			}
		},
		{
			"name": "head",
			"from": [10.36486, 17.01614, 5.76758],
			"to": [10.72288, 17.63525, 10.26158],
			"rotation": {"angle": 45, "axis": "z", "origin": [10.57062, 17.0582, 8.49608]},
			"faces": {
				"north": {"uv": [1.625, 8.625, 1.65625, 8.6875], "texture": "#0"},
				"east": {"uv": [7.125, 4.25, 7.6875, 4.3125], "texture": "#0"},
				"south": {"uv": [1.75, 8.625, 1.78125, 8.6875], "texture": "#0"},
				"west": {"uv": [7.125, 4.375, 7.6875, 4.4375], "texture": "#0"},
				"up": {"uv": [3.90625, 8.4375, 3.875, 7.875], "texture": "#0"},
				"down": {"uv": [4.90625, 7.875, 4.875, 8.4375], "texture": "#0"}
			}
		},
		{
			"name": "head",
			"from": [9.96984, 17.34831, 6.12477],
			"to": [10.32787, 17.96742, 9.86977],
			"rotation": {"angle": 45, "axis": "z", "origin": [10.17561, 17.39037, 8.85327]},
			"faces": {
				"north": {"uv": [1.875, 8.625, 1.90625, 8.6875], "texture": "#0"},
				"east": {"uv": [7.125, 6.375, 7.59375, 6.4375], "texture": "#0"},
				"south": {"uv": [8.625, 2, 8.65625, 2.0625], "texture": "#0"},
				"west": {"uv": [7.375, 2.75, 7.84375, 2.8125], "texture": "#0"},
				"up": {"uv": [0.28125, 8.46875, 0.25, 8], "texture": "#0"},
				"down": {"uv": [0.40625, 8, 0.375, 8.46875], "texture": "#0"}
			}
		},
		{
			"name": "head",
			"from": [9.5948, 17.71408, 6.49981],
			"to": [9.95282, 18.33318, 9.49581],
			"rotation": {"angle": 45, "axis": "z", "origin": [9.80056, 17.75613, 9.22831]},
			"faces": {
				"north": {"uv": [2.125, 8.625, 2.15625, 8.6875], "texture": "#0"},
				"east": {"uv": [7.625, 5.625, 8, 5.6875], "texture": "#0"},
				"south": {"uv": [8.625, 2.125, 8.65625, 2.1875], "texture": "#0"},
				"west": {"uv": [7.75, 2.25, 8.125, 2.3125], "texture": "#0"},
				"up": {"uv": [0.40625, 8.875, 0.375, 8.5], "texture": "#0"},
				"down": {"uv": [0.53125, 8.5, 0.5, 8.875], "texture": "#0"}
			}
		},
		{
			"name": "head",
			"from": [9.23475, 18.0834, 6.85986],
			"to": [9.59278, 18.7025, 9.13361],
			"rotation": {"angle": 45, "axis": "z", "origin": [9.44051, 18.12545, 9.58836]},
			"faces": {
				"north": {"uv": [2.25, 8.625, 2.28125, 8.6875], "texture": "#0"},
				"east": {"uv": [7.875, 2.75, 8.15625, 2.8125], "texture": "#0"},
				"south": {"uv": [8.625, 2.25, 8.65625, 2.3125], "texture": "#0"},
				"west": {"uv": [7.875, 3.875, 8.15625, 3.9375], "texture": "#0"},
				"up": {"uv": [2.03125, 8.78125, 2, 8.5], "texture": "#0"},
				"down": {"uv": [8.53125, 2, 8.5, 2.28125], "texture": "#0"}
			}
		},
		{
			"name": "head",
			"from": [8.7787, 18.13569, 7.31591],
			"to": [9.13672, 19.15604, 8.68016],
			"rotation": {"angle": 45, "axis": "z", "origin": [8.98446, 18.57899, 10.04441]},
			"faces": {
				"north": {"uv": [7.75, 8.5, 7.78125, 8.625], "texture": "#0"},
				"east": {"uv": [7.75, 7.625, 7.90625, 7.75], "texture": "#0"},
				"south": {"uv": [8.5, 7.75, 8.53125, 7.875], "texture": "#0"},
				"west": {"uv": [7.875, 0, 8.03125, 0.125], "texture": "#0"},
				"up": {"uv": [4.65625, 8.65625, 4.625, 8.5], "texture": "#0"},
				"down": {"uv": [8.53125, 4.625, 8.5, 4.78125], "texture": "#0"}
			}
		},
		{
			"name": "head",
			"from": [10.2993, 16.61401, 5.34131],
			"to": [10.92482, 16.88536, 10.69131],
			"rotation": {"angle": 22.5, "axis": "z", "origin": [10.61206, 16.74968, 7.77556]},
			"faces": {
				"north": {"uv": [8.625, 0.125, 8.71875, 0.15625], "texture": "#0"},
				"east": {"uv": [7.75, 6, 8.40625, 6.03125], "texture": "#0"},
				"south": {"uv": [8.625, 0.25, 8.71875, 0.28125], "texture": "#0"},
				"west": {"uv": [7.75, 6.125, 8.40625, 6.15625], "texture": "#0"},
				"up": {"uv": [4.71875, 7.40625, 4.625, 6.75], "texture": "#0"},
				"down": {"uv": [4.84375, 6.75, 4.75, 7.40625], "texture": "#0"}
			}
		},
		{
			"name": "head",
			"from": [5.64316, 12.8854, 4.29661],
			"to": [7.23169, 14.03951, 11.70636],
			"rotation": {"angle": -22.5, "axis": "z", "origin": [7.2533, 17.94308, 8.52118]},
			"faces": {
				"north": {"uv": [7.375, 7.375, 7.5625, 7.53125], "texture": "#0"},
				"east": {"uv": [5.25, 5, 6.1875, 5.15625], "texture": "#0"},
				"south": {"uv": [7.5, 0, 7.6875, 0.15625], "texture": "#0"},
				"west": {"uv": [5.25, 5.25, 6.1875, 5.40625], "texture": "#0"},
				"up": {"uv": [2.9375, 5.4375, 2.75, 4.5], "texture": "#0"},
				"down": {"uv": [1.9375, 4.875, 1.75, 5.8125], "texture": "#0"}
			}
		},
		{
			"name": "head",
			"from": [5.81601, 13.24127, 4.44474],
			"to": [6.01354, 14.39537, 11.56024],
			"rotation": {"angle": -22.5, "axis": "z", "origin": [7.42615, 18.29894, 8.66932]},
			"faces": {
				"north": {"uv": [4.75, 8.5, 4.78125, 8.65625], "texture": "#0"},
				"east": {"uv": [5.625, 1.75, 6.5, 1.90625], "texture": "#0"},
				"south": {"uv": [4.875, 8.5, 4.90625, 8.65625], "texture": "#0"},
				"west": {"uv": [2.75, 5.625, 3.625, 5.78125], "texture": "#0"},
				"up": {"uv": [2.78125, 8.5, 2.75, 7.625], "texture": "#0"},
				"down": {"uv": [2.90625, 7.625, 2.875, 8.5], "texture": "#0"}
			}
		},
		{
			"name": "head",
			"from": [6.02933, 13.75241, 4.65806],
			"to": [6.22685, 14.90651, 11.34556],
			"rotation": {"angle": -22.5, "axis": "z", "origin": [7.63946, 18.81008, 8.88263]},
			"faces": {
				"north": {"uv": [8.5, 4.875, 8.53125, 5.03125], "texture": "#0"},
				"east": {"uv": [5.75, 3.5, 6.59375, 3.65625], "texture": "#0"},
				"south": {"uv": [5, 8.5, 5.03125, 8.65625], "texture": "#0"},
				"west": {"uv": [5.75, 3.75, 6.59375, 3.90625], "texture": "#0"},
				"up": {"uv": [3.28125, 8.46875, 3.25, 7.625], "texture": "#0"},
				"down": {"uv": [3.40625, 7.625, 3.375, 8.46875], "texture": "#0"}
			}
		},
		{
			"name": "head",
			"from": [6.22985, 14.21308, 4.85858],
			"to": [6.42737, 15.36718, 11.14483],
			"rotation": {"angle": -22.5, "axis": "z", "origin": [7.83998, 19.27075, 9.08315]},
			"faces": {
				"north": {"uv": [5.125, 8.5, 5.15625, 8.65625], "texture": "#0"},
				"east": {"uv": [1.75, 5.875, 2.53125, 6.03125], "texture": "#0"},
				"south": {"uv": [8.5, 5.125, 8.53125, 5.28125], "texture": "#0"},
				"west": {"uv": [2.625, 5.875, 3.40625, 6.03125], "texture": "#0"},
				"up": {"uv": [6.40625, 8.40625, 6.375, 7.625], "texture": "#0"},
				"down": {"uv": [6.53125, 7.625, 6.5, 8.40625], "texture": "#0"}
			}
		},
		{
			"name": "head",
			"from": [6.41833, 14.67661, 5.04706],
			"to": [6.61585, 15.83071, 10.95881],
			"rotation": {"angle": -22.5, "axis": "z", "origin": [8.02847, 19.73428, 9.27164]},
			"faces": {
				"north": {"uv": [5.375, 8.5, 5.40625, 8.65625], "texture": "#0"},
				"east": {"uv": [6, 2.75, 6.75, 2.90625], "texture": "#0"},
				"south": {"uv": [8.5, 5.375, 8.53125, 5.53125], "texture": "#0"},
				"west": {"uv": [6, 3, 6.75, 3.15625], "texture": "#0"},
				"up": {"uv": [4.65625, 8.5, 4.625, 7.75], "texture": "#0"},
				"down": {"uv": [4.78125, 7.75, 4.75, 8.5], "texture": "#0"}
			}
		},
		{
			"name": "head",
			"from": [4.86799, 17.03009, 5.34131],
			"to": [5.49351, 17.24794, 10.69131],
			"rotation": {"angle": -45, "axis": "z", "origin": [4.96675, 16.67089, 8.06981]},
			"faces": {
				"north": {"uv": [8.625, 0.375, 8.71875, 0.40625], "texture": "#0"},
				"east": {"uv": [7.75, 6.25, 8.40625, 6.28125], "texture": "#0"},
				"south": {"uv": [8.625, 0.5, 8.71875, 0.53125], "texture": "#0"},
				"west": {"uv": [7.75, 6.375, 8.40625, 6.40625], "texture": "#0"},
				"up": {"uv": [4.96875, 7.40625, 4.875, 6.75], "texture": "#0"},
				"down": {"uv": [5.09375, 6.75, 5, 7.40625], "texture": "#0"}
			}
		},
		{
			"name": "head",
			"from": [5.07518, 16.61401, 5.34131],
			"to": [5.7007, 16.88536, 10.69131],
			"rotation": {"angle": -22.5, "axis": "z", "origin": [5.38794, 16.74968, 7.77556]},
			"faces": {
				"north": {"uv": [8.625, 0.625, 8.71875, 0.65625], "texture": "#0"},
				"east": {"uv": [7.75, 6.5, 8.40625, 6.53125], "texture": "#0"},
				"south": {"uv": [0.75, 8.625, 0.84375, 8.65625], "texture": "#0"},
				"west": {"uv": [7.75, 6.625, 8.40625, 6.65625], "texture": "#0"},
				"up": {"uv": [5.21875, 7.40625, 5.125, 6.75], "texture": "#0"},
				"down": {"uv": [5.34375, 6.75, 5.25, 7.40625], "texture": "#0"}
			}
		},
		{
			"name": "head",
			"from": [5.27712, 17.01614, 5.76758],
			"to": [5.63514, 17.63525, 10.26158],
			"rotation": {"angle": -45, "axis": "z", "origin": [5.42938, 17.0582, 8.49608]},
			"faces": {
				"north": {"uv": [8.625, 2.375, 8.65625, 2.4375], "texture": "#0"},
				"east": {"uv": [7.125, 5, 7.6875, 5.0625], "texture": "#0"},
				"south": {"uv": [2.5, 8.625, 2.53125, 8.6875], "texture": "#0"},
				"west": {"uv": [7.125, 5.125, 7.6875, 5.1875], "texture": "#0"},
				"up": {"uv": [5.03125, 8.4375, 5, 7.875], "texture": "#0"},
				"down": {"uv": [5.15625, 7.875, 5.125, 8.4375], "texture": "#0"}
			}
		},
		{
			"name": "head",
			"from": [5.67213, 17.34831, 6.12477],
			"to": [6.03016, 17.96742, 9.86977],
			"rotation": {"angle": -45, "axis": "z", "origin": [5.82439, 17.39037, 8.85327]},
			"faces": {
				"north": {"uv": [8.625, 2.5, 8.65625, 2.5625], "texture": "#0"},
				"east": {"uv": [7.5, 0.25, 7.96875, 0.3125], "texture": "#0"},
				"south": {"uv": [2.625, 8.625, 2.65625, 8.6875], "texture": "#0"},
				"west": {"uv": [7.5, 0.375, 7.96875, 0.4375], "texture": "#0"},
				"up": {"uv": [0.90625, 8.46875, 0.875, 8], "texture": "#0"},
				"down": {"uv": [1.03125, 8, 1, 8.46875], "texture": "#0"}
			}
		},
		{
			"name": "head",
			"from": [6.04718, 17.71408, 6.49981],
			"to": [6.4052, 18.33318, 9.49581],
			"rotation": {"angle": -45, "axis": "z", "origin": [6.19944, 17.75613, 9.22831]},
			"faces": {
				"north": {"uv": [8.625, 2.625, 8.65625, 2.6875], "texture": "#0"},
				"east": {"uv": [7.75, 2.375, 8.125, 2.4375], "texture": "#0"},
				"south": {"uv": [2.75, 8.625, 2.78125, 8.6875], "texture": "#0"},
				"west": {"uv": [7.75, 3.5, 8.125, 3.5625], "texture": "#0"},
				"up": {"uv": [8.53125, 0.875, 8.5, 0.5], "texture": "#0"},
				"down": {"uv": [0.65625, 8.5, 0.625, 8.875], "texture": "#0"}
			}
		},
		{
			"name": "head",
			"from": [6.40722, 18.0834, 6.85986],
			"to": [6.76525, 18.7025, 9.13361],
			"rotation": {"angle": -45, "axis": "z", "origin": [6.55949, 18.12545, 9.58836]},
			"faces": {
				"north": {"uv": [2.875, 8.625, 2.90625, 8.6875], "texture": "#0"},
				"east": {"uv": [7.875, 4, 8.15625, 4.0625], "texture": "#0"},
				"south": {"uv": [3, 8.625, 3.03125, 8.6875], "texture": "#0"},
				"west": {"uv": [7.875, 4.5, 8.15625, 4.5625], "texture": "#0"},
				"up": {"uv": [2.40625, 8.78125, 2.375, 8.5], "texture": "#0"},
				"down": {"uv": [8.53125, 2.375, 8.5, 2.65625], "texture": "#0"}
			}
		},
		{
			"name": "head",
			"from": [6.86328, 18.13569, 7.31591],
			"to": [7.2213, 19.15604, 8.68016],
			"rotation": {"angle": -45, "axis": "z", "origin": [7.01554, 18.57899, 10.04441]},
			"faces": {
				"north": {"uv": [7.875, 8.5, 7.90625, 8.625], "texture": "#0"},
				"east": {"uv": [7.875, 0.125, 8.03125, 0.25], "texture": "#0"},
				"south": {"uv": [8.5, 7.875, 8.53125, 8], "texture": "#0"},
				"west": {"uv": [7.875, 0.5, 8.03125, 0.625], "texture": "#0"},
				"up": {"uv": [5.53125, 8.65625, 5.5, 8.5], "texture": "#0"},
				"down": {"uv": [5.65625, 8.5, 5.625, 8.65625], "texture": "#0"}
			}
		},
		{
			"name": "head",
			"from": [4.28972, 12.8854, 5.64316],
			"to": [11.69947, 14.03951, 7.23169],
			"rotation": {"angle": 22.5, "axis": "x", "origin": [7.4749, 17.94308, 7.2533]},
			"faces": {
				"north": {"uv": [3, 5.375, 3.9375, 5.53125], "texture": "#0"},
				"east": {"uv": [0.25, 7.5, 0.4375, 7.65625], "texture": "#0"},
				"south": {"uv": [4, 5.375, 4.9375, 5.53125], "texture": "#0"},
				"west": {"uv": [7.5, 0.5, 7.6875, 0.65625], "texture": "#0"},
				"up": {"uv": [5.6875, 2.1875, 4.75, 2], "texture": "#0"},
				"down": {"uv": [5.6875, 2.25, 4.75, 2.4375], "texture": "#0"}
			}
		},
		{
			"name": "head",
			"from": [4.43583, 13.24127, 5.81601],
			"to": [11.55133, 14.39537, 6.01354],
			"rotation": {"angle": 22.5, "axis": "x", "origin": [7.32676, 18.29894, 7.42615]},
			"faces": {
				"north": {"uv": [3.625, 5.625, 4.5, 5.78125], "texture": "#0"},
				"east": {"uv": [5.75, 8.5, 5.78125, 8.65625], "texture": "#0"},
				"south": {"uv": [0, 5.75, 0.875, 5.90625], "texture": "#0"},
				"west": {"uv": [8.5, 5.75, 8.53125, 5.90625], "texture": "#0"},
				"up": {"uv": [8.375, 3.40625, 7.5, 3.375], "texture": "#0"},
				"down": {"uv": [8.5, 2.5, 7.625, 2.53125], "texture": "#0"}
			}
		},
		{
			"name": "head",
			"from": [4.65052, 13.75241, 6.02933],
			"to": [11.33802, 14.90651, 6.22685],
			"rotation": {"angle": 22.5, "axis": "x", "origin": [7.11345, 18.81008, 7.63946]},
			"faces": {
				"north": {"uv": [5.75, 4, 6.59375, 4.15625], "texture": "#0"},
				"east": {"uv": [5.875, 8.5, 5.90625, 8.65625], "texture": "#0"},
				"south": {"uv": [5.75, 4.25, 6.59375, 4.40625], "texture": "#0"},
				"west": {"uv": [6, 8.5, 6.03125, 8.65625], "texture": "#0"},
				"up": {"uv": [8.46875, 3.03125, 7.625, 3], "texture": "#0"},
				"down": {"uv": [8.46875, 3.125, 7.625, 3.15625], "texture": "#0"}
			}
		},
		{
			"name": "head",
			"from": [5.03727, 14.67661, 6.41833],
			"to": [10.94902, 15.83071, 6.61585],
			"rotation": {"angle": 22.5, "axis": "x", "origin": [6.72444, 19.73428, 8.02847]},
			"faces": {
				"north": {"uv": [4.375, 6, 5.125, 6.15625], "texture": "#0"},
				"east": {"uv": [8.5, 6, 8.53125, 6.15625], "texture": "#0"},
				"south": {"uv": [5.125, 6, 5.875, 6.15625], "texture": "#0"},
				"west": {"uv": [8.5, 6.25, 8.53125, 6.40625], "texture": "#0"},
				"up": {"uv": [8.5, 3.65625, 7.75, 3.625], "texture": "#0"},
				"down": {"uv": [8.5, 4.25, 7.75, 4.28125], "texture": "#0"}
			}
		},
		{
			"name": "head",
			"from": [5.30477, 16.61401, 5.07518],
			"to": [10.65477, 16.88536, 5.7007],
			"rotation": {"angle": 22.5, "axis": "x", "origin": [8.22052, 16.74968, 5.38794]},
			"faces": {
				"north": {"uv": [7.75, 6.75, 8.40625, 6.78125], "texture": "#0"},
				"east": {"uv": [8.625, 0.75, 8.71875, 0.78125], "texture": "#0"},
				"south": {"uv": [7.75, 6.875, 8.40625, 6.90625], "texture": "#0"},
				"west": {"uv": [0.875, 8.625, 0.96875, 8.65625], "texture": "#0"},
				"up": {"uv": [7.40625, 2.96875, 6.75, 2.875], "texture": "#0"},
				"down": {"uv": [7.40625, 3, 6.75, 3.09375], "texture": "#0"}
			}
		},
		{
			"name": "head",
			"from": [4.85125, 14.21308, 6.22985],
			"to": [11.1375, 15.36718, 6.42737],
			"rotation": {"angle": 22.5, "axis": "x", "origin": [6.91293, 19.27075, 7.83998]},
			"faces": {
				"north": {"uv": [3.5, 5.875, 4.28125, 6.03125], "texture": "#0"},
				"east": {"uv": [6.375, 8.5, 6.40625, 8.65625], "texture": "#0"},
				"south": {"uv": [5.875, 5.5, 6.65625, 5.65625], "texture": "#0"},
				"west": {"uv": [6.5, 8.5, 6.53125, 8.65625], "texture": "#0"},
				"up": {"uv": [8.40625, 4.15625, 7.625, 4.125], "texture": "#0"},
				"down": {"uv": [8.40625, 4.75, 7.625, 4.78125], "texture": "#0"}
			}
		},
		{
			"name": "head",
			"from": [5.7345, 17.01614, 5.27712],
			"to": [10.2285, 17.63525, 5.63514],
			"rotation": {"angle": 45, "axis": "x", "origin": [7.5, 17.0582, 5.42938]},
			"faces": {
				"north": {"uv": [7.125, 5.25, 7.6875, 5.3125], "texture": "#0"},
				"east": {"uv": [8.625, 3, 8.65625, 3.0625], "texture": "#0"},
				"south": {"uv": [5.375, 7.125, 5.9375, 7.1875], "texture": "#0"},
				"west": {"uv": [3.125, 8.625, 3.15625, 8.6875], "texture": "#0"},
				"up": {"uv": [8.4375, 4.65625, 7.875, 4.625], "texture": "#0"},
				"down": {"uv": [7.1875, 7.875, 6.625, 7.90625], "texture": "#0"}
			}
		},
		{
			"name": "head",
			"from": [6.12631, 17.34831, 5.67213],
			"to": [9.87131, 17.96742, 6.03016],
			"rotation": {"angle": 45, "axis": "x", "origin": [7.14281, 17.39037, 5.82439]},
			"faces": {
				"north": {"uv": [7.5, 0.75, 7.96875, 0.8125], "texture": "#0"},
				"east": {"uv": [8.625, 3.125, 8.65625, 3.1875], "texture": "#0"},
				"south": {"uv": [7.5, 0.875, 7.96875, 0.9375], "texture": "#0"},
				"west": {"uv": [3.25, 8.625, 3.28125, 8.6875], "texture": "#0"},
				"up": {"uv": [8.46875, 1.65625, 8, 1.625], "texture": "#0"},
				"down": {"uv": [8.46875, 1.75, 8, 1.78125], "texture": "#0"}
			}
		},
		{
			"name": "head",
			"from": [6.50027, 17.71408, 6.04718],
			"to": [9.49627, 18.33318, 6.4052],
			"rotation": {"angle": 45, "axis": "x", "origin": [6.76777, 17.75613, 6.19944]},
			"faces": {
				"north": {"uv": [7.75, 4.375, 8.125, 4.4375], "texture": "#0"},
				"east": {"uv": [8.625, 3.25, 8.65625, 3.3125], "texture": "#0"},
				"south": {"uv": [4.875, 7.75, 5.25, 7.8125], "texture": "#0"},
				"west": {"uv": [3.375, 8.625, 3.40625, 8.6875], "texture": "#0"},
				"up": {"uv": [8.375, 5.65625, 8, 5.625], "texture": "#0"},
				"down": {"uv": [8.375, 7.625, 8, 7.65625], "texture": "#0"}
			}
		},
		{
			"name": "head",
			"from": [6.86247, 18.0834, 6.40722],
			"to": [9.13622, 18.7025, 6.76525],
			"rotation": {"angle": 45, "axis": "x", "origin": [6.40772, 18.12545, 6.55949]},
			"faces": {
				"north": {"uv": [7.25, 7.875, 7.53125, 7.9375], "texture": "#0"},
				"east": {"uv": [8.625, 3.375, 8.65625, 3.4375], "texture": "#0"},
				"south": {"uv": [7.625, 7.875, 7.90625, 7.9375], "texture": "#0"},
				"west": {"uv": [3.5, 8.625, 3.53125, 8.6875], "texture": "#0"},
				"up": {"uv": [2.78125, 8.53125, 2.5, 8.5], "texture": "#0"},
				"down": {"uv": [8.78125, 2.75, 8.5, 2.78125], "texture": "#0"}
			}
		},
		{
			"name": "head",
			"from": [7.31591, 18.13569, 6.86328],
			"to": [8.68016, 19.15604, 7.2213],
			"rotation": {"angle": 45, "axis": "x", "origin": [5.95166, 18.57899, 7.01554]},
			"faces": {
				"north": {"uv": [7.875, 0.625, 8.03125, 0.75], "texture": "#0"},
				"east": {"uv": [8.5, 8, 8.53125, 8.125], "texture": "#0"},
				"south": {"uv": [0.875, 7.875, 1.03125, 8], "texture": "#0"},
				"west": {"uv": [8.5, 8.125, 8.53125, 8.25], "texture": "#0"},
				"up": {"uv": [8.65625, 6.53125, 8.5, 6.5], "texture": "#0"},
				"down": {"uv": [6.78125, 8.5, 6.625, 8.53125], "texture": "#0"}
			}
		},
		{
			"name": "head",
			"from": [5.30477, 17.03009, 4.86799],
			"to": [10.65477, 17.24794, 5.49351],
			"rotation": {"angle": 45, "axis": "x", "origin": [7.92627, 16.67089, 4.96675]},
			"faces": {
				"north": {"uv": [7.75, 7, 8.40625, 7.03125], "texture": "#0"},
				"east": {"uv": [1, 8.625, 1.09375, 8.65625], "texture": "#0"},
				"south": {"uv": [7.75, 7.125, 8.40625, 7.15625], "texture": "#0"},
				"west": {"uv": [1.125, 8.625, 1.21875, 8.65625], "texture": "#0"},
				"up": {"uv": [7.40625, 3.21875, 6.75, 3.125], "texture": "#0"},
				"down": {"uv": [7.40625, 4.5, 6.75, 4.59375], "texture": "#0"}
			}
		},
		{
			"name": "head",
			"from": [4.29661, 12.8854, 8.76831],
			"to": [11.70636, 14.03951, 10.35684],
			"rotation": {"angle": -22.5, "axis": "x", "origin": [8.52118, 17.94308, 8.7467]},
			"faces": {
				"north": {"uv": [0, 5.5, 0.9375, 5.65625], "texture": "#0"},
				"east": {"uv": [7.5, 1.5, 7.6875, 1.65625], "texture": "#0"},
				"south": {"uv": [5.5, 0.75, 6.4375, 0.90625], "texture": "#0"},
				"west": {"uv": [7.5, 1.75, 7.6875, 1.90625], "texture": "#0"},
				"up": {"uv": [5.8125, 0.1875, 4.875, 0], "texture": "#0"},
				"down": {"uv": [5.8125, 0.25, 4.875, 0.4375], "texture": "#0"}
			}
		},
		{
			"name": "head",
			"from": [4.44474, 13.24127, 9.98646],
			"to": [11.56024, 14.39537, 10.18399],
			"rotation": {"angle": -22.5, "axis": "x", "origin": [8.66932, 18.29894, 8.57385]},
			"faces": {
				"north": {"uv": [0.875, 5.75, 1.75, 5.90625], "texture": "#0"},
				"east": {"uv": [8.5, 6.625, 8.53125, 6.78125], "texture": "#0"},
				"south": {"uv": [5.75, 2, 6.625, 2.15625], "texture": "#0"},
				"west": {"uv": [6.875, 8.5, 6.90625, 8.65625], "texture": "#0"},
				"up": {"uv": [8.5, 2.65625, 7.625, 2.625], "texture": "#0"},
				"down": {"uv": [8.5, 2.875, 7.625, 2.90625], "texture": "#0"}
			}
		},
		{
			"name": "head",
			"from": [4.65806, 13.75241, 9.77315],
			"to": [11.34556, 14.90651, 9.97067],
			"rotation": {"angle": -22.5, "axis": "x", "origin": [8.88263, 18.81008, 8.36054]},
			"faces": {
				"north": {"uv": [4.5, 5.75, 5.34375, 5.90625], "texture": "#0"},
				"east": {"uv": [8.5, 6.875, 8.53125, 7.03125], "texture": "#0"},
				"south": {"uv": [5.375, 5.75, 6.21875, 5.90625], "texture": "#0"},
				"west": {"uv": [7, 8.5, 7.03125, 8.65625], "texture": "#0"},
				"up": {"uv": [8.46875, 3.28125, 7.625, 3.25], "texture": "#0"},
				"down": {"uv": [8.46875, 3.75, 7.625, 3.78125], "texture": "#0"}
			}
		},
		{
			"name": "head",
			"from": [4.85858, 14.21308, 9.57263],
			"to": [11.14483, 15.36718, 9.77015],
			"rotation": {"angle": -22.5, "axis": "x", "origin": [9.08315, 19.27075, 8.16002]},
			"faces": {
				"north": {"uv": [0, 6, 0.78125, 6.15625], "texture": "#0"},
				"east": {"uv": [7.125, 8.5, 7.15625, 8.65625], "texture": "#0"},
				"south": {"uv": [6, 0.5, 6.78125, 0.65625], "texture": "#0"},
				"west": {"uv": [8.5, 7.125, 8.53125, 7.28125], "texture": "#0"},
				"up": {"uv": [8.40625, 4.90625, 7.625, 4.875], "texture": "#0"},
				"down": {"uv": [8.40625, 5.5, 7.625, 5.53125], "texture": "#0"}
			}
		},
		{
			"name": "head",
			"from": [5.04706, 14.67661, 9.38415],
			"to": [10.95881, 15.83071, 9.58167],
			"rotation": {"angle": -22.5, "axis": "x", "origin": [9.27164, 19.73428, 7.97153]},
			"faces": {
				"north": {"uv": [5.875, 6, 6.625, 6.15625], "texture": "#0"},
				"east": {"uv": [7.25, 8.5, 7.28125, 8.65625], "texture": "#0"},
				"south": {"uv": [1.625, 6.125, 2.375, 6.28125], "texture": "#0"},
				"west": {"uv": [7.375, 8.5, 7.40625, 8.65625], "texture": "#0"},
				"up": {"uv": [8.5, 5.03125, 7.75, 5], "texture": "#0"},
				"down": {"uv": [8.5, 5.125, 7.75, 5.15625], "texture": "#0"}
			}
		},
		{
			"name": "head",
			"from": [5.34131, 17.03009, 10.50649],
			"to": [10.69131, 17.24794, 11.13201],
			"rotation": {"angle": -45, "axis": "x", "origin": [8.06981, 16.67089, 11.03325]},
			"faces": {
				"north": {"uv": [7.75, 7.25, 8.40625, 7.28125], "texture": "#0"},
				"east": {"uv": [1.25, 8.625, 1.34375, 8.65625], "texture": "#0"},
				"south": {"uv": [7.75, 7.375, 8.40625, 7.40625], "texture": "#0"},
				"west": {"uv": [1.375, 8.625, 1.46875, 8.65625], "texture": "#0"},
				"up": {"uv": [7.40625, 4.71875, 6.75, 4.625], "texture": "#0"},
				"down": {"uv": [7.40625, 4.75, 6.75, 4.84375], "texture": "#0"}
			}
		},
		{
			"name": "head",
			"from": [5.34131, 16.61401, 10.2993],
			"to": [10.69131, 16.88536, 10.92482],
			"rotation": {"angle": -22.5, "axis": "x", "origin": [7.77556, 16.74968, 10.61206]},
			"faces": {
				"north": {"uv": [7.75, 7.5, 8.40625, 7.53125], "texture": "#0"},
				"east": {"uv": [1.5, 8.625, 1.59375, 8.65625], "texture": "#0"},
				"south": {"uv": [7.625, 7.75, 8.28125, 7.78125], "texture": "#0"},
				"west": {"uv": [8.625, 1.5, 8.71875, 1.53125], "texture": "#0"},
				"up": {"uv": [7.40625, 4.96875, 6.75, 4.875], "texture": "#0"},
				"down": {"uv": [6.03125, 6.75, 5.375, 6.84375], "texture": "#0"}
			}
		},
		{
			"name": "head",
			"from": [5.76758, 17.01614, 10.36486],
			"to": [10.26158, 17.63525, 10.72288],
			"rotation": {"angle": -45, "axis": "x", "origin": [8.49608, 17.0582, 10.57062]},
			"faces": {
				"north": {"uv": [7.125, 5.375, 7.6875, 5.4375], "texture": "#0"},
				"east": {"uv": [8.625, 3.5, 8.65625, 3.5625], "texture": "#0"},
				"south": {"uv": [7.125, 5.75, 7.6875, 5.8125], "texture": "#0"},
				"west": {"uv": [3.625, 8.625, 3.65625, 8.6875], "texture": "#0"},
				"up": {"uv": [8.5625, 0.28125, 8, 0.25], "texture": "#0"},
				"down": {"uv": [8.5625, 0.375, 8, 0.40625], "texture": "#0"}
			}
		},
		{
			"name": "head",
			"from": [6.12477, 17.34831, 9.96984],
			"to": [9.86977, 17.96742, 10.32787],
			"rotation": {"angle": -45, "axis": "x", "origin": [8.85327, 17.39037, 10.17561]},
			"faces": {
				"north": {"uv": [7.5, 2, 7.96875, 2.0625], "texture": "#0"},
				"east": {"uv": [8.625, 3.625, 8.65625, 3.6875], "texture": "#0"},
				"south": {"uv": [7.5, 2.125, 7.96875, 2.1875], "texture": "#0"},
				"west": {"uv": [3.75, 8.625, 3.78125, 8.6875], "texture": "#0"},
				"up": {"uv": [8.46875, 1.90625, 8, 1.875], "texture": "#0"},
				"down": {"uv": [8.46875, 2, 8, 2.03125], "texture": "#0"}
			}
		},
		{
			"name": "head",
			"from": [6.49981, 17.71408, 9.5948],
			"to": [9.49581, 18.33318, 9.95282],
			"rotation": {"angle": -45, "axis": "x", "origin": [9.22831, 17.75613, 9.80056]},
			"faces": {
				"north": {"uv": [7.75, 5.25, 8.125, 5.3125], "texture": "#0"},
				"east": {"uv": [8.625, 3.75, 8.65625, 3.8125], "texture": "#0"},
				"south": {"uv": [7.75, 5.375, 8.125, 5.4375], "texture": "#0"},
				"west": {"uv": [3.875, 8.625, 3.90625, 8.6875], "texture": "#0"},
				"up": {"uv": [8.5, 2.40625, 8.125, 2.375], "texture": "#0"},
				"down": {"uv": [8.625, 1.5, 8.25, 1.53125], "texture": "#0"}
			}
		},
		{
			"name": "head",
			"from": [6.85986, 18.0834, 9.23475],
			"to": [9.13361, 18.7025, 9.59278],
			"rotation": {"angle": -45, "axis": "x", "origin": [9.58836, 18.12545, 9.44051]},
			"faces": {
				"north": {"uv": [8, 0.75, 8.28125, 0.8125], "texture": "#0"},
				"east": {"uv": [8.625, 3.875, 8.65625, 3.9375], "texture": "#0"},
				"south": {"uv": [8, 0.875, 8.28125, 0.9375], "texture": "#0"},
				"west": {"uv": [8.625, 4, 8.65625, 4.0625], "texture": "#0"},
				"up": {"uv": [3.15625, 8.53125, 2.875, 8.5], "texture": "#0"},
				"down": {"uv": [8.78125, 2.875, 8.5, 2.90625], "texture": "#0"}
			}
		},
		{
			"name": "head",
			"from": [7.31591, 18.13569, 8.7787],
			"to": [8.68016, 19.15604, 9.13672],
			"rotation": {"angle": -45, "axis": "x", "origin": [10.04441, 18.57899, 8.98446]},
			"faces": {
				"north": {"uv": [7.875, 1, 8.03125, 1.125], "texture": "#0"},
				"east": {"uv": [8.5, 8.25, 8.53125, 8.375], "texture": "#0"},
				"south": {"uv": [7.875, 1.125, 8.03125, 1.25], "texture": "#0"},
				"west": {"uv": [8.5, 8.375, 8.53125, 8.5], "texture": "#0"},
				"up": {"uv": [8.65625, 7.40625, 8.5, 7.375], "texture": "#0"},
				"down": {"uv": [7.65625, 8.5, 7.5, 8.53125], "texture": "#0"}
			}
		}
	],
	"display": {
		"thirdperson_righthand": {
			"translation": [0, 0.5, 0],
			"scale": [0.67, 0.67, 0.67]
		},
		"thirdperson_lefthand": {
			"translation": [0, 0.5, 0],
			"scale": [0.67, 0.67, 0.67]
		},
		"firstperson_righthand": {
			"translation": [0, 0.5, 0],
			"scale": [0.67, 0.67, 0.67]
		},
		"firstperson_lefthand": {
			"translation": [0, 0.5, 0],
			"scale": [0.67, 0.67, 0.67]
		},
		"gui": {
			"rotation": [-180, 20.75, -180],
			"translation": [0, -5, 0]
		},
		"head": {
			"translation": [0, -4, -0.25],
			"scale": [1.72, 1.72, 1.72]
		},
		"fixed": {
			"translation": [0, 0, -2.25]
		}
	},
	"groups": [
		{
			"name": "steve",
			"origin": [8, 8, 8],
			"color": 0,
			"children": [
				0,
				1,
				2,
				3,
				4,
				5,
				6,
				7,
				8,
				9,
				10,
				11,
				12,
				13,
				14,
				15,
				16,
				17,
				18,
				19,
				20,
				21,
				22,
				23,
				24,
				25,
				26,
				27,
				28,
				29,
				30,
				31,
				32,
				33,
				34,
				35,
				36,
				37,
				38,
				39,
				40,
				41,
				42,
				43,
				44,
				45,
				46,
				47,
				48,
				49,
				50,
				51,
				52,
				53,
				54,
				55,
				56,
				57,
				58,
				59,
				60,
				61,
				62,
				63,
				64,
				65,
				66,
				67,
				68,
				69,
				70,
				71,
				72,
				73,
				74,
				75,
				76,
				77,
				78,
				79,
				80,
				81,
				82,
				83,
				84,
				85,
				86,
				87,
				88,
				89,
				90,
				91,
				92,
				93,
				94,
				95,
				96,
				97,
				98,
				99,
				100,
				101,
				102,
				103,
				104,
				105,
				106,
				107,
				108,
				109,
				110,
				111,
				112,
				113,
				114,
				115,
				116,
				117,
				118,
				119,
				120,
				121,
				122,
				123,
				124,
				125
			]
		}
	]
}