{
	"credit": "Made with Blockbench",
	"texture_size": [64, 64],
	"textures": {
		"0": "concrete:helmets/russian_hat",
		"particle": "concrete:helmets/russian_hat"
	},
	"elements": [
		{
			"from": [-0.26137, 0.87516, -1.1219],
			"to": [16.17237, 3.87766, 17.14411],
			"rotation": {"angle": 0, "axis": "y", "origin": [10.75975, 23.88554, -1.2874]},
			"faces": {
				"north": {"uv": [9.5, 3.5, 7.25, 4.0625], "texture": "#0"},
				"east": {"uv": [2.5625, 6.5, 0, 7.0625], "texture": "#0"},
				"south": {"uv": [2.25, 7.25, 0, 7.8125], "texture": "#0"},
				"west": {"uv": [7.5625, 6.5, 5, 7.0625], "texture": "#0"},
				"up": {"uv": [2.25, 0, 0, 2.5625], "texture": "#0"},
				"down": {"uv": [4.5, 2.5625, 2.25, 0], "texture": "#0"}
			}
		},
		{
			"from": [0.09463, 0.26834, -1.2426],
			"to": [15.90537, 1.09034, 5.8094],
			"rotation": {"angle": 22.5, "axis": "x", "origin": [8, 1.76959, 7.8904]},
			"faces": {
				"north": {"uv": [9.5, 3.5, 7.25, 4.0625], "texture": "#0"},
				"east": {"uv": [2.5625, 6.5, 0, 7.0625], "texture": "#0"},
				"south": {"uv": [2.25, 7.25, 0, 7.8125], "texture": "#0"},
				"west": {"uv": [7.5625, 6.5, 5, 7.0625], "texture": "#0"},
				"up": {"uv": [2.25, 0, 0, 2.5625], "texture": "#0"},
				"down": {"uv": [4.5, 2.5625, 2.25, 0], "texture": "#0"}
			}
		},
		{
			"from": [0.56895, 3.93415, -0.28934],
			"to": [15.43105, 4.70683, 6.33954],
			"rotation": {"angle": -22.5, "axis": "x", "origin": [8, 3.29566, 8.29568]},
			"faces": {
				"north": {"uv": [9.5, 4.0625, 7.25, 3.5], "texture": "#0"},
				"east": {"uv": [2.5625, 7.0625, 0, 6.5], "texture": "#0"},
				"south": {"uv": [2.25, 7.8125, 0, 7.25], "texture": "#0"},
				"west": {"uv": [7.5625, 7.0625, 5, 6.5], "texture": "#0"},
				"up": {"uv": [4.5, 0, 2.25, 2.5625], "texture": "#0"},
				"down": {"uv": [2.25, 2.5625, 0, 0], "texture": "#0"}
			}
		},
		{
			"from": [0.09463, 0.26834, 10.15422],
			"to": [15.90537, 1.09034, 17.20622],
			"rotation": {"angle": -22.5, "axis": "x", "origin": [8, 1.76959, 8.07322]},
			"faces": {
				"north": {"uv": [0, 7.25, 2.25, 7.8125], "texture": "#0"},
				"east": {"uv": [0, 6.5, 2.5625, 7.0625], "texture": "#0"},
				"south": {"uv": [7.25, 3.5, 9.5, 4.0625], "texture": "#0"},
				"west": {"uv": [5, 6.5, 7.5625, 7.0625], "texture": "#0"},
				"up": {"uv": [2.25, 2.5625, 0, 0], "texture": "#0"},
				"down": {"uv": [4.5, 0, 2.25, 2.5625], "texture": "#0"}
			}
		},
		{
			"from": [0.09463, 3.66248, 10.15422],
			"to": [15.90537, 4.48448, 17.20622],
			"rotation": {"angle": 22.5, "axis": "x", "origin": [8, 2.98323, 8.07322]},
			"faces": {
				"north": {"uv": [0, 7.8125, 2.25, 7.25], "texture": "#0"},
				"east": {"uv": [0, 7.0625, 2.5625, 6.5], "texture": "#0"},
				"south": {"uv": [7.25, 4.0625, 9.5, 3.5], "texture": "#0"},
				"west": {"uv": [5, 7.0625, 7.5625, 6.5], "texture": "#0"},
				"up": {"uv": [4.5, 2.5625, 2.25, 0], "texture": "#0"},
				"down": {"uv": [2.25, 0, 0, 2.5625], "texture": "#0"}
			}
		},
		{
			"from": [0.09463, 3.66248, -1.20622],
			"to": [15.90537, 4.48448, 5.84578],
			"rotation": {"angle": -22.5, "axis": "x", "origin": [8, 2.98323, 7.92678]},
			"faces": {
				"north": {"uv": [9.5, 4.0625, 7.25, 3.5], "texture": "#0"},
				"east": {"uv": [2.5625, 7.0625, 0, 6.5], "texture": "#0"},
				"south": {"uv": [2.25, 7.8125, 0, 7.25], "texture": "#0"},
				"west": {"uv": [7.5625, 7.0625, 5, 6.5], "texture": "#0"},
				"up": {"uv": [4.5, 0, 2.25, 2.5625], "texture": "#0"},
				"down": {"uv": [2.25, 2.5625, 0, 0], "texture": "#0"}
			}
		},
		{
			"from": [9.28864, 3.66248, -0.77529],
			"to": [16.34064, 4.48448, 16.77095],
			"rotation": {"angle": -22.5, "axis": "z", "origin": [7.20764, 2.98323, 8.86558]},
			"faces": {
				"north": {"uv": [0, 7.0625, 2.5625, 6.5], "texture": "#0"},
				"east": {"uv": [7.25, 4.0625, 9.5, 3.5], "texture": "#0"},
				"south": {"uv": [5, 7.0625, 7.5625, 6.5], "texture": "#0"},
				"west": {"uv": [0, 7.8125, 2.25, 7.25], "texture": "#0"},
				"up": {"uv": [2.25, 0, 4.5, 2.5625], "rotation": 90, "texture": "#0"},
				"down": {"uv": [0, 2.5625, 2.25, 0], "rotation": 270, "texture": "#0"}
			}
		},
		{
			"from": [9.28864, 0.26834, -0.77529],
			"to": [16.34064, 1.09034, 16.77095],
			"rotation": {"angle": 22.5, "axis": "z", "origin": [7.20764, 1.76959, 8.86558]},
			"faces": {
				"north": {"uv": [0, 6.5, 2.5625, 7.0625], "texture": "#0"},
				"east": {"uv": [7.25, 3.5, 9.5, 4.0625], "texture": "#0"},
				"south": {"uv": [5, 6.5, 7.5625, 7.0625], "texture": "#0"},
				"west": {"uv": [0, 7.25, 2.25, 7.8125], "texture": "#0"},
				"up": {"uv": [0, 0, 2.25, 2.5625], "rotation": 90, "texture": "#0"},
				"down": {"uv": [2.25, 2.5625, 4.5, 0], "rotation": 270, "texture": "#0"}
			}
		},
		{
			"from": [-0.38514, 0.26834, -0.77529],
			"to": [6.66686, 1.09034, 16.77095],
			"rotation": {"angle": -22.5, "axis": "z", "origin": [8.74786, 1.76959, 8.86558]},
			"faces": {
				"north": {"uv": [2.5625, 6.5, 0, 7.0625], "texture": "#0"},
				"east": {"uv": [2.25, 7.25, 0, 7.8125], "texture": "#0"},
				"south": {"uv": [7.5625, 6.5, 5, 7.0625], "texture": "#0"},
				"west": {"uv": [9.5, 3.5, 7.25, 4.0625], "texture": "#0"},
				"up": {"uv": [0, 2.5625, 2.25, 0], "rotation": 90, "texture": "#0"},
				"down": {"uv": [2.25, 0, 4.5, 2.5625], "rotation": 270, "texture": "#0"}
			}
		},
		{
			"from": [-0.38514, 3.66248, -0.77529],
			"to": [6.66686, 4.48448, 16.77095],
			"rotation": {"angle": 22.5, "axis": "z", "origin": [8.74786, 2.98323, 8.86558]},
			"faces": {
				"north": {"uv": [2.5625, 7.0625, 0, 6.5], "texture": "#0"},
				"east": {"uv": [2.25, 7.8125, 0, 7.25], "texture": "#0"},
				"south": {"uv": [7.5625, 7.0625, 5, 6.5], "texture": "#0"},
				"west": {"uv": [9.5, 4.0625, 7.25, 3.5], "texture": "#0"},
				"up": {"uv": [2.25, 2.5625, 4.5, 0], "rotation": 90, "texture": "#0"},
				"down": {"uv": [0, 0, 2.25, 2.5625], "rotation": 270, "texture": "#0"}
			}
		},
		{
			"name": "head",
			"from": [2.79493, 4.49137, 3.32294],
			"to": [13.20507, 6.96138, 13.73308],
			"rotation": {"angle": 0, "axis": "y", "origin": [8, 8.91928, 8.52801]},
			"faces": {
				"north": {"uv": [9.125, 6, 7.25, 6.4375], "texture": "#0"},
				"east": {"uv": [7.875, 7.25, 6, 7.6875], "texture": "#0"},
				"south": {"uv": [9.125, 5.5, 7.25, 5.9375], "texture": "#0"},
				"west": {"uv": [9.375, 1.5, 7.5, 1.9375], "texture": "#0"},
				"up": {"uv": [1.875, 2.75, 0, 4.625], "texture": "#0"},
				"down": {"uv": [3.875, 4.625, 2, 2.75], "texture": "#0"}
			}
		},
		{
			"name": "head",
			"from": [3.00313, 5.10473, 3.53114],
			"to": [12.99687, 7.47594, 13.52488],
			"rotation": {"angle": 0, "axis": "y", "origin": [8, 8.91928, 8.52801]},
			"faces": {
				"north": {"uv": [9.25, 3, 7.5, 3.4375], "texture": "#0"},
				"east": {"uv": [9.25, 2.5, 7.5, 2.9375], "texture": "#0"},
				"south": {"uv": [9.25, 2, 7.5, 2.4375], "texture": "#0"},
				"west": {"uv": [9.5, 0, 7.75, 0.4375], "texture": "#0"},
				"up": {"uv": [5.75, 2.75, 4, 4.5], "texture": "#0"},
				"down": {"uv": [6.25, 1.75, 4.5, 0], "texture": "#0"}
			}
		},
		{
			"name": "head",
			"from": [3.30294, 5.9278, 3.83095],
			"to": [12.69706, 8.15673, 13.22507],
			"rotation": {"angle": 0, "axis": "y", "origin": [8, 8.91928, 8.52801]},
			"faces": {
				"north": {"uv": [8.1875, 8.25, 6.5, 8.625], "texture": "#0"},
				"east": {"uv": [9.6875, 7, 8, 7.375], "texture": "#0"},
				"south": {"uv": [1.6875, 8, 0, 8.375], "texture": "#0"},
				"west": {"uv": [9.9375, 8.25, 8.25, 8.625], "texture": "#0"},
				"up": {"uv": [5.6875, 4.5, 4, 6.1875], "texture": "#0"},
				"down": {"uv": [1.6875, 6.4375, 0, 4.75], "texture": "#0"}
			}
		},
		{
			"name": "head",
			"from": [3.58477, 6.7466, 4.11278],
			"to": [12.41523, 8.8418, 12.94325],
			"rotation": {"angle": 0, "axis": "y", "origin": [8, 8.91928, 8.52801]},
			"faces": {
				"north": {"uv": [10.0625, 4.25, 8.5, 4.625], "texture": "#0"},
				"east": {"uv": [3.3125, 8.5, 1.75, 8.875], "texture": "#0"},
				"south": {"uv": [1.5625, 8.5, 0, 8.875], "texture": "#0"},
				"west": {"uv": [10.0625, 4.75, 8.5, 5.125], "texture": "#0"},
				"up": {"uv": [3.3125, 4.75, 1.75, 6.3125], "texture": "#0"},
				"down": {"uv": [7.3125, 3.3125, 5.75, 1.75], "texture": "#0"}
			}
		},
		{
			"name": "head",
			"from": [3.84968, 7.5238, 4.37769],
			"to": [12.15032, 9.49329, 12.67833],
			"rotation": {"angle": 0, "axis": "y", "origin": [8, 8.91928, 8.52801]},
			"faces": {
				"north": {"uv": [8, 9.25, 6.5, 9.625], "texture": "#0"},
				"east": {"uv": [10.75, 5.75, 9.25, 6.125], "texture": "#0"},
				"south": {"uv": [3.5, 9, 2, 9.375], "texture": "#0"},
				"west": {"uv": [9.5, 9.25, 8, 9.625], "texture": "#0"},
				"up": {"uv": [7.25, 3.5, 5.75, 5], "texture": "#0"},
				"down": {"uv": [7.25, 6.5, 5.75, 5], "texture": "#0"}
			}
		},
		{
			"name": "head",
			"from": [4.26471, 8.22382, 4.79272],
			"to": [11.73529, 9.99636, 12.2633],
			"rotation": {"angle": 0, "axis": "y", "origin": [8, 8.91928, 8.52801]},
			"faces": {
				"north": {"uv": [10.5625, 10.75, 9.25, 11.0625], "texture": "#0"},
				"east": {"uv": [9.0625, 10.75, 7.75, 11.0625], "texture": "#0"},
				"south": {"uv": [7.5625, 10.75, 6.25, 11.0625], "texture": "#0"},
				"west": {"uv": [12.0625, 10.75, 10.75, 11.0625], "texture": "#0"},
				"up": {"uv": [7.5625, 0, 6.25, 1.3125], "texture": "#0"},
				"down": {"uv": [4.8125, 7.5625, 3.5, 6.25], "texture": "#0"}
			}
		},
		{
			"name": "head",
			"from": [4.86236, 9.11756, 5.39037],
			"to": [11.13764, 10.60649, 11.66565],
			"rotation": {"angle": 0, "axis": "y", "origin": [8, 8.91928, 8.52801]},
			"faces": {
				"north": {"uv": [11.375, 5, 10.25, 5.25], "texture": "#0"},
				"east": {"uv": [9.625, 8, 8.5, 8.25], "texture": "#0"},
				"south": {"uv": [7.375, 1.5, 6.25, 1.75], "texture": "#0"},
				"west": {"uv": [11.625, 7.75, 10.5, 8], "texture": "#0"},
				"up": {"uv": [3.375, 7.25, 2.25, 8.375], "texture": "#0"},
				"down": {"uv": [8.375, 5.375, 7.25, 4.25], "texture": "#0"}
			}
		},
		{
			"name": "head",
			"from": [5.36438, 9.87582, 5.89239],
			"to": [10.63562, 11.12652, 11.16363],
			"rotation": {"angle": 0, "axis": "y", "origin": [8, 8.91928, 8.52801]},
			"faces": {
				"north": {"uv": [12.1875, 2.75, 11.25, 3], "texture": "#0"},
				"east": {"uv": [12.1875, 2.5, 11.25, 2.75], "texture": "#0"},
				"south": {"uv": [2.9375, 11, 2, 11.25], "texture": "#0"},
				"west": {"uv": [12.1875, 3, 11.25, 3.25], "texture": "#0"},
				"up": {"uv": [5.4375, 1.75, 4.5, 2.6875], "texture": "#0"},
				"down": {"uv": [5.9375, 8.1875, 5, 7.25], "texture": "#0"}
			}
		},
		{
			"name": "head",
			"from": [5.8915, 10.64004, 6.41952],
			"to": [10.1085, 11.6406, 10.63651],
			"rotation": {"angle": 0, "axis": "y", "origin": [8, 8.91928, 8.52801]},
			"faces": {
				"north": {"uv": [10.25, 4, 9.5, 4.1875], "texture": "#0"},
				"east": {"uv": [9.25, 5.25, 8.5, 5.4375], "texture": "#0"},
				"south": {"uv": [5.75, 6.25, 5, 6.4375], "texture": "#0"},
				"west": {"uv": [10.5, 7.25, 9.75, 7.4375], "texture": "#0"},
				"up": {"uv": [3.5, 6.5, 2.75, 7.25], "texture": "#0"},
				"down": {"uv": [5.75, 9, 5, 8.25], "texture": "#0"}
			}
		},
		{
			"name": "head",
			"from": [6.39754, 11.39925, 6.92556],
			"to": [9.60246, 12.15968, 10.13047],
			"rotation": {"angle": 0, "axis": "y", "origin": [8, 8.91928, 8.52801]},
			"faces": {
				"north": {"uv": [1.8125, 12.5, 1.25, 12.625], "texture": "#0"},
				"east": {"uv": [13.0625, 1, 12.5, 1.125], "texture": "#0"},
				"south": {"uv": [13.0625, 0.75, 12.5, 0.875], "texture": "#0"},
				"west": {"uv": [13.0625, 1.25, 12.5, 1.375], "texture": "#0"},
				"up": {"uv": [5.5625, 9, 5, 9.5625], "texture": "#0"},
				"down": {"uv": [0.5625, 11.5625, 0, 11], "texture": "#0"}
			}
		},
		{
			"name": "head",
			"from": [6.75743, 10.837, 7.28544],
			"to": [9.24257, 13.00795, 9.77058],
			"rotation": {"angle": 0, "axis": "y", "origin": [8, 8.91928, 8.52801]},
			"faces": {
				"north": {"uv": [4.9375, 11.25, 4.5, 11.625], "texture": "#0"},
				"east": {"uv": [4.4375, 11.25, 4, 11.625], "texture": "#0"},
				"south": {"uv": [3.9375, 11.25, 3.5, 11.625], "texture": "#0"},
				"west": {"uv": [5.4375, 11.25, 5, 11.625], "texture": "#0"},
				"up": {"uv": [2.1875, 8, 1.75, 8.4375], "texture": "#0"},
				"down": {"uv": [11.6875, 3.6875, 11.25, 3.25], "texture": "#0"}
			}
		},
		{
			"name": "head",
			"from": [9.86455, 0.15005, 3.31877],
			"to": [12.0972, 5.11852, 13.73308],
			"rotation": {"angle": 22.5, "axis": "z", "origin": [8, 8.91928, 8.52801]},
			"faces": {
				"north": {"uv": [11.375, 11.25, 11, 11.5625], "texture": "#0"},
				"east": {"uv": [10.375, 7.5, 8.5, 7.8125], "texture": "#0"},
				"south": {"uv": [10.875, 11.25, 10.5, 11.5625], "texture": "#0"},
				"west": {"uv": [8.375, 8.75, 6.5, 9.0625], "texture": "#0"},
				"up": {"uv": [3.875, 7.75, 3.5, 9.625], "texture": "#0"},
				"down": {"uv": [4.375, 9.625, 4, 7.75], "texture": "#0"}
			}
		},
		{
			"name": "head",
			"from": [11.78654, 4.05151, 3.52413],
			"to": [12.06416, 5.67358, 13.52488],
			"rotation": {"angle": 22.5, "axis": "z", "origin": [8, 8.91928, 8.52801]},
			"faces": {
				"north": {"uv": [2.3125, 13.25, 2.25, 13.5625], "texture": "#0"},
				"east": {"uv": [1.75, 9.5, 0, 9.8125], "texture": "#0"},
				"south": {"uv": [13.3125, 1.75, 13.25, 2.0625], "texture": "#0"},
				"west": {"uv": [11.25, 0, 9.5, 0.3125], "texture": "#0"},
				"up": {"uv": [7.5625, 11.5, 7.5, 13.25], "texture": "#0"},
				"down": {"uv": [7.8125, 13.25, 7.75, 11.5], "texture": "#0"}
			}
		},
		{
			"name": "head",
			"from": [11.78447, 4.82995, 3.82587],
			"to": [12.06209, 6.45203, 13.22507],
			"rotation": {"angle": 22.5, "axis": "z", "origin": [8, 8.91928, 8.52801]},
			"faces": {
				"north": {"uv": [2.8125, 13.25, 2.75, 13.5625], "texture": "#0"},
				"east": {"uv": [5.1875, 9.75, 3.5, 10.0625], "texture": "#0"},
				"south": {"uv": [2.5625, 13.25, 2.5, 13.5625], "texture": "#0"},
				"west": {"uv": [6.9375, 9.75, 5.25, 10.0625], "texture": "#0"},
				"up": {"uv": [10.3125, 11.5, 10.25, 13.1875], "texture": "#0"},
				"down": {"uv": [0.5625, 13.4375, 0.5, 11.75], "texture": "#0"}
			}
		},
		{
			"name": "head",
			"from": [11.77188, 5.53599, 4.108],
			"to": [12.04949, 7.15806, 12.94324],
			"rotation": {"angle": 22.5, "axis": "z", "origin": [8, 8.91928, 8.52801]},
			"faces": {
				"north": {"uv": [3.3125, 13.25, 3.25, 13.5625], "texture": "#0"},
				"east": {"uv": [11.5625, 8, 10, 8.3125], "texture": "#0"},
				"south": {"uv": [3.0625, 13.25, 3, 13.5625], "texture": "#0"},
				"west": {"uv": [5.0625, 10.25, 3.5, 10.5625], "texture": "#0"},
				"up": {"uv": [6.5625, 11.75, 6.5, 13.3125], "texture": "#0"},
				"down": {"uv": [6.8125, 13.3125, 6.75, 11.75], "texture": "#0"}
			}
		},
		{
			"name": "head",
			"from": [11.77644, 6.23926, 4.36944],
			"to": [12.05406, 7.86133, 12.67833],
			"rotation": {"angle": 22.5, "axis": "z", "origin": [8, 8.91928, 8.52801]},
			"faces": {
				"north": {"uv": [13.3125, 4.25, 13.25, 4.5625], "texture": "#0"},
				"east": {"uv": [3.25, 10.5, 1.75, 10.8125], "texture": "#0"},
				"south": {"uv": [3.5625, 13.25, 3.5, 13.5625], "texture": "#0"},
				"west": {"uv": [12, 7.25, 10.5, 7.5625], "texture": "#0"},
				"up": {"uv": [5.5625, 12, 5.5, 13.5], "texture": "#0"},
				"down": {"uv": [5.8125, 13.5, 5.75, 12], "texture": "#0"}
			}
		},
		{
			"name": "head",
			"from": [10.60738, 6.7428, 4.74541],
			"to": [11.48655, 7.04898, 12.26477],
			"rotation": {"angle": 45, "axis": "z", "origin": [8, 8.91928, 8.52801]},
			"faces": {
				"north": {"uv": [13.6875, 1.25, 13.5, 1.3125], "texture": "#0"},
				"east": {"uv": [13.3125, 10.25, 12, 10.3125], "texture": "#0"},
				"south": {"uv": [13.4375, 9, 13.25, 9.0625], "texture": "#0"},
				"west": {"uv": [13.3125, 10.5, 12, 10.5625], "texture": "#0"},
				"up": {"uv": [3.6875, 4.75, 3.5, 6.0625], "texture": "#0"},
				"down": {"uv": [3.9375, 6.0625, 3.75, 4.75], "texture": "#0"}
			}
		},
		{
			"name": "head",
			"from": [10.98368, 7.02353, 5.34939],
			"to": [11.48688, 7.89367, 11.66565],
			"rotation": {"angle": 45, "axis": "z", "origin": [8, 8.91928, 8.52801]},
			"faces": {
				"north": {"uv": [6.0625, 13.5, 6, 13.625], "texture": "#0"},
				"east": {"uv": [12.375, 3.75, 11.25, 3.875], "texture": "#0"},
				"south": {"uv": [5.8125, 13.5, 5.75, 13.625], "texture": "#0"},
				"west": {"uv": [12.375, 5.25, 11.25, 5.375], "texture": "#0"},
				"up": {"uv": [5.3125, 12.25, 5.25, 13.375], "texture": "#0"},
				"down": {"uv": [2.0625, 13.625, 2, 12.5], "texture": "#0"}
			}
		},
		{
			"name": "head",
			"from": [10.92122, 7.74623, 5.90008],
			"to": [11.42442, 8.61638, 11.16363],
			"rotation": {"angle": 45, "axis": "z", "origin": [8, 8.91928, 8.52801]},
			"faces": {
				"north": {"uv": [13.5625, 6.25, 13.5, 6.375], "texture": "#0"},
				"east": {"uv": [12.1875, 9.5, 11.25, 9.625], "texture": "#0"},
				"south": {"uv": [6.3125, 13.5, 6.25, 13.625], "texture": "#0"},
				"west": {"uv": [12.4375, 0.5, 11.5, 0.625], "texture": "#0"},
				"up": {"uv": [9.8125, 12.5, 9.75, 13.4375], "texture": "#0"},
				"down": {"uv": [10.0625, 13.4375, 10, 12.5], "texture": "#0"}
			}
		},
		{
			"name": "head",
			"from": [10.912, 8.48247, 6.42567],
			"to": [11.41519, 9.35261, 10.63651],
			"rotation": {"angle": 45, "axis": "z", "origin": [8, 8.91928, 8.52801]},
			"faces": {
				"north": {"uv": [13.5625, 6.5, 13.5, 6.625], "texture": "#0"},
				"east": {"uv": [12.75, 4.75, 12, 4.875], "texture": "#0"},
				"south": {"uv": [6.5625, 13.5, 6.5, 13.625], "texture": "#0"},
				"west": {"uv": [12.75, 6.5, 12, 6.625], "texture": "#0"},
				"up": {"uv": [1.8125, 12.75, 1.75, 13.5], "texture": "#0"},
				"down": {"uv": [3.8125, 13.5, 3.75, 12.75], "texture": "#0"}
			}
		},
		{
			"name": "head",
			"from": [10.92122, 9.20734, 6.93474],
			"to": [11.42441, 10.07748, 10.13047],
			"rotation": {"angle": 45, "axis": "z", "origin": [8, 8.91928, 8.52801]},
			"faces": {
				"north": {"uv": [13.5625, 6.75, 13.5, 6.875], "texture": "#0"},
				"east": {"uv": [2.8125, 12.5, 2.25, 12.625], "texture": "#0"},
				"south": {"uv": [6.8125, 13.5, 6.75, 13.625], "texture": "#0"},
				"west": {"uv": [3.5625, 12.5, 3, 12.625], "texture": "#0"},
				"up": {"uv": [11.8125, 12.75, 11.75, 13.3125], "texture": "#0"},
				"down": {"uv": [12.0625, 13.3125, 12, 12.75], "texture": "#0"}
			}
		},
		{
			"name": "head",
			"from": [8.33625, 11.53569, 7.29095],
			"to": [9.54219, 12.96979, 9.77058],
			"rotation": {"angle": 22.5, "axis": "z", "origin": [9.2906, 12.25274, 8.53077]},
			"faces": {
				"north": {"uv": [3.1875, 11, 3, 11.25], "texture": "#0"},
				"east": {"uv": [8.4375, 7.5, 8, 7.75], "texture": "#0"},
				"south": {"uv": [3.4375, 10.5, 3.25, 10.75], "texture": "#0"},
				"west": {"uv": [9.6875, 6.25, 9.25, 6.5], "texture": "#0"},
				"up": {"uv": [5.6875, 1.75, 5.5, 2.1875], "texture": "#0"},
				"down": {"uv": [5.6875, 2.6875, 5.5, 2.25], "texture": "#0"}
			}
		},
		{
			"name": "head",
			"from": [6.45781, 11.53569, 7.29095],
			"to": [7.55833, 12.96979, 9.77058],
			"rotation": {"angle": -22.5, "axis": "z", "origin": [6.7094, 12.25274, 8.53077]},
			"faces": {
				"north": {"uv": [12.9375, 7.5, 12.75, 7.75], "texture": "#0"},
				"east": {"uv": [4.9375, 11.75, 4.5, 12], "texture": "#0"},
				"south": {"uv": [5.1875, 12.75, 5, 13], "texture": "#0"},
				"west": {"uv": [5.4375, 11.75, 5, 12], "texture": "#0"},
				"up": {"uv": [10.1875, 12, 10, 12.4375], "texture": "#0"},
				"down": {"uv": [5.1875, 12.6875, 5, 12.25], "texture": "#0"}
			}
		},
		{
			"name": "head",
			"from": [11.17489, 7.86133, 4.74541],
			"to": [12.05406, 8.24272, 12.26477],
			"rotation": {"angle": 22.5, "axis": "z", "origin": [8, 8.91928, 8.52801]},
			"faces": {
				"north": {"uv": [13.6875, 1.5, 13.5, 1.5625], "texture": "#0"},
				"east": {"uv": [12.3125, 12, 11, 12.0625], "texture": "#0"},
				"south": {"uv": [1.6875, 13.5, 1.5, 13.5625], "texture": "#0"},
				"west": {"uv": [3.3125, 12.25, 2, 12.3125], "texture": "#0"},
				"up": {"uv": [5.9375, 8.25, 5.75, 9.5625], "texture": "#0"},
				"down": {"uv": [0.9375, 12.3125, 0.75, 11], "texture": "#0"}
			}
		},
		{
			"name": "head",
			"from": [3.9028, 0.15005, 3.31877],
			"to": [6.13545, 5.11852, 13.73308],
			"rotation": {"angle": -22.5, "axis": "z", "origin": [8, 8.91928, 8.52801]},
			"faces": {
				"north": {"uv": [2.875, 11.5, 2.5, 11.8125], "texture": "#0"},
				"east": {"uv": [10.375, 8.75, 8.5, 9.0625], "texture": "#0"},
				"south": {"uv": [2.375, 11.5, 2, 11.8125], "texture": "#0"},
				"west": {"uv": [1.875, 9, 0, 9.3125], "texture": "#0"},
				"up": {"uv": [4.875, 7.75, 4.5, 9.625], "texture": "#0"},
				"down": {"uv": [6.375, 9.625, 6, 7.75], "texture": "#0"}
			}
		},
		{
			"name": "head",
			"from": [3.93584, 4.05151, 3.52413],
			"to": [4.21346, 5.67358, 13.52488],
			"rotation": {"angle": -22.5, "axis": "z", "origin": [8, 8.91928, 8.52801]},
			"faces": {
				"north": {"uv": [9.0625, 13.25, 9, 13.5625], "texture": "#0"},
				"east": {"uv": [11.25, 1.5, 9.5, 1.8125], "texture": "#0"},
				"south": {"uv": [8.8125, 13.25, 8.75, 13.5625], "texture": "#0"},
				"west": {"uv": [3.5, 9.5, 1.75, 9.8125], "texture": "#0"},
				"up": {"uv": [8.0625, 11.5, 8, 13.25], "texture": "#0"},
				"down": {"uv": [8.3125, 13.25, 8.25, 11.5], "texture": "#0"}
			}
		},
		{
			"name": "head",
			"from": [3.93791, 4.82995, 3.82587],
			"to": [4.21553, 6.45203, 13.22507],
			"rotation": {"angle": -22.5, "axis": "z", "origin": [8, 8.91928, 8.52801]},
			"faces": {
				"north": {"uv": [8.5625, 13.25, 8.5, 13.5625], "texture": "#0"},
				"east": {"uv": [11.4375, 6.25, 9.75, 6.5625], "texture": "#0"},
				"south": {"uv": [8.3125, 13.25, 8.25, 13.5625], "texture": "#0"},
				"west": {"uv": [11.4375, 6.75, 9.75, 7.0625], "texture": "#0"},
				"up": {"uv": [6.0625, 11.75, 6, 13.4375], "texture": "#0"},
				"down": {"uv": [6.3125, 13.4375, 6.25, 11.75], "texture": "#0"}
			}
		},
		{
			"name": "head",
			"from": [3.95051, 5.53599, 4.108],
			"to": [4.22812, 7.15806, 12.94324],
			"rotation": {"angle": -22.5, "axis": "z", "origin": [8, 8.91928, 8.52801]},
			"faces": {
				"north": {"uv": [8.0625, 13.25, 8, 13.5625], "texture": "#0"},
				"east": {"uv": [11.8125, 4, 10.25, 4.3125], "texture": "#0"},
				"south": {"uv": [7.8125, 13.25, 7.75, 13.5625], "texture": "#0"},
				"west": {"uv": [11.8125, 4.5, 10.25, 4.8125], "texture": "#0"},
				"up": {"uv": [10.5625, 11.75, 10.5, 13.3125], "texture": "#0"},
				"down": {"uv": [10.8125, 13.3125, 10.75, 11.75], "texture": "#0"}
			}
		},
		{
			"name": "head",
			"from": [3.94594, 6.23926, 4.36944],
			"to": [4.22356, 7.86133, 12.67833],
			"rotation": {"angle": -22.5, "axis": "z", "origin": [8, 8.91928, 8.52801]},
			"faces": {
				"north": {"uv": [7.5625, 13.25, 7.5, 13.5625], "texture": "#0"},
				"east": {"uv": [12, 8.5, 10.5, 8.8125], "texture": "#0"},
				"south": {"uv": [5.0625, 13.25, 5, 13.5625], "texture": "#0"},
				"west": {"uv": [12, 9.75, 10.5, 10.0625], "texture": "#0"},
				"up": {"uv": [7.0625, 12, 7, 13.5], "texture": "#0"},
				"down": {"uv": [7.3125, 13.5, 7.25, 12], "texture": "#0"}
			}
		},
		{
			"name": "head",
			"from": [4.51345, 6.7428, 4.74541],
			"to": [5.39262, 7.04898, 12.26477],
			"rotation": {"angle": -45, "axis": "z", "origin": [8, 8.91928, 8.52801]},
			"faces": {
				"north": {"uv": [13.6875, 2.25, 13.5, 2.3125], "texture": "#0"},
				"east": {"uv": [13.5625, 3, 12.25, 3.0625], "texture": "#0"},
				"south": {"uv": [13.6875, 2, 13.5, 2.0625], "texture": "#0"},
				"west": {"uv": [13.5625, 3.25, 12.25, 3.3125], "texture": "#0"},
				"up": {"uv": [1.6875, 11, 1.5, 12.3125], "texture": "#0"},
				"down": {"uv": [1.9375, 12.3125, 1.75, 11], "texture": "#0"}
			}
		},
		{
			"name": "head",
			"from": [3.94594, 7.86133, 4.74541],
			"to": [4.82511, 8.24272, 12.26477],
			"rotation": {"angle": -22.5, "axis": "z", "origin": [8, 8.91928, 8.52801]},
			"faces": {
				"north": {"uv": [13.6875, 1.75, 13.5, 1.8125], "texture": "#0"},
				"east": {"uv": [13.5625, 2.5, 12.25, 2.5625], "texture": "#0"},
				"south": {"uv": [1.9375, 13.5, 1.75, 13.5625], "texture": "#0"},
				"west": {"uv": [13.5625, 2.75, 12.25, 2.8125], "texture": "#0"},
				"up": {"uv": [1.1875, 11, 1, 12.3125], "texture": "#0"},
				"down": {"uv": [1.4375, 12.3125, 1.25, 11], "texture": "#0"}
			}
		},
		{
			"name": "head",
			"from": [4.51312, 7.02353, 5.34939],
			"to": [5.01632, 7.89367, 11.66565],
			"rotation": {"angle": -45, "axis": "z", "origin": [8, 8.91928, 8.52801]},
			"faces": {
				"north": {"uv": [13.5625, 8.25, 13.5, 8.375], "texture": "#0"},
				"east": {"uv": [6.625, 11.25, 5.5, 11.375], "texture": "#0"},
				"south": {"uv": [13.5625, 8, 13.5, 8.125], "texture": "#0"},
				"west": {"uv": [12.375, 5.5, 11.25, 5.625], "texture": "#0"},
				"up": {"uv": [4.5625, 12.5, 4.5, 13.625], "texture": "#0"},
				"down": {"uv": [4.8125, 13.625, 4.75, 12.5], "texture": "#0"}
			}
		},
		{
			"name": "head",
			"from": [4.57558, 7.74623, 5.90008],
			"to": [5.07878, 8.61638, 11.16363],
			"rotation": {"angle": -45, "axis": "z", "origin": [8, 8.91928, 8.52801]},
			"faces": {
				"north": {"uv": [13.5625, 7.75, 13.5, 7.875], "texture": "#0"},
				"east": {"uv": [12.4375, 0.75, 11.5, 0.875], "texture": "#0"},
				"south": {"uv": [13.5625, 7.5, 13.5, 7.625], "texture": "#0"},
				"west": {"uv": [12.4375, 1, 11.5, 1.125], "texture": "#0"},
				"up": {"uv": [11.0625, 12.5, 11, 13.4375], "texture": "#0"},
				"down": {"uv": [11.3125, 13.4375, 11.25, 12.5], "texture": "#0"}
			}
		},
		{
			"name": "head",
			"from": [4.58481, 8.48247, 6.42567],
			"to": [5.088, 9.35261, 10.63651],
			"rotation": {"angle": -45, "axis": "z", "origin": [8, 8.91928, 8.52801]},
			"faces": {
				"north": {"uv": [13.5625, 7.25, 13.5, 7.375], "texture": "#0"},
				"east": {"uv": [12.75, 6.75, 12, 6.875], "texture": "#0"},
				"south": {"uv": [7.3125, 13.5, 7.25, 13.625], "texture": "#0"},
				"west": {"uv": [12.75, 7.25, 12, 7.375], "texture": "#0"},
				"up": {"uv": [4.0625, 12.75, 4, 13.5], "texture": "#0"},
				"down": {"uv": [4.3125, 13.5, 4.25, 12.75], "texture": "#0"}
			}
		},
		{
			"name": "head",
			"from": [4.57559, 9.20734, 6.93474],
			"to": [5.07878, 10.07748, 10.13047],
			"rotation": {"angle": -45, "axis": "z", "origin": [8, 8.91928, 8.52801]},
			"faces": {
				"north": {"uv": [13.5625, 7, 13.5, 7.125], "texture": "#0"},
				"east": {"uv": [4.3125, 12.5, 3.75, 12.625], "texture": "#0"},
				"south": {"uv": [7.0625, 13.5, 7, 13.625], "texture": "#0"},
				"west": {"uv": [13.0625, 3.75, 12.5, 3.875], "texture": "#0"},
				"up": {"uv": [12.3125, 12.75, 12.25, 13.3125], "texture": "#0"},
				"down": {"uv": [12.5625, 13.3125, 12.5, 12.75], "texture": "#0"}
			}
		},
		{
			"name": "head",
			"from": [2.78525, 0.15005, 10.39256],
			"to": [13.19956, 5.11852, 12.62521],
			"rotation": {"angle": -22.5, "axis": "x", "origin": [8, 8.91928, 8.52801]},
			"faces": {
				"north": {"uv": [11.125, 5.25, 9.25, 5.5625], "texture": "#0"},
				"east": {"uv": [11.875, 6.5, 11.5, 6.8125], "texture": "#0"},
				"south": {"uv": [11.125, 3, 9.25, 3.3125], "texture": "#0"},
				"west": {"uv": [7.375, 11.5, 7, 11.8125], "texture": "#0"},
				"up": {"uv": [8.375, 7.75, 6.5, 8.125], "texture": "#0"},
				"down": {"uv": [9.625, 6.875, 7.75, 6.5], "texture": "#0"}
			}
		},
		{
			"name": "head",
			"from": [2.99061, 4.05151, 12.31456],
			"to": [12.99136, 5.67358, 12.59217],
			"rotation": {"angle": -22.5, "axis": "x", "origin": [8, 8.91928, 8.52801]},
			"faces": {
				"north": {"uv": [11.5, 1, 9.75, 1.3125], "texture": "#0"},
				"east": {"uv": [1.0625, 13.5, 1, 13.8125], "texture": "#0"},
				"south": {"uv": [11.5, 0.5, 9.75, 0.8125], "texture": "#0"},
				"west": {"uv": [1.3125, 13.5, 1.25, 13.8125], "texture": "#0"},
				"up": {"uv": [13.25, 11.25, 11.5, 11.3125], "texture": "#0"},
				"down": {"uv": [13.25, 11.5625, 11.5, 11.5], "texture": "#0"}
			}
		},
		{
			"name": "head",
			"from": [3.29235, 4.82995, 12.31248],
			"to": [12.69155, 6.45203, 12.5901],
			"rotation": {"angle": -22.5, "axis": "x", "origin": [8, 8.91928, 8.52801]},
			"faces": {
				"north": {"uv": [3.4375, 10, 1.75, 10.3125], "texture": "#0"},
				"east": {"uv": [0.8125, 13.5, 0.75, 13.8125], "texture": "#0"},
				"south": {"uv": [1.6875, 10, 0, 10.3125], "texture": "#0"},
				"west": {"uv": [13.5625, 0.75, 13.5, 1.0625], "texture": "#0"},
				"up": {"uv": [13.4375, 8.25, 11.75, 8.3125], "texture": "#0"},
				"down": {"uv": [10.1875, 11.8125, 8.5, 11.75], "texture": "#0"}
			}
		},
		{
			"name": "head",
			"from": [3.83592, 6.23926, 12.30445],
			"to": [12.14481, 7.86133, 12.58207],
			"rotation": {"angle": -22.5, "axis": "x", "origin": [8, 8.91928, 8.52801]},
			"faces": {
				"north": {"uv": [12.25, 5.75, 10.75, 6.0625], "texture": "#0"},
				"east": {"uv": [0.3125, 13.5, 0.25, 13.8125], "texture": "#0"},
				"south": {"uv": [6.25, 10.75, 4.75, 11.0625], "texture": "#0"},
				"west": {"uv": [0.5625, 13.5, 0.5, 13.8125], "texture": "#0"},
				"up": {"uv": [13.5, 9.75, 12, 9.8125], "texture": "#0"},
				"down": {"uv": [13.5, 10.0625, 12, 10], "texture": "#0"}
			}
		},
		{
			"name": "head",
			"from": [4.21188, 7.86133, 11.7029],
			"to": [11.73124, 8.24272, 12.58207],
			"rotation": {"angle": -22.5, "axis": "x", "origin": [8, 8.91928, 8.52801]},
			"faces": {
				"north": {"uv": [12.3125, 12.25, 11, 12.3125], "texture": "#0"},
				"east": {"uv": [13.6875, 4.75, 13.5, 4.8125], "texture": "#0"},
				"south": {"uv": [13.5625, 10.75, 12.25, 10.8125], "texture": "#0"},
				"west": {"uv": [5.4375, 13.5, 5.25, 13.5625], "texture": "#0"},
				"up": {"uv": [12.5625, 2, 11.25, 2.1875], "texture": "#0"},
				"down": {"uv": [12.5625, 2.4375, 11.25, 2.25], "texture": "#0"}
			}
		},
		{
			"name": "head",
			"from": [3.57447, 5.53599, 12.29989],
			"to": [12.40972, 7.15806, 12.5775],
			"rotation": {"angle": -22.5, "axis": "x", "origin": [8, 8.91928, 8.52801]},
			"faces": {
				"north": {"uv": [1.5625, 10.5, 0, 10.8125], "texture": "#0"},
				"east": {"uv": [0.0625, 13.5, 0, 13.8125], "texture": "#0"},
				"south": {"uv": [10.3125, 10.25, 8.75, 10.5625], "texture": "#0"},
				"west": {"uv": [13.5625, 0, 13.5, 0.3125], "texture": "#0"},
				"up": {"uv": [5.3125, 12, 3.75, 12.0625], "texture": "#0"},
				"down": {"uv": [13.5625, 4.0625, 12, 4], "texture": "#0"}
			}
		},
		{
			"name": "head",
			"from": [4.81587, 7.02353, 11.51169],
			"to": [11.13213, 7.89367, 12.01489],
			"rotation": {"angle": -45, "axis": "x", "origin": [8, 8.91928, 8.52801]},
			"faces": {
				"north": {"uv": [12.375, 9.25, 11.25, 9.375], "texture": "#0"},
				"east": {"uv": [13.5625, 11.25, 13.5, 11.375], "texture": "#0"},
				"south": {"uv": [10.375, 11.25, 9.25, 11.375], "texture": "#0"},
				"west": {"uv": [13.5625, 11.5, 13.5, 11.625], "texture": "#0"},
				"up": {"uv": [9.625, 12.5, 8.5, 12.5625], "texture": "#0"},
				"down": {"uv": [13.625, 9.3125, 12.5, 9.25], "texture": "#0"}
			}
		},
		{
			"name": "head",
			"from": [5.36656, 7.74623, 11.44923],
			"to": [10.63011, 8.61638, 11.95243],
			"rotation": {"angle": -45, "axis": "x", "origin": [8, 8.91928, 8.52801]},
			"faces": {
				"north": {"uv": [12.4375, 6.25, 11.5, 6.375], "texture": "#0"},
				"east": {"uv": [13.5625, 11, 13.5, 11.125], "texture": "#0"},
				"south": {"uv": [6.9375, 11.5, 6, 11.625], "texture": "#0"},
				"west": {"uv": [11.3125, 13.5, 11.25, 13.625], "texture": "#0"},
				"up": {"uv": [13.4375, 12.25, 12.5, 12.3125], "texture": "#0"},
				"down": {"uv": [13.4375, 12.5625, 12.5, 12.5], "texture": "#0"}
			}
		},
		{
			"name": "head",
			"from": [5.89214, 8.48247, 11.44001],
			"to": [10.10298, 9.35261, 11.9432],
			"rotation": {"angle": -45, "axis": "x", "origin": [8, 8.91928, 8.52801]},
			"faces": {
				"north": {"uv": [10, 12, 9.25, 12.125], "texture": "#0"},
				"east": {"uv": [10.8125, 13.5, 10.75, 13.625], "texture": "#0"},
				"south": {"uv": [12.75, 9, 12, 9.125], "texture": "#0"},
				"west": {"uv": [11.0625, 13.5, 11, 13.625], "texture": "#0"},
				"up": {"uv": [13.5, 6.75, 12.75, 6.8125], "texture": "#0"},
				"down": {"uv": [13.5, 7.3125, 12.75, 7.25], "texture": "#0"}
			}
		},
		{
			"name": "head",
			"from": [6.40122, 9.20734, 11.44923],
			"to": [9.59695, 10.07748, 11.95242],
			"rotation": {"angle": -45, "axis": "x", "origin": [8, 8.91928, 8.52801]},
			"faces": {
				"north": {"uv": [13.0625, 6.25, 12.5, 6.375], "texture": "#0"},
				"east": {"uv": [10.5625, 13.5, 10.5, 13.625], "texture": "#0"},
				"south": {"uv": [13.0625, 5.5, 12.5, 5.625], "texture": "#0"},
				"west": {"uv": [13.5625, 10.5, 13.5, 10.625], "texture": "#0"},
				"up": {"uv": [13.3125, 12.75, 12.75, 12.8125], "texture": "#0"},
				"down": {"uv": [13.5625, 0.5625, 13, 0.5], "texture": "#0"}
			}
		},
		{
			"name": "head",
			"from": [6.75743, 11.53569, 8.75885],
			"to": [9.23706, 12.96979, 10.07021],
			"rotation": {"angle": -22.5, "axis": "x", "origin": [7.99724, 12.25274, 9.81861]},
			"faces": {
				"north": {"uv": [0.4375, 11.75, 0, 12], "texture": "#0"},
				"east": {"uv": [8, 7, 7.75, 7.25], "texture": "#0"},
				"south": {"uv": [10.4375, 8.5, 10, 8.75], "texture": "#0"},
				"west": {"uv": [10, 8, 9.75, 8.25], "texture": "#0"},
				"up": {"uv": [12.1875, 3.25, 11.75, 3.5], "texture": "#0"},
				"down": {"uv": [3.9375, 12, 3.5, 11.75], "texture": "#0"}
			}
		},
		{
			"name": "head",
			"from": [6.75743, 11.53569, 6.98582],
			"to": [9.23706, 12.96979, 7.84039],
			"rotation": {"angle": 22.5, "axis": "x", "origin": [7.99724, 12.25274, 7.23742]},
			"faces": {
				"north": {"uv": [4.4375, 11.75, 4, 12], "texture": "#0"},
				"east": {"uv": [2.875, 13, 2.75, 13.25], "texture": "#0"},
				"south": {"uv": [12.1875, 3.5, 11.75, 3.75], "texture": "#0"},
				"west": {"uv": [3.125, 13, 3, 13.25], "texture": "#0"},
				"up": {"uv": [3.1875, 12.75, 2.75, 12.875], "texture": "#0"},
				"down": {"uv": [3.6875, 12.875, 3.25, 12.75], "texture": "#0"}
			}
		},
		{
			"name": "head",
			"from": [7.13069, 12.40455, 7.66898],
			"to": [8.85439, 13.91032, 9.39267],
			"rotation": {"angle": 0, "axis": "y", "origin": [7.99254, 11.07442, 8.53082]},
			"faces": {
				"north": {"uv": [12.8125, 0.5, 12.5, 0.75], "texture": "#0"},
				"east": {"uv": [0.3125, 12.5, 0, 12.75], "texture": "#0"},
				"south": {"uv": [12.5625, 11, 12.25, 11.25], "texture": "#0"},
				"west": {"uv": [1.0625, 12.5, 0.75, 12.75], "texture": "#0"},
				"up": {"uv": [0.3125, 12, 0, 12.3125], "texture": "#0"},
				"down": {"uv": [12.3125, 4.5625, 12, 4.25], "texture": "#0"}
			}
		},
		{
			"name": "head",
			"from": [8.22577, 12.88916, 7.6728],
			"to": [9.06221, 13.88385, 9.39267],
			"rotation": {"angle": 22.5, "axis": "z", "origin": [8.8877, 13.38651, 8.53273]},
			"faces": {
				"north": {"uv": [9.375, 13, 9.25, 13.1875], "texture": "#0"},
				"east": {"uv": [2.5625, 12.75, 2.25, 12.9375], "texture": "#0"},
				"south": {"uv": [9.125, 13, 9, 13.1875], "texture": "#0"},
				"west": {"uv": [13.0625, 2.25, 12.75, 2.4375], "texture": "#0"},
				"up": {"uv": [9.625, 12.75, 9.5, 13.0625], "texture": "#0"},
				"down": {"uv": [11.625, 13.0625, 11.5, 12.75], "texture": "#0"}
			}
		},
		{
			"name": "head",
			"from": [7.13069, 12.88916, 8.69093],
			"to": [8.85057, 13.88385, 9.60049],
			"rotation": {"angle": -22.5, "axis": "x", "origin": [7.99063, 13.38651, 9.42598]},
			"faces": {
				"north": {"uv": [13.0625, 1.5, 12.75, 1.6875], "texture": "#0"},
				"east": {"uv": [0.1875, 13, 0, 13.1875], "texture": "#0"},
				"south": {"uv": [1.5625, 12.75, 1.25, 12.9375], "texture": "#0"},
				"west": {"uv": [0.4375, 13, 0.25, 13.1875], "texture": "#0"},
				"up": {"uv": [13.0625, 1.75, 12.75, 1.9375], "texture": "#0"},
				"down": {"uv": [13.0625, 2.1875, 12.75, 2], "texture": "#0"}
			}
		},
		{
			"name": "head",
			"from": [7.13069, 12.88916, 7.46116],
			"to": [8.85057, 13.88385, 8.05389],
			"rotation": {"angle": 22.5, "axis": "x", "origin": [7.99063, 13.38651, 7.63567]},
			"faces": {
				"north": {"uv": [1.0625, 12.75, 0.75, 12.9375], "texture": "#0"},
				"east": {"uv": [5.125, 13, 5, 13.1875], "texture": "#0"},
				"south": {"uv": [13.0625, 0.25, 12.75, 0.4375], "texture": "#0"},
				"west": {"uv": [13.125, 7.5, 13, 7.6875], "texture": "#0"},
				"up": {"uv": [9.3125, 12.75, 9, 12.875], "texture": "#0"},
				"down": {"uv": [13.0625, 9.125, 12.75, 9], "texture": "#0"}
			}
		},
		{
			"name": "head",
			"from": [6.92287, 12.88916, 7.6728],
			"to": [7.6862, 13.88385, 9.39267],
			"rotation": {"angle": -22.5, "axis": "z", "origin": [7.09738, 13.38651, 8.53273]},
			"faces": {
				"north": {"uv": [3.625, 13, 3.5, 13.1875], "texture": "#0"},
				"east": {"uv": [0.3125, 12.75, 0, 12.9375], "texture": "#0"},
				"south": {"uv": [3.375, 13, 3.25, 13.1875], "texture": "#0"},
				"west": {"uv": [13.0625, 0, 12.75, 0.1875], "texture": "#0"},
				"up": {"uv": [8.625, 12.75, 8.5, 13.0625], "texture": "#0"},
				"down": {"uv": [8.875, 13.0625, 8.75, 12.75], "texture": "#0"}
			}
		},
		{
			"name": "head",
			"from": [7.38959, 13.50648, 7.94576],
			"to": [8.58514, 14.55088, 9.14132],
			"rotation": {"angle": 0, "axis": "y", "origin": [7.98737, 12.5839, 8.54354]},
			"faces": {
				"north": {"uv": [1.4375, 13, 1.25, 13.1875], "texture": "#0"},
				"east": {"uv": [1.1875, 13, 1, 13.1875], "texture": "#0"},
				"south": {"uv": [0.9375, 13, 0.75, 13.1875], "texture": "#0"},
				"west": {"uv": [1.6875, 13, 1.5, 13.1875], "texture": "#0"},
				"up": {"uv": [2.4375, 13, 2.25, 13.1875], "texture": "#0"},
				"down": {"uv": [2.6875, 13.1875, 2.5, 13], "texture": "#0"}
			}
		},
		{
			"name": "head",
			"from": [8.14913, 13.8426, 7.94841],
			"to": [8.72929, 14.53252, 9.14132],
			"rotation": {"angle": 22.5, "axis": "z", "origin": [8.60825, 14.18756, 8.54486]},
			"faces": {
				"north": {"uv": [13.375, 7.5, 13.25, 7.625], "texture": "#0"},
				"east": {"uv": [1.4375, 13.25, 1.25, 13.375], "texture": "#0"},
				"south": {"uv": [13.375, 7, 13.25, 7.125], "texture": "#0"},
				"west": {"uv": [13.4375, 1.25, 13.25, 1.375], "texture": "#0"},
				"up": {"uv": [1.625, 13.25, 1.5, 13.4375], "texture": "#0"},
				"down": {"uv": [13.375, 1.6875, 13.25, 1.5], "texture": "#0"}
			}
		},
		{
			"name": "head",
			"from": [7.38959, 13.8426, 8.65459],
			"to": [8.58249, 14.53252, 9.28546],
			"rotation": {"angle": -22.5, "axis": "x", "origin": [7.98604, 14.18756, 9.16442]},
			"faces": {
				"north": {"uv": [13.4375, 0.75, 13.25, 0.875], "texture": "#0"},
				"east": {"uv": [13.375, 5.5, 13.25, 5.625], "texture": "#0"},
				"south": {"uv": [0.9375, 13.25, 0.75, 13.375], "texture": "#0"},
				"west": {"uv": [13.375, 6.25, 13.25, 6.375], "texture": "#0"},
				"up": {"uv": [1.1875, 13.25, 1, 13.375], "texture": "#0"},
				"down": {"uv": [13.4375, 1.125, 13.25, 1], "texture": "#0"}
			}
		},
		{
			"name": "head",
			"from": [7.38959, 13.8426, 7.80162],
			"to": [8.58249, 14.53252, 8.21273],
			"rotation": {"angle": 22.5, "axis": "x", "origin": [7.98604, 14.18756, 7.92266]},
			"faces": {
				"north": {"uv": [13.4375, 0.25, 13.25, 0.375], "texture": "#0"},
				"east": {"uv": [11.8125, 13.5, 11.75, 13.625], "texture": "#0"},
				"south": {"uv": [0.4375, 13.25, 0.25, 13.375], "texture": "#0"},
				"west": {"uv": [13.5625, 11.75, 13.5, 11.875], "texture": "#0"},
				"up": {"uv": [5.6875, 13.5, 5.5, 13.5625], "texture": "#0"},
				"down": {"uv": [13.6875, 5.5625, 13.5, 5.5], "texture": "#0"}
			}
		},
		{
			"name": "head",
			"from": [7.24545, 13.8426, 7.94841],
			"to": [7.77489, 14.53252, 9.14132],
			"rotation": {"angle": -22.5, "axis": "z", "origin": [7.36648, 14.18756, 8.54486]},
			"faces": {
				"north": {"uv": [13.375, 3.75, 13.25, 3.875], "texture": "#0"},
				"east": {"uv": [12.9375, 13, 12.75, 13.125], "texture": "#0"},
				"south": {"uv": [13.375, 2.25, 13.25, 2.375], "texture": "#0"},
				"west": {"uv": [13.1875, 13, 13, 13.125], "texture": "#0"},
				"up": {"uv": [0.125, 13.25, 0, 13.4375], "texture": "#0"},
				"down": {"uv": [13.375, 0.1875, 13.25, 0], "texture": "#0"}
			}
		},
		{
			"name": "head",
			"from": [4.21188, 6.7428, 11.1354],
			"to": [11.73124, 7.04898, 12.01456],
			"rotation": {"angle": -45, "axis": "x", "origin": [8, 8.91928, 8.52801]},
			"faces": {
				"north": {"uv": [13.5625, 9.5, 12.25, 9.5625], "texture": "#0"},
				"east": {"uv": [13.6875, 4.25, 13.5, 4.3125], "texture": "#0"},
				"south": {"uv": [9.8125, 12.25, 8.5, 12.3125], "texture": "#0"},
				"west": {"uv": [13.6875, 4.5, 13.5, 4.5625], "texture": "#0"},
				"up": {"uv": [12.5625, 1.75, 11.25, 1.9375], "texture": "#0"},
				"down": {"uv": [3.3125, 11.4375, 2, 11.25], "texture": "#0"}
			}
		},
		{
			"name": "head",
			"from": [2.79493, 0.15005, 4.43081],
			"to": [13.20924, 5.11852, 6.66346],
			"rotation": {"angle": 22.5, "axis": "x", "origin": [8, 8.91928, 8.52801]},
			"faces": {
				"north": {"uv": [11.125, 2.5, 9.25, 2.8125], "texture": "#0"},
				"east": {"uv": [3.375, 11.5, 3, 11.8125], "texture": "#0"},
				"south": {"uv": [11.125, 2, 9.25, 2.3125], "texture": "#0"},
				"west": {"uv": [5.875, 11.5, 5.5, 11.8125], "texture": "#0"},
				"up": {"uv": [9.625, 0.5, 7.75, 0.875], "texture": "#0"},
				"down": {"uv": [9.625, 1.375, 7.75, 1], "texture": "#0"}
			}
		},
		{
			"name": "head",
			"from": [3.00313, 4.05151, 4.46385],
			"to": [13.00388, 5.67358, 4.74147],
			"rotation": {"angle": 22.5, "axis": "x", "origin": [8, 8.91928, 8.52801]},
			"faces": {
				"north": {"uv": [11.25, 9.25, 9.5, 9.5625], "texture": "#0"},
				"east": {"uv": [13.0625, 13.25, 13, 13.5625], "texture": "#0"},
				"south": {"uv": [11.25, 3.5, 9.5, 3.8125], "texture": "#0"},
				"west": {"uv": [13.3125, 13, 13.25, 13.3125], "texture": "#0"},
				"up": {"uv": [13.25, 7, 11.5, 7.0625], "texture": "#0"},
				"down": {"uv": [10.25, 11.5625, 8.5, 11.5], "texture": "#0"}
			}
		},
		{
			"name": "head",
			"from": [3.30294, 4.82995, 4.46592],
			"to": [12.70214, 6.45203, 4.74354],
			"rotation": {"angle": 22.5, "axis": "x", "origin": [8, 8.91928, 8.52801]},
			"faces": {
				"north": {"uv": [10.4375, 9.75, 8.75, 10.0625], "texture": "#0"},
				"east": {"uv": [11.5625, 13.25, 11.5, 13.5625], "texture": "#0"},
				"south": {"uv": [8.6875, 9.75, 7, 10.0625], "texture": "#0"},
				"west": {"uv": [12.8125, 13.25, 12.75, 13.5625], "texture": "#0"},
				"up": {"uv": [13.4375, 7.75, 11.75, 7.8125], "texture": "#0"},
				"down": {"uv": [13.4375, 8.0625, 11.75, 8], "texture": "#0"}
			}
		},
		{
			"name": "head",
			"from": [3.58477, 5.53599, 4.47852],
			"to": [12.42002, 7.15806, 4.75613],
			"rotation": {"angle": 22.5, "axis": "x", "origin": [8, 8.91928, 8.52801]},
			"faces": {
				"north": {"uv": [8.5625, 10.25, 7, 10.5625], "texture": "#0"},
				"east": {"uv": [10.3125, 13.25, 10.25, 13.5625], "texture": "#0"},
				"south": {"uv": [6.8125, 10.25, 5.25, 10.5625], "texture": "#0"},
				"west": {"uv": [13.3125, 11.25, 13.25, 11.5625], "texture": "#0"},
				"up": {"uv": [12.5625, 11.75, 11, 11.8125], "texture": "#0"},
				"down": {"uv": [3.5625, 12.0625, 2, 12], "texture": "#0"}
			}
		},
		{
			"name": "head",
			"from": [3.84968, 6.23926, 4.47396],
			"to": [12.15857, 7.86133, 4.75157],
			"rotation": {"angle": 22.5, "axis": "x", "origin": [8, 8.91928, 8.52801]},
			"faces": {
				"north": {"uv": [4.75, 10.75, 3.25, 11.0625], "texture": "#0"},
				"east": {"uv": [9.3125, 13.25, 9.25, 13.5625], "texture": "#0"},
				"south": {"uv": [12, 10.25, 10.5, 10.5625], "texture": "#0"},
				"west": {"uv": [9.5625, 13.25, 9.5, 13.5625], "texture": "#0"},
				"up": {"uv": [13.5, 8.5, 12, 8.5625], "texture": "#0"},
				"down": {"uv": [13.5, 8.8125, 12, 8.75], "texture": "#0"}
			}
		},
		{
			"name": "head",
			"from": [4.26325, 6.7428, 5.04146],
			"to": [11.78261, 7.04898, 5.92063],
			"rotation": {"angle": 45, "axis": "x", "origin": [8, 8.91928, 8.52801]},
			"faces": {
				"north": {"uv": [13.5625, 6, 12.25, 6.0625], "texture": "#0"},
				"east": {"uv": [4.1875, 13.5, 4, 13.5625], "texture": "#0"},
				"south": {"uv": [13.5625, 5.75, 12.25, 5.8125], "texture": "#0"},
				"west": {"uv": [4.4375, 13.5, 4.25, 13.5625], "texture": "#0"},
				"up": {"uv": [12.5625, 0.25, 11.25, 0.4375], "texture": "#0"},
				"down": {"uv": [12.5625, 1.6875, 11.25, 1.5], "texture": "#0"}
			}
		},
		{
			"name": "head",
			"from": [4.26325, 7.86133, 4.47396],
			"to": [11.78261, 8.24272, 5.35312],
			"rotation": {"angle": 22.5, "axis": "x", "origin": [8, 8.91928, 8.52801]},
			"faces": {
				"north": {"uv": [13.5625, 3.5, 12.25, 3.5625], "texture": "#0"},
				"east": {"uv": [3.9375, 13.5, 3.75, 13.5625], "texture": "#0"},
				"south": {"uv": [4.8125, 12.25, 3.5, 12.3125], "texture": "#0"},
				"west": {"uv": [13.6875, 3.75, 13.5, 3.8125], "texture": "#0"},
				"up": {"uv": [11.8125, 9, 10.5, 9.1875], "texture": "#0"},
				"down": {"uv": [12.5625, 0.1875, 11.25, 0], "texture": "#0"}
			}
		},
		{
			"name": "head",
			"from": [4.86236, 7.02353, 5.04113],
			"to": [11.17862, 7.89367, 5.54433],
			"rotation": {"angle": 45, "axis": "x", "origin": [8, 8.91928, 8.52801]},
			"faces": {
				"north": {"uv": [9.125, 11.25, 8, 11.375], "texture": "#0"},
				"east": {"uv": [13.5625, 10, 13.5, 10.125], "texture": "#0"},
				"south": {"uv": [7.875, 11.25, 6.75, 11.375], "texture": "#0"},
				"west": {"uv": [13.5625, 10.25, 13.5, 10.375], "texture": "#0"},
				"up": {"uv": [13.625, 5, 12.5, 5.0625], "texture": "#0"},
				"down": {"uv": [13.625, 5.3125, 12.5, 5.25], "texture": "#0"}
			}
		},
		{
			"name": "head",
			"from": [5.36438, 7.74623, 5.10359],
			"to": [10.62793, 8.61638, 5.60679],
			"rotation": {"angle": 45, "axis": "x", "origin": [8, 8.91928, 8.52801]},
			"faces": {
				"north": {"uv": [12.4375, 5, 11.5, 5.125], "texture": "#0"},
				"east": {"uv": [13.5625, 9.75, 13.5, 9.875], "texture": "#0"},
				"south": {"uv": [12.4375, 1.25, 11.5, 1.375], "texture": "#0"},
				"west": {"uv": [10.0625, 13.5, 10, 13.625], "texture": "#0"},
				"up": {"uv": [12.4375, 12.5, 11.5, 12.5625], "texture": "#0"},
				"down": {"uv": [13.4375, 12.0625, 12.5, 12], "texture": "#0"}
			}
		},
		{
			"name": "head",
			"from": [5.8915, 8.48247, 5.11282],
			"to": [10.10235, 9.35261, 5.61602],
			"rotation": {"angle": 45, "axis": "x", "origin": [8, 8.91928, 8.52801]},
			"faces": {
				"north": {"uv": [9.25, 12, 8.5, 12.125], "texture": "#0"},
				"east": {"uv": [13.5625, 9, 13.5, 9.125], "texture": "#0"},
				"south": {"uv": [12.75, 7.5, 12, 7.625], "texture": "#0"},
				"west": {"uv": [9.8125, 13.5, 9.75, 13.625], "texture": "#0"},
				"up": {"uv": [13.5, 4.75, 12.75, 4.8125], "texture": "#0"},
				"down": {"uv": [13.5, 6.5625, 12.75, 6.5], "texture": "#0"}
			}
		},
		{
			"name": "head",
			"from": [6.39754, 9.20734, 5.1036],
			"to": [9.59327, 10.07748, 5.6068],
			"rotation": {"angle": 45, "axis": "x", "origin": [8, 8.91928, 8.52801]},
			"faces": {
				"north": {"uv": [13.0625, 4.5, 12.5, 4.625], "texture": "#0"},
				"east": {"uv": [13.5625, 8.5, 13.5, 8.625], "texture": "#0"},
				"south": {"uv": [13.0625, 4.25, 12.5, 4.375], "texture": "#0"},
				"west": {"uv": [13.5625, 8.75, 13.5, 8.875], "texture": "#0"},
				"up": {"uv": [13.3125, 11, 12.75, 11.0625], "texture": "#0"},
				"down": {"uv": [13.3125, 11.8125, 12.75, 11.75], "texture": "#0"}
			}
		}
	],
	"display": {
		"thirdperson_righthand": {
			"rotation": [0, 90, 0],
			"translation": [0, 3, 0.25],
			"scale": [0.5, 0.5, 0.5]
		},
		"thirdperson_lefthand": {
			"rotation": [0, 90, 0],
			"translation": [0, 3, 0],
			"scale": [0.5, 0.5, 0.5]
		},
		"firstperson_righthand": {
			"rotation": [0, 90, 0],
			"translation": [0, 2.75, 2.25],
			"scale": [0.5, 0.5, 0.5]
		},
		"firstperson_lefthand": {
			"rotation": [0, 90, 0],
			"translation": [0, 1.75, -2.5],
			"scale": [0.5, 0.5, 0.5]
		},
		"ground": {
			"rotation": [0, 90, 0],
			"translation": [0, 1.75, 2],
			"scale": [0.5, 0.5, 0.5]
		},
		"gui": {
			"rotation": [0, 0, 45],
			"translation": [-0.5, 0.75, 3.5],
			"scale": [0.5, 0.5, 0.5]
		},
		"head": {
			"translation": [0, 11.25, 0]
		},
		"fixed": {
			"translation": [-2, -0.5, -0.5],
			"scale": [0.5, 0.5, 0.5]
		}
	},
	"groups": [
		0,
		1,
		2,
		3,
		4,
		5,
		6,
		7,
		8,
		9,
		{
			"name": "steve",
			"origin": [8, 8, 8],
			"color": 0,
			"children": []
		},
		{
			"name": "steve",
			"origin": [8, 8, 8],
			"color": 0,
			"children": [
				10,
				11,
				12,
				13,
				14,
				15,
				16,
				17,
				18,
				19,
				20,
				21,
				22,
				23,
				24,
				25,
				26,
				27,
				28,
				29,
				30,
				31,
				32,
				33,
				34,
				35,
				36,
				37,
				38,
				39,
				40,
				41,
				42,
				43,
				44,
				45,
				46,
				47,
				48,
				49,
				50,
				51,
				52,
				53,
				54,
				55,
				56,
				57,
				58,
				59,
				60,
				61,
				62,
				63,
				64,
				65,
				66,
				67,
				68,
				69,
				70,
				71,
				72,
				73,
				74,
				75,
				76,
				77,
				78
			]
		}
	]
}