{
	"credit": "Made with Blockbench",
	"textures": {
		"1": "concrete:helmets/conical_nasal"
	},
	"elements": [
		{
			"from": [1, 10, 1],
			"to": [15, 15, 15],
			"rotation": {"angle": 0, "axis": "x", "origin": [8, 13, 8]},
			"faces": {
				"north": {"uv": [12, 6, 16, 4.188], "rotation": 180, "texture": "#1"},
				"east": {"uv": [0, 6, 4, 4.188], "rotation": 180, "texture": "#1"},
				"south": {"uv": [4, 6, 8, 4.188], "rotation": 180, "texture": "#1"},
				"west": {"uv": [8, 6, 12, 4.188], "rotation": 180, "texture": "#1"},
				"up": {"uv": [12, 0, 16, 4], "texture": "#1"},
				"down": {"uv": [12, 0, 16, 3.938], "texture": "#1"}
			}
		},
		{
			"from": [1.5, 1, 1.5],
			"to": [14.5, 10, 14.5],
			"rotation": {"angle": 0, "axis": "y", "origin": [8, 13, 8]},
			"faces": {
				"north": {"uv": [12, 10.062, 16, 6], "rotation": 180, "texture": "#1"},
				"east": {"uv": [0, 4, 4, 0.188], "rotation": 180, "texture": "#1"},
				"south": {"uv": [0, 4, 4, 0.188], "rotation": 180, "texture": "#1"},
				"west": {"uv": [0, 4, 4, 0.188], "rotation": 180, "texture": "#1"},
				"up": {"uv": [12, 0, 16, 4], "texture": "#1"},
				"down": {"uv": [0, 4.062, 4, 1], "texture": "#1"}
			}
		},
		{
			"from": [7, 6, 1],
			"to": [9, 10, 2],
			"rotation": {"angle": 0, "axis": "z", "origin": [8, 6, 1.5]},
			"faces": {
				"north": {"uv": [5.75, 4, 6.25, 5.188], "rotation": 180, "texture": "#1"},
				"east": {"uv": [9.75, 4, 10.25, 5.438], "rotation": 180, "texture": "#1"},
				"south": {"uv": [13.25, 1.5, 16, 3.688], "rotation": 180, "texture": "#1"},
				"west": {"uv": [9.75, 4, 10, 5.188], "rotation": 180, "texture": "#1"},
				"up": {"uv": [13.5, 3.5, 14.25, 4], "rotation": 180, "texture": "#1"},
				"down": {"uv": [15.5, 5.5, 16, 5.938], "rotation": 180, "texture": "#1"}
			}
		},
		{
			"from": [6, 5, 1],
			"to": [10, 6.1, 2],
			"rotation": {"angle": 0, "axis": "y", "origin": [8, 6, 1.5]},
			"faces": {
				"north": {"uv": [5.75, 4.75, 6.25, 5.188], "rotation": 180, "texture": "#1"},
				"east": {"uv": [11, 5.25, 11.5, 5.688], "rotation": 180, "texture": "#1"},
				"south": {"uv": [13.25, 1.25, 16, 3.438], "rotation": 180, "texture": "#1"},
				"west": {"uv": [9.75, 4, 10, 5.188], "rotation": 180, "texture": "#1"},
				"up": {"uv": [13.5, 3.5, 14.25, 4], "rotation": 180, "texture": "#1"},
				"down": {"uv": [15.5, 5.5, 16, 5.938], "rotation": 180, "texture": "#1"}
			}
		},
		{
			"from": [7, 25, 7],
			"to": [9, 31, 9],
			"rotation": {"angle": 0, "axis": "y", "origin": [2, 22, 1]},
			"faces": {
				"north": {"uv": [5.5, 4.75, 6.5, 5.938], "texture": "#1"},
				"east": {"uv": [5.5, 4.75, 6.5, 5.938], "texture": "#1"},
				"south": {"uv": [5.5, 4.75, 6.5, 5.938], "texture": "#1"},
				"west": {"uv": [5.5, 4.75, 6.5, 5.938], "texture": "#1"},
				"up": {"uv": [5.5, 1.5, 6.5, 2.438], "texture": "#1"},
				"down": {"uv": [0, 0, 14, 14], "texture": "#missing"}
			}
		},
		{
			"from": [12, 14.1, 1],
			"to": [12, 31.1, 15],
			"rotation": {"angle": 22.5, "axis": "z", "origin": [11.5, 22, 8]},
			"faces": {
				"north": {"uv": [0.5, 8.5, 2.25, 7.688], "texture": "#1"},
				"east": {"uv": [0, 6, 12, 16], "texture": "#1"},
				"south": {"uv": [1, 7.5, 2.5, 8.188], "texture": "#1"},
				"west": {"uv": [0.5, 7, 2.75, 7.688], "texture": "#1"},
				"up": {"uv": [0.75, 7.25, 2.75, 8.188], "texture": "#1"},
				"down": {"uv": [0, 0, 14, 14], "texture": "#missing"}
			}
		},
		{
			"from": [1, 14.1, 4],
			"to": [15, 31.1, 4],
			"rotation": {"angle": 22.5, "axis": "x", "origin": [8, 22, 4.5]},
			"faces": {
				"north": {"uv": [0, 6, 12, 16], "texture": "#1"},
				"east": {"uv": [12.5, 10.5, 13.75, 11.25], "texture": "#1"},
				"south": {"uv": [13.25, 7.25, 15.75, 7.938], "texture": "#1"},
				"west": {"uv": [12.25, 10, 13.75, 11.688], "texture": "#1"},
				"up": {"uv": [12.5, 6.25, 14.5, 8.438], "texture": "#1"},
				"down": {"uv": [0, 0, 14, 14], "texture": "#missing"}
			}
		},
		{
			"from": [4, 14.1, 1],
			"to": [4, 31.1, 15],
			"rotation": {"angle": -22.5, "axis": "z", "origin": [4.5, 22, 8]},
			"faces": {
				"north": {"uv": [13.75, 9.75, 15.5, 8.938], "texture": "#1"},
				"east": {"uv": [0.5, 6.75, 2.75, 8.5], "texture": "#1"},
				"south": {"uv": [14.25, 8.5, 15.75, 9.188], "texture": "#1"},
				"west": {"uv": [0, 6, 12, 16], "texture": "#1"},
				"up": {"uv": [0.5, 8.25, 2.5, 9.188], "texture": "#1"},
				"down": {"uv": [0, 0, 14, 14], "texture": "#missing"}
			}
		},
		{
			"from": [1, 14.1, 12],
			"to": [15, 31.1, 12],
			"rotation": {"angle": -22.5, "axis": "x", "origin": [8, 22, 11.5]},
			"faces": {
				"north": {"uv": [12.5, 7.75, 15, 8.188], "texture": "#1"},
				"east": {"uv": [12.5, 8, 15, 9.438], "texture": "#1"},
				"south": {"uv": [0, 6, 12, 16], "texture": "#1"},
				"west": {"uv": [13.25, 8.5, 14.5, 9.25], "texture": "#1"},
				"up": {"uv": [12.5, 7.25, 14.75, 9.688], "rotation": 180, "texture": "#1"},
				"down": {"uv": [0, 0, 14, 14], "rotation": 180, "texture": "#missing"}
			}
		}
	],
	"display": {
		"thirdperson_righthand": {
			"translation": [0, -0.75, 0],
			"scale": [0.5, 0.5, 0.5]
		},
		"thirdperson_lefthand": {
			"scale": [0.5, 0.5, 0.5]
		},
		"firstperson_righthand": {
			"scale": [0.5, 0.5, 0.5]
		},
		"firstperson_lefthand": {
			"scale": [0.5, 0.5, 0.5]
		},
		"ground": {
			"scale": [0.5, 0.5, 0.5]
		},
		"head": {
			"translation": [0, -0.5, 0],
			"scale": [1.11, 1, 1.11]
		},
		"fixed": {
			"rotation": [-50, 0, 0],
			"translation": [0, -3, 1],
			"scale": [1.2, 1.2, 1.2]
		}
	}
}