{
	"credit": "Made with Blockbench",
	"texture_size": [64, 64],
	"textures": {
		"0": "concrete:helmets/western_euro",
		"particle": "concrete:helmets/western_euro"
	},
	"elements": [
		{
			"name": "head",
			"from": [2.424, 0.48809, 6.36751],
			"to": [13.576, 11.09609, 17.24751],
			"rotation": {"angle": 0, "axis": "y", "origin": [18.88, -15.96791, 21.73551]},
			"faces": {
				"north": {"uv": [8.0625, 0, 6, 1.9375], "texture": "#0"},
				"east": {"uv": [8, 2, 6, 3.9375], "texture": "#0"},
				"south": {"uv": [4.0625, 6, 2, 7.9375], "texture": "#0"},
				"west": {"uv": [8, 4, 6, 5.9375], "texture": "#0"},
				"up": {"uv": [0, 2.0625, 2, 0], "rotation": 90, "texture": "#0"},
				"down": {"uv": [2, 0, 4, 2.0625], "rotation": 270, "texture": "#0"}
			}
		},
		{
			"name": "head",
			"from": [2.86736, 4.31785, 5.72083],
			"to": [13.13264, 12.82601, 16.12483],
			"rotation": {"angle": 0, "axis": "y", "origin": [19.0976, -16.44663, 21.95107]},
			"faces": {
				"north": {"uv": [8.125, 6, 6.25, 8], "texture": "#0"},
				"east": {"uv": [6.1875, 6, 4.25, 8], "texture": "#0"},
				"south": {"uv": [3.875, 8, 2, 10], "texture": "#0"},
				"west": {"uv": [1.9375, 6.25, 0, 8.25], "texture": "#0"},
				"up": {"uv": [8, 3.875, 9.9375, 2], "rotation": 90, "texture": "#0"},
				"down": {"uv": [4, 8, 5.9375, 9.875], "rotation": 270, "texture": "#0"}
			}
		},
		{
			"name": "head",
			"from": [3.28352, 11.02855, 4.11305],
			"to": [12.7328, 11.85271, 14.51705],
			"rotation": {"angle": 22.5, "axis": "x", "origin": [8.41616, 7.59863, 9.31505]},
			"faces": {
				"north": {"uv": [12.1875, 14, 10.3125, 16], "rotation": 180, "texture": "#0"},
				"east": {"uv": [6.1875, 6, 4.25, 8], "texture": "#0"},
				"south": {"uv": [3.875, 8, 2, 10], "texture": "#0"},
				"west": {"uv": [1.9375, 6.25, 0, 8.25], "texture": "#0"},
				"up": {"uv": [8, 3.875, 9.9375, 2], "rotation": 90, "texture": "#0"},
				"down": {"uv": [4, 8, 5.9375, 9.875], "rotation": 270, "texture": "#0"}
			}
		},
		{
			"name": "head",
			"from": [3.28352, 10.9479, 7.46985],
			"to": [12.7328, 11.77206, 17.87385],
			"rotation": {"angle": -22.5, "axis": "x", "origin": [8.41616, 7.55198, 12.46785]},
			"faces": {
				"north": {"uv": [2, 8, 3.875, 10], "texture": "#0"},
				"east": {"uv": [4.25, 6, 6.1875, 8], "texture": "#0"},
				"south": {"uv": [10.3125, 14, 12.1875, 16], "rotation": 180, "texture": "#0"},
				"west": {"uv": [0, 6.25, 1.9375, 8.25], "texture": "#0"},
				"up": {"uv": [9.9375, 3.875, 8, 2], "rotation": 90, "texture": "#0"},
				"down": {"uv": [5.9375, 8, 4, 9.875], "rotation": 270, "texture": "#0"}
			}
		},
		{
			"name": "head",
			"from": [4.33894, 10.9479, 6.13699],
			"to": [14.74294, 11.77206, 15.58627],
			"rotation": {"angle": 22.5, "axis": "z", "origin": [9.33694, 7.55198, 10.45363]},
			"faces": {
				"north": {"uv": [4.25, 6, 6.1875, 8], "texture": "#0"},
				"east": {"uv": [10.3125, 14, 12.1875, 16], "rotation": 180, "texture": "#0"},
				"south": {"uv": [0, 6.25, 1.9375, 8.25], "texture": "#0"},
				"west": {"uv": [2, 8, 3.875, 10], "texture": "#0"},
				"up": {"uv": [8, 2, 9.9375, 3.875], "rotation": 180, "texture": "#0"},
				"down": {"uv": [4, 9.875, 5.9375, 8], "rotation": 180, "texture": "#0"}
			}
		},
		{
			"name": "head",
			"from": [1.25706, 10.9479, 6.13699],
			"to": [11.66106, 11.77206, 15.58627],
			"rotation": {"angle": -22.5, "axis": "z", "origin": [6.66306, 7.55198, 10.45363]},
			"faces": {
				"north": {"uv": [6.1875, 6, 4.25, 8], "texture": "#0"},
				"east": {"uv": [3.875, 8, 2, 10], "texture": "#0"},
				"south": {"uv": [1.9375, 6.25, 0, 8.25], "texture": "#0"},
				"west": {"uv": [12.1875, 14, 10.3125, 16], "rotation": 180, "texture": "#0"},
				"up": {"uv": [9.9375, 2, 8, 3.875], "rotation": 180, "texture": "#0"},
				"down": {"uv": [5.9375, 9.875, 4, 8], "rotation": 180, "texture": "#0"}
			}
		},
		{
			"name": "head",
			"from": [3.28352, 2.97689, 6.13699],
			"to": [12.71648, 13.51961, 15.84739],
			"rotation": {"angle": 0, "axis": "y", "origin": [19.0976, -16.44663, 21.95107]},
			"faces": {
				"north": {"uv": [9.75, 8, 8, 9.9375], "texture": "#0"},
				"east": {"uv": [9.8125, 4, 8, 5.9375], "texture": "#0"},
				"south": {"uv": [1.75, 8.25, 0, 10.1875], "texture": "#0"},
				"west": {"uv": [7.8125, 8, 6, 9.9375], "texture": "#0"},
				"up": {"uv": [2, 6, 3.8125, 4.25], "rotation": 90, "texture": "#0"},
				"down": {"uv": [8.25, 0, 10.0625, 1.75], "rotation": 270, "texture": "#0"}
			}
		},
		{
			"name": "head",
			"from": [7.77152, 8.56105, 6.40083],
			"to": [8.36448, 13.64745, 13.27155],
			"rotation": {"angle": 22.5, "axis": "x", "origin": [8, 11.24025, 11.67219]},
			"faces": {
				"north": {"uv": [9.625, 12, 9.5, 12.9375], "texture": "#0"},
				"east": {"uv": [5.5, 10, 4.25, 10.9375], "texture": "#0"},
				"south": {"uv": [7.125, 12.25, 7, 13.1875], "texture": "#0"},
				"west": {"uv": [11.25, 4.75, 10, 5.6875], "texture": "#0"},
				"up": {"uv": [8.25, 1.875, 9.5, 1.75], "rotation": 90, "texture": "#0"},
				"down": {"uv": [8.25, 7.75, 9.5, 7.875], "rotation": 270, "texture": "#0"}
			}
		},
		{
			"name": "head",
			"from": [7.77016, 11.12676, 9.52707],
			"to": [8.36312, 17.99748, 12.30147],
			"rotation": {"angle": -45, "axis": "x", "origin": [8.068, 14.56212, 11.66227]},
			"faces": {
				"north": {"uv": [2.125, 12, 2, 13.25], "texture": "#0"},
				"east": {"uv": [1.75, 10.25, 1.25, 11.5], "texture": "#0"},
				"south": {"uv": [8.875, 12, 8.75, 13.25], "texture": "#0"},
				"west": {"uv": [2.25, 10.75, 1.75, 12], "texture": "#0"},
				"up": {"uv": [12, 12.375, 12.5, 12.25], "rotation": 90, "texture": "#0"},
				"down": {"uv": [0, 12.5, 0.5, 12.625], "rotation": 270, "texture": "#0"}
			}
		},
		{
			"name": "head",
			"from": [7.76608, 9.71221, 12.00385],
			"to": [8.35904, 12.62261, 18.87457],
			"rotation": {"angle": -22.5, "axis": "x", "origin": [8.136, 10.21541, 13.60321]},
			"faces": {
				"north": {"uv": [11.625, 12.25, 11.5, 12.8125], "texture": "#0"},
				"east": {"uv": [11.5, 0, 10.25, 0.5625], "texture": "#0"},
				"south": {"uv": [11.875, 12.25, 11.75, 12.8125], "texture": "#0"},
				"west": {"uv": [11.5, 0.75, 10.25, 1.3125], "texture": "#0"},
				"up": {"uv": [10.75, 7.625, 12, 7.5], "rotation": 90, "texture": "#0"},
				"down": {"uv": [12, 7.5, 13.25, 7.625], "rotation": 270, "texture": "#0"}
			}
		},
		{
			"name": "head",
			"from": [7.76472, 8.04138, 11.79515],
			"to": [8.35768, 11.76778, 18.66587],
			"rotation": {"angle": 0, "axis": "y", "origin": [8.068, 10.31258, 15.23051]},
			"faces": {
				"north": {"uv": [12.375, 9.75, 12.25, 10.4375], "texture": "#0"},
				"east": {"uv": [11.25, 10, 10, 10.6875], "texture": "#0"},
				"south": {"uv": [11.125, 12.25, 11, 12.9375], "texture": "#0"},
				"west": {"uv": [1.25, 10.25, 0, 10.9375], "texture": "#0"},
				"up": {"uv": [12, 10.625, 13.25, 10.5], "rotation": 90, "texture": "#0"},
				"down": {"uv": [12, 10.75, 13.25, 10.875], "rotation": 270, "texture": "#0"}
			}
		},
		{
			"name": "head",
			"from": [7.76336, 4.02587, 11.48387],
			"to": [8.35632, 11.01627, 18.35459],
			"rotation": {"angle": 45, "axis": "x", "origin": [8.068, 9.15307, 14.91923]},
			"faces": {
				"north": {"uv": [1.875, 8.25, 1.75, 9.8125], "texture": "#0"},
				"east": {"uv": [9.5, 6, 8.25, 7.5625], "texture": "#0"},
				"south": {"uv": [11.375, 11.75, 11.25, 13.3125], "texture": "#0"},
				"west": {"uv": [10.75, 6, 9.5, 7.5625], "texture": "#0"},
				"up": {"uv": [12, 11.125, 13.25, 11], "rotation": 90, "texture": "#0"},
				"down": {"uv": [12, 11.25, 13.25, 11.375], "rotation": 270, "texture": "#0"}
			}
		},
		{
			"name": "head",
			"from": [7.76744, 11.08342, 9.40844],
			"to": [8.3604, 15.35382, 16.27916],
			"rotation": {"angle": -45, "axis": "x", "origin": [8.068, 14.30662, 12.8438]},
			"faces": {
				"north": {"uv": [10.625, 12.25, 10.5, 13.0625], "texture": "#0"},
				"east": {"uv": [8.75, 10, 7.5, 10.8125], "texture": "#0"},
				"south": {"uv": [10.875, 12.25, 10.75, 13.0625], "texture": "#0"},
				"west": {"uv": [10, 10, 8.75, 10.8125], "texture": "#0"},
				"up": {"uv": [11.5, 12.125, 12.75, 12], "rotation": 90, "texture": "#0"},
				"down": {"uv": [12, 11.5, 13.25, 11.625], "rotation": 270, "texture": "#0"}
			}
		},
		{
			"name": "head",
			"from": [7.7688, 10.60555, 9.71808],
			"to": [8.36176, 17.47627, 14.53248],
			"rotation": {"angle": 0, "axis": "y", "origin": [8.068, 14.04091, 12.39728]},
			"faces": {
				"north": {"uv": [9.125, 12, 9, 13.25], "texture": "#0"},
				"east": {"uv": [6.375, 10, 5.5, 11.25], "texture": "#0"},
				"south": {"uv": [9.375, 12, 9.25, 13.25], "texture": "#0"},
				"west": {"uv": [7.375, 10, 6.5, 11.25], "texture": "#0"},
				"up": {"uv": [12.25, 8.625, 13.125, 8.5], "rotation": 90, "texture": "#0"},
				"down": {"uv": [12.25, 8.75, 13.125, 8.875], "rotation": 270, "texture": "#0"}
			}
		},
		{
			"name": "head",
			"from": [1.948, 9.60009, 3.10351],
			"to": [5.62, 10.55209, 16.29551],
			"rotation": {"angle": 0, "axis": "y", "origin": [8.884, 5.38409, 7.99951]},
			"faces": {
				"north": {"uv": [12.6875, 11.75, 12, 11.9375], "texture": "#0"},
				"east": {"uv": [12.4375, 5.75, 10, 5.9375], "texture": "#0"},
				"south": {"uv": [12.9375, 4.75, 12.25, 4.9375], "texture": "#0"},
				"west": {"uv": [12.6875, 1.5, 10.25, 1.6875], "texture": "#0"},
				"up": {"uv": [9.75, 8.4375, 12.1875, 7.75], "rotation": 90, "texture": "#0"},
				"down": {"uv": [9.75, 8.5, 12.1875, 9.1875], "rotation": 270, "texture": "#0"}
			}
		},
		{
			"name": "head",
			"from": [4.90231, 7.15209, 1.2444],
			"to": [5.39632, 8.5981, 3.99674],
			"rotation": {"angle": -45, "axis": "y", "origin": [5.43024, 8.21509, 1.87871]},
			"faces": {
				"north": {"uv": [9.5625, 7.75, 9.5, 8], "texture": "#0"},
				"east": {"uv": [10, 1.75, 9.5, 2], "texture": "#0"},
				"south": {"uv": [5.3125, 11, 5.25, 11.25], "texture": "#0"},
				"west": {"uv": [12.75, 5.25, 12.25, 5.5], "texture": "#0"},
				"up": {"uv": [12.5, 0.0625, 13, 0], "rotation": 90, "texture": "#0"},
				"down": {"uv": [12.5, 0.25, 13, 0.3125], "rotation": 270, "texture": "#0"}
			}
		},
		{
			"name": "head",
			"from": [5.81424, 7.15209, 1.14822],
			"to": [8.50887, 8.7341, 1.64223],
			"rotation": {"angle": 22.5, "axis": "y", "origin": [5.43024, 8.21509, 1.87871]},
			"faces": {
				"north": {"uv": [2.75, 12.25, 2.25, 12.5625], "texture": "#0"},
				"east": {"uv": [9.3125, 13.25, 9.25, 13.5625], "texture": "#0"},
				"south": {"uv": [3.25, 12.25, 2.75, 12.5625], "texture": "#0"},
				"west": {"uv": [13.3125, 9.5, 13.25, 9.8125], "texture": "#0"},
				"up": {"uv": [1, 11.5, 1.0625, 11], "rotation": 90, "texture": "#0"},
				"down": {"uv": [1.5, 11.5, 1.5625, 12], "rotation": 270, "texture": "#0"}
			}
		},
		{
			"name": "head",
			"from": [10.60368, 7.15209, 1.2444],
			"to": [11.09769, 8.5981, 3.99674],
			"rotation": {"angle": 45, "axis": "y", "origin": [10.56976, 8.21509, 1.87871]},
			"faces": {
				"north": {"uv": [9.8125, 11.5, 9.75, 11.75], "texture": "#0"},
				"east": {"uv": [7, 12.25, 6.5, 12.5], "texture": "#0"},
				"south": {"uv": [13.0625, 2.5, 13, 2.75], "texture": "#0"},
				"west": {"uv": [12.75, 7.75, 12.25, 8], "texture": "#0"},
				"up": {"uv": [12.5, 0.8125, 13, 0.75], "rotation": 90, "texture": "#0"},
				"down": {"uv": [1, 12.5, 1.5, 12.5625], "rotation": 270, "texture": "#0"}
			}
		},
		{
			"name": "head",
			"from": [7.49113, 7.15209, 1.14822],
			"to": [10.18576, 8.7341, 1.64223],
			"rotation": {"angle": -22.5, "axis": "y", "origin": [10.56976, 8.21509, 1.87871]},
			"faces": {
				"north": {"uv": [3.75, 12.25, 3.25, 12.5625], "texture": "#0"},
				"east": {"uv": [13.3125, 10, 13.25, 10.3125], "texture": "#0"},
				"south": {"uv": [4.25, 12.25, 3.75, 12.5625], "texture": "#0"},
				"west": {"uv": [10.5625, 13.25, 10.5, 13.5625], "texture": "#0"},
				"up": {"uv": [12.5, 1.5, 12.5625, 1], "rotation": 90, "texture": "#0"},
				"down": {"uv": [1.5, 12.5, 1.5625, 13], "rotation": 270, "texture": "#0"}
			}
		},
		{
			"name": "head",
			"from": [12.30849, 7.15209, 3.05746],
			"to": [12.8025, 8.4621, 6.51866],
			"rotation": {"angle": 22.5, "axis": "y", "origin": [12.48492, 8.21509, 3.93962]},
			"faces": {
				"north": {"uv": [13.0625, 5.75, 13, 6], "texture": "#0"},
				"east": {"uv": [12.75, 8, 12.25, 8.25], "texture": "#0"},
				"south": {"uv": [13.3125, 1.5, 13.25, 1.75], "texture": "#0"},
				"west": {"uv": [12.75, 8.25, 12.25, 8.5], "texture": "#0"},
				"up": {"uv": [12.5, 1.8125, 13, 1.75], "rotation": 90, "texture": "#0"},
				"down": {"uv": [12.5, 2, 13, 2.0625], "rotation": 270, "texture": "#0"}
			}
		},
		{
			"name": "head",
			"from": [4.90231, 5.52009, 1.5164],
			"to": [8.38832, 7.9181, 4.26874],
			"rotation": {"angle": -45, "axis": "y", "origin": [5.43024, 7.67109, 2.15071]},
			"faces": {
				"north": {"uv": [13.0625, 2, 13, 2.4375], "texture": "#0"},
				"east": {"uv": [2.75, 10.75, 2.25, 11.1875], "texture": "#0"},
				"south": {"uv": [2.5625, 13, 2.5, 13.4375], "texture": "#0"},
				"west": {"uv": [3.25, 10.75, 2.75, 11.1875], "texture": "#0"},
				"up": {"uv": [12.5, 2.3125, 13, 2.25], "rotation": 90, "texture": "#0"},
				"down": {"uv": [12.5, 2.5, 13, 2.5625], "rotation": 270, "texture": "#0"}
			}
		},
		{
			"name": "head",
			"from": [5.81424, 5.52009, 1.42022],
			"to": [8.50887, 7.9181, 10.34623],
			"rotation": {"angle": 22.5, "axis": "y", "origin": [5.43024, 7.67109, 2.15071]},
			"faces": {
				"north": {"uv": [3.75, 10.75, 3.25, 11.1875], "texture": "#0"},
				"east": {"uv": [2.8125, 13, 2.75, 13.4375], "texture": "#0"},
				"south": {"uv": [4.25, 10.75, 3.75, 11.1875], "texture": "#0"},
				"west": {"uv": [3.0625, 13, 3, 13.4375], "texture": "#0"},
				"up": {"uv": [1.75, 13, 1.8125, 12.5], "rotation": 90, "texture": "#0"},
				"down": {"uv": [12.5, 2.75, 12.5625, 3.25], "rotation": 270, "texture": "#0"}
			}
		},
		{
			"name": "head",
			"from": [2.51649, 5.52009, 3.32946],
			"to": [12.8025, 7.9181, 6.55266],
			"rotation": {"angle": 22.5, "axis": "y", "origin": [12.48492, 7.67109, 4.21162]},
			"faces": {
				"north": {"uv": [13.0625, 3.75, 13, 4.1875], "texture": "#0"},
				"east": {"uv": [0.5, 11, 0, 11.4375], "texture": "#0"},
				"south": {"uv": [4.3125, 13, 4.25, 13.4375], "texture": "#0"},
				"west": {"uv": [1, 11, 0.5, 11.4375], "texture": "#0"},
				"up": {"uv": [12.5, 3.8125, 13, 3.75], "rotation": 90, "texture": "#0"},
				"down": {"uv": [12.5, 4, 13, 4.0625], "rotation": 270, "texture": "#0"}
			}
		},
		{
			"name": "head",
			"from": [7.49113, 5.52009, 1.42022],
			"to": [10.18576, 7.9181, 10.34623],
			"rotation": {"angle": -22.5, "axis": "y", "origin": [10.56976, 7.67109, 2.15071]},
			"faces": {
				"north": {"uv": [4.75, 11, 4.25, 11.4375], "texture": "#0"},
				"east": {"uv": [4.5625, 13, 4.5, 13.4375], "texture": "#0"},
				"south": {"uv": [5.25, 11, 4.75, 11.4375], "texture": "#0"},
				"west": {"uv": [4.8125, 13, 4.75, 13.4375], "texture": "#0"},
				"up": {"uv": [4.25, 13, 4.3125, 12.5], "rotation": 90, "texture": "#0"},
				"down": {"uv": [12.5, 4.25, 12.5625, 4.75], "rotation": 270, "texture": "#0"}
			}
		},
		{
			"name": "head",
			"from": [4.61968, 5.52009, 1.5164],
			"to": [11.09769, 7.9181, 4.26874],
			"rotation": {"angle": 45, "axis": "y", "origin": [10.56976, 7.67109, 2.15071]},
			"faces": {
				"north": {"uv": [13.0625, 4.75, 13, 5.1875], "texture": "#0"},
				"east": {"uv": [8, 11, 7.5, 11.4375], "texture": "#0"},
				"south": {"uv": [5.3125, 13, 5.25, 13.4375], "texture": "#0"},
				"west": {"uv": [8.5, 11, 8, 11.4375], "texture": "#0"},
				"up": {"uv": [4.5, 12.5625, 5, 12.5], "rotation": 90, "texture": "#0"},
				"down": {"uv": [5, 12.5, 5.5, 12.5625], "rotation": 270, "texture": "#0"}
			}
		},
		{
			"name": "head",
			"from": [4.90231, 4.16009, 1.7884],
			"to": [5.39632, 6.5581, 4.54074],
			"rotation": {"angle": -45, "axis": "y", "origin": [5.43024, 6.31109, 2.42271]},
			"faces": {
				"north": {"uv": [5.5625, 13, 5.5, 13.4375], "texture": "#0"},
				"east": {"uv": [9, 11, 8.5, 11.4375], "texture": "#0"},
				"south": {"uv": [6.0625, 13, 6, 13.4375], "texture": "#0"},
				"west": {"uv": [9.5, 11, 9, 11.4375], "texture": "#0"},
				"up": {"uv": [5.5, 12.5625, 6, 12.5], "rotation": 90, "texture": "#0"},
				"down": {"uv": [12.5, 5.75, 13, 5.8125], "rotation": 270, "texture": "#0"}
			}
		},
		{
			"name": "head",
			"from": [5.81424, 4.16009, 1.69222],
			"to": [8.50887, 6.5581, 2.18623],
			"rotation": {"angle": 22.5, "axis": "y", "origin": [5.43024, 6.31109, 2.42271]},
			"faces": {
				"north": {"uv": [10, 11, 9.5, 11.4375], "texture": "#0"},
				"east": {"uv": [6.3125, 13, 6.25, 13.4375], "texture": "#0"},
				"south": {"uv": [11.5, 10.75, 11, 11.1875], "texture": "#0"},
				"west": {"uv": [6.5625, 13, 6.5, 13.4375], "texture": "#0"},
				"up": {"uv": [6, 13, 6.0625, 12.5], "rotation": 90, "texture": "#0"},
				"down": {"uv": [6.25, 12.5, 6.3125, 13], "rotation": 270, "texture": "#0"}
			}
		},
		{
			"name": "head",
			"from": [12.30849, 4.16009, 3.60146],
			"to": [12.8025, 6.5581, 6.58666],
			"rotation": {"angle": 22.5, "axis": "y", "origin": [12.48492, 6.31109, 4.48362]},
			"faces": {
				"north": {"uv": [7.8125, 13, 7.75, 13.4375], "texture": "#0"},
				"east": {"uv": [3.75, 11.25, 3.25, 11.6875], "texture": "#0"},
				"south": {"uv": [8.0625, 13, 8, 13.4375], "texture": "#0"},
				"west": {"uv": [4.25, 11.25, 3.75, 11.6875], "texture": "#0"},
				"up": {"uv": [7.75, 12.5625, 8.25, 12.5], "rotation": 90, "texture": "#0"},
				"down": {"uv": [8.25, 12.5, 8.75, 12.5625], "rotation": 270, "texture": "#0"}
			}
		},
		{
			"name": "head",
			"from": [7.49113, 4.16009, 1.69222],
			"to": [10.18576, 6.5581, 2.18623],
			"rotation": {"angle": -22.5, "axis": "y", "origin": [10.56976, 6.31109, 2.42271]},
			"faces": {
				"north": {"uv": [11.75, 4.75, 11.25, 5.1875], "texture": "#0"},
				"east": {"uv": [8.3125, 13, 8.25, 13.4375], "texture": "#0"},
				"south": {"uv": [5.75, 11.25, 5.25, 11.6875], "texture": "#0"},
				"west": {"uv": [13.0625, 9, 13, 9.4375], "texture": "#0"},
				"up": {"uv": [9.75, 13, 9.8125, 12.5], "rotation": 90, "texture": "#0"},
				"down": {"uv": [12.5, 9.75, 12.5625, 10.25], "rotation": 270, "texture": "#0"}
			}
		},
		{
			"name": "head",
			"from": [10.60368, 4.16009, 1.7884],
			"to": [11.09769, 6.5581, 4.54074],
			"rotation": {"angle": 45, "axis": "y", "origin": [10.56976, 6.31109, 2.42271]},
			"faces": {
				"north": {"uv": [9.5625, 13, 9.5, 13.4375], "texture": "#0"},
				"east": {"uv": [11.75, 5.25, 11.25, 5.6875], "texture": "#0"},
				"south": {"uv": [13.0625, 9.5, 13, 9.9375], "texture": "#0"},
				"west": {"uv": [6.25, 11.25, 5.75, 11.6875], "texture": "#0"},
				"up": {"uv": [10, 12.5625, 10.5, 12.5], "rotation": 90, "texture": "#0"},
				"down": {"uv": [12.5, 10.25, 13, 10.3125], "rotation": 270, "texture": "#0"}
			}
		},
		{
			"name": "head",
			"from": [4.90231, 3.07209, 2.1964],
			"to": [5.39632, 5.4701, 4.94874],
			"rotation": {"angle": -45, "axis": "y", "origin": [5.43024, 5.22309, 2.83071]},
			"faces": {
				"north": {"uv": [9.8125, 13, 9.75, 13.4375], "texture": "#0"},
				"east": {"uv": [6.75, 11.25, 6.25, 11.6875], "texture": "#0"},
				"south": {"uv": [10.0625, 13, 10, 13.4375], "texture": "#0"},
				"west": {"uv": [7.25, 11.25, 6.75, 11.6875], "texture": "#0"},
				"up": {"uv": [12, 12.5625, 12.5, 12.5], "rotation": 90, "texture": "#0"},
				"down": {"uv": [12.5, 12.25, 13, 12.3125], "rotation": 270, "texture": "#0"}
			}
		},
		{
			"name": "head",
			"from": [5.81424, 3.07209, 2.10022],
			"to": [8.50887, 5.4701, 2.59423],
			"rotation": {"angle": 22.5, "axis": "y", "origin": [5.43024, 5.22309, 2.83071]},
			"faces": {
				"north": {"uv": [10.5, 11.25, 10, 11.6875], "texture": "#0"},
				"east": {"uv": [13.0625, 10, 13, 10.4375], "texture": "#0"},
				"south": {"uv": [11.75, 10, 11.25, 10.4375], "texture": "#0"},
				"west": {"uv": [10.3125, 13, 10.25, 13.4375], "texture": "#0"},
				"up": {"uv": [12.5, 13, 12.5625, 12.5], "rotation": 90, "texture": "#0"},
				"down": {"uv": [0, 12.75, 0.0625, 13.25], "rotation": 270, "texture": "#0"}
			}
		},
		{
			"name": "head",
			"from": [3.1975, 3.07209, 4.00946],
			"to": [3.69151, 5.4701, 6.62066],
			"rotation": {"angle": -22.5, "axis": "y", "origin": [3.51508, 5.22309, 4.89162]},
			"faces": {
				"north": {"uv": [11.0625, 13, 11, 13.4375], "texture": "#0"},
				"east": {"uv": [11, 11.25, 10.5, 11.6875], "texture": "#0"},
				"south": {"uv": [11.5625, 13, 11.5, 13.4375], "texture": "#0"},
				"west": {"uv": [11.5, 11.25, 11, 11.6875], "texture": "#0"},
				"up": {"uv": [0.25, 12.8125, 0.75, 12.75], "rotation": 90, "texture": "#0"},
				"down": {"uv": [0.75, 12.75, 1.25, 12.8125], "rotation": 270, "texture": "#0"}
			}
		},
		{
			"name": "head",
			"from": [12.30849, 3.07209, 4.00946],
			"to": [12.8025, 5.4701, 6.62066],
			"rotation": {"angle": 22.5, "axis": "y", "origin": [12.48492, 5.22309, 4.89162]},
			"faces": {
				"north": {"uv": [11.8125, 13, 11.75, 13.4375], "texture": "#0"},
				"east": {"uv": [0.5, 11.5, 0, 11.9375], "texture": "#0"},
				"south": {"uv": [12.0625, 13, 12, 13.4375], "texture": "#0"},
				"west": {"uv": [12, 0, 11.5, 0.4375], "texture": "#0"},
				"up": {"uv": [12.75, 1.0625, 13.25, 1], "rotation": 90, "texture": "#0"},
				"down": {"uv": [12.75, 1.25, 13.25, 1.3125], "rotation": 270, "texture": "#0"}
			}
		},
		{
			"name": "head",
			"from": [12.30849, 1.57609, 5.09746],
			"to": [12.8025, 3.9741, 6.65466],
			"rotation": {"angle": 22.5, "axis": "y", "origin": [12.48492, 3.72709, 5.97962]},
			"faces": {
				"north": {"uv": [11.8125, 13, 11.75, 13.4375], "texture": "#0"},
				"east": {"uv": [0.5, 11.5, 0, 11.9375], "texture": "#0"},
				"south": {"uv": [12.0625, 13, 12, 13.4375], "texture": "#0"},
				"west": {"uv": [12, 0, 11.5, 0.4375], "texture": "#0"},
				"up": {"uv": [12.75, 1.0625, 13.25, 1], "rotation": 90, "texture": "#0"},
				"down": {"uv": [12.75, 1.25, 13.25, 1.3125], "rotation": 270, "texture": "#0"}
			}
		},
		{
			"name": "head",
			"from": [12.30849, 2.39209, 4.55346],
			"to": [12.8025, 4.7901, 6.65466],
			"rotation": {"angle": 22.5, "axis": "y", "origin": [12.48492, 4.54309, 5.43562]},
			"faces": {
				"north": {"uv": [7.8125, 13, 7.75, 13.4375], "texture": "#0"},
				"east": {"uv": [3.75, 11.25, 3.25, 11.6875], "texture": "#0"},
				"south": {"uv": [8.0625, 13, 8, 13.4375], "texture": "#0"},
				"west": {"uv": [4.25, 11.25, 3.75, 11.6875], "texture": "#0"},
				"up": {"uv": [7.75, 12.5625, 8.25, 12.5], "rotation": 90, "texture": "#0"},
				"down": {"uv": [8.25, 12.5, 8.75, 12.5625], "rotation": 270, "texture": "#0"}
			}
		},
		{
			"name": "head",
			"from": [3.1975, 2.39209, 4.55346],
			"to": [3.69151, 4.7901, 6.65466],
			"rotation": {"angle": -22.5, "axis": "y", "origin": [3.51508, 4.54309, 5.43562]},
			"faces": {
				"north": {"uv": [7.75, 13, 7.8125, 13.4375], "texture": "#0"},
				"east": {"uv": [3.75, 11.25, 4.25, 11.6875], "texture": "#0"},
				"south": {"uv": [8, 13, 8.0625, 13.4375], "texture": "#0"},
				"west": {"uv": [3.25, 11.25, 3.75, 11.6875], "texture": "#0"},
				"up": {"uv": [7.75, 12.5, 8.25, 12.5625], "rotation": 90, "texture": "#0"},
				"down": {"uv": [8.25, 12.5625, 8.75, 12.5], "rotation": 270, "texture": "#0"}
			}
		},
		{
			"name": "head",
			"from": [3.1975, 1.57609, 5.09746],
			"to": [3.69151, 3.9741, 6.65466],
			"rotation": {"angle": -22.5, "axis": "y", "origin": [3.51508, 3.72709, 5.97962]},
			"faces": {
				"north": {"uv": [11.75, 13, 11.8125, 13.4375], "texture": "#0"},
				"east": {"uv": [11.5, 0, 12, 0.4375], "texture": "#0"},
				"south": {"uv": [12, 13, 12.0625, 13.4375], "texture": "#0"},
				"west": {"uv": [0, 11.5, 0.5, 11.9375], "texture": "#0"},
				"up": {"uv": [12.75, 1, 13.25, 1.0625], "rotation": 90, "texture": "#0"},
				"down": {"uv": [12.75, 1.3125, 13.25, 1.25], "rotation": 270, "texture": "#0"}
			}
		},
		{
			"name": "head",
			"from": [3.1975, 3.07209, 4.00946],
			"to": [3.69151, 5.4701, 6.62066],
			"rotation": {"angle": -22.5, "axis": "y", "origin": [3.51508, 5.22309, 4.89162]},
			"faces": {
				"north": {"uv": [11.75, 13, 11.8125, 13.4375], "texture": "#0"},
				"east": {"uv": [11.5, 0, 12, 0.4375], "texture": "#0"},
				"south": {"uv": [12, 13, 12.0625, 13.4375], "texture": "#0"},
				"west": {"uv": [0, 11.5, 0.5, 11.9375], "texture": "#0"},
				"up": {"uv": [12.75, 1, 13.25, 1.0625], "rotation": 90, "texture": "#0"},
				"down": {"uv": [12.75, 1.3125, 13.25, 1.25], "rotation": 270, "texture": "#0"}
			}
		},
		{
			"name": "head",
			"from": [3.1975, 4.16009, 3.60146],
			"to": [3.69151, 6.5581, 6.58666],
			"rotation": {"angle": -22.5, "axis": "y", "origin": [3.51508, 6.31109, 4.48362]},
			"faces": {
				"north": {"uv": [7.75, 13, 7.8125, 13.4375], "texture": "#0"},
				"east": {"uv": [3.75, 11.25, 4.25, 11.6875], "texture": "#0"},
				"south": {"uv": [8, 13, 8.0625, 13.4375], "texture": "#0"},
				"west": {"uv": [3.25, 11.25, 3.75, 11.6875], "texture": "#0"},
				"up": {"uv": [7.75, 12.5, 8.25, 12.5625], "rotation": 90, "texture": "#0"},
				"down": {"uv": [8.25, 12.5625, 8.75, 12.5], "rotation": 270, "texture": "#0"}
			}
		},
		{
			"name": "head",
			"from": [3.1975, 5.52009, 3.32946],
			"to": [6.68351, 7.9181, 6.55266],
			"rotation": {"angle": -22.5, "axis": "y", "origin": [3.51508, 7.67109, 4.21162]},
			"faces": {
				"north": {"uv": [13, 3.75, 13.0625, 4.1875], "texture": "#0"},
				"east": {"uv": [0.5, 11, 1, 11.4375], "texture": "#0"},
				"south": {"uv": [4.25, 13, 4.3125, 13.4375], "texture": "#0"},
				"west": {"uv": [0, 11, 0.5, 11.4375], "texture": "#0"},
				"up": {"uv": [12.5, 3.75, 13, 3.8125], "rotation": 90, "texture": "#0"},
				"down": {"uv": [12.5, 4.0625, 13, 4], "rotation": 270, "texture": "#0"}
			}
		},
		{
			"name": "head",
			"from": [3.1975, 7.15209, 3.05746],
			"to": [3.69151, 8.4621, 6.51866],
			"rotation": {"angle": -22.5, "axis": "y", "origin": [3.51508, 8.21509, 3.93962]},
			"faces": {
				"north": {"uv": [13, 5.75, 13.0625, 6], "texture": "#0"},
				"east": {"uv": [12.25, 8.25, 12.75, 8.5], "texture": "#0"},
				"south": {"uv": [13.25, 1.5, 13.3125, 1.75], "texture": "#0"},
				"west": {"uv": [12.25, 8, 12.75, 8.25], "texture": "#0"},
				"up": {"uv": [12.5, 1.75, 13, 1.8125], "rotation": 90, "texture": "#0"},
				"down": {"uv": [12.5, 2.0625, 13, 2], "rotation": 270, "texture": "#0"}
			}
		},
		{
			"name": "head",
			"from": [7.49113, 3.07209, 2.10022],
			"to": [10.18576, 5.4701, 2.59423],
			"rotation": {"angle": -22.5, "axis": "y", "origin": [10.56976, 5.22309, 2.83071]},
			"faces": {
				"north": {"uv": [1, 11.5, 0.5, 11.9375], "texture": "#0"},
				"east": {"uv": [12.3125, 13, 12.25, 13.4375], "texture": "#0"},
				"south": {"uv": [12, 0.5, 11.5, 0.9375], "texture": "#0"},
				"west": {"uv": [13.0625, 12.25, 13, 12.6875], "texture": "#0"},
				"up": {"uv": [1.25, 13.25, 1.3125, 12.75], "rotation": 90, "texture": "#0"},
				"down": {"uv": [2.25, 12.75, 2.3125, 13.25], "rotation": 270, "texture": "#0"}
			}
		},
		{
			"name": "head",
			"from": [10.60368, 3.07209, 2.1964],
			"to": [11.09769, 5.4701, 4.94874],
			"rotation": {"angle": 45, "axis": "y", "origin": [10.56976, 5.22309, 2.83071]},
			"faces": {
				"north": {"uv": [12.5625, 13, 12.5, 13.4375], "texture": "#0"},
				"east": {"uv": [1.5, 11.5, 1, 11.9375], "texture": "#0"},
				"south": {"uv": [12.8125, 13, 12.75, 13.4375], "texture": "#0"},
				"west": {"uv": [12, 1, 11.5, 1.4375], "texture": "#0"},
				"up": {"uv": [12.75, 1.5625, 13.25, 1.5], "rotation": 90, "texture": "#0"},
				"down": {"uv": [2.5, 12.75, 3, 12.8125], "rotation": 270, "texture": "#0"}
			}
		},
		{
			"name": "head",
			"from": [4.90231, 2.39209, 2.7404],
			"to": [5.39632, 4.7901, 5.49274],
			"rotation": {"angle": -45, "axis": "y", "origin": [5.43024, 4.54309, 3.37471]},
			"faces": {
				"north": {"uv": [13.0625, 12.75, 13, 13.1875], "texture": "#0"},
				"east": {"uv": [4.75, 11.5, 4.25, 11.9375], "texture": "#0"},
				"south": {"uv": [0.0625, 13.25, 0, 13.6875], "texture": "#0"},
				"west": {"uv": [5.25, 11.5, 4.75, 11.9375], "texture": "#0"},
				"up": {"uv": [12.75, 2.8125, 13.25, 2.75], "rotation": 90, "texture": "#0"},
				"down": {"uv": [3, 12.75, 3.5, 12.8125], "rotation": 270, "texture": "#0"}
			}
		},
		{
			"name": "head",
			"from": [5.81424, 2.39209, 2.64422],
			"to": [8.50887, 4.7901, 3.13823],
			"rotation": {"angle": 22.5, "axis": "y", "origin": [5.43024, 4.54309, 3.37471]},
			"faces": {
				"north": {"uv": [7.75, 11.5, 7.25, 11.9375], "texture": "#0"},
				"east": {"uv": [13.3125, 0, 13.25, 0.4375], "texture": "#0"},
				"south": {"uv": [8.25, 11.5, 7.75, 11.9375], "texture": "#0"},
				"west": {"uv": [0.3125, 13.25, 0.25, 13.6875], "texture": "#0"},
				"up": {"uv": [3.5, 13.25, 3.5625, 12.75], "rotation": 90, "texture": "#0"},
				"down": {"uv": [3.75, 12.75, 3.8125, 13.25], "rotation": 270, "texture": "#0"}
			}
		},
		{
			"name": "head",
			"from": [7.49113, 2.39209, 2.64422],
			"to": [10.18576, 4.7901, 3.13823],
			"rotation": {"angle": -22.5, "axis": "y", "origin": [10.56976, 4.54309, 3.37471]},
			"faces": {
				"north": {"uv": [12, 11, 11.5, 11.4375], "texture": "#0"},
				"east": {"uv": [1.3125, 13.25, 1.25, 13.6875], "texture": "#0"},
				"south": {"uv": [12, 11.5, 11.5, 11.9375], "texture": "#0"},
				"west": {"uv": [2.0625, 13.25, 2, 13.6875], "texture": "#0"},
				"up": {"uv": [4, 13.25, 4.0625, 12.75], "rotation": 90, "texture": "#0"},
				"down": {"uv": [5, 12.75, 5.0625, 13.25], "rotation": 270, "texture": "#0"}
			}
		},
		{
			"name": "head",
			"from": [10.60368, 2.39209, 2.7404],
			"to": [11.09769, 4.7901, 5.49274],
			"rotation": {"angle": 45, "axis": "y", "origin": [10.56976, 4.54309, 3.37471]},
			"faces": {
				"north": {"uv": [13.3125, 2, 13.25, 2.4375], "texture": "#0"},
				"east": {"uv": [2.75, 11.75, 2.25, 12.1875], "texture": "#0"},
				"south": {"uv": [2.3125, 13.25, 2.25, 13.6875], "texture": "#0"},
				"west": {"uv": [3.25, 11.75, 2.75, 12.1875], "texture": "#0"},
				"up": {"uv": [5.25, 12.8125, 5.75, 12.75], "rotation": 90, "texture": "#0"},
				"down": {"uv": [12.75, 5.25, 13.25, 5.3125], "rotation": 270, "texture": "#0"}
			}
		},
		{
			"name": "head",
			"from": [4.90231, 1.57609, 3.2844],
			"to": [6.34832, 3.9741, 6.03674],
			"rotation": {"angle": -45, "axis": "y", "origin": [5.43024, 3.72709, 3.91871]},
			"faces": {
				"north": {"uv": [13.3125, 2.5, 13.25, 2.9375], "texture": "#0"},
				"east": {"uv": [3.75, 11.75, 3.25, 12.1875], "texture": "#0"},
				"south": {"uv": [13.3125, 3, 13.25, 3.4375], "texture": "#0"},
				"west": {"uv": [4.25, 11.75, 3.75, 12.1875], "texture": "#0"},
				"up": {"uv": [12.75, 5.5625, 13.25, 5.5], "rotation": 90, "texture": "#0"},
				"down": {"uv": [6.5, 12.75, 7, 12.8125], "rotation": 270, "texture": "#0"}
			}
		},
		{
			"name": "head",
			"from": [5.81424, 1.57609, 3.18822],
			"to": [8.50887, 3.9741, 4.77023],
			"rotation": {"angle": 22.5, "axis": "y", "origin": [5.43024, 3.72709, 3.91871]},
			"faces": {
				"north": {"uv": [12.25, 4.75, 11.75, 5.1875], "texture": "#0"},
				"east": {"uv": [3.5625, 13.25, 3.5, 13.6875], "texture": "#0"},
				"south": {"uv": [5.75, 11.75, 5.25, 12.1875], "texture": "#0"},
				"west": {"uv": [13.3125, 3.5, 13.25, 3.9375], "texture": "#0"},
				"up": {"uv": [5.75, 13.25, 5.8125, 12.75], "rotation": 90, "texture": "#0"},
				"down": {"uv": [7.25, 12.75, 7.3125, 13.25], "rotation": 270, "texture": "#0"}
			}
		},
		{
			"name": "head",
			"from": [7.49113, 1.57609, 3.18822],
			"to": [10.18576, 3.9741, 5.31423],
			"rotation": {"angle": -22.5, "axis": "y", "origin": [10.56976, 3.72709, 3.91871]},
			"faces": {
				"north": {"uv": [10.25, 11.75, 9.75, 12.1875], "texture": "#0"},
				"east": {"uv": [5.0625, 13.25, 5, 13.6875], "texture": "#0"},
				"south": {"uv": [12.25, 10, 11.75, 10.4375], "texture": "#0"},
				"west": {"uv": [13.3125, 5, 13.25, 5.4375], "texture": "#0"},
				"up": {"uv": [8.5, 13.25, 8.5625, 12.75], "rotation": 90, "texture": "#0"},
				"down": {"uv": [12.75, 9.75, 12.8125, 10.25], "rotation": 270, "texture": "#0"}
			}
		},
		{
			"name": "head",
			"from": [9.78768, 1.57609, 3.2844],
			"to": [11.09769, 3.9741, 6.03674],
			"rotation": {"angle": 45, "axis": "y", "origin": [10.56976, 3.72709, 3.91871]},
			"faces": {
				"north": {"uv": [13.3125, 5.5, 13.25, 5.9375], "texture": "#0"},
				"east": {"uv": [10.75, 11.75, 10.25, 12.1875], "texture": "#0"},
				"south": {"uv": [5.8125, 13.25, 5.75, 13.6875], "texture": "#0"},
				"west": {"uv": [11.25, 11.75, 10.75, 12.1875], "texture": "#0"},
				"up": {"uv": [12.75, 8.3125, 13.25, 8.25], "rotation": 90, "texture": "#0"},
				"down": {"uv": [10, 12.75, 10.5, 12.8125], "rotation": 270, "texture": "#0"}
			}
		},
		{
			"name": "head",
			"from": [4.90231, 0.76009, 3.9644],
			"to": [5.39632, 3.1581, 6.71674],
			"rotation": {"angle": -45, "axis": "y", "origin": [5.43024, 2.91109, 4.59871]},
			"faces": {
				"north": {"uv": [13.3125, 6, 13.25, 6.4375], "texture": "#0"},
				"east": {"uv": [0.5, 12, 0, 12.4375], "texture": "#0"},
				"south": {"uv": [13.3125, 6.5, 13.25, 6.9375], "texture": "#0"},
				"west": {"uv": [12.5, 0, 12, 0.4375], "texture": "#0"},
				"up": {"uv": [12.75, 11.8125, 13.25, 11.75], "rotation": 90, "texture": "#0"},
				"down": {"uv": [12, 12.75, 12.5, 12.8125], "rotation": 270, "texture": "#0"}
			}
		},
		{
			"name": "head",
			"from": [3.55926, 0.76009, 5.72308],
			"to": [12.41727, 3.1581, 6.29942],
			"rotation": {"angle": 0, "axis": "y", "origin": [4.08719, 2.91109, 6.35739]},
			"faces": {
				"north": {"uv": [13.3125, 6, 13.25, 6.4375], "texture": "#0"},
				"east": {"uv": [0.5, 12, 0, 12.4375], "texture": "#0"},
				"south": {"uv": [13.3125, 6.5, 13.25, 6.9375], "texture": "#0"},
				"west": {"uv": [12.5, 0, 12, 0.4375], "texture": "#0"},
				"up": {"uv": [12.75, 11.8125, 13.25, 11.75], "rotation": 90, "texture": "#0"},
				"down": {"uv": [12, 12.75, 12.5, 12.8125], "rotation": 270, "texture": "#0"}
			}
		},
		{
			"name": "head",
			"from": [4.23926, 0.76009, 5.17908],
			"to": [11.73727, 3.1581, 6.29942],
			"rotation": {"angle": 0, "axis": "y", "origin": [4.08719, 2.91109, 6.35739]},
			"faces": {
				"north": {"uv": [13.3125, 6, 13.25, 6.4375], "texture": "#0"},
				"east": {"uv": [0.5, 12, 0, 12.4375], "texture": "#0"},
				"south": {"uv": [13.3125, 6.5, 13.25, 6.9375], "texture": "#0"},
				"west": {"uv": [12.5, 0, 12, 0.4375], "texture": "#0"},
				"up": {"uv": [12.75, 11.8125, 13.25, 11.75], "rotation": 90, "texture": "#0"},
				"down": {"uv": [12, 12.75, 12.5, 12.8125], "rotation": 270, "texture": "#0"}
			}
		},
		{
			"name": "head",
			"from": [4.78326, 0.76009, 4.63508],
			"to": [11.05727, 3.1581, 5.61942],
			"rotation": {"angle": 0, "axis": "y", "origin": [4.08719, 2.91109, 6.35739]},
			"faces": {
				"north": {"uv": [13.3125, 6, 13.25, 6.4375], "texture": "#0"},
				"east": {"uv": [0.5, 12, 0, 12.4375], "texture": "#0"},
				"south": {"uv": [13.3125, 6.5, 13.25, 6.9375], "texture": "#0"},
				"west": {"uv": [12.5, 0, 12, 0.4375], "texture": "#0"},
				"up": {"uv": [12.75, 11.8125, 13.25, 11.75], "rotation": 90, "texture": "#0"},
				"down": {"uv": [12, 12.75, 12.5, 12.8125], "rotation": 270, "texture": "#0"}
			}
		},
		{
			"name": "head",
			"from": [5.19126, 0.76009, 4.22708],
			"to": [10.78527, 3.1581, 4.93942],
			"rotation": {"angle": 0, "axis": "y", "origin": [4.08719, 2.91109, 6.35739]},
			"faces": {
				"north": {"uv": [13.3125, 6, 13.25, 6.4375], "texture": "#0"},
				"east": {"uv": [0.5, 12, 0, 12.4375], "texture": "#0"},
				"south": {"uv": [13.3125, 6.5, 13.25, 6.9375], "texture": "#0"},
				"west": {"uv": [12.5, 0, 12, 0.4375], "texture": "#0"},
				"up": {"uv": [12.75, 11.8125, 13.25, 11.75], "rotation": 90, "texture": "#0"},
				"down": {"uv": [12, 12.75, 12.5, 12.8125], "rotation": 270, "texture": "#0"}
			}
		},
		{
			"name": "head",
			"from": [5.81424, 0.76009, 3.86822],
			"to": [8.50887, 3.1581, 6.26623],
			"rotation": {"angle": 22.5, "axis": "y", "origin": [5.43024, 2.91109, 4.59871]},
			"faces": {
				"north": {"uv": [1, 12, 0.5, 12.4375], "texture": "#0"},
				"east": {"uv": [7.0625, 13.25, 7, 13.6875], "texture": "#0"},
				"south": {"uv": [12.5, 0.5, 12, 0.9375], "texture": "#0"},
				"west": {"uv": [13.3125, 7, 13.25, 7.4375], "texture": "#0"},
				"up": {"uv": [12.75, 13, 12.8125, 12.5], "rotation": 90, "texture": "#0"},
				"down": {"uv": [13, 0, 13.0625, 0.5], "rotation": 270, "texture": "#0"}
			}
		},
		{
			"name": "head",
			"from": [7.49113, 0.76009, 3.86822],
			"to": [10.18576, 3.1581, 6.26623],
			"rotation": {"angle": -22.5, "axis": "y", "origin": [10.56976, 2.91109, 4.59871]},
			"faces": {
				"north": {"uv": [5.25, 12, 4.75, 12.4375], "texture": "#0"},
				"east": {"uv": [13.3125, 8.5, 13.25, 8.9375], "texture": "#0"},
				"south": {"uv": [7.75, 12, 7.25, 12.4375], "texture": "#0"},
				"west": {"uv": [8.8125, 13.25, 8.75, 13.6875], "texture": "#0"},
				"up": {"uv": [1.5, 13.5, 1.5625, 13], "rotation": 90, "texture": "#0"},
				"down": {"uv": [1.75, 13, 1.8125, 13.5], "rotation": 270, "texture": "#0"}
			}
		},
		{
			"name": "head",
			"from": [10.46768, 0.76009, 3.9644],
			"to": [11.09769, 3.1581, 6.71674],
			"rotation": {"angle": 45, "axis": "y", "origin": [10.56976, 2.91109, 4.59871]},
			"faces": {
				"north": {"uv": [9.0625, 13.25, 9, 13.6875], "texture": "#0"},
				"east": {"uv": [8.25, 12, 7.75, 12.4375], "texture": "#0"},
				"south": {"uv": [13.3125, 9, 13.25, 9.4375], "texture": "#0"},
				"west": {"uv": [8.75, 12, 8.25, 12.4375], "texture": "#0"},
				"up": {"uv": [13, 0.8125, 13.5, 0.75], "rotation": 90, "texture": "#0"},
				"down": {"uv": [13, 1.75, 13.5, 1.8125], "rotation": 270, "texture": "#0"}
			}
		},
		{
			"name": "head",
			"from": [5.30844, 10.21442, 3.10351],
			"to": [8.30044, 11.16642, 16.29551],
			"rotation": {"angle": 22.5, "axis": "z", "origin": [7.00844, 10.69042, 6.91151]},
			"faces": {
				"north": {"uv": [12.8125, 9, 12.25, 9.1875], "texture": "#0"},
				"east": {"uv": [13.1875, 6, 10.75, 6.1875], "texture": "#0"},
				"south": {"uv": [12.8125, 9.25, 12.25, 9.4375], "texture": "#0"},
				"west": {"uv": [13.1875, 6.25, 10.75, 6.4375], "texture": "#0"},
				"up": {"uv": [10, 2.3125, 12.4375, 1.75], "rotation": 90, "texture": "#0"},
				"down": {"uv": [10, 2.5, 12.4375, 3.0625], "rotation": 270, "texture": "#0"}
			}
		},
		{
			"name": "head",
			"from": [7.73943, 10.21442, 3.10351],
			"to": [10.73143, 11.16642, 16.29551],
			"rotation": {"angle": -22.5, "axis": "z", "origin": [9.03143, 10.69042, 6.91151]},
			"faces": {
				"north": {"uv": [12.8125, 9.5, 12.25, 9.6875], "texture": "#0"},
				"east": {"uv": [13.1875, 6.5, 10.75, 6.6875], "texture": "#0"},
				"south": {"uv": [10.3125, 12.25, 9.75, 12.4375], "texture": "#0"},
				"west": {"uv": [13.1875, 6.75, 10.75, 6.9375], "texture": "#0"},
				"up": {"uv": [10, 3.8125, 12.4375, 3.25], "rotation": 90, "texture": "#0"},
				"down": {"uv": [10, 4, 12.4375, 4.5625], "rotation": 270, "texture": "#0"}
			}
		},
		{
			"name": "head",
			"from": [10.41987, 9.60009, 3.10351],
			"to": [14.09187, 10.55209, 16.29551],
			"rotation": {"angle": 0, "axis": "y", "origin": [7.15587, 5.38409, 7.99951]},
			"faces": {
				"north": {"uv": [12.9375, 5, 12.25, 5.1875], "texture": "#0"},
				"east": {"uv": [13.1875, 7, 10.75, 7.1875], "texture": "#0"},
				"south": {"uv": [5.9375, 12.25, 5.25, 12.4375], "texture": "#0"},
				"west": {"uv": [13.1875, 7.25, 10.75, 7.4375], "texture": "#0"},
				"up": {"uv": [9.75, 9.9375, 12.1875, 9.25], "rotation": 90, "texture": "#0"},
				"down": {"uv": [1.75, 10, 4.1875, 10.6875], "rotation": 270, "texture": "#0"}
			}
		}
	],
	"display": {
		"thirdperson_righthand": {
			"translation": [0, 5.25, 0],
			"scale": [0.67, 0.67, 0.67]
		},
		"thirdperson_lefthand": {
			"translation": [0, 5.25, 0],
			"scale": [0.67, 0.67, 0.67]
		},
		"firstperson_righthand": {
			"translation": [0, 5.25, -0.25],
			"scale": [0.67, 0.67, 0.67]
		},
		"firstperson_lefthand": {
			"translation": [0, 5.25, 0],
			"scale": [0.67, 0.67, 0.67]
		},
		"gui": {
			"rotation": [0, -180, 0]
		},
		"head": {
			"translation": [0, 0.5, -3.75],
			"scale": [1.25, 1.27, 1.27]
		},
		"fixed": {
			"translation": [0, 0, -2.25]
		}
	},
	"groups": [
		{
			"name": "steve",
			"origin": [24, -1.62347, 5.90036],
			"color": 0,
			"children": [
				0,
				1,
				2,
				3,
				4,
				5,
				6,
				7,
				8,
				9,
				10,
				11,
				12,
				13,
				14,
				15,
				16,
				17,
				18,
				19,
				20,
				21,
				22,
				23,
				24,
				25,
				26,
				27,
				28,
				29,
				30,
				31,
				32,
				33,
				34,
				35,
				36,
				37,
				38,
				39,
				40,
				41,
				42,
				43,
				44,
				45,
				46,
				47,
				48,
				49,
				50,
				51,
				52,
				53,
				54,
				55,
				56,
				57,
				58,
				59,
				60,
				61,
				62
			]
		}
	]
}