{
	"credit": "Made with Blockbench",
	"textures": {
		"1": "concrete:helmets/brass_ridge_helm",
		"2": "concrete:helmets/crest"
	},
	"elements": [
		{
			"from": [0, 0, 0],
			"to": [16, 16, 16],
			"faces": {
				"north": {"uv": [4, 4, 8, 8], "texture": "#1"},
				"east": {"uv": [0, 4, 4, 8], "texture": "#1"},
				"south": {"uv": [16, 4, 12, 8], "texture": "#1"},
				"west": {"uv": [8, 4, 12, 8], "texture": "#1"},
				"up": {"uv": [4, 4, 8, 0], "rotation": 180, "texture": "#1"},
				"down": {"uv": [0, 0, 0, 0], "texture": "#1"}
			}
		},
		{
			"from": [0.002, 0.08814, 16.16879],
			"to": [15.996, 8.08814, 17.16879],
			"rotation": {"angle": -22.5, "axis": "x", "origin": [7.999, 4.08814, 16.66879]},
			"faces": {
				"north": {"uv": [12, 14, 8, 16], "texture": "#1"},
				"east": {"uv": [12, 14, 12.25, 16], "texture": "#1"},
				"south": {"uv": [8, 14, 12, 16], "texture": "#1"},
				"west": {"uv": [7.75, 14, 8, 16], "texture": "#1"},
				"down": {"uv": [8, 15.75, 12, 16], "texture": "#1"}
			}
		},
		{
			"from": [1, 16, 1],
			"to": [15, 17, 15],
			"rotation": {"angle": 0, "axis": "y", "origin": [8, 24, 8]},
			"faces": {
				"north": {"uv": [4.25, 3.75, 7.75, 4], "texture": "#1"},
				"east": {"uv": [4, 3.75, 4.25, 0.25], "rotation": 270, "texture": "#1"},
				"south": {"uv": [4.25, 0, 7.75, 0.25], "rotation": 180, "texture": "#1"},
				"west": {"uv": [7.75, 3.75, 8, 0.25], "rotation": 90, "texture": "#1"},
				"up": {"uv": [4.25, 3.75, 7.75, 0.25], "rotation": 180, "texture": "#1"},
				"down": {"uv": [0, 0, 0, 0], "texture": "#1"}
			}
		},
		{
			"from": [7, 4, -1],
			"to": [9, 17, 0],
			"rotation": {"angle": 0, "axis": "y", "origin": [8, 7, 8]},
			"faces": {
				"north": {"uv": [5.75, 3.75, 6.25, 7], "texture": "#1"},
				"east": {"uv": [5.75, 3.75, 6, 7], "texture": "#1"},
				"south": {"uv": [6.25, 3.75, 5.75, 7], "texture": "#1"},
				"west": {"uv": [6, 3.75, 6.25, 7], "texture": "#1"},
				"up": {"uv": [5.75, 4.25, 6.25, 4.5], "rotation": 180, "texture": "#1"},
				"down": {"uv": [5.75, 6.75, 6.25, 7], "rotation": 180, "texture": "#1"}
			}
		},
		{
			"from": [7, 5, 16],
			"to": [9, 17, 17],
			"rotation": {"angle": 0, "axis": "y", "origin": [8, 7, 25]},
			"faces": {
				"east": {"uv": [5.75, 3.5, 6, 6.5], "texture": "#1"},
				"south": {"uv": [6.25, 3.5, 5.75, 6.5], "texture": "#1"},
				"west": {"uv": [6, 3.5, 6.25, 6.5], "texture": "#1"},
				"up": {"uv": [5.75, 4.25, 6.25, 4.5], "rotation": 180, "texture": "#1"},
				"down": {"uv": [5.75, 7.25, 6.25, 7.5], "rotation": 180, "texture": "#1"}
			}
		},
		{
			"from": [7, 16, 0],
			"to": [9, 18, 16],
			"rotation": {"angle": 0, "axis": "x", "origin": [8, 9, 6]},
			"faces": {
				"north": {"uv": [5.75, 6.5, 6.25, 6.75], "texture": "#1"},
				"east": {"uv": [5.75, 2.75, 6, 6.75], "rotation": 270, "texture": "#1"},
				"south": {"uv": [5.75, 4.25, 6.25, 4.5], "rotation": 180, "texture": "#1"},
				"west": {"uv": [6.25, 2.75, 6, 6.75], "rotation": 90, "texture": "#1"},
				"up": {"uv": [5.75, 2.75, 6.25, 6.75], "rotation": 180, "texture": "#1"},
				"down": {"uv": [6.25, 4.5, 5.75, 7.5], "texture": "#1"}
			}
		},
		{
			"name": "feathers",
			"from": [7.7, 12.7, 2.4],
			"to": [8.2, 26.7, 20.4],
			"rotation": {"angle": 0, "axis": "y", "origin": [8, 13.3, 2.9]},
			"faces": {
				"north": {"uv": [12.5, 4, 13, 10], "texture": "#2"},
				"east": {"uv": [1.5, 2, 15, 2], "texture": "#2"},
				"south": {"uv": [12.5, 4, 13, 10], "texture": "#2"},
				"west": {"uv": [15, 13, 1.5, 14], "texture": "#2"},
				"up": {"uv": [3, 5.5, 12, 6.5], "rotation": 90, "texture": "#2"},
				"down": {"uv": [15.5, 5, 16, 6.5], "texture": "#2"}
			}
		},
		{
			"name": "feathers",
			"from": [7.7, 12.7, -2.6],
			"to": [8.2, 30.7, 23.4],
			"rotation": {"angle": 0, "axis": "y", "origin": [8, 13.3, -2.1]},
			"faces": {
				"north": {"uv": [0, 2.5, 0.5, 9.5], "texture": "#2"},
				"east": {"uv": [1.5, 3, 15, 12.5], "texture": "#2"},
				"south": {"uv": [0, 0, 0.5, 13], "texture": "#2"},
				"west": {"uv": [15, 3, 1.5, 12.5], "texture": "#2"},
				"up": {"uv": [0, 0, 16, 1], "texture": "#2"},
				"down": {"uv": [0, 0, 0.5, 16], "texture": "#2"}
			}
		}
	],
	"display": {
		"thirdperson_righthand": {
			"rotation": [75, 45, 0],
			"translation": [0, 2.5, 0],
			"scale": [0.375, 0.375, 0.375]
		},
		"thirdperson_lefthand": {
			"rotation": [75, 45, 0],
			"translation": [0, 2.5, 0],
			"scale": [0.375, 0.375, 0.375]
		},
		"firstperson_righthand": {
			"rotation": [-14.5, 134.25, 0],
			"translation": [0, 4.25, 0],
			"scale": [0.4, 0.4, 0.4]
		},
		"firstperson_lefthand": {
			"rotation": [-14.5, 134.25, 0],
			"translation": [0, 4.25, 0],
			"scale": [0.4, 0.4, 0.4]
		},
		"ground": {
			"translation": [0, 3, 0],
			"scale": [0.33, 0.33, 0.33]
		},
		"gui": {
			"rotation": [30, 225, 0],
			"scale": [0.625, 0.625, 0.625]
		},
		"head": {
			"scale": [0.901, 0.901, 0.901]
		},
		"fixed": {
			"rotation": [-77.25, 0, 0],
			"translation": [0, 0, -7.75]
		}
	}
}
