{
	"credit": "Made with Blockbench",
	"texture_size": [32, 32],
	"textures": {
		"0": "concrete:equipment/tools/axebase",
		"1": "concrete:equipment/tools/axetop",
		"particle": "concrete:equipment/tools/axebase"
	},
	"elements": [
		{
			"from": [11.63241, -6.988, 7.46],
			"to": [12.17241, 27.724, 8.108],
			"rotation": {"angle": 0, "axis": "y", "origin": [7.20441, 11.772, 7.46]},
			"faces": {
				"north": {"uv": [0, 0, 0.25, 8.75], "texture": "#0"},
				"east": {"uv": [0.25, 0, 0.5, 8.75], "texture": "#0"},
				"south": {"uv": [0.5, 0, 0.75, 8.75], "texture": "#0"},
				"west": {"uv": [0.75, 0, 1, 8.75], "texture": "#0"},
				"up": {"uv": [11, 4.75, 10.75, 4.5], "texture": "#0"},
				"down": {"uv": [11, 4.75, 10.75, 5], "texture": "#0"}
			}
		},
		{
			"from": [10.75802, -6.988, 7.82218],
			"to": [11.29802, 27.724, 8.47018],
			"rotation": {"angle": 45, "axis": "y", "origin": [11.02802, 17.172, 8.14618]},
			"faces": {
				"north": {"uv": [1, 0, 1.25, 8.75], "texture": "#0"},
				"east": {"uv": [1.25, 0, 1.5, 8.75], "texture": "#0"},
				"south": {"uv": [1.5, 0, 1.75, 8.75], "texture": "#0"},
				"west": {"uv": [1.75, 0, 2, 8.75], "texture": "#0"},
				"up": {"uv": [11, 5.25, 10.75, 5], "texture": "#0"},
				"down": {"uv": [5.5, 10.75, 5.25, 11], "texture": "#0"}
			}
		},
		{
			"from": [11.42839, -6.988, 8.02621],
			"to": [12.07639, 27.724, 8.56621],
			"rotation": {"angle": 45, "axis": "y", "origin": [11.5713, 17.172, 8.22119]},
			"faces": {
				"north": {"uv": [3, 0, 3.25, 8.75], "texture": "#0"},
				"east": {"uv": [3.25, 0, 3.5, 8.75], "texture": "#0"},
				"south": {"uv": [3.5, 0, 3.75, 8.75], "texture": "#0"},
				"west": {"uv": [3.75, 0, 4, 8.75], "texture": "#0"},
				"up": {"uv": [11, 5.75, 10.75, 5.5], "texture": "#0"},
				"down": {"uv": [6, 10.75, 5.75, 11], "texture": "#0"}
			}
		},
		{
			"from": [11.06621, -6.988, 8.02621],
			"to": [11.71421, 27.724, 8.56621],
			"rotation": {"angle": 0, "axis": "y", "origin": [11.5713, 17.172, 8.22119]},
			"faces": {
				"north": {"uv": [2, 0, 2.25, 8.75], "texture": "#0"},
				"east": {"uv": [2.25, 0, 2.5, 8.75], "texture": "#0"},
				"south": {"uv": [2.5, 0, 2.75, 8.75], "texture": "#0"},
				"west": {"uv": [2.75, 0, 3, 8.75], "texture": "#0"},
				"up": {"uv": [11, 5.5, 10.75, 5.25], "texture": "#0"},
				"down": {"uv": [5.75, 10.75, 5.5, 11], "texture": "#0"}
			}
		},
		{
			"from": [10.75802, -6.988, 7.09782],
			"to": [11.29802, 27.724, 7.74582],
			"rotation": {"angle": -45, "axis": "y", "origin": [11.02802, 17.172, 7.42182]},
			"faces": {
				"north": {"uv": [7, 0, 7.25, 8.75], "texture": "#0"},
				"east": {"uv": [7.25, 0, 7.5, 8.75], "texture": "#0"},
				"south": {"uv": [7.5, 0, 7.75, 8.75], "texture": "#0"},
				"west": {"uv": [7.75, 0, 8, 8.75], "texture": "#0"},
				"up": {"uv": [11, 6.75, 10.75, 6.5], "texture": "#0"},
				"down": {"uv": [7, 10.75, 6.75, 11], "texture": "#0"}
			}
		},
		{
			"from": [10.608, -6.988, 7.46],
			"to": [11.148, 27.724, 8.108],
			"rotation": {"angle": 0, "axis": "y", "origin": [7.26, 11.772, 8.108]},
			"faces": {
				"north": {"uv": [6, 0, 6.25, 8.75], "texture": "#0"},
				"east": {"uv": [6.25, 0, 6.5, 8.75], "texture": "#0"},
				"south": {"uv": [6.5, 0, 6.75, 8.75], "texture": "#0"},
				"west": {"uv": [6.75, 0, 7, 8.75], "texture": "#0"},
				"up": {"uv": [11, 6.5, 10.75, 6.25], "texture": "#0"},
				"down": {"uv": [6.75, 10.75, 6.5, 11], "texture": "#0"}
			}
		},
		{
			"from": [11.42839, -6.988, 7.00179],
			"to": [12.07639, 27.724, 7.54179],
			"rotation": {"angle": -45, "axis": "y", "origin": [11.5713, 17.172, 7.34681]},
			"faces": {
				"north": {"uv": [5, 0, 5.25, 8.75], "texture": "#0"},
				"east": {"uv": [5.25, 0, 5.5, 8.75], "texture": "#0"},
				"south": {"uv": [5.5, 0, 5.75, 8.75], "texture": "#0"},
				"west": {"uv": [5.75, 0, 6, 8.75], "texture": "#0"},
				"up": {"uv": [11, 6.25, 10.75, 6], "texture": "#0"},
				"down": {"uv": [6.5, 10.75, 6.25, 11], "texture": "#0"}
			}
		},
		{
			"from": [11.06621, -6.988, 7.00179],
			"to": [11.71421, 27.724, 7.54179],
			"rotation": {"angle": 0, "axis": "y", "origin": [11.5713, 17.172, 7.34681]},
			"faces": {
				"north": {"uv": [4, 0, 4.25, 8.75], "texture": "#0"},
				"east": {"uv": [4.25, 0, 4.5, 8.75], "texture": "#0"},
				"south": {"uv": [4.5, 0, 4.75, 8.75], "texture": "#0"},
				"west": {"uv": [4.75, 0, 5, 8.75], "texture": "#0"},
				"up": {"uv": [11, 6, 10.75, 5.75], "texture": "#0"},
				"down": {"uv": [6.25, 10.75, 6, 11], "texture": "#0"}
			}
		},
		{
			"from": [11.94095, 15.10368, 7.3844],
			"to": [12.55655, 23.00536, 8.12312],
			"rotation": {"angle": 0, "axis": "y", "origin": [6.89303, 4.82008, 7.3844]},
			"faces": {
				"north": {"uv": [9.75, 2, 10, 4], "texture": "#0"},
				"east": {"uv": [9.75, 4, 10, 6], "texture": "#0"},
				"south": {"uv": [9.75, 6, 10, 8], "texture": "#0"},
				"west": {"uv": [9.75, 8, 10, 10], "texture": "#0"},
				"up": {"uv": [11, 9.5, 10.75, 9.25], "texture": "#0"},
				"down": {"uv": [11, 9.5, 10.75, 9.75], "texture": "#0"}
			}
		},
		{
			"from": [10.94414, 15.10368, 7.79729],
			"to": [11.55974, 23.00536, 8.53601],
			"rotation": {"angle": 45, "axis": "y", "origin": [11.25194, 10.97608, 8.16665]},
			"faces": {
				"north": {"uv": [9.5, 4, 9.75, 6], "texture": "#0"},
				"east": {"uv": [9.5, 6, 9.75, 8], "texture": "#0"},
				"south": {"uv": [9.5, 8, 9.75, 10], "texture": "#0"},
				"west": {"uv": [9.75, 0, 10, 2], "texture": "#0"},
				"up": {"uv": [11, 9, 10.75, 8.75], "texture": "#0"},
				"down": {"uv": [11, 9, 10.75, 9.25], "texture": "#0"}
			}
		},
		{
			"from": [11.29547, 15.10368, 8.02987],
			"to": [12.03419, 23.00536, 8.64547],
			"rotation": {"angle": 0, "axis": "y", "origin": [11.87128, 10.97608, 8.25216]},
			"faces": {
				"north": {"uv": [9.25, 6, 9.5, 8], "texture": "#0"},
				"east": {"uv": [9.25, 8, 9.5, 10], "texture": "#0"},
				"south": {"uv": [9.5, 0, 9.75, 2], "texture": "#0"},
				"west": {"uv": [9.5, 2, 9.75, 4], "texture": "#0"},
				"up": {"uv": [11, 8.5, 10.75, 8.25], "texture": "#0"},
				"down": {"uv": [11, 8.5, 10.75, 8.75], "texture": "#0"}
			}
		},
		{
			"from": [11.70836, 15.10368, 8.02987],
			"to": [12.44708, 23.00536, 8.64547],
			"rotation": {"angle": 45, "axis": "y", "origin": [11.87128, 10.97608, 8.25216]},
			"faces": {
				"north": {"uv": [9, 8, 9.25, 10], "texture": "#0"},
				"east": {"uv": [9.25, 0, 9.5, 2], "texture": "#0"},
				"south": {"uv": [9.25, 2, 9.5, 4], "texture": "#0"},
				"west": {"uv": [9.25, 4, 9.5, 6], "texture": "#0"},
				"up": {"uv": [11, 8, 10.75, 7.75], "texture": "#0"},
				"down": {"uv": [11, 8, 10.75, 8.25], "texture": "#0"}
			}
		},
		{
			"from": [11.29547, 15.10368, 6.86205],
			"to": [12.03419, 23.00536, 7.47765],
			"rotation": {"angle": 0, "axis": "y", "origin": [11.87128, 10.97608, 7.25536]},
			"faces": {
				"north": {"uv": [9, 0, 9.25, 2], "texture": "#0"},
				"east": {"uv": [9, 2, 9.25, 4], "texture": "#0"},
				"south": {"uv": [9, 4, 9.25, 6], "texture": "#0"},
				"west": {"uv": [9, 6, 9.25, 8], "texture": "#0"},
				"up": {"uv": [11, 7.75, 10.75, 7.5], "texture": "#0"},
				"down": {"uv": [8, 10.75, 7.75, 11], "texture": "#0"}
			}
		},
		{
			"from": [11.70836, 15.10368, 6.86205],
			"to": [12.44708, 23.00536, 7.47765],
			"rotation": {"angle": -45, "axis": "y", "origin": [11.87128, 10.97608, 7.25536]},
			"faces": {
				"north": {"uv": [7.25, 8.75, 7.5, 10.75], "texture": "#0"},
				"east": {"uv": [7.5, 8.75, 7.75, 10.75], "texture": "#0"},
				"south": {"uv": [7.75, 8.75, 8, 10.75], "texture": "#0"},
				"west": {"uv": [8.75, 8, 9, 10], "texture": "#0"},
				"up": {"uv": [11, 7.5, 10.75, 7.25], "texture": "#0"},
				"down": {"uv": [7.75, 10.75, 7.5, 11], "texture": "#0"}
			}
		},
		{
			"from": [10.77312, 15.10368, 7.3844],
			"to": [11.38872, 23.00536, 8.12312],
			"rotation": {"angle": 0, "axis": "y", "origin": [6.9564, 4.82008, 8.12312]},
			"faces": {
				"north": {"uv": [6.25, 8.75, 6.5, 10.75], "texture": "#0"},
				"east": {"uv": [6.5, 8.75, 6.75, 10.75], "texture": "#0"},
				"south": {"uv": [6.75, 8.75, 7, 10.75], "texture": "#0"},
				"west": {"uv": [7, 8.75, 7.25, 10.75], "texture": "#0"},
				"up": {"uv": [11, 7.25, 10.75, 7], "texture": "#0"},
				"down": {"uv": [7.5, 10.75, 7.25, 11], "texture": "#0"}
			}
		},
		{
			"from": [10.94414, 15.10368, 6.97151],
			"to": [11.55974, 23.00536, 7.71023],
			"rotation": {"angle": -45, "axis": "y", "origin": [11.25194, 10.97608, 7.34087]},
			"faces": {
				"north": {"uv": [5.25, 8.75, 5.5, 10.75], "texture": "#0"},
				"east": {"uv": [5.5, 8.75, 5.75, 10.75], "texture": "#0"},
				"south": {"uv": [5.75, 8.75, 6, 10.75], "texture": "#0"},
				"west": {"uv": [6, 8.75, 6.25, 10.75], "texture": "#0"},
				"up": {"uv": [11, 7, 10.75, 6.75], "texture": "#0"},
				"down": {"uv": [7.25, 10.75, 7, 11], "texture": "#0"}
			}
		},
		{
			"from": [11.74095, 7.20368, 7.3844],
			"to": [12.35655, 23.00536, 8.12312],
			"rotation": {"angle": 0, "axis": "y", "origin": [6.69303, -3.07992, 7.3844]},
			"faces": {
				"north": {"uv": [4.25, 8.75, 4.5, 12.75], "texture": "#0"},
				"east": {"uv": [4.5, 8.75, 4.75, 12.75], "texture": "#0"},
				"south": {"uv": [4.75, 8.75, 5, 12.75], "texture": "#0"},
				"west": {"uv": [5, 8.75, 5.25, 12.75], "texture": "#0"},
				"up": {"uv": [11.25, 2.5, 11, 2.25], "texture": "#0"},
				"down": {"uv": [11.25, 2.5, 11, 2.75], "texture": "#0"}
			}
		},
		{
			"from": [10.74414, 7.20368, 7.79729],
			"to": [11.35974, 23.00536, 8.53601],
			"rotation": {"angle": 45, "axis": "y", "origin": [11.05194, 3.07608, 8.16665]},
			"faces": {
				"north": {"uv": [3.5, 8.75, 3.75, 12.75], "texture": "#0"},
				"east": {"uv": [3.75, 8.75, 4, 12.75], "texture": "#0"},
				"south": {"uv": [4, 8.75, 4.25, 12.75], "texture": "#0"},
				"west": {"uv": [8.75, 4, 9, 8], "texture": "#0"},
				"up": {"uv": [11.25, 2, 11, 1.75], "texture": "#0"},
				"down": {"uv": [11.25, 2, 11, 2.25], "texture": "#0"}
			}
		},
		{
			"from": [11.09547, 7.20368, 8.02987],
			"to": [11.83419, 23.00536, 8.64547],
			"rotation": {"angle": 0, "axis": "y", "origin": [11.67128, 3.07608, 8.25216]},
			"faces": {
				"north": {"uv": [2.5, 8.75, 2.75, 12.75], "texture": "#0"},
				"east": {"uv": [2.75, 8.75, 3, 12.75], "texture": "#0"},
				"south": {"uv": [3, 8.75, 3.25, 12.75], "texture": "#0"},
				"west": {"uv": [3.25, 8.75, 3.5, 12.75], "texture": "#0"},
				"up": {"uv": [11.25, 1.5, 11, 1.25], "texture": "#0"},
				"down": {"uv": [11.25, 1.5, 11, 1.75], "texture": "#0"}
			}
		},
		{
			"from": [11.50836, 7.20368, 8.02987],
			"to": [12.24708, 23.00536, 8.64547],
			"rotation": {"angle": 45, "axis": "y", "origin": [11.67128, 3.07608, 8.25216]},
			"faces": {
				"north": {"uv": [1.5, 8.75, 1.75, 12.75], "texture": "#0"},
				"east": {"uv": [1.75, 8.75, 2, 12.75], "texture": "#0"},
				"south": {"uv": [2, 8.75, 2.25, 12.75], "texture": "#0"},
				"west": {"uv": [2.25, 8.75, 2.5, 12.75], "texture": "#0"},
				"up": {"uv": [11.25, 1, 11, 0.75], "texture": "#0"},
				"down": {"uv": [11.25, 1, 11, 1.25], "texture": "#0"}
			}
		},
		{
			"from": [11.09547, 7.20368, 6.86205],
			"to": [11.83419, 23.00536, 7.47765],
			"rotation": {"angle": 0, "axis": "y", "origin": [11.67128, 3.07608, 7.25536]},
			"faces": {
				"north": {"uv": [0.5, 8.75, 0.75, 12.75], "texture": "#0"},
				"east": {"uv": [0.75, 8.75, 1, 12.75], "texture": "#0"},
				"south": {"uv": [1, 8.75, 1.25, 12.75], "texture": "#0"},
				"west": {"uv": [1.25, 8.75, 1.5, 12.75], "texture": "#0"},
				"up": {"uv": [11.25, 0.5, 11, 0.25], "texture": "#0"},
				"down": {"uv": [11.25, 0.5, 11, 0.75], "texture": "#0"}
			}
		},
		{
			"from": [11.50836, 7.20368, 6.86205],
			"to": [12.24708, 23.00536, 7.47765],
			"rotation": {"angle": -45, "axis": "y", "origin": [11.67128, 3.07608, 7.25536]},
			"faces": {
				"north": {"uv": [8.5, 8, 8.75, 12], "texture": "#0"},
				"east": {"uv": [0, 8.75, 0.25, 12.75], "texture": "#0"},
				"south": {"uv": [8.75, 0, 9, 4], "texture": "#0"},
				"west": {"uv": [0.25, 8.75, 0.5, 12.75], "texture": "#0"},
				"up": {"uv": [11, 11, 10.75, 10.75], "texture": "#0"},
				"down": {"uv": [11.25, 0, 11, 0.25], "texture": "#0"}
			}
		},
		{
			"from": [10.57312, 7.20368, 7.3844],
			"to": [11.18872, 23.00536, 8.12312],
			"rotation": {"angle": 0, "axis": "y", "origin": [6.7564, -3.07992, 8.12312]},
			"faces": {
				"north": {"uv": [8.25, 4, 8.5, 8], "texture": "#0"},
				"east": {"uv": [8.25, 8, 8.5, 12], "texture": "#0"},
				"south": {"uv": [8.5, 0, 8.75, 4], "texture": "#0"},
				"west": {"uv": [8.5, 4, 8.75, 8], "texture": "#0"},
				"up": {"uv": [11, 10.5, 10.75, 10.25], "texture": "#0"},
				"down": {"uv": [11, 10.5, 10.75, 10.75], "texture": "#0"}
			}
		},
		{
			"from": [10.74414, 7.20368, 6.97151],
			"to": [11.35974, 23.00536, 7.71023],
			"rotation": {"angle": -45, "axis": "y", "origin": [11.05194, 3.07608, 7.34087]},
			"faces": {
				"north": {"uv": [8, 0, 8.25, 4], "texture": "#0"},
				"east": {"uv": [8, 4, 8.25, 8], "texture": "#0"},
				"south": {"uv": [8, 8, 8.25, 12], "texture": "#0"},
				"west": {"uv": [8.25, 0, 8.5, 4], "texture": "#0"},
				"up": {"uv": [11, 10, 10.75, 9.75], "texture": "#0"},
				"down": {"uv": [11, 10, 10.75, 10.25], "texture": "#0"}
			}
		},
		{
			"from": [10.54414, 16.70368, 6.97151],
			"to": [11.15974, 23.00536, 7.71023],
			"rotation": {"angle": -45, "axis": "y", "origin": [10.85194, 3.07608, 7.34087]},
			"faces": {
				"north": {"uv": [10.5, 10.5, 10.75, 12], "texture": "#0"},
				"east": {"uv": [10.75, 0, 11, 1.5], "texture": "#0"},
				"south": {"uv": [10.75, 1.5, 11, 3], "texture": "#0"},
				"west": {"uv": [10.75, 3, 11, 4.5], "texture": "#0"},
				"up": {"uv": [6, 11.25, 5.75, 11], "texture": "#0"},
				"down": {"uv": [11.25, 5.75, 11, 6], "texture": "#0"}
			}
		},
		{
			"from": [10.37312, 16.70368, 7.3844],
			"to": [10.98872, 23.00536, 8.12312],
			"rotation": {"angle": 0, "axis": "y", "origin": [6.5564, -3.07992, 8.12312]},
			"faces": {
				"north": {"uv": [10.5, 7.5, 10.75, 9], "texture": "#0"},
				"east": {"uv": [10.5, 9, 10.75, 10.5], "texture": "#0"},
				"south": {"uv": [10, 10.5, 10.25, 12], "texture": "#0"},
				"west": {"uv": [10.25, 10.5, 10.5, 12], "texture": "#0"},
				"up": {"uv": [5.75, 11.25, 5.5, 11], "texture": "#0"},
				"down": {"uv": [11.25, 5.5, 11, 5.75], "texture": "#0"}
			}
		},
		{
			"from": [11.30836, 16.70368, 6.86205],
			"to": [12.04708, 23.00536, 7.47765],
			"rotation": {"angle": -45, "axis": "y", "origin": [11.47128, 3.07608, 7.25536]},
			"faces": {
				"north": {"uv": [10.5, 1.5, 10.75, 3], "texture": "#0"},
				"east": {"uv": [10.5, 3, 10.75, 4.5], "texture": "#0"},
				"south": {"uv": [10.5, 4.5, 10.75, 6], "texture": "#0"},
				"west": {"uv": [10.5, 6, 10.75, 7.5], "texture": "#0"},
				"up": {"uv": [5.5, 11.25, 5.25, 11], "texture": "#0"},
				"down": {"uv": [11.25, 5.25, 11, 5.5], "texture": "#0"}
			}
		},
		{
			"from": [10.89547, 16.70368, 6.86205],
			"to": [11.63419, 23.00536, 7.47765],
			"rotation": {"angle": 0, "axis": "y", "origin": [11.47128, 3.07608, 7.25536]},
			"faces": {
				"north": {"uv": [10.25, 6, 10.5, 7.5], "texture": "#0"},
				"east": {"uv": [10.25, 7.5, 10.5, 9], "texture": "#0"},
				"south": {"uv": [10.25, 9, 10.5, 10.5], "texture": "#0"},
				"west": {"uv": [10.5, 0, 10.75, 1.5], "texture": "#0"},
				"up": {"uv": [11.25, 5, 11, 4.75], "texture": "#0"},
				"down": {"uv": [11.25, 5, 11, 5.25], "texture": "#0"}
			}
		},
		{
			"from": [11.30836, 16.70368, 8.02987],
			"to": [12.04708, 23.00536, 8.64547],
			"rotation": {"angle": 45, "axis": "y", "origin": [11.47128, 3.07608, 8.25216]},
			"faces": {
				"north": {"uv": [10.25, 0, 10.5, 1.5], "texture": "#0"},
				"east": {"uv": [10.25, 1.5, 10.5, 3], "texture": "#0"},
				"south": {"uv": [10.25, 3, 10.5, 4.5], "texture": "#0"},
				"west": {"uv": [10.25, 4.5, 10.5, 6], "texture": "#0"},
				"up": {"uv": [11.25, 4.5, 11, 4.25], "texture": "#0"},
				"down": {"uv": [11.25, 4.5, 11, 4.75], "texture": "#0"}
			}
		},
		{
			"from": [10.89547, 16.70368, 8.02987],
			"to": [11.63419, 23.00536, 8.64547],
			"rotation": {"angle": 0, "axis": "y", "origin": [11.47128, 3.07608, 8.25216]},
			"faces": {
				"north": {"uv": [10, 9, 10.25, 10.5], "texture": "#0"},
				"east": {"uv": [9.25, 10, 9.5, 11.5], "texture": "#0"},
				"south": {"uv": [9.5, 10, 9.75, 11.5], "texture": "#0"},
				"west": {"uv": [9.75, 10, 10, 11.5], "texture": "#0"},
				"up": {"uv": [11.25, 4, 11, 3.75], "texture": "#0"},
				"down": {"uv": [11.25, 4, 11, 4.25], "texture": "#0"}
			}
		},
		{
			"from": [10.54414, 16.70368, 7.79729],
			"to": [11.15974, 23.00536, 8.53601],
			"rotation": {"angle": 45, "axis": "y", "origin": [10.85194, 3.07608, 8.16665]},
			"faces": {
				"north": {"uv": [10, 6, 10.25, 7.5], "texture": "#0"},
				"east": {"uv": [10, 7.5, 10.25, 9], "texture": "#0"},
				"south": {"uv": [8.75, 10, 9, 11.5], "texture": "#0"},
				"west": {"uv": [9, 10, 9.25, 11.5], "texture": "#0"},
				"up": {"uv": [11.25, 3.5, 11, 3.25], "texture": "#0"},
				"down": {"uv": [11.25, 3.5, 11, 3.75], "texture": "#0"}
			}
		},
		{
			"from": [11.54095, 16.70368, 7.3844],
			"to": [12.15655, 23.00536, 8.12312],
			"rotation": {"angle": 0, "axis": "y", "origin": [6.49303, -3.07992, 7.3844]},
			"faces": {
				"north": {"uv": [10, 0, 10.25, 1.5], "texture": "#0"},
				"east": {"uv": [10, 1.5, 10.25, 3], "texture": "#0"},
				"south": {"uv": [10, 3, 10.25, 4.5], "texture": "#0"},
				"west": {"uv": [10, 4.5, 10.25, 6], "texture": "#0"},
				"up": {"uv": [11.25, 3, 11, 2.75], "texture": "#0"},
				"down": {"uv": [11.25, 3, 11, 3.25], "texture": "#0"}
			}
		},
		{
			"from": [17.98227, 24.47303, 7.69],
			"to": [19.44227, 27.45303, 7.91],
			"rotation": {"angle": 0, "axis": "y", "origin": [20.03227, 27.53503, 7.8]},
			"faces": {
				"north": {"uv": [1, 6.5, 2, 8], "texture": "#1"},
				"east": {"uv": [3, 9.5, 3.5, 11], "texture": "#1"},
				"south": {"uv": [2, 6.5, 3, 8], "texture": "#1"},
				"west": {"uv": [3.5, 9.5, 4, 11], "texture": "#1"},
				"up": {"uv": [11.5, 11, 10.5, 10.5], "texture": "#1"},
				"down": {"uv": [12, 0.5, 11, 1], "texture": "#1"}
			}
		},
		{
			"from": [18.77787, 27.17129, 7.688],
			"to": [19.84587, 28.67529, 7.912],
			"rotation": {"angle": 22.5, "axis": "z", "origin": [19.43587, 28.81129, 7.8]},
			"faces": {
				"north": {"uv": [0, 8.5, 1, 9.5], "texture": "#1"},
				"east": {"uv": [11, 1, 11.5, 2], "texture": "#1"},
				"south": {"uv": [8.5, 4, 9.5, 5], "texture": "#1"},
				"west": {"uv": [3, 11, 3.5, 12], "texture": "#1"},
				"up": {"uv": [12, 3.5, 11, 3], "texture": "#1"},
				"down": {"uv": [4.5, 11, 3.5, 11.5], "texture": "#1"}
			}
		},
		{
			"from": [18.5169, 28.40853, 7.688],
			"to": [19.6389, 30.17653, 7.912],
			"rotation": {"angle": 45, "axis": "z", "origin": [19.2289, 28.90053, 7.8]},
			"faces": {
				"north": {"uv": [9, 0, 10, 1], "texture": "#1"},
				"east": {"uv": [11, 3.5, 11.5, 4.5], "texture": "#1"},
				"south": {"uv": [9, 1, 10, 2], "texture": "#1"},
				"west": {"uv": [4.5, 11, 5, 12], "texture": "#1"},
				"up": {"uv": [12, 5, 11, 4.5], "texture": "#1"},
				"down": {"uv": [6, 11, 5, 11.5], "texture": "#1"}
			}
		},
		{
			"from": [16.47154, 29.29738, 7.688],
			"to": [18.23954, 30.51938, 7.912],
			"rotation": {"angle": -22.5, "axis": "z", "origin": [17.35554, 29.35838, 7.8]},
			"faces": {
				"north": {"uv": [3, 8, 4, 9.5], "texture": "#1"},
				"east": {"uv": [1.5, 10.5, 2, 12], "texture": "#1"},
				"south": {"uv": [4, 8, 5, 9.5], "texture": "#1"},
				"west": {"uv": [2, 10.5, 2.5, 12], "texture": "#1"},
				"up": {"uv": [12, 11.5, 11, 11], "texture": "#1"},
				"down": {"uv": [1, 11.5, 0, 12], "texture": "#1"}
			}
		},
		{
			"from": [12.97003, 25.847, 7.69],
			"to": [16.29203, 28.015, 7.91],
			"rotation": {"angle": 22.5, "axis": "z", "origin": [14.93103, 26.431, 7.8]},
			"faces": {
				"north": {"uv": [7, 5, 8.5, 6], "texture": "#1"},
				"east": {"uv": [8.5, 11, 9, 12], "texture": "#1"},
				"south": {"uv": [7, 6, 8.5, 7], "texture": "#1"},
				"west": {"uv": [9, 11, 9.5, 12], "texture": "#1"},
				"up": {"uv": [11.5, 8.5, 10, 8], "texture": "#1"},
				"down": {"uv": [11.5, 8.5, 10, 9], "texture": "#1"}
			}
		},
		{
			"from": [14.68839, 24.76837, 7.689],
			"to": [18.31039, 28.43637, 7.909],
			"rotation": {"angle": 45, "axis": "z", "origin": [15.74939, 27.85237, 7.8]},
			"faces": {
				"north": {"uv": [7.5, 1, 9, 2], "texture": "#1"},
				"east": {"uv": [11.5, 1, 12, 2], "texture": "#1"},
				"south": {"uv": [5, 8, 6.5, 9], "texture": "#1"},
				"west": {"uv": [3.5, 11.5, 4, 12.5], "texture": "#1"},
				"up": {"uv": [10.5, 11, 9, 10.5], "texture": "#1"},
				"down": {"uv": [12, 10, 10.5, 10.5], "texture": "#1"}
			}
		},
		{
			"from": [12.26068, 25.12634, 7.69],
			"to": [15.58268, 27.29434, 7.91],
			"rotation": {"angle": 0, "axis": "y", "origin": [12.52168, 26.21034, 7.8]},
			"faces": {
				"north": {"uv": [7, 7, 8.5, 8], "texture": "#1"},
				"east": {"uv": [11, 9, 11.5, 10], "texture": "#1"},
				"south": {"uv": [7.5, 0, 9, 1], "texture": "#1"},
				"west": {"uv": [9.5, 11, 10, 12], "texture": "#1"},
				"up": {"uv": [10.5, 10.5, 9, 10], "texture": "#1"},
				"down": {"uv": [12, 0, 10.5, 0.5], "texture": "#1"}
			}
		},
		{
			"from": [16.31103, 24.57618, 7.691],
			"to": [21.10903, 28.47418, 7.911],
			"rotation": {"angle": -45, "axis": "z", "origin": [15.22103, 27.72318, 7.8]},
			"faces": {
				"north": {"uv": [0, 3, 2.5, 5], "texture": "#1"},
				"east": {"uv": [8.5, 5, 9, 7], "texture": "#1"},
				"south": {"uv": [2.5, 3, 5, 5], "texture": "#1"},
				"west": {"uv": [8.5, 7, 9, 9], "texture": "#1"},
				"up": {"uv": [11, 3.5, 8.5, 3], "texture": "#1"},
				"down": {"uv": [11, 3.5, 8.5, 4], "texture": "#1"}
			}
		},
		{
			"from": [12.25452, 23.60484, 7.39],
			"to": [15.37052, 26.91084, 8.21],
			"rotation": {"angle": 0, "axis": "y", "origin": [12.86952, 26.50084, 7.8]},
			"faces": {
				"north": {"uv": [0, 5, 1.5, 6.5], "texture": "#1"},
				"east": {"uv": [10, 0, 10.5, 1.5], "texture": "#1"},
				"south": {"uv": [5, 0, 6.5, 1.5], "texture": "#1"},
				"west": {"uv": [10, 1.5, 10.5, 3], "texture": "#1"},
				"up": {"uv": [8, 10.5, 6.5, 10], "texture": "#1"},
				"down": {"uv": [11.5, 7.5, 10, 8], "texture": "#1"}
			}
		},
		{
			"from": [7.99052, 24.40484, 7.39],
			"to": [10.20452, 26.71084, 8.21],
			"rotation": {"angle": 0, "axis": "y", "origin": [12.86952, 26.30084, 7.8]},
			"faces": {
				"north": {"uv": [1, 9.5, 2, 10.5], "texture": "#1"},
				"east": {"uv": [12, 0, 12.5, 1], "texture": "#1"},
				"south": {"uv": [2, 9.5, 3, 10.5], "texture": "#1"},
				"west": {"uv": [0.5, 12, 1, 13], "texture": "#1"},
				"up": {"uv": [12.5, 11, 11.5, 10.5], "texture": "#1"},
				"down": {"uv": [2, 12, 1, 12.5], "texture": "#1"}
			}
		},
		{
			"from": [7.5117, 24.55709, 7.39],
			"to": [8.6177, 26.17109, 8.21],
			"rotation": {"angle": 45, "axis": "z", "origin": [7.9647, 25.11409, 7.8]},
			"faces": {
				"north": {"uv": [10.5, 11.5, 11, 12.5], "texture": "#1"},
				"east": {"uv": [11, 11.5, 11.5, 12.5], "texture": "#1"},
				"south": {"uv": [11.5, 11.5, 12, 12.5], "texture": "#1"},
				"west": {"uv": [0, 12, 0.5, 13], "texture": "#1"},
				"up": {"uv": [3.5, 12.5, 3, 12], "texture": "#1"},
				"down": {"uv": [12.5, 3, 12, 3.5], "texture": "#1"}
			}
		},
		{
			"from": [7.1054, 24.67398, 7.39],
			"to": [8.2114, 26.28798, 8.21],
			"rotation": {"angle": -45, "axis": "z", "origin": [8.0584, 25.43098, 7.8]},
			"faces": {
				"north": {"uv": [4, 11.5, 4.5, 12.5], "texture": "#1"},
				"east": {"uv": [11.5, 8, 12, 9], "texture": "#1"},
				"south": {"uv": [11.5, 9, 12, 10], "texture": "#1"},
				"west": {"uv": [10, 11.5, 10.5, 12.5], "texture": "#1"},
				"up": {"uv": [3, 12.5, 2.5, 12], "texture": "#1"},
				"down": {"uv": [12.5, 2.5, 12, 3], "texture": "#1"}
			}
		},
		{
			"from": [10.94252, 23.00484, 7.718],
			"to": [12.58252, 27.11084, 8.538],
			"rotation": {"angle": 22.5, "axis": "y", "origin": [11.84452, 24.55784, 7.8]},
			"faces": {
				"north": {"uv": [5, 4, 6, 6], "texture": "#1"},
				"east": {"uv": [5, 9, 5.5, 11], "texture": "#1"},
				"south": {"uv": [3, 6, 4, 8], "texture": "#1"},
				"west": {"uv": [5.5, 9, 6, 11], "texture": "#1"},
				"up": {"uv": [12.5, 4, 11.5, 3.5], "texture": "#1"},
				"down": {"uv": [12.5, 4, 11.5, 4.5], "texture": "#1"}
			}
		},
		{
			"from": [10.94252, 23.00484, 7.062],
			"to": [12.58252, 27.11084, 7.882],
			"rotation": {"angle": -22.5, "axis": "y", "origin": [11.84452, 25.55784, 7.8]},
			"faces": {
				"north": {"uv": [4, 6, 5, 8], "texture": "#1"},
				"east": {"uv": [6, 9, 6.5, 11], "texture": "#1"},
				"south": {"uv": [6, 4, 7, 6], "texture": "#1"},
				"west": {"uv": [9, 6, 9.5, 8], "texture": "#1"},
				"up": {"uv": [6, 12, 5, 11.5], "texture": "#1"},
				"down": {"uv": [12.5, 5, 11.5, 5.5], "texture": "#1"}
			}
		},
		{
			"from": [9.99348, 23.00484, 7.062],
			"to": [11.63348, 27.11084, 7.882],
			"rotation": {"angle": 22.5, "axis": "y", "origin": [10.73148, 25.55784, 7.8]},
			"faces": {
				"north": {"uv": [5, 6, 6, 8], "texture": "#1"},
				"east": {"uv": [9, 8, 9.5, 10], "texture": "#1"},
				"south": {"uv": [6, 6, 7, 8], "texture": "#1"},
				"west": {"uv": [8.5, 9, 9, 11], "texture": "#1"},
				"up": {"uv": [12.5, 6, 11.5, 5.5], "texture": "#1"},
				"down": {"uv": [12.5, 6, 11.5, 6.5], "texture": "#1"}
			}
		},
		{
			"from": [10.76172, 25.40484, 7.45559],
			"to": [12.00172, 27.91084, 8.07559],
			"rotation": {"angle": 0, "axis": "y", "origin": [10.68172, 28.85784, 7.46559]},
			"faces": {
				"north": {"uv": [6.5, 8, 7.5, 9.5], "texture": "#1"},
				"east": {"uv": [7, 10.5, 7.5, 12], "texture": "#1"},
				"south": {"uv": [7.5, 8, 8.5, 9.5], "texture": "#1"},
				"west": {"uv": [7.5, 10.5, 8, 12], "texture": "#1"},
				"up": {"uv": [13, 1.5, 12, 1], "texture": "#1"},
				"down": {"uv": [13, 1.5, 12, 2], "texture": "#1"}
			}
		},
		{
			"from": [9.99348, 23.00484, 7.718],
			"to": [11.63348, 27.11084, 8.538],
			"rotation": {"angle": -22.5, "axis": "y", "origin": [10.73148, 25.55784, 7.8]},
			"faces": {
				"north": {"uv": [0, 6.5, 1, 8.5], "texture": "#1"},
				"east": {"uv": [0, 9.5, 0.5, 11.5], "texture": "#1"},
				"south": {"uv": [6.5, 0, 7.5, 2], "texture": "#1"},
				"west": {"uv": [0.5, 9.5, 1, 11.5], "texture": "#1"},
				"up": {"uv": [12.5, 7, 11.5, 6.5], "texture": "#1"},
				"down": {"uv": [12.5, 7.5, 11.5, 8], "texture": "#1"}
			}
		},
		{
			"from": [19.44427, 24.23897, 7.688],
			"to": [20.44227, 27.51897, 7.912],
			"rotation": {"angle": 0, "axis": "y", "origin": [20.03227, 23.55697, 7.8]},
			"faces": {
				"north": {"uv": [3.5, 0, 5, 1.5], "texture": "#1"},
				"east": {"uv": [9.5, 7.5, 10, 9], "texture": "#1"},
				"south": {"uv": [3.5, 1.5, 5, 3], "texture": "#1"},
				"west": {"uv": [8, 9.5, 8.5, 11], "texture": "#1"},
				"up": {"uv": [11, 9.5, 9.5, 9], "texture": "#1"},
				"down": {"uv": [11, 9.5, 9.5, 10], "texture": "#1"}
			}
		},
		{
			"from": [18.83987, 22.71671, 7.688],
			"to": [19.84587, 24.52071, 7.912],
			"rotation": {"angle": -22.5, "axis": "z", "origin": [19.43587, 22.88071, 7.8]},
			"faces": {
				"north": {"uv": [7, 3, 8.5, 4], "texture": "#1"},
				"east": {"uv": [11, 6, 11.5, 7], "texture": "#1"},
				"south": {"uv": [7, 4, 8.5, 5], "texture": "#1"},
				"west": {"uv": [8, 11, 8.5, 12], "texture": "#1"},
				"up": {"uv": [11, 7, 9.5, 6.5], "texture": "#1"},
				"down": {"uv": [11, 7, 9.5, 7.5], "texture": "#1"}
			}
		},
		{
			"from": [15.53201, 20.55328, 7.688],
			"to": [18.32201, 21.50128, 7.912],
			"rotation": {"angle": 22.5, "axis": "z", "origin": [16.76401, 20.96328, 7.8]},
			"faces": {
				"north": {"uv": [9.5, 4, 11, 4.5], "texture": "#1"},
				"east": {"uv": [2, 12, 2.5, 12.5], "texture": "#1"},
				"south": {"uv": [9.5, 4.5, 11, 5], "texture": "#1"},
				"west": {"uv": [12, 2, 12.5, 2.5], "texture": "#1"},
				"up": {"uv": [11, 6.5, 9.5, 6], "texture": "#1"},
				"down": {"uv": [8, 9.5, 6.5, 10], "texture": "#1"}
			}
		},
		{
			"from": [15.32663, 20.76554, 7.69],
			"to": [19.14063, 21.73554, 7.91],
			"rotation": {"angle": 22.5, "axis": "z", "origin": [14.93257, 21.13568, 7.8]},
			"faces": {
				"north": {"uv": [1, 8, 2, 9.5], "texture": "#1"},
				"east": {"uv": [10.5, 0.5, 11, 2], "texture": "#1"},
				"south": {"uv": [2, 8, 3, 9.5], "texture": "#1"},
				"west": {"uv": [1, 10.5, 1.5, 12], "texture": "#1"},
				"up": {"uv": [12, 7.5, 11, 7], "texture": "#1"},
				"down": {"uv": [11, 11, 10, 11.5], "texture": "#1"}
			}
		},
		{
			"from": [14.81103, 21.48982, 7.69],
			"to": [16.30903, 24.28782, 7.91],
			"rotation": {"angle": 45, "axis": "z", "origin": [15.22103, 21.94082, 7.8]},
			"faces": {
				"north": {"uv": [0, 0, 3.5, 1.5], "texture": "#1"},
				"east": {"uv": [4, 9.5, 4.5, 11], "texture": "#1"},
				"south": {"uv": [0, 1.5, 3.5, 3], "texture": "#1"},
				"west": {"uv": [4.5, 9.5, 5, 11], "texture": "#1"},
				"up": {"uv": [10, 2.5, 6.5, 2], "texture": "#1"},
				"down": {"uv": [10, 2.5, 6.5, 3], "texture": "#1"}
			}
		},
		{
			"from": [12.37644, 23.5681, 7.69],
			"to": [15.17444, 26.3661, 7.91],
			"rotation": {"angle": -22.5, "axis": "z", "origin": [13.37544, 27.2171, 7.8]},
			"faces": {
				"north": {"uv": [1.5, 5, 3, 6.5], "texture": "#1"},
				"east": {"uv": [2.5, 10.5, 3, 12], "texture": "#1"},
				"south": {"uv": [5, 1.5, 6.5, 3], "texture": "#1"},
				"west": {"uv": [6.5, 10.5, 7, 12], "texture": "#1"},
				"up": {"uv": [12, 2.5, 10.5, 2], "texture": "#1"},
				"down": {"uv": [12, 2.5, 10.5, 3], "texture": "#1"}
			}
		},
		{
			"from": [18.53409, 21.03831, 7.688],
			"to": [19.52409, 23.00631, 7.912],
			"rotation": {"angle": -45, "axis": "z", "origin": [19.11409, 22.51431, 7.8]},
			"faces": {
				"north": {"uv": [3, 5, 5, 6], "texture": "#1"},
				"east": {"uv": [11, 5, 11.5, 6], "texture": "#1"},
				"south": {"uv": [5, 3, 7, 4], "texture": "#1"},
				"west": {"uv": [6, 11, 6.5, 12], "texture": "#1"},
				"up": {"uv": [11, 5.5, 9, 5], "texture": "#1"},
				"down": {"uv": [11, 5.5, 9, 6], "texture": "#1"}
			}
		}
	],
	"display": {
		"thirdperson_righthand": {
			"rotation": [0, 90, 0],
			"translation": [0, 1.75, 3.5],
			"scale": [0.5, 0.5, 0.5]
		},
		"thirdperson_lefthand": {
			"rotation": [0, -90, 0],
			"translation": [0, 1.75, 3],
			"scale": [0.5, 0.5, 0.5]
		},
		"firstperson_righthand": {
			"rotation": [0, 90, 0],
			"translation": [0, 2.5, 2.25],
			"scale": [0.5, 0.5, 0.5]
		},
		"firstperson_lefthand": {
			"rotation": [0, -90, 0],
			"translation": [2.25, 3, 0.5],
			"scale": [0.5, 0.5, 0.5]
		},
		"ground": {
			"rotation": [0, 90, 0],
			"translation": [0, 1.75, 2],
			"scale": [0.5, 0.5, 0.5]
		},
		"gui": {
			"rotation": [180, 0, 135],
			"translation": [3.5, -0.75, 3.5],
			"scale": [0.5, 0.5, 0.5]
		},
		"fixed": {
			"translation": [-2, -1.5, -0.5],
			"scale": [0.5, 0.5, 0.5]
		}
	}
}