{
	"credit": "Made with Blockbench",
	"textures": {
		"0": "concrete:equipment/tools/grp_pipes",
		"particle": "concrete:equipment/tools/grp_pipes"
	},
	"elements": [
		{
			"from": [6.1, 4, 7.25],
			"to": [9.925, 4.25, 8.75],
			"rotation": {"angle": 0, "axis": "y", "origin": [8, 4, 8]},
			"faces": {
				"north": {"uv": [8, 0, 9.5, 1.825], "rotation": 90, "texture": "#0"},
				"east": {"uv": [8, 0, 9.5, 1.825], "rotation": 90, "texture": "#0"},
				"south": {"uv": [8, 0, 9.5, 1.825], "rotation": 90, "texture": "#0"},
				"west": {"uv": [8, 0, 9.5, 1.825], "rotation": 90, "texture": "#0"},
				"up": {"uv": [8, 0, 9.5, 1.825], "rotation": 90, "texture": "#0"},
				"down": {"uv": [8, 0, 9.5, 1.825], "rotation": 90, "texture": "#0"}
			}
		},
		{
			"from": [7.3, 4, 6.05],
			"to": [8.725, 4.25, 9.95],
			"rotation": {"angle": 0, "axis": "y", "origin": [8, 4, 8]},
			"faces": {
				"north": {"uv": [8, 0, 9.425, 1.9], "rotation": 180, "texture": "#0"},
				"east": {"uv": [8, 0, 9.425, 1.9], "rotation": 180, "texture": "#0"},
				"south": {"uv": [8, 0, 9.425, 1.9], "rotation": 180, "texture": "#0"},
				"west": {"uv": [8, 0, 9.425, 1.9], "rotation": 180, "texture": "#0"},
				"up": {"uv": [8, 0, 9.425, 1.9], "rotation": 180, "texture": "#0"},
				"down": {"uv": [8, 0, 9.425, 1.9], "rotation": 180, "texture": "#0"}
			}
		},
		{
			"from": [6.10147, 4, 7.1701],
			"to": [9.87647, 4.25, 8.7701],
			"rotation": {"angle": -45, "axis": "y", "origin": [7.95147, 4, 8.0201]},
			"faces": {
				"north": {"uv": [8, 0, 9.6, 1.775], "rotation": 90, "texture": "#0"},
				"east": {"uv": [8, 0, 9.6, 1.775], "rotation": 90, "texture": "#0"},
				"south": {"uv": [8, 0, 9.6, 1.775], "rotation": 90, "texture": "#0"},
				"west": {"uv": [8, 0, 9.6, 1.775], "rotation": 90, "texture": "#0"},
				"up": {"uv": [8, 0, 9.6, 1.775], "rotation": 90, "texture": "#0"},
				"down": {"uv": [8, 0, 9.6, 1.775], "rotation": 90, "texture": "#0"}
			}
		},
		{
			"from": [7.22647, 4, 6.0451],
			"to": [8.75147, 4.25, 9.8951],
			"rotation": {"angle": -45, "axis": "y", "origin": [7.95147, 4, 8.0201]},
			"faces": {
				"north": {"uv": [8, 0, 9.525, 1.85], "texture": "#0"},
				"east": {"uv": [8, 0, 9.525, 1.85], "texture": "#0"},
				"south": {"uv": [8, 0, 9.525, 1.85], "texture": "#0"},
				"west": {"uv": [8, 0, 9.525, 1.85], "texture": "#0"},
				"up": {"uv": [8, 0, 9.525, 1.85], "texture": "#0"},
				"down": {"uv": [8, 0, 9.525, 1.85], "texture": "#0"}
			}
		},
		{
			"from": [6.025, 4, 7.15],
			"to": [6.8, 6.25, 8.85],
			"rotation": {"angle": -45, "axis": "y", "origin": [8, 3, 8]},
			"faces": {
				"north": {"uv": [0, 8, 0.775, 9.25], "texture": "#0"},
				"east": {"uv": [0, 8, 0.775, 9.25], "texture": "#0"},
				"south": {"uv": [0, 8, 0.775, 9.25], "texture": "#0"},
				"west": {"uv": [0, 8, 0.775, 9.25], "texture": "#0"},
				"up": {"uv": [0, 8, 0.775, 9.25], "texture": "#0"},
				"down": {"uv": [0, 8, 0.775, 9.25], "texture": "#0"}
			}
		},
		{
			"from": [6, 4, 7.2],
			"to": [6.8, 6.25, 8.8],
			"rotation": {"angle": 0, "axis": "y", "origin": [0, 3, 0]},
			"faces": {
				"north": {"uv": [0, 8, 0.8, 9.25], "texture": "#0"},
				"east": {"uv": [0, 8, 0.8, 9.25], "texture": "#0"},
				"south": {"uv": [0, 8, 0.8, 9.25], "texture": "#0"},
				"west": {"uv": [0, 8, 0.8, 9.25], "texture": "#0"},
				"up": {"uv": [0, 8, 0.8, 9.25], "texture": "#0"},
				"down": {"uv": [0, 8, 0.8, 9.25], "texture": "#0"}
			}
		},
		{
			"from": [7.15, 4, 9.2],
			"to": [8.85, 6.25, 9.975],
			"rotation": {"angle": -45, "axis": "y", "origin": [8, 3, 8]},
			"faces": {
				"north": {"uv": [0, 8, 1.7, 9.25], "texture": "#0"},
				"east": {"uv": [0, 8, 1.7, 9.25], "texture": "#0"},
				"south": {"uv": [0, 8, 1.7, 9.25], "texture": "#0"},
				"west": {"uv": [0, 8, 1.7, 9.25], "texture": "#0"},
				"up": {"uv": [0, 8, 1.7, 9.25], "texture": "#0"},
				"down": {"uv": [0, 8, 1.7, 9.25], "texture": "#0"}
			}
		},
		{
			"from": [7.2, 4, 9.2],
			"to": [8.8, 6.25, 10],
			"rotation": {"angle": 0, "axis": "y", "origin": [8, 3, 8]},
			"faces": {
				"north": {"uv": [0, 8, 1.6, 9.25], "texture": "#0"},
				"east": {"uv": [0, 8, 1.6, 9.25], "texture": "#0"},
				"south": {"uv": [0, 8, 1.6, 9.25], "texture": "#0"},
				"west": {"uv": [0, 8, 1.6, 9.25], "texture": "#0"},
				"up": {"uv": [0, 8, 1.6, 9.25], "texture": "#0"},
				"down": {"uv": [0, 8, 1.6, 9.25], "texture": "#0"}
			}
		},
		{
			"from": [9.2, 4, 7.2],
			"to": [10, 6.25, 8.8],
			"rotation": {"angle": 0, "axis": "y", "origin": [8, 3, 8]},
			"faces": {
				"north": {"uv": [0, 8, 0.8, 9.25], "texture": "#0"},
				"east": {"uv": [0, 8, 0.8, 9.25], "texture": "#0"},
				"south": {"uv": [0, 8, 0.8, 9.25], "texture": "#0"},
				"west": {"uv": [0, 8, 0.8, 9.25], "texture": "#0"},
				"up": {"uv": [0, 8, 0.8, 9.25], "texture": "#0"},
				"down": {"uv": [0, 8, 0.8, 9.25], "texture": "#0"}
			}
		},
		{
			"from": [7.15, 4, 9.2],
			"to": [8.85, 6.25, 9.975],
			"rotation": {"angle": 45, "axis": "y", "origin": [8, 3, 8]},
			"faces": {
				"north": {"uv": [0, 8, 1.7, 9.25], "texture": "#0"},
				"east": {"uv": [0, 8, 1.7, 9.25], "texture": "#0"},
				"south": {"uv": [0, 8, 1.7, 9.25], "texture": "#0"},
				"west": {"uv": [0, 8, 1.7, 9.25], "texture": "#0"},
				"up": {"uv": [0, 8, 1.7, 9.25], "texture": "#0"},
				"down": {"uv": [0, 8, 1.7, 9.25], "texture": "#0"}
			}
		},
		{
			"from": [7.15, 4, 6.025],
			"to": [8.85, 6.25, 6.8],
			"rotation": {"angle": -45, "axis": "y", "origin": [8, 3, 8]},
			"faces": {
				"north": {"uv": [0, 8, 1.7, 9.25], "texture": "#0"},
				"east": {"uv": [0, 8, 1.7, 9.25], "texture": "#0"},
				"south": {"uv": [0, 8, 1.7, 9.25], "texture": "#0"},
				"west": {"uv": [0, 8, 1.7, 9.25], "texture": "#0"},
				"up": {"uv": [0, 8, 1.7, 9.25], "texture": "#0"},
				"down": {"uv": [0, 8, 1.7, 9.25], "texture": "#0"}
			}
		},
		{
			"from": [7.2, 4, 6],
			"to": [8.8, 6.25, 6.8],
			"rotation": {"angle": 0, "axis": "y", "origin": [8, 3, 8]},
			"faces": {
				"north": {"uv": [0, 8, 1.6, 9.25], "texture": "#0"},
				"east": {"uv": [0, 8, 1.6, 9.25], "texture": "#0"},
				"south": {"uv": [0, 8, 1.6, 9.25], "texture": "#0"},
				"west": {"uv": [0, 8, 1.6, 9.25], "texture": "#0"},
				"up": {"uv": [0, 8, 1.6, 9.25], "texture": "#0"},
				"down": {"uv": [0, 8, 1.6, 9.25], "texture": "#0"}
			}
		},
		{
			"from": [7.12647, 3, 5.9951],
			"to": [8.82647, 4, 9.9451],
			"rotation": {"angle": -45, "axis": "y", "origin": [7.95147, 3, 8.0201]},
			"faces": {
				"north": {"uv": [0, 8, 1, 9], "texture": "#0"},
				"east": {"uv": [0, 8, 1, 9], "texture": "#0"},
				"south": {"uv": [0, 8, 1, 9], "texture": "#0"},
				"west": {"uv": [0, 8, 1, 9], "texture": "#0"},
				"up": {"uv": [0, 8, 1, 9], "texture": "#0"},
				"down": {"uv": [0, 8, 1, 9], "texture": "#0"}
			}
		},
		{
			"from": [6.00147, 3, 7.1201],
			"to": [9.95147, 4, 8.8201],
			"rotation": {"angle": -45, "axis": "y", "origin": [7.95147, 3, 8.0201]},
			"faces": {
				"north": {"uv": [0, 8, 1.95, 9], "texture": "#0"},
				"east": {"uv": [0, 8, 1.95, 9], "texture": "#0"},
				"south": {"uv": [0, 8, 1.95, 9], "texture": "#0"},
				"west": {"uv": [0, 8, 1.95, 9], "texture": "#0"},
				"up": {"uv": [0, 8, 1.95, 9], "texture": "#0"},
				"down": {"uv": [0, 8, 1.95, 9], "texture": "#0"}
			}
		},
		{
			"from": [7.2, 3, 6],
			"to": [8.8, 4, 10],
			"rotation": {"angle": 0, "axis": "y", "origin": [8, 3, 8]},
			"faces": {
				"north": {"uv": [0, 8, 1, 9], "texture": "#0"},
				"east": {"uv": [0, 8, 1, 9], "texture": "#0"},
				"south": {"uv": [0, 8, 1, 9], "texture": "#0"},
				"west": {"uv": [0, 8, 1, 9], "texture": "#0"},
				"up": {"uv": [0, 8, 1, 9], "texture": "#0"},
				"down": {"uv": [0, 8, 1, 9], "texture": "#0"}
			}
		},
		{
			"from": [6, 3, 7.2],
			"to": [10, 4, 8.8],
			"rotation": {"angle": 0, "axis": "y", "origin": [8, 3, 8]},
			"faces": {
				"north": {"uv": [0, 8, 2, 9], "texture": "#0"},
				"east": {"uv": [0, 8, 2, 9], "texture": "#0"},
				"south": {"uv": [0, 8, 2, 9], "texture": "#0"},
				"west": {"uv": [0, 8, 2, 9], "texture": "#0"},
				"up": {"uv": [0, 8, 2, 9], "texture": "#0"},
				"down": {"uv": [0, 8, 2, 9], "texture": "#0"}
			}
		},
		{
			"from": [7.2, 2, 7],
			"to": [8.8, 3, 9.8],
			"rotation": {"angle": 0, "axis": "y", "origin": [8, 3, 8]},
			"faces": {
				"north": {"uv": [0, 8, 1, 9], "texture": "#0"},
				"east": {"uv": [0, 8, 1, 9], "texture": "#0"},
				"south": {"uv": [0, 8, 1, 9], "texture": "#0"},
				"west": {"uv": [0, 8, 1, 9], "texture": "#0"},
				"up": {"uv": [0, 8, 1, 9], "texture": "#0"},
				"down": {"uv": [0, 8, 1, 9], "texture": "#0"}
			}
		},
		{
			"from": [7.1, 2, 7.2],
			"to": [8.9, 3, 8.8],
			"rotation": {"angle": 0, "axis": "y", "origin": [8, 3, 8]},
			"faces": {
				"north": {"uv": [0, 8, 1, 9], "texture": "#0"},
				"east": {"uv": [0, 8, 1, 9], "texture": "#0"},
				"south": {"uv": [0, 8, 1, 9], "texture": "#0"},
				"west": {"uv": [0, 8, 1, 9], "texture": "#0"},
				"up": {"uv": [0, 8, 1, 9], "texture": "#0"},
				"down": {"uv": [0, 8, 1, 9], "texture": "#0"}
			}
		},
		{
			"from": [7.2, -1.06774, 7.60477],
			"to": [8.8, 0.93226, 8.60477],
			"rotation": {"angle": -22.5, "axis": "x", "origin": [8, -2.06774, 1.60477]},
			"faces": {
				"north": {"uv": [0, 10, 1, 8], "texture": "#0"},
				"east": {"uv": [0, 10, 1, 8], "texture": "#0"},
				"south": {"uv": [0, 10, 1, 8], "texture": "#0"},
				"west": {"uv": [0, 10, 1, 8], "texture": "#0"},
				"up": {"uv": [0, 10, 1, 8], "texture": "#0"},
				"down": {"uv": [0, 10, 1, 8], "texture": "#0"}
			}
		},
		{
			"from": [7.60477, -1.06774, 7.2],
			"to": [8.60477, 0.93226, 8.8],
			"rotation": {"angle": 22.5, "axis": "z", "origin": [1.60477, -2.06774, 8]},
			"faces": {
				"north": {"uv": [0, 10, 1.6, 8], "texture": "#0"},
				"east": {"uv": [0, 10, 1.6, 8], "texture": "#0"},
				"south": {"uv": [0, 10, 1.6, 8], "texture": "#0"},
				"west": {"uv": [0, 10, 1.6, 8], "texture": "#0"},
				"up": {"uv": [0, 10, 1.6, 8], "texture": "#0"},
				"down": {"uv": [0, 10, 1.6, 8], "texture": "#0"}
			}
		},
		{
			"from": [9.14568, 1.76583, 7.2],
			"to": [10.14568, 3.76583, 8.8],
			"rotation": {"angle": -22.5, "axis": "z", "origin": [8.14779, 3.7491, 8]},
			"faces": {
				"north": {"uv": [0, 10, 1.6, 8], "rotation": 180, "texture": "#0"},
				"east": {"uv": [0, 10, 1.6, 8], "rotation": 180, "texture": "#0"},
				"south": {"uv": [0, 10, 1.6, 8], "rotation": 180, "texture": "#0"},
				"west": {"uv": [0, 10, 1.6, 8], "rotation": 180, "texture": "#0"},
				"up": {"uv": [0, 10, 1.6, 8], "rotation": 180, "texture": "#0"},
				"down": {"uv": [0, 10, 1.6, 8], "rotation": 180, "texture": "#0"}
			}
		},
		{
			"from": [7.2, 0.78828, 1.64405],
			"to": [8.8, 1.78828, 2.64405],
			"rotation": {"angle": 45, "axis": "x", "origin": [8, -5.21172, 4.64405]},
			"faces": {
				"north": {"uv": [0, 9, 1, 8], "rotation": 270, "texture": "#0"},
				"east": {"uv": [0, 9, 1, 8], "rotation": 270, "texture": "#0"},
				"south": {"uv": [0, 9, 1, 8], "rotation": 270, "texture": "#0"},
				"west": {"uv": [0, 9, 2, 10], "rotation": 270, "texture": "#0"},
				"up": {"uv": [0, 9, 1, 8], "rotation": 270, "texture": "#0"},
				"down": {"uv": [0, 9, 1, 8], "rotation": 270, "texture": "#0"}
			}
		},
		{
			"from": [7.2, 2.89795, 6.64715],
			"to": [8.8, 4.29795, 7.44715],
			"rotation": {"angle": 22.5, "axis": "x", "origin": [8, -4.70205, 6.84715]},
			"faces": {
				"north": {"uv": [0, 9, 1.4, 8], "rotation": 270, "texture": "#0"},
				"east": {"uv": [0, 9, 1.4, 8], "rotation": 270, "texture": "#0"},
				"south": {"uv": [0, 9, 1.4, 8], "rotation": 270, "texture": "#0"},
				"west": {"uv": [0, 9, 11.4, 11], "rotation": 270, "texture": "#0"},
				"up": {"uv": [0, 9, 1.4, 8], "rotation": 270, "texture": "#0"},
				"down": {"uv": [0, 9, 1.4, 8], "rotation": 270, "texture": "#0"}
			}
		},
		{
			"from": [7.2, -0.24619, 4.94801],
			"to": [8.8, 0.75381, 5.94801],
			"rotation": {"angle": 22.5, "axis": "x", "origin": [8, -6.24619, 7.94801]},
			"faces": {
				"north": {"uv": [0, 9, 1, 8], "rotation": 270, "texture": "#0"},
				"east": {"uv": [0, 9, 1, 8], "rotation": 270, "texture": "#0"},
				"south": {"uv": [0, 9, 1, 8], "rotation": 270, "texture": "#0"},
				"west": {"uv": [0, 9, 2, 10], "rotation": 270, "texture": "#0"},
				"up": {"uv": [0, 9, 1, 8], "rotation": 270, "texture": "#0"},
				"down": {"uv": [0, 9, 1, 8], "rotation": 270, "texture": "#0"}
			}
		},
		{
			"from": [7.2, -0.83311, 10.75701],
			"to": [8.8, 1.16689, 11.75701],
			"rotation": {"angle": -22.5, "axis": "x", "origin": [8, -1.83311, 3.75701]},
			"faces": {
				"north": {"uv": [0, 9, 1, 9], "texture": "#0"},
				"east": {"uv": [0, 9, 1, 9], "texture": "#0"},
				"south": {"uv": [0, 9, 1, 9], "texture": "#0"},
				"west": {"uv": [0, 12, 11, 9], "texture": "#0"},
				"up": {"uv": [0, 9, 1, 9], "texture": "#0"},
				"down": {"uv": [0, 9, 1, 9], "texture": "#0"}
			}
		},
		{
			"from": [7.2, 0.06245, 8.39635],
			"to": [8.8, 2.06245, 9.99635],
			"rotation": {"angle": 0, "axis": "y", "origin": [8, -5.93755, 11.39635]},
			"faces": {
				"north": {"uv": [0, 9, 2, 8.6], "rotation": 270, "texture": "#0"},
				"east": {"uv": [0, 9, 2, 8.6], "rotation": 270, "texture": "#0"},
				"south": {"uv": [0, 9, 2, 8.6], "rotation": 270, "texture": "#0"},
				"west": {"uv": [0, 9, 2, 9.6], "rotation": 270, "texture": "#0"},
				"up": {"uv": [0, 9, 2, 8.6], "rotation": 270, "texture": "#0"},
				"down": {"uv": [0, 9, 2, 8.6], "rotation": 270, "texture": "#0"}
			}
		},
		{
			"from": [7.2, 2.1127, 14.93189],
			"to": [8.8, 4.0127, 24.93189],
			"rotation": {"angle": -45, "axis": "x", "origin": [8, -4.8873, 14.93189]},
			"faces": {
				"north": {"uv": [1, 9, 1.9, 10], "rotation": 270, "texture": "#0"},
				"east": {"uv": [1, 9, 1.9, 10], "rotation": 270, "texture": "#0"},
				"south": {"uv": [1, 9, 1.9, 10], "rotation": 270, "texture": "#0"},
				"west": {"uv": [1, 9, 1.9, 10], "rotation": 270, "texture": "#0"},
				"up": {"uv": [1, 9, 1.9, 10], "rotation": 270, "texture": "#0"},
				"down": {"uv": [1, 9, 1.9, 10], "rotation": 270, "texture": "#0"}
			}
		},
		{
			"from": [7.2, 5.03451, 19.95499],
			"to": [8.8, 6.93451, 22.95499],
			"rotation": {"angle": -22.5, "axis": "x", "origin": [8, -2.96549, 13.95499]},
			"faces": {
				"north": {"uv": [0, 9, 1.9, 10], "rotation": 270, "texture": "#0"},
				"east": {"uv": [0, 9, 1.9, 10], "rotation": 270, "texture": "#0"},
				"south": {"uv": [0, 9, 1.9, 10], "rotation": 270, "texture": "#0"},
				"west": {"uv": [0, 9, 1.9, 10], "rotation": 270, "texture": "#0"},
				"up": {"uv": [0, 9, 1.9, 10], "rotation": 270, "texture": "#0"},
				"down": {"uv": [0, 9, 1.9, 10], "rotation": 270, "texture": "#0"}
			}
		},
		{
			"from": [7.2, 7.72507, 18.48134],
			"to": [8.8, 9.62507, 20.48134],
			"rotation": {"angle": 0, "axis": "y", "origin": [8, -0.27493, 12.48134]},
			"faces": {
				"north": {"uv": [0, 10, 1.9, 9], "rotation": 270, "texture": "#0"},
				"east": {"uv": [0, 10, 1.9, 9], "rotation": 270, "texture": "#0"},
				"south": {"uv": [0, 10, 1.9, 9], "rotation": 270, "texture": "#0"},
				"west": {"uv": [0, 10, 1.9, 9], "rotation": 270, "texture": "#0"},
				"up": {"uv": [0, 10, 1.9, 9], "rotation": 270, "texture": "#0"},
				"down": {"uv": [0, 10, 1.9, 9], "rotation": 270, "texture": "#0"}
			}
		},
		{
			"from": [7.82042, 1.55224, 7.2],
			"to": [8.82042, 2.15224, 8.8],
			"rotation": {"angle": -45, "axis": "z", "origin": [7.82042, 1.15224, 7.2]},
			"faces": {
				"north": {"uv": [0, 9, 1.6, 8], "texture": "#0"},
				"east": {"uv": [0, 9, 1.6, 8], "texture": "#0"},
				"south": {"uv": [0, 9, 1.6, 8], "texture": "#0"},
				"west": {"uv": [0, 9, 11.6, 11], "texture": "#0"},
				"up": {"uv": [0, 9, 1.6, 8], "texture": "#0"},
				"down": {"uv": [0, 9, 1.6, 8], "texture": "#0"}
			}
		},
		{
			"from": [7.17958, 0.15224, 7.2],
			"to": [7.77958, 0.75224, 8.8],
			"rotation": {"angle": -45, "axis": "z", "origin": [8.17958, 1.15224, 8.2]},
			"faces": {
				"north": {"uv": [0, 9, 1.6, 8], "rotation": 180, "texture": "#0"},
				"east": {"uv": [0, 9, 1.6, 8], "rotation": 180, "texture": "#0"},
				"south": {"uv": [0, 9, 1.6, 8], "rotation": 180, "texture": "#0"},
				"west": {"uv": [0, 9, 11.6, 11], "rotation": 180, "texture": "#0"},
				"up": {"uv": [0, 9, 1.6, 8], "rotation": 180, "texture": "#0"},
				"down": {"uv": [0, 9, 1.6, 8], "rotation": 180, "texture": "#0"}
			}
		},
		{
			"from": [7.2, 9.61256, 13.51692],
			"to": [8.8, 10.61256, 14.51692],
			"rotation": {"angle": 22.5, "axis": "x", "origin": [-2.8, -7.38744, 14.51692]},
			"faces": {
				"north": {"uv": [0, 9, 1, 8], "rotation": 270, "texture": "#0"},
				"east": {"uv": [0, 9, 1, 8], "rotation": 270, "texture": "#0"},
				"south": {"uv": [0, 9, 1, 8], "rotation": 270, "texture": "#0"},
				"west": {"uv": [0, 9, 2, 10], "rotation": 270, "texture": "#0"},
				"up": {"uv": [0, 9, 1, 8], "rotation": 270, "texture": "#0"},
				"down": {"uv": [0, 9, 1, 8], "rotation": 270, "texture": "#0"}
			}
		},
		{
			"from": [7.2, 8.90618, 21.56432],
			"to": [8.8, 9.90618, 22.56432],
			"rotation": {"angle": -22.5, "axis": "x", "origin": [-2.8, 5.59337, 23.99174]},
			"faces": {
				"north": {"uv": [0, 9, 1, 8], "rotation": 90, "texture": "#0"},
				"east": {"uv": [0, 9, 1, 8], "rotation": 90, "texture": "#0"},
				"south": {"uv": [0, 9, 1, 8], "rotation": 90, "texture": "#0"},
				"west": {"uv": [0, 9, 2, 10], "rotation": 90, "texture": "#0"},
				"up": {"uv": [0, 9, 1, 8], "rotation": 90, "texture": "#0"},
				"down": {"uv": [0, 9, 1, 8], "rotation": 90, "texture": "#0"}
			}
		},
		{
			"from": [7.2, 8.11739, 21.10522],
			"to": [8.8, 9.24239, 23.40522],
			"rotation": {"angle": 0, "axis": "y", "origin": [-2.8, 4.92958, 21.83264]},
			"faces": {
				"north": {"uv": [0, 10, 1.125, 9.3], "rotation": 90, "texture": "#0"},
				"east": {"uv": [0, 10, 1.125, 9.3], "rotation": 90, "texture": "#0"},
				"south": {"uv": [0, 10, 1.125, 9.3], "rotation": 90, "texture": "#0"},
				"west": {"uv": [0, 10, 1.125, 9.3], "rotation": 90, "texture": "#0"},
				"up": {"uv": [0, 10, 1.125, 9.3], "rotation": 90, "texture": "#0"},
				"down": {"uv": [0, 10, 1.125, 9.3], "rotation": 90, "texture": "#0"}
			}
		}
	],
	"display": {
		"thirdperson_righthand": {
			"rotation": [15.64, -13.44, -0.57],
			"translation": [-0.25, 3.5, 0],
			"scale": [0.5, 0.5, 0.5]
		},
		"thirdperson_lefthand": {
			"rotation": [14.69, -15.56, 13.27],
			"translation": [-0.5, 3.75, 0],
			"scale": [0.5, 0.5, 0.5]
		},
		"firstperson_righthand": {
			"rotation": [0, -31.5, 0],
			"translation": [6.75, 0, -9.25]
		},
		"firstperson_lefthand": {
			"rotation": [0, -37.25, 0],
			"translation": [6, 0, -8.75]
		},
		"ground": {
			"translation": [0, 4.75, 0]
		},
		"gui": {
			"rotation": [-103.03, 58.6, 101.18],
			"translation": [-6, -1.25, 0]
		},
		"head": {
			"rotation": [-28.54, -21.02, -9.61],
			"translation": [5, -9.5, -14.25],
			"scale": [0.7, 0.7, 0.7]
		},
		"fixed": {
			"rotation": [-81.37, -51.61, -82.76],
			"translation": [5.5, -1.5, -2]
		}
	},
	"groups": [
		{
			"name": "bowl",
			"origin": [8, 8, 8],
			"color": 0,
			"children": [
				{
					"name": "inside bowl",
					"origin": [8, 8, 8],
					"color": 0,
					"children": [0, 1, 2, 3]
				},
				{
					"name": "bowl sides",
					"origin": [8, 8, 8],
					"color": 0,
					"children": [4, 5, 6, 7, 8, 9, 10, 11]
				},
				{
					"name": "bowl base",
					"origin": [8, 8, 8],
					"color": 0,
					"children": [12, 13, 14, 15, 16, 17]
				}
			]
		},
		{
			"name": "stem",
			"origin": [8, 8, 8],
			"color": 0,
			"children": [18, 19, 20, 21, 22, 23, 24, 25, 26, 27, 28, 29, 30, 31, 32, 33]
		}
	]
}