{
	"credit": "Made with Blockbench",
	"texture_size": [32, 32],
	"textures": {
		"0": "concrete:equipment/tools/hoetop",
		"1": "concrete:equipment/tools/hoebase",
		"particle": "concrete:equipment/tools/hoetop"
	},
	"elements": [
		{
			"from": [11.63241, -15.888, 7.46],
			"to": [12.17241, 18.824, 8.108],
			"rotation": {"angle": 0, "axis": "y", "origin": [7.20441, 2.872, 7.46]},
			"faces": {
				"north": {"uv": [0, 0, 0.25, 8.75], "texture": "#0"},
				"east": {"uv": [0.25, 0, 0.5, 8.75], "texture": "#0"},
				"south": {"uv": [0.5, 0, 0.75, 8.75], "texture": "#0"},
				"west": {"uv": [0.75, 0, 1, 8.75], "texture": "#0"},
				"up": {"uv": [11, 4.75, 10.75, 4.5], "texture": "#0"},
				"down": {"uv": [11, 4.75, 10.75, 5], "texture": "#0"}
			}
		},
		{
			"from": [10.75802, -15.888, 7.82218],
			"to": [11.29802, 18.824, 8.47018],
			"rotation": {"angle": 45, "axis": "y", "origin": [11.02802, 8.272, 8.14618]},
			"faces": {
				"north": {"uv": [1, 0, 1.25, 8.75], "texture": "#0"},
				"east": {"uv": [1.25, 0, 1.5, 8.75], "texture": "#0"},
				"south": {"uv": [1.5, 0, 1.75, 8.75], "texture": "#0"},
				"west": {"uv": [1.75, 0, 2, 8.75], "texture": "#0"},
				"up": {"uv": [11, 5.25, 10.75, 5], "texture": "#0"},
				"down": {"uv": [5.5, 10.75, 5.25, 11], "texture": "#0"}
			}
		},
		{
			"from": [11.42839, -15.888, 8.02621],
			"to": [12.07639, 18.824, 8.56621],
			"rotation": {"angle": 45, "axis": "y", "origin": [11.5713, 8.272, 8.22119]},
			"faces": {
				"north": {"uv": [3, 0, 3.25, 8.75], "texture": "#0"},
				"east": {"uv": [3.25, 0, 3.5, 8.75], "texture": "#0"},
				"south": {"uv": [3.5, 0, 3.75, 8.75], "texture": "#0"},
				"west": {"uv": [3.75, 0, 4, 8.75], "texture": "#0"},
				"up": {"uv": [11, 5.75, 10.75, 5.5], "texture": "#0"},
				"down": {"uv": [6, 10.75, 5.75, 11], "texture": "#0"}
			}
		},
		{
			"from": [11.06621, -15.888, 8.02621],
			"to": [11.71421, 18.824, 8.56621],
			"rotation": {"angle": 0, "axis": "y", "origin": [11.5713, 8.272, 8.22119]},
			"faces": {
				"north": {"uv": [2, 0, 2.25, 8.75], "texture": "#0"},
				"east": {"uv": [2.25, 0, 2.5, 8.75], "texture": "#0"},
				"south": {"uv": [2.5, 0, 2.75, 8.75], "texture": "#0"},
				"west": {"uv": [2.75, 0, 3, 8.75], "texture": "#0"},
				"up": {"uv": [11, 5.5, 10.75, 5.25], "texture": "#0"},
				"down": {"uv": [5.75, 10.75, 5.5, 11], "texture": "#0"}
			}
		},
		{
			"from": [10.75802, -15.888, 7.09782],
			"to": [11.29802, 18.824, 7.74582],
			"rotation": {"angle": -45, "axis": "y", "origin": [11.02802, 8.272, 7.42182]},
			"faces": {
				"north": {"uv": [7, 0, 7.25, 8.75], "texture": "#0"},
				"east": {"uv": [7.25, 0, 7.5, 8.75], "texture": "#0"},
				"south": {"uv": [7.5, 0, 7.75, 8.75], "texture": "#0"},
				"west": {"uv": [7.75, 0, 8, 8.75], "texture": "#0"},
				"up": {"uv": [11, 6.75, 10.75, 6.5], "texture": "#0"},
				"down": {"uv": [7, 10.75, 6.75, 11], "texture": "#0"}
			}
		},
		{
			"from": [10.608, -15.888, 7.46],
			"to": [11.148, 18.824, 8.108],
			"rotation": {"angle": 0, "axis": "y", "origin": [7.26, 2.872, 8.108]},
			"faces": {
				"north": {"uv": [6, 0, 6.25, 8.75], "texture": "#0"},
				"east": {"uv": [6.25, 0, 6.5, 8.75], "texture": "#0"},
				"south": {"uv": [6.5, 0, 6.75, 8.75], "texture": "#0"},
				"west": {"uv": [6.75, 0, 7, 8.75], "texture": "#0"},
				"up": {"uv": [11, 6.5, 10.75, 6.25], "texture": "#0"},
				"down": {"uv": [6.75, 10.75, 6.5, 11], "texture": "#0"}
			}
		},
		{
			"from": [11.42839, -15.888, 7.00179],
			"to": [12.07639, 18.824, 7.54179],
			"rotation": {"angle": -45, "axis": "y", "origin": [11.5713, 8.272, 7.34681]},
			"faces": {
				"north": {"uv": [5, 0, 5.25, 8.75], "texture": "#0"},
				"east": {"uv": [5.25, 0, 5.5, 8.75], "texture": "#0"},
				"south": {"uv": [5.5, 0, 5.75, 8.75], "texture": "#0"},
				"west": {"uv": [5.75, 0, 6, 8.75], "texture": "#0"},
				"up": {"uv": [11, 6.25, 10.75, 6], "texture": "#0"},
				"down": {"uv": [6.5, 10.75, 6.25, 11], "texture": "#0"}
			}
		},
		{
			"from": [11.06621, -15.888, 7.00179],
			"to": [11.71421, 18.824, 7.54179],
			"rotation": {"angle": 0, "axis": "y", "origin": [11.5713, 8.272, 7.34681]},
			"faces": {
				"north": {"uv": [4, 0, 4.25, 8.75], "texture": "#0"},
				"east": {"uv": [4.25, 0, 4.5, 8.75], "texture": "#0"},
				"south": {"uv": [4.5, 0, 4.75, 8.75], "texture": "#0"},
				"west": {"uv": [4.75, 0, 5, 8.75], "texture": "#0"},
				"up": {"uv": [11, 6, 10.75, 5.75], "texture": "#0"},
				"down": {"uv": [6.25, 10.75, 6, 11], "texture": "#0"}
			}
		},
		{
			"from": [11.94095, 6.20368, 7.3844],
			"to": [12.55655, 14.10536, 8.12312],
			"rotation": {"angle": 0, "axis": "y", "origin": [6.89303, -4.07992, 7.3844]},
			"faces": {
				"north": {"uv": [9.75, 2, 10, 4], "texture": "#0"},
				"east": {"uv": [9.75, 4, 10, 6], "texture": "#0"},
				"south": {"uv": [9.75, 6, 10, 8], "texture": "#0"},
				"west": {"uv": [9.75, 8, 10, 10], "texture": "#0"},
				"up": {"uv": [11, 9.5, 10.75, 9.25], "texture": "#0"},
				"down": {"uv": [11, 9.5, 10.75, 9.75], "texture": "#0"}
			}
		},
		{
			"from": [10.94414, 6.20368, 7.79729],
			"to": [11.55974, 14.10536, 8.53601],
			"rotation": {"angle": 45, "axis": "y", "origin": [11.25194, 2.07608, 8.16665]},
			"faces": {
				"north": {"uv": [9.5, 4, 9.75, 6], "texture": "#0"},
				"east": {"uv": [9.5, 6, 9.75, 8], "texture": "#0"},
				"south": {"uv": [9.5, 8, 9.75, 10], "texture": "#0"},
				"west": {"uv": [9.75, 0, 10, 2], "texture": "#0"},
				"up": {"uv": [11, 9, 10.75, 8.75], "texture": "#0"},
				"down": {"uv": [11, 9, 10.75, 9.25], "texture": "#0"}
			}
		},
		{
			"from": [11.29547, 6.20368, 8.02987],
			"to": [12.03419, 14.10536, 8.64547],
			"rotation": {"angle": 0, "axis": "y", "origin": [11.87128, 2.07608, 8.25216]},
			"faces": {
				"north": {"uv": [9.25, 6, 9.5, 8], "texture": "#0"},
				"east": {"uv": [9.25, 8, 9.5, 10], "texture": "#0"},
				"south": {"uv": [9.5, 0, 9.75, 2], "texture": "#0"},
				"west": {"uv": [9.5, 2, 9.75, 4], "texture": "#0"},
				"up": {"uv": [11, 8.5, 10.75, 8.25], "texture": "#0"},
				"down": {"uv": [11, 8.5, 10.75, 8.75], "texture": "#0"}
			}
		},
		{
			"from": [11.70836, 6.20368, 8.02987],
			"to": [12.44708, 14.10536, 8.64547],
			"rotation": {"angle": 45, "axis": "y", "origin": [11.87128, 2.07608, 8.25216]},
			"faces": {
				"north": {"uv": [9, 8, 9.25, 10], "texture": "#0"},
				"east": {"uv": [9.25, 0, 9.5, 2], "texture": "#0"},
				"south": {"uv": [9.25, 2, 9.5, 4], "texture": "#0"},
				"west": {"uv": [9.25, 4, 9.5, 6], "texture": "#0"},
				"up": {"uv": [11, 8, 10.75, 7.75], "texture": "#0"},
				"down": {"uv": [11, 8, 10.75, 8.25], "texture": "#0"}
			}
		},
		{
			"from": [11.29547, 6.20368, 6.86205],
			"to": [12.03419, 14.10536, 7.47765],
			"rotation": {"angle": 0, "axis": "y", "origin": [11.87128, 2.07608, 7.25536]},
			"faces": {
				"north": {"uv": [9, 0, 9.25, 2], "texture": "#0"},
				"east": {"uv": [9, 2, 9.25, 4], "texture": "#0"},
				"south": {"uv": [9, 4, 9.25, 6], "texture": "#0"},
				"west": {"uv": [9, 6, 9.25, 8], "texture": "#0"},
				"up": {"uv": [11, 7.75, 10.75, 7.5], "texture": "#0"},
				"down": {"uv": [8, 10.75, 7.75, 11], "texture": "#0"}
			}
		},
		{
			"from": [11.70836, 6.20368, 6.86205],
			"to": [12.44708, 14.10536, 7.47765],
			"rotation": {"angle": -45, "axis": "y", "origin": [11.87128, 2.07608, 7.25536]},
			"faces": {
				"north": {"uv": [7.25, 8.75, 7.5, 10.75], "texture": "#0"},
				"east": {"uv": [7.5, 8.75, 7.75, 10.75], "texture": "#0"},
				"south": {"uv": [7.75, 8.75, 8, 10.75], "texture": "#0"},
				"west": {"uv": [8.75, 8, 9, 10], "texture": "#0"},
				"up": {"uv": [11, 7.5, 10.75, 7.25], "texture": "#0"},
				"down": {"uv": [7.75, 10.75, 7.5, 11], "texture": "#0"}
			}
		},
		{
			"from": [10.77312, 6.20368, 7.3844],
			"to": [11.38872, 14.10536, 8.12312],
			"rotation": {"angle": 0, "axis": "y", "origin": [6.9564, -4.07992, 8.12312]},
			"faces": {
				"north": {"uv": [6.25, 8.75, 6.5, 10.75], "texture": "#0"},
				"east": {"uv": [6.5, 8.75, 6.75, 10.75], "texture": "#0"},
				"south": {"uv": [6.75, 8.75, 7, 10.75], "texture": "#0"},
				"west": {"uv": [7, 8.75, 7.25, 10.75], "texture": "#0"},
				"up": {"uv": [11, 7.25, 10.75, 7], "texture": "#0"},
				"down": {"uv": [7.5, 10.75, 7.25, 11], "texture": "#0"}
			}
		},
		{
			"from": [10.94414, 6.20368, 6.97151],
			"to": [11.55974, 14.10536, 7.71023],
			"rotation": {"angle": -45, "axis": "y", "origin": [11.25194, 2.07608, 7.34087]},
			"faces": {
				"north": {"uv": [5.25, 8.75, 5.5, 10.75], "texture": "#0"},
				"east": {"uv": [5.5, 8.75, 5.75, 10.75], "texture": "#0"},
				"south": {"uv": [5.75, 8.75, 6, 10.75], "texture": "#0"},
				"west": {"uv": [6, 8.75, 6.25, 10.75], "texture": "#0"},
				"up": {"uv": [11, 7, 10.75, 6.75], "texture": "#0"},
				"down": {"uv": [7.25, 10.75, 7, 11], "texture": "#0"}
			}
		},
		{
			"from": [11.74095, -1.69632, 7.3844],
			"to": [12.35655, 14.10536, 8.12312],
			"rotation": {"angle": 0, "axis": "y", "origin": [6.69303, -11.97992, 7.3844]},
			"faces": {
				"north": {"uv": [4.25, 8.75, 4.5, 12.75], "texture": "#0"},
				"east": {"uv": [4.5, 8.75, 4.75, 12.75], "texture": "#0"},
				"south": {"uv": [4.75, 8.75, 5, 12.75], "texture": "#0"},
				"west": {"uv": [5, 8.75, 5.25, 12.75], "texture": "#0"},
				"up": {"uv": [11.25, 2.5, 11, 2.25], "texture": "#0"},
				"down": {"uv": [11.25, 2.5, 11, 2.75], "texture": "#0"}
			}
		},
		{
			"from": [10.74414, -1.69632, 7.79729],
			"to": [11.35974, 14.10536, 8.53601],
			"rotation": {"angle": 45, "axis": "y", "origin": [11.05194, -5.82392, 8.16665]},
			"faces": {
				"north": {"uv": [3.5, 8.75, 3.75, 12.75], "texture": "#0"},
				"east": {"uv": [3.75, 8.75, 4, 12.75], "texture": "#0"},
				"south": {"uv": [4, 8.75, 4.25, 12.75], "texture": "#0"},
				"west": {"uv": [8.75, 4, 9, 8], "texture": "#0"},
				"up": {"uv": [11.25, 2, 11, 1.75], "texture": "#0"},
				"down": {"uv": [11.25, 2, 11, 2.25], "texture": "#0"}
			}
		},
		{
			"from": [11.09547, -1.69632, 8.02987],
			"to": [11.83419, 14.10536, 8.64547],
			"rotation": {"angle": 0, "axis": "y", "origin": [11.67128, -5.82392, 8.25216]},
			"faces": {
				"north": {"uv": [2.5, 8.75, 2.75, 12.75], "texture": "#0"},
				"east": {"uv": [2.75, 8.75, 3, 12.75], "texture": "#0"},
				"south": {"uv": [3, 8.75, 3.25, 12.75], "texture": "#0"},
				"west": {"uv": [3.25, 8.75, 3.5, 12.75], "texture": "#0"},
				"up": {"uv": [11.25, 1.5, 11, 1.25], "texture": "#0"},
				"down": {"uv": [11.25, 1.5, 11, 1.75], "texture": "#0"}
			}
		},
		{
			"from": [11.50836, -1.69632, 8.02987],
			"to": [12.24708, 14.10536, 8.64547],
			"rotation": {"angle": 45, "axis": "y", "origin": [11.67128, -5.82392, 8.25216]},
			"faces": {
				"north": {"uv": [1.5, 8.75, 1.75, 12.75], "texture": "#0"},
				"east": {"uv": [1.75, 8.75, 2, 12.75], "texture": "#0"},
				"south": {"uv": [2, 8.75, 2.25, 12.75], "texture": "#0"},
				"west": {"uv": [2.25, 8.75, 2.5, 12.75], "texture": "#0"},
				"up": {"uv": [11.25, 1, 11, 0.75], "texture": "#0"},
				"down": {"uv": [11.25, 1, 11, 1.25], "texture": "#0"}
			}
		},
		{
			"from": [11.09547, -1.69632, 6.86205],
			"to": [11.83419, 14.10536, 7.47765],
			"rotation": {"angle": 0, "axis": "y", "origin": [11.67128, -5.82392, 7.25536]},
			"faces": {
				"north": {"uv": [0.5, 8.75, 0.75, 12.75], "texture": "#0"},
				"east": {"uv": [0.75, 8.75, 1, 12.75], "texture": "#0"},
				"south": {"uv": [1, 8.75, 1.25, 12.75], "texture": "#0"},
				"west": {"uv": [1.25, 8.75, 1.5, 12.75], "texture": "#0"},
				"up": {"uv": [11.25, 0.5, 11, 0.25], "texture": "#0"},
				"down": {"uv": [11.25, 0.5, 11, 0.75], "texture": "#0"}
			}
		},
		{
			"from": [11.50836, -1.69632, 6.86205],
			"to": [12.24708, 14.10536, 7.47765],
			"rotation": {"angle": -45, "axis": "y", "origin": [11.67128, -5.82392, 7.25536]},
			"faces": {
				"north": {"uv": [8.5, 8, 8.75, 12], "texture": "#0"},
				"east": {"uv": [0, 8.75, 0.25, 12.75], "texture": "#0"},
				"south": {"uv": [8.75, 0, 9, 4], "texture": "#0"},
				"west": {"uv": [0.25, 8.75, 0.5, 12.75], "texture": "#0"},
				"up": {"uv": [11, 11, 10.75, 10.75], "texture": "#0"},
				"down": {"uv": [11.25, 0, 11, 0.25], "texture": "#0"}
			}
		},
		{
			"from": [10.57312, -1.69632, 7.3844],
			"to": [11.18872, 14.10536, 8.12312],
			"rotation": {"angle": 0, "axis": "y", "origin": [6.7564, -11.97992, 8.12312]},
			"faces": {
				"north": {"uv": [8.25, 4, 8.5, 8], "texture": "#0"},
				"east": {"uv": [8.25, 8, 8.5, 12], "texture": "#0"},
				"south": {"uv": [8.5, 0, 8.75, 4], "texture": "#0"},
				"west": {"uv": [8.5, 4, 8.75, 8], "texture": "#0"},
				"up": {"uv": [11, 10.5, 10.75, 10.25], "texture": "#0"},
				"down": {"uv": [11, 10.5, 10.75, 10.75], "texture": "#0"}
			}
		},
		{
			"from": [10.74414, -1.69632, 6.97151],
			"to": [11.35974, 14.10536, 7.71023],
			"rotation": {"angle": -45, "axis": "y", "origin": [11.05194, -5.82392, 7.34087]},
			"faces": {
				"north": {"uv": [8, 0, 8.25, 4], "texture": "#0"},
				"east": {"uv": [8, 4, 8.25, 8], "texture": "#0"},
				"south": {"uv": [8, 8, 8.25, 12], "texture": "#0"},
				"west": {"uv": [8.25, 0, 8.5, 4], "texture": "#0"},
				"up": {"uv": [11, 10, 10.75, 9.75], "texture": "#0"},
				"down": {"uv": [11, 10, 10.75, 10.25], "texture": "#0"}
			}
		},
		{
			"from": [10.54414, 7.80368, 6.97151],
			"to": [11.15974, 14.10536, 7.71023],
			"rotation": {"angle": -45, "axis": "y", "origin": [10.85194, -5.82392, 7.34087]},
			"faces": {
				"north": {"uv": [10.5, 10.5, 10.75, 12], "texture": "#0"},
				"east": {"uv": [10.75, 0, 11, 1.5], "texture": "#0"},
				"south": {"uv": [10.75, 1.5, 11, 3], "texture": "#0"},
				"west": {"uv": [10.75, 3, 11, 4.5], "texture": "#0"},
				"up": {"uv": [6, 11.25, 5.75, 11], "texture": "#0"},
				"down": {"uv": [11.25, 5.75, 11, 6], "texture": "#0"}
			}
		},
		{
			"from": [10.37312, 7.80368, 7.3844],
			"to": [10.98872, 14.10536, 8.12312],
			"rotation": {"angle": 0, "axis": "y", "origin": [6.5564, -11.97992, 8.12312]},
			"faces": {
				"north": {"uv": [10.5, 7.5, 10.75, 9], "texture": "#0"},
				"east": {"uv": [10.5, 9, 10.75, 10.5], "texture": "#0"},
				"south": {"uv": [10, 10.5, 10.25, 12], "texture": "#0"},
				"west": {"uv": [10.25, 10.5, 10.5, 12], "texture": "#0"},
				"up": {"uv": [5.75, 11.25, 5.5, 11], "texture": "#0"},
				"down": {"uv": [11.25, 5.5, 11, 5.75], "texture": "#0"}
			}
		},
		{
			"from": [11.30836, 7.80368, 6.86205],
			"to": [12.04708, 14.10536, 7.47765],
			"rotation": {"angle": -45, "axis": "y", "origin": [11.47128, -5.82392, 7.25536]},
			"faces": {
				"north": {"uv": [10.5, 1.5, 10.75, 3], "texture": "#0"},
				"east": {"uv": [10.5, 3, 10.75, 4.5], "texture": "#0"},
				"south": {"uv": [10.5, 4.5, 10.75, 6], "texture": "#0"},
				"west": {"uv": [10.5, 6, 10.75, 7.5], "texture": "#0"},
				"up": {"uv": [5.5, 11.25, 5.25, 11], "texture": "#0"},
				"down": {"uv": [11.25, 5.25, 11, 5.5], "texture": "#0"}
			}
		},
		{
			"from": [10.89547, 7.80368, 6.86205],
			"to": [11.63419, 14.10536, 7.47765],
			"rotation": {"angle": 0, "axis": "y", "origin": [11.47128, -5.82392, 7.25536]},
			"faces": {
				"north": {"uv": [10.25, 6, 10.5, 7.5], "texture": "#0"},
				"east": {"uv": [10.25, 7.5, 10.5, 9], "texture": "#0"},
				"south": {"uv": [10.25, 9, 10.5, 10.5], "texture": "#0"},
				"west": {"uv": [10.5, 0, 10.75, 1.5], "texture": "#0"},
				"up": {"uv": [11.25, 5, 11, 4.75], "texture": "#0"},
				"down": {"uv": [11.25, 5, 11, 5.25], "texture": "#0"}
			}
		},
		{
			"from": [11.30836, 7.80368, 8.02987],
			"to": [12.04708, 14.10536, 8.64547],
			"rotation": {"angle": 45, "axis": "y", "origin": [11.47128, -5.82392, 8.25216]},
			"faces": {
				"north": {"uv": [10.25, 0, 10.5, 1.5], "texture": "#0"},
				"east": {"uv": [10.25, 1.5, 10.5, 3], "texture": "#0"},
				"south": {"uv": [10.25, 3, 10.5, 4.5], "texture": "#0"},
				"west": {"uv": [10.25, 4.5, 10.5, 6], "texture": "#0"},
				"up": {"uv": [11.25, 4.5, 11, 4.25], "texture": "#0"},
				"down": {"uv": [11.25, 4.5, 11, 4.75], "texture": "#0"}
			}
		},
		{
			"from": [10.89547, 7.80368, 8.02987],
			"to": [11.63419, 14.10536, 8.64547],
			"rotation": {"angle": 0, "axis": "y", "origin": [11.47128, -5.82392, 8.25216]},
			"faces": {
				"north": {"uv": [10, 9, 10.25, 10.5], "texture": "#0"},
				"east": {"uv": [9.25, 10, 9.5, 11.5], "texture": "#0"},
				"south": {"uv": [9.5, 10, 9.75, 11.5], "texture": "#0"},
				"west": {"uv": [9.75, 10, 10, 11.5], "texture": "#0"},
				"up": {"uv": [11.25, 4, 11, 3.75], "texture": "#0"},
				"down": {"uv": [11.25, 4, 11, 4.25], "texture": "#0"}
			}
		},
		{
			"from": [10.54414, 7.80368, 7.79729],
			"to": [11.15974, 14.10536, 8.53601],
			"rotation": {"angle": 45, "axis": "y", "origin": [10.85194, -5.82392, 8.16665]},
			"faces": {
				"north": {"uv": [10, 6, 10.25, 7.5], "texture": "#0"},
				"east": {"uv": [10, 7.5, 10.25, 9], "texture": "#0"},
				"south": {"uv": [8.75, 10, 9, 11.5], "texture": "#0"},
				"west": {"uv": [9, 10, 9.25, 11.5], "texture": "#0"},
				"up": {"uv": [11.25, 3.5, 11, 3.25], "texture": "#0"},
				"down": {"uv": [11.25, 3.5, 11, 3.75], "texture": "#0"}
			}
		},
		{
			"from": [11.54095, 7.80368, 7.3844],
			"to": [12.15655, 14.10536, 8.12312],
			"rotation": {"angle": 0, "axis": "y", "origin": [6.49303, -11.97992, 7.3844]},
			"faces": {
				"north": {"uv": [10, 0, 10.25, 1.5], "texture": "#0"},
				"east": {"uv": [10, 1.5, 10.25, 3], "texture": "#0"},
				"south": {"uv": [10, 3, 10.25, 4.5], "texture": "#0"},
				"west": {"uv": [10, 4.5, 10.25, 6], "texture": "#0"},
				"up": {"uv": [11.25, 3, 11, 2.75], "texture": "#0"},
				"down": {"uv": [11.25, 3, 11, 3.25], "texture": "#0"}
			}
		},
		{
			"from": [11.04252, 15.10484, 7.718],
			"to": [12.68252, 19.21084, 8.538],
			"rotation": {"angle": 22.5, "axis": "y", "origin": [11.94452, 16.65784, 7.8]},
			"faces": {
				"north": {"uv": [6.5, 0.5, 7.5, 2.5], "texture": "#1"},
				"east": {"uv": [3.5, 8.5, 4, 10.5], "texture": "#1"},
				"south": {"uv": [2, 6.5, 3, 8.5], "texture": "#1"},
				"west": {"uv": [4, 8.5, 4.5, 10.5], "texture": "#1"},
				"up": {"uv": [8.5, 6, 7.5, 5.5], "texture": "#1"},
				"down": {"uv": [8.5, 6, 7.5, 6.5], "texture": "#1"}
			}
		},
		{
			"from": [11.04252, 15.10484, 7.062],
			"to": [12.68252, 19.21084, 7.882],
			"rotation": {"angle": -22.5, "axis": "y", "origin": [11.94452, 17.65784, 7.8]},
			"faces": {
				"north": {"uv": [6.5, 2.5, 7.5, 4.5], "texture": "#1"},
				"east": {"uv": [4.5, 8.5, 5, 10.5], "texture": "#1"},
				"south": {"uv": [3, 6.5, 4, 8.5], "texture": "#1"},
				"west": {"uv": [8.5, 4.5, 9, 6.5], "texture": "#1"},
				"up": {"uv": [10.5, 1, 9.5, 0.5], "texture": "#1"},
				"down": {"uv": [10.5, 1, 9.5, 1.5], "texture": "#1"}
			}
		},
		{
			"from": [10.09348, 15.10484, 7.062],
			"to": [11.73348, 19.21084, 7.882],
			"rotation": {"angle": 22.5, "axis": "y", "origin": [10.83148, 17.65784, 7.8]},
			"faces": {
				"north": {"uv": [5, 6.5, 6, 8.5], "texture": "#1"},
				"east": {"uv": [6, 8.5, 6.5, 10.5], "texture": "#1"},
				"south": {"uv": [6, 6.5, 7, 8.5], "texture": "#1"},
				"west": {"uv": [6.5, 8.5, 7, 10.5], "texture": "#1"},
				"up": {"uv": [11, 6, 10, 5.5], "texture": "#1"},
				"down": {"uv": [11, 6, 10, 6.5], "texture": "#1"}
			}
		},
		{
			"from": [6.57066, 17.85567, 9.59759],
			"to": [16.00986, 18.09327, 14.05207],
			"rotation": {"angle": 0, "axis": "y", "origin": [11.83026, 17.32647, 11.29483]},
			"faces": {
				"north": {"uv": [11, 0, 6.5, 0.5], "rotation": 180, "texture": "#1"},
				"east": {"uv": [8.5, 1.5, 9, 4.5], "rotation": 270, "texture": "#1"},
				"south": {"uv": [6.5, 6.5, 2, 6], "texture": "#1"},
				"west": {"uv": [2, 8.5, 2.5, 11.5], "rotation": 90, "texture": "#1"},
				"up": {"uv": [0, 0, 4.5, 3], "rotation": 180, "texture": "#1"},
				"down": {"uv": [0, 3, 4.5, 6], "texture": "#1"}
			}
		},
		{
			"from": [10.67759, 17.856, 7.62194],
			"to": [15.51679, 18.0936, 9.57642],
			"rotation": {"angle": -22.5, "axis": "y", "origin": [10.79719, 17.97447, 9.84918]},
			"faces": {
				"north": {"uv": [11, 0, 6.5, 0.5], "rotation": 180, "texture": "#1"},
				"east": {"uv": [8.5, 1.5, 9, 4.5], "rotation": 270, "texture": "#1"},
				"south": {"uv": [6.5, 6.5, 2, 6], "texture": "#1"},
				"west": {"uv": [2, 8.5, 2.5, 11.5], "rotation": 90, "texture": "#1"},
				"up": {"uv": [0, 0, 1.5, 1], "rotation": 180, "texture": "#1"},
				"down": {"uv": [0, 3, 2, 4], "texture": "#1"}
			}
		},
		{
			"from": [6.15269, 17.8559, 8.04185],
			"to": [10.99189, 18.0935, 9.99633],
			"rotation": {"angle": 22.5, "axis": "y", "origin": [10.27229, 17.97447, 7.76909]},
			"faces": {
				"north": {"uv": [2, 6.5, 6.5, 6], "texture": "#1"},
				"east": {"uv": [8.5, 4.5, 9, 1.5], "rotation": 270, "texture": "#1"},
				"south": {"uv": [6.5, 0, 11, 0.5], "rotation": 180, "texture": "#1"},
				"west": {"uv": [2, 11.5, 2.5, 8.5], "rotation": 90, "texture": "#1"},
				"up": {"uv": [0, 1, 1.5, 0], "texture": "#1"},
				"down": {"uv": [0, 6, 2, 4.5], "texture": "#1"}
			}
		},
		{
			"from": [10.84277, 17.8562, 12.03608],
			"to": [15.31397, 18.0938, 15.39056],
			"rotation": {"angle": -22.5, "axis": "y", "origin": [10.59437, 17.75847, 14.79332]},
			"faces": {
				"north": {"uv": [11, 2, 9, 2.5], "rotation": 180, "texture": "#1"},
				"east": {"uv": [7.5, 9.5, 8, 11], "rotation": 270, "texture": "#1"},
				"south": {"uv": [11, 2, 9, 1.5], "texture": "#1"},
				"west": {"uv": [8, 9.5, 8.5, 11], "rotation": 90, "texture": "#1"},
				"up": {"uv": [4.5, 0, 6.5, 1.5], "rotation": 180, "texture": "#1"},
				"down": {"uv": [4.5, 1.5, 6.5, 3], "texture": "#1"}
			}
		},
		{
			"from": [9.45647, 17.8546, 14.96844],
			"to": [13.92767, 18.0922, 17.35092],
			"rotation": {"angle": -45, "axis": "y", "origin": [11.69207, 17.75847, 17.02368]},
			"faces": {
				"north": {"uv": [11, 4, 9, 4.5], "rotation": 180, "texture": "#1"},
				"east": {"uv": [10, 7.5, 10.5, 8.5], "rotation": 270, "texture": "#1"},
				"south": {"uv": [11, 4, 9, 3.5], "texture": "#1"},
				"west": {"uv": [10, 8.5, 10.5, 9.5], "rotation": 90, "texture": "#1"},
				"up": {"uv": [7, 6.5, 9, 7.5], "rotation": 180, "texture": "#1"},
				"down": {"uv": [7.5, 0.5, 9.5, 1.5], "texture": "#1"}
			}
		},
		{
			"from": [9.12759, 17.8547, 14.27692],
			"to": [11.51007, 18.0923, 18.74812],
			"rotation": {"angle": -45, "axis": "y", "origin": [10.31883, 17.75847, 16.51252]},
			"faces": {
				"north": {"uv": [11, 9.5, 10, 10], "rotation": 180, "texture": "#1"},
				"east": {"uv": [9, 4.5, 9.5, 6.5], "rotation": 270, "texture": "#1"},
				"south": {"uv": [10.5, 10.5, 9.5, 10], "texture": "#1"},
				"west": {"uv": [9, 6.5, 9.5, 8.5], "rotation": 90, "texture": "#1"},
				"up": {"uv": [7.5, 1.5, 8.5, 3.5], "rotation": 180, "texture": "#1"},
				"down": {"uv": [7.5, 3.5, 8.5, 5.5], "texture": "#1"}
			}
		},
		{
			"from": [10.34521, 17.8556, 15.09047],
			"to": [12.07969, 18.0932, 19.56167],
			"rotation": {"angle": -22.5, "axis": "y", "origin": [11.53645, 17.75847, 17.3261]},
			"faces": {
				"north": {"uv": [11.5, 0.5, 10.5, 1], "rotation": 180, "texture": "#1"},
				"east": {"uv": [9, 8.5, 9.5, 10.5], "rotation": 270, "texture": "#1"},
				"south": {"uv": [1, 11, 0, 10.5], "texture": "#1"},
				"west": {"uv": [9.5, 4.5, 10, 6.5], "rotation": 90, "texture": "#1"},
				"up": {"uv": [7, 7.5, 8, 9.5], "rotation": 180, "texture": "#1"},
				"down": {"uv": [8, 7.5, 9, 9.5], "texture": "#1"}
			}
		},
		{
			"from": [11.58191, 17.8551, 6.62636],
			"to": [13.64039, 18.0927, 11.09756],
			"rotation": {"angle": 22.5, "axis": "y", "origin": [32.75315, 17.75847, 16.35164]},
			"faces": {
				"north": {"uv": [11.5, 1, 10.5, 1.5], "rotation": 180, "texture": "#1"},
				"east": {"uv": [9.5, 6.5, 10, 8.5], "rotation": 270, "texture": "#1"},
				"south": {"uv": [2, 11, 1, 10.5], "texture": "#1"},
				"west": {"uv": [7, 9.5, 7.5, 11.5], "rotation": 90, "texture": "#1"},
				"up": {"uv": [0, 8.5, 1, 10.5], "rotation": 180, "texture": "#1"},
				"down": {"uv": [1, 8.5, 2, 10.5], "texture": "#1"}
			}
		},
		{
			"from": [8.91162, 17.8567, 3.67439],
			"to": [13.38282, 18.0943, 7.13687],
			"rotation": {"angle": 22.5, "axis": "y", "origin": [33.82722, 17.75847, 14.74763]},
			"faces": {
				"north": {"uv": [11, 3, 9, 3.5], "rotation": 180, "texture": "#1"},
				"east": {"uv": [8.5, 9.5, 9, 11], "rotation": 270, "texture": "#1"},
				"south": {"uv": [11, 3, 9, 2.5], "texture": "#1"},
				"west": {"uv": [9.5, 8.5, 10, 10], "rotation": 90, "texture": "#1"},
				"up": {"uv": [4.5, 3, 6.5, 4.5], "rotation": 180, "texture": "#1"},
				"down": {"uv": [4.5, 4.5, 6.5, 6], "texture": "#1"}
			}
		},
		{
			"from": [10.09348, 15.10484, 7.718],
			"to": [11.73348, 19.21084, 8.538],
			"rotation": {"angle": -22.5, "axis": "y", "origin": [10.83148, 17.65784, 7.8]},
			"faces": {
				"north": {"uv": [4, 6.5, 5, 8.5], "texture": "#1"},
				"east": {"uv": [5, 8.5, 5.5, 10.5], "texture": "#1"},
				"south": {"uv": [6.5, 4.5, 7.5, 6.5], "texture": "#1"},
				"west": {"uv": [5.5, 8.5, 6, 10.5], "texture": "#1"},
				"up": {"uv": [11, 5, 10, 4.5], "texture": "#1"},
				"down": {"uv": [11, 5, 10, 5.5], "texture": "#1"}
			}
		}
	],
	"display": {
		"thirdperson_righthand": {
			"rotation": [0, 180, 0],
			"translation": [2, 4.75, 1.25],
			"scale": [0.5, 0.5, 0.5]
		},
		"thirdperson_lefthand": {
			"rotation": [0, 180, 0],
			"translation": [-1.75, 4.75, 1.25],
			"scale": [0.5, 0.5, 0.5]
		},
		"firstperson_righthand": {
			"rotation": [0, 180, 0],
			"translation": [2, 6, 1.25],
			"scale": [0.5, 0.5, 0.5]
		},
		"firstperson_lefthand": {
			"rotation": [0, 180, 0],
			"translation": [2, 6.25, -0.5],
			"scale": [0.5, 0.5, 0.5]
		},
		"ground": {
			"rotation": [0, 90, 0],
			"translation": [0, 1.75, 2],
			"scale": [0.5, 0.5, 0.5]
		},
		"gui": {
			"rotation": [69.97, -40.98, 76.53],
			"translation": [-1, 0.75, 3.5],
			"scale": [0.5, 0.5, 0.5]
		},
		"fixed": {
			"rotation": [0, 90, 0],
			"translation": [-2, 2, 1.25],
			"scale": [0.5, 0.5, 0.5]
		}
	}
}