{
	"credit": "Made with Blockbench",
	"texture_size": [32, 32],
	"textures": {
		"0": "concrete:equipment/tools/pickaxebase",
		"1": "concrete:equipment/tools/pickaxetop",
		"particle": "concrete:equipment/tools/pickaxebase"
	},
	"elements": [
		{
			"from": [11.63241, -6.988, 7.46],
			"to": [12.17241, 27.724, 8.108],
			"rotation": {"angle": 0, "axis": "y", "origin": [7.20441, 11.772, 7.46]},
			"faces": {
				"north": {"uv": [0, 0, 0.25, 8.75], "texture": "#0"},
				"east": {"uv": [0.25, 0, 0.5, 8.75], "texture": "#0"},
				"south": {"uv": [0.5, 0, 0.75, 8.75], "texture": "#0"},
				"west": {"uv": [0.75, 0, 1, 8.75], "texture": "#0"},
				"up": {"uv": [11, 4.75, 10.75, 4.5], "texture": "#0"},
				"down": {"uv": [11, 4.75, 10.75, 5], "texture": "#0"}
			}
		},
		{
			"from": [10.75802, -6.988, 7.82218],
			"to": [11.29802, 27.724, 8.47018],
			"rotation": {"angle": 45, "axis": "y", "origin": [11.02802, 17.172, 8.14618]},
			"faces": {
				"north": {"uv": [1, 0, 1.25, 8.75], "texture": "#0"},
				"east": {"uv": [1.25, 0, 1.5, 8.75], "texture": "#0"},
				"south": {"uv": [1.5, 0, 1.75, 8.75], "texture": "#0"},
				"west": {"uv": [1.75, 0, 2, 8.75], "texture": "#0"},
				"up": {"uv": [11, 5.25, 10.75, 5], "texture": "#0"},
				"down": {"uv": [5.5, 10.75, 5.25, 11], "texture": "#0"}
			}
		},
		{
			"from": [11.42839, -6.988, 8.02621],
			"to": [12.07639, 27.724, 8.56621],
			"rotation": {"angle": 45, "axis": "y", "origin": [11.5713, 17.172, 8.22119]},
			"faces": {
				"north": {"uv": [3, 0, 3.25, 8.75], "texture": "#0"},
				"east": {"uv": [3.25, 0, 3.5, 8.75], "texture": "#0"},
				"south": {"uv": [3.5, 0, 3.75, 8.75], "texture": "#0"},
				"west": {"uv": [3.75, 0, 4, 8.75], "texture": "#0"},
				"up": {"uv": [11, 5.75, 10.75, 5.5], "texture": "#0"},
				"down": {"uv": [6, 10.75, 5.75, 11], "texture": "#0"}
			}
		},
		{
			"from": [11.06621, -6.988, 8.02621],
			"to": [11.71421, 27.724, 8.56621],
			"rotation": {"angle": 0, "axis": "y", "origin": [11.5713, 17.172, 8.22119]},
			"faces": {
				"north": {"uv": [2, 0, 2.25, 8.75], "texture": "#0"},
				"east": {"uv": [2.25, 0, 2.5, 8.75], "texture": "#0"},
				"south": {"uv": [2.5, 0, 2.75, 8.75], "texture": "#0"},
				"west": {"uv": [2.75, 0, 3, 8.75], "texture": "#0"},
				"up": {"uv": [11, 5.5, 10.75, 5.25], "texture": "#0"},
				"down": {"uv": [5.75, 10.75, 5.5, 11], "texture": "#0"}
			}
		},
		{
			"from": [10.75802, -6.988, 7.09782],
			"to": [11.29802, 27.724, 7.74582],
			"rotation": {"angle": -45, "axis": "y", "origin": [11.02802, 17.172, 7.42182]},
			"faces": {
				"north": {"uv": [7, 0, 7.25, 8.75], "texture": "#0"},
				"east": {"uv": [7.25, 0, 7.5, 8.75], "texture": "#0"},
				"south": {"uv": [7.5, 0, 7.75, 8.75], "texture": "#0"},
				"west": {"uv": [7.75, 0, 8, 8.75], "texture": "#0"},
				"up": {"uv": [11, 6.75, 10.75, 6.5], "texture": "#0"},
				"down": {"uv": [7, 10.75, 6.75, 11], "texture": "#0"}
			}
		},
		{
			"from": [10.608, -6.988, 7.46],
			"to": [11.148, 27.724, 8.108],
			"rotation": {"angle": 0, "axis": "y", "origin": [7.26, 11.772, 8.108]},
			"faces": {
				"north": {"uv": [6, 0, 6.25, 8.75], "texture": "#0"},
				"east": {"uv": [6.25, 0, 6.5, 8.75], "texture": "#0"},
				"south": {"uv": [6.5, 0, 6.75, 8.75], "texture": "#0"},
				"west": {"uv": [6.75, 0, 7, 8.75], "texture": "#0"},
				"up": {"uv": [11, 6.5, 10.75, 6.25], "texture": "#0"},
				"down": {"uv": [6.75, 10.75, 6.5, 11], "texture": "#0"}
			}
		},
		{
			"from": [11.42839, -6.988, 7.00179],
			"to": [12.07639, 27.724, 7.54179],
			"rotation": {"angle": -45, "axis": "y", "origin": [11.5713, 17.172, 7.34681]},
			"faces": {
				"north": {"uv": [5, 0, 5.25, 8.75], "texture": "#0"},
				"east": {"uv": [5.25, 0, 5.5, 8.75], "texture": "#0"},
				"south": {"uv": [5.5, 0, 5.75, 8.75], "texture": "#0"},
				"west": {"uv": [5.75, 0, 6, 8.75], "texture": "#0"},
				"up": {"uv": [11, 6.25, 10.75, 6], "texture": "#0"},
				"down": {"uv": [6.5, 10.75, 6.25, 11], "texture": "#0"}
			}
		},
		{
			"from": [11.06621, -6.988, 7.00179],
			"to": [11.71421, 27.724, 7.54179],
			"rotation": {"angle": 0, "axis": "y", "origin": [11.5713, 17.172, 7.34681]},
			"faces": {
				"north": {"uv": [4, 0, 4.25, 8.75], "texture": "#0"},
				"east": {"uv": [4.25, 0, 4.5, 8.75], "texture": "#0"},
				"south": {"uv": [4.5, 0, 4.75, 8.75], "texture": "#0"},
				"west": {"uv": [4.75, 0, 5, 8.75], "texture": "#0"},
				"up": {"uv": [11, 6, 10.75, 5.75], "texture": "#0"},
				"down": {"uv": [6.25, 10.75, 6, 11], "texture": "#0"}
			}
		},
		{
			"from": [11.94095, 15.10368, 7.3844],
			"to": [12.55655, 23.00536, 8.12312],
			"rotation": {"angle": 0, "axis": "y", "origin": [6.89303, 4.82008, 7.3844]},
			"faces": {
				"north": {"uv": [9.75, 2, 10, 4], "texture": "#0"},
				"east": {"uv": [9.75, 4, 10, 6], "texture": "#0"},
				"south": {"uv": [9.75, 6, 10, 8], "texture": "#0"},
				"west": {"uv": [9.75, 8, 10, 10], "texture": "#0"},
				"up": {"uv": [11, 9.5, 10.75, 9.25], "texture": "#0"},
				"down": {"uv": [11, 9.5, 10.75, 9.75], "texture": "#0"}
			}
		},
		{
			"from": [10.94414, 15.10368, 7.79729],
			"to": [11.55974, 23.00536, 8.53601],
			"rotation": {"angle": 45, "axis": "y", "origin": [11.25194, 10.97608, 8.16665]},
			"faces": {
				"north": {"uv": [9.5, 4, 9.75, 6], "texture": "#0"},
				"east": {"uv": [9.5, 6, 9.75, 8], "texture": "#0"},
				"south": {"uv": [9.5, 8, 9.75, 10], "texture": "#0"},
				"west": {"uv": [9.75, 0, 10, 2], "texture": "#0"},
				"up": {"uv": [11, 9, 10.75, 8.75], "texture": "#0"},
				"down": {"uv": [11, 9, 10.75, 9.25], "texture": "#0"}
			}
		},
		{
			"from": [11.29547, 15.10368, 8.02987],
			"to": [12.03419, 23.00536, 8.64547],
			"rotation": {"angle": 0, "axis": "y", "origin": [11.87128, 10.97608, 8.25216]},
			"faces": {
				"north": {"uv": [9.25, 6, 9.5, 8], "texture": "#0"},
				"east": {"uv": [9.25, 8, 9.5, 10], "texture": "#0"},
				"south": {"uv": [9.5, 0, 9.75, 2], "texture": "#0"},
				"west": {"uv": [9.5, 2, 9.75, 4], "texture": "#0"},
				"up": {"uv": [11, 8.5, 10.75, 8.25], "texture": "#0"},
				"down": {"uv": [11, 8.5, 10.75, 8.75], "texture": "#0"}
			}
		},
		{
			"from": [11.70836, 15.10368, 8.02987],
			"to": [12.44708, 23.00536, 8.64547],
			"rotation": {"angle": 45, "axis": "y", "origin": [11.87128, 10.97608, 8.25216]},
			"faces": {
				"north": {"uv": [9, 8, 9.25, 10], "texture": "#0"},
				"east": {"uv": [9.25, 0, 9.5, 2], "texture": "#0"},
				"south": {"uv": [9.25, 2, 9.5, 4], "texture": "#0"},
				"west": {"uv": [9.25, 4, 9.5, 6], "texture": "#0"},
				"up": {"uv": [11, 8, 10.75, 7.75], "texture": "#0"},
				"down": {"uv": [11, 8, 10.75, 8.25], "texture": "#0"}
			}
		},
		{
			"from": [11.29547, 15.10368, 6.86205],
			"to": [12.03419, 23.00536, 7.47765],
			"rotation": {"angle": 0, "axis": "y", "origin": [11.87128, 10.97608, 7.25536]},
			"faces": {
				"north": {"uv": [9, 0, 9.25, 2], "texture": "#0"},
				"east": {"uv": [9, 2, 9.25, 4], "texture": "#0"},
				"south": {"uv": [9, 4, 9.25, 6], "texture": "#0"},
				"west": {"uv": [9, 6, 9.25, 8], "texture": "#0"},
				"up": {"uv": [11, 7.75, 10.75, 7.5], "texture": "#0"},
				"down": {"uv": [8, 10.75, 7.75, 11], "texture": "#0"}
			}
		},
		{
			"from": [11.70836, 15.10368, 6.86205],
			"to": [12.44708, 23.00536, 7.47765],
			"rotation": {"angle": -45, "axis": "y", "origin": [11.87128, 10.97608, 7.25536]},
			"faces": {
				"north": {"uv": [7.25, 8.75, 7.5, 10.75], "texture": "#0"},
				"east": {"uv": [7.5, 8.75, 7.75, 10.75], "texture": "#0"},
				"south": {"uv": [7.75, 8.75, 8, 10.75], "texture": "#0"},
				"west": {"uv": [8.75, 8, 9, 10], "texture": "#0"},
				"up": {"uv": [11, 7.5, 10.75, 7.25], "texture": "#0"},
				"down": {"uv": [7.75, 10.75, 7.5, 11], "texture": "#0"}
			}
		},
		{
			"from": [10.77312, 15.10368, 7.3844],
			"to": [11.38872, 23.00536, 8.12312],
			"rotation": {"angle": 0, "axis": "y", "origin": [6.9564, 4.82008, 8.12312]},
			"faces": {
				"north": {"uv": [6.25, 8.75, 6.5, 10.75], "texture": "#0"},
				"east": {"uv": [6.5, 8.75, 6.75, 10.75], "texture": "#0"},
				"south": {"uv": [6.75, 8.75, 7, 10.75], "texture": "#0"},
				"west": {"uv": [7, 8.75, 7.25, 10.75], "texture": "#0"},
				"up": {"uv": [11, 7.25, 10.75, 7], "texture": "#0"},
				"down": {"uv": [7.5, 10.75, 7.25, 11], "texture": "#0"}
			}
		},
		{
			"from": [10.94414, 15.10368, 6.97151],
			"to": [11.55974, 23.00536, 7.71023],
			"rotation": {"angle": -45, "axis": "y", "origin": [11.25194, 10.97608, 7.34087]},
			"faces": {
				"north": {"uv": [5.25, 8.75, 5.5, 10.75], "texture": "#0"},
				"east": {"uv": [5.5, 8.75, 5.75, 10.75], "texture": "#0"},
				"south": {"uv": [5.75, 8.75, 6, 10.75], "texture": "#0"},
				"west": {"uv": [6, 8.75, 6.25, 10.75], "texture": "#0"},
				"up": {"uv": [11, 7, 10.75, 6.75], "texture": "#0"},
				"down": {"uv": [7.25, 10.75, 7, 11], "texture": "#0"}
			}
		},
		{
			"from": [11.74095, 7.20368, 7.3844],
			"to": [12.35655, 23.00536, 8.12312],
			"rotation": {"angle": 0, "axis": "y", "origin": [6.69303, -3.07992, 7.3844]},
			"faces": {
				"north": {"uv": [4.25, 8.75, 4.5, 12.75], "texture": "#0"},
				"east": {"uv": [4.5, 8.75, 4.75, 12.75], "texture": "#0"},
				"south": {"uv": [4.75, 8.75, 5, 12.75], "texture": "#0"},
				"west": {"uv": [5, 8.75, 5.25, 12.75], "texture": "#0"},
				"up": {"uv": [11.25, 2.5, 11, 2.25], "texture": "#0"},
				"down": {"uv": [11.25, 2.5, 11, 2.75], "texture": "#0"}
			}
		},
		{
			"from": [10.74414, 7.20368, 7.79729],
			"to": [11.35974, 23.00536, 8.53601],
			"rotation": {"angle": 45, "axis": "y", "origin": [11.05194, 3.07608, 8.16665]},
			"faces": {
				"north": {"uv": [3.5, 8.75, 3.75, 12.75], "texture": "#0"},
				"east": {"uv": [3.75, 8.75, 4, 12.75], "texture": "#0"},
				"south": {"uv": [4, 8.75, 4.25, 12.75], "texture": "#0"},
				"west": {"uv": [8.75, 4, 9, 8], "texture": "#0"},
				"up": {"uv": [11.25, 2, 11, 1.75], "texture": "#0"},
				"down": {"uv": [11.25, 2, 11, 2.25], "texture": "#0"}
			}
		},
		{
			"from": [11.09547, 7.20368, 8.02987],
			"to": [11.83419, 23.00536, 8.64547],
			"rotation": {"angle": 0, "axis": "y", "origin": [11.67128, 3.07608, 8.25216]},
			"faces": {
				"north": {"uv": [2.5, 8.75, 2.75, 12.75], "texture": "#0"},
				"east": {"uv": [2.75, 8.75, 3, 12.75], "texture": "#0"},
				"south": {"uv": [3, 8.75, 3.25, 12.75], "texture": "#0"},
				"west": {"uv": [3.25, 8.75, 3.5, 12.75], "texture": "#0"},
				"up": {"uv": [11.25, 1.5, 11, 1.25], "texture": "#0"},
				"down": {"uv": [11.25, 1.5, 11, 1.75], "texture": "#0"}
			}
		},
		{
			"from": [11.50836, 7.20368, 8.02987],
			"to": [12.24708, 23.00536, 8.64547],
			"rotation": {"angle": 45, "axis": "y", "origin": [11.67128, 3.07608, 8.25216]},
			"faces": {
				"north": {"uv": [1.5, 8.75, 1.75, 12.75], "texture": "#0"},
				"east": {"uv": [1.75, 8.75, 2, 12.75], "texture": "#0"},
				"south": {"uv": [2, 8.75, 2.25, 12.75], "texture": "#0"},
				"west": {"uv": [2.25, 8.75, 2.5, 12.75], "texture": "#0"},
				"up": {"uv": [11.25, 1, 11, 0.75], "texture": "#0"},
				"down": {"uv": [11.25, 1, 11, 1.25], "texture": "#0"}
			}
		},
		{
			"from": [11.09547, 7.20368, 6.86205],
			"to": [11.83419, 23.00536, 7.47765],
			"rotation": {"angle": 0, "axis": "y", "origin": [11.67128, 3.07608, 7.25536]},
			"faces": {
				"north": {"uv": [0.5, 8.75, 0.75, 12.75], "texture": "#0"},
				"east": {"uv": [0.75, 8.75, 1, 12.75], "texture": "#0"},
				"south": {"uv": [1, 8.75, 1.25, 12.75], "texture": "#0"},
				"west": {"uv": [1.25, 8.75, 1.5, 12.75], "texture": "#0"},
				"up": {"uv": [11.25, 0.5, 11, 0.25], "texture": "#0"},
				"down": {"uv": [11.25, 0.5, 11, 0.75], "texture": "#0"}
			}
		},
		{
			"from": [11.50836, 7.20368, 6.86205],
			"to": [12.24708, 23.00536, 7.47765],
			"rotation": {"angle": -45, "axis": "y", "origin": [11.67128, 3.07608, 7.25536]},
			"faces": {
				"north": {"uv": [8.5, 8, 8.75, 12], "texture": "#0"},
				"east": {"uv": [0, 8.75, 0.25, 12.75], "texture": "#0"},
				"south": {"uv": [8.75, 0, 9, 4], "texture": "#0"},
				"west": {"uv": [0.25, 8.75, 0.5, 12.75], "texture": "#0"},
				"up": {"uv": [11, 11, 10.75, 10.75], "texture": "#0"},
				"down": {"uv": [11.25, 0, 11, 0.25], "texture": "#0"}
			}
		},
		{
			"from": [10.57312, 7.20368, 7.3844],
			"to": [11.18872, 23.00536, 8.12312],
			"rotation": {"angle": 0, "axis": "y", "origin": [6.7564, -3.07992, 8.12312]},
			"faces": {
				"north": {"uv": [8.25, 4, 8.5, 8], "texture": "#0"},
				"east": {"uv": [8.25, 8, 8.5, 12], "texture": "#0"},
				"south": {"uv": [8.5, 0, 8.75, 4], "texture": "#0"},
				"west": {"uv": [8.5, 4, 8.75, 8], "texture": "#0"},
				"up": {"uv": [11, 10.5, 10.75, 10.25], "texture": "#0"},
				"down": {"uv": [11, 10.5, 10.75, 10.75], "texture": "#0"}
			}
		},
		{
			"from": [10.74414, 7.20368, 6.97151],
			"to": [11.35974, 23.00536, 7.71023],
			"rotation": {"angle": -45, "axis": "y", "origin": [11.05194, 3.07608, 7.34087]},
			"faces": {
				"north": {"uv": [8, 0, 8.25, 4], "texture": "#0"},
				"east": {"uv": [8, 4, 8.25, 8], "texture": "#0"},
				"south": {"uv": [8, 8, 8.25, 12], "texture": "#0"},
				"west": {"uv": [8.25, 0, 8.5, 4], "texture": "#0"},
				"up": {"uv": [11, 10, 10.75, 9.75], "texture": "#0"},
				"down": {"uv": [11, 10, 10.75, 10.25], "texture": "#0"}
			}
		},
		{
			"from": [10.54414, 16.70368, 6.97151],
			"to": [11.15974, 23.00536, 7.71023],
			"rotation": {"angle": -45, "axis": "y", "origin": [10.85194, 3.07608, 7.34087]},
			"faces": {
				"north": {"uv": [10.5, 10.5, 10.75, 12], "texture": "#0"},
				"east": {"uv": [10.75, 0, 11, 1.5], "texture": "#0"},
				"south": {"uv": [10.75, 1.5, 11, 3], "texture": "#0"},
				"west": {"uv": [10.75, 3, 11, 4.5], "texture": "#0"},
				"up": {"uv": [6, 11.25, 5.75, 11], "texture": "#0"},
				"down": {"uv": [11.25, 5.75, 11, 6], "texture": "#0"}
			}
		},
		{
			"from": [10.37312, 16.70368, 7.3844],
			"to": [10.98872, 23.00536, 8.12312],
			"rotation": {"angle": 0, "axis": "y", "origin": [6.5564, -3.07992, 8.12312]},
			"faces": {
				"north": {"uv": [10.5, 7.5, 10.75, 9], "texture": "#0"},
				"east": {"uv": [10.5, 9, 10.75, 10.5], "texture": "#0"},
				"south": {"uv": [10, 10.5, 10.25, 12], "texture": "#0"},
				"west": {"uv": [10.25, 10.5, 10.5, 12], "texture": "#0"},
				"up": {"uv": [5.75, 11.25, 5.5, 11], "texture": "#0"},
				"down": {"uv": [11.25, 5.5, 11, 5.75], "texture": "#0"}
			}
		},
		{
			"from": [11.30836, 16.70368, 6.86205],
			"to": [12.04708, 23.00536, 7.47765],
			"rotation": {"angle": -45, "axis": "y", "origin": [11.47128, 3.07608, 7.25536]},
			"faces": {
				"north": {"uv": [10.5, 1.5, 10.75, 3], "texture": "#0"},
				"east": {"uv": [10.5, 3, 10.75, 4.5], "texture": "#0"},
				"south": {"uv": [10.5, 4.5, 10.75, 6], "texture": "#0"},
				"west": {"uv": [10.5, 6, 10.75, 7.5], "texture": "#0"},
				"up": {"uv": [5.5, 11.25, 5.25, 11], "texture": "#0"},
				"down": {"uv": [11.25, 5.25, 11, 5.5], "texture": "#0"}
			}
		},
		{
			"from": [10.89547, 16.70368, 6.86205],
			"to": [11.63419, 23.00536, 7.47765],
			"rotation": {"angle": 0, "axis": "y", "origin": [11.47128, 3.07608, 7.25536]},
			"faces": {
				"north": {"uv": [10.25, 6, 10.5, 7.5], "texture": "#0"},
				"east": {"uv": [10.25, 7.5, 10.5, 9], "texture": "#0"},
				"south": {"uv": [10.25, 9, 10.5, 10.5], "texture": "#0"},
				"west": {"uv": [10.5, 0, 10.75, 1.5], "texture": "#0"},
				"up": {"uv": [11.25, 5, 11, 4.75], "texture": "#0"},
				"down": {"uv": [11.25, 5, 11, 5.25], "texture": "#0"}
			}
		},
		{
			"from": [11.30836, 16.70368, 8.02987],
			"to": [12.04708, 23.00536, 8.64547],
			"rotation": {"angle": 45, "axis": "y", "origin": [11.47128, 3.07608, 8.25216]},
			"faces": {
				"north": {"uv": [10.25, 0, 10.5, 1.5], "texture": "#0"},
				"east": {"uv": [10.25, 1.5, 10.5, 3], "texture": "#0"},
				"south": {"uv": [10.25, 3, 10.5, 4.5], "texture": "#0"},
				"west": {"uv": [10.25, 4.5, 10.5, 6], "texture": "#0"},
				"up": {"uv": [11.25, 4.5, 11, 4.25], "texture": "#0"},
				"down": {"uv": [11.25, 4.5, 11, 4.75], "texture": "#0"}
			}
		},
		{
			"from": [10.89547, 16.70368, 8.02987],
			"to": [11.63419, 23.00536, 8.64547],
			"rotation": {"angle": 0, "axis": "y", "origin": [11.47128, 3.07608, 8.25216]},
			"faces": {
				"north": {"uv": [10, 9, 10.25, 10.5], "texture": "#0"},
				"east": {"uv": [9.25, 10, 9.5, 11.5], "texture": "#0"},
				"south": {"uv": [9.5, 10, 9.75, 11.5], "texture": "#0"},
				"west": {"uv": [9.75, 10, 10, 11.5], "texture": "#0"},
				"up": {"uv": [11.25, 4, 11, 3.75], "texture": "#0"},
				"down": {"uv": [11.25, 4, 11, 4.25], "texture": "#0"}
			}
		},
		{
			"from": [10.54414, 16.70368, 7.79729],
			"to": [11.15974, 23.00536, 8.53601],
			"rotation": {"angle": 45, "axis": "y", "origin": [10.85194, 3.07608, 8.16665]},
			"faces": {
				"north": {"uv": [10, 6, 10.25, 7.5], "texture": "#0"},
				"east": {"uv": [10, 7.5, 10.25, 9], "texture": "#0"},
				"south": {"uv": [8.75, 10, 9, 11.5], "texture": "#0"},
				"west": {"uv": [9, 10, 9.25, 11.5], "texture": "#0"},
				"up": {"uv": [11.25, 3.5, 11, 3.25], "texture": "#0"},
				"down": {"uv": [11.25, 3.5, 11, 3.75], "texture": "#0"}
			}
		},
		{
			"from": [11.54095, 16.70368, 7.3844],
			"to": [12.15655, 23.00536, 8.12312],
			"rotation": {"angle": 0, "axis": "y", "origin": [6.49303, -3.07992, 7.3844]},
			"faces": {
				"north": {"uv": [10, 0, 10.25, 1.5], "texture": "#0"},
				"east": {"uv": [10, 1.5, 10.25, 3], "texture": "#0"},
				"south": {"uv": [10, 3, 10.25, 4.5], "texture": "#0"},
				"west": {"uv": [10, 4.5, 10.25, 6], "texture": "#0"},
				"up": {"uv": [11.25, 3, 11, 2.75], "texture": "#0"},
				"down": {"uv": [11.25, 3, 11, 3.25], "texture": "#0"}
			}
		},
		{
			"from": [11.29052, 24.70484, 6.89],
			"to": [16.80452, 26.51084, 8.61],
			"rotation": {"angle": 0, "axis": "y", "origin": [12.86952, 26.30084, 7.8]},
			"faces": {
				"north": {"uv": [0, 0, 3, 1], "texture": "#1"},
				"east": {"uv": [7, 1, 8, 2], "texture": "#1"},
				"south": {"uv": [0, 1, 3, 2], "texture": "#1"},
				"west": {"uv": [7, 2, 8, 3], "texture": "#1"},
				"up": {"uv": [3, 3, 0, 2], "texture": "#1"},
				"down": {"uv": [3, 3, 0, 4], "texture": "#1"}
			}
		},
		{
			"from": [16.30237, 24.2864, 7.09],
			"to": [22.11637, 25.7924, 8.41],
			"rotation": {"angle": -22.5, "axis": "z", "origin": [18.35937, 24.8894, 7.75]},
			"faces": {
				"north": {"uv": [3, 0, 6, 1], "texture": "#1"},
				"east": {"uv": [8, 4.5, 8.5, 5.5], "texture": "#1"},
				"south": {"uv": [3, 1, 6, 2], "texture": "#1"},
				"west": {"uv": [8, 5.5, 8.5, 6.5], "texture": "#1"},
				"up": {"uv": [8, 6.5, 5, 6], "texture": "#1"},
				"down": {"uv": [8, 6.5, 5, 7], "texture": "#1"}
			}
		},
		{
			"from": [20.55775, 20.37922, 7.29],
			"to": [22.17175, 21.88522, 8.21],
			"rotation": {"angle": -45, "axis": "z", "origin": [24.26475, 21.13222, 7.75]},
			"faces": {
				"north": {"uv": [7, 3, 8, 4], "texture": "#1"},
				"east": {"uv": [8, 6.5, 8.5, 7.5], "texture": "#1"},
				"south": {"uv": [7, 4, 8, 5], "texture": "#1"},
				"west": {"uv": [7, 8, 7.5, 9], "texture": "#1"},
				"up": {"uv": [8.5, 8.5, 7.5, 8], "texture": "#1"},
				"down": {"uv": [9, 7.5, 8, 8], "texture": "#1"}
			}
		},
		{
			"from": [22.39912, 21.31178, 7.29],
			"to": [24.31312, 22.11778, 8.21],
			"rotation": {"angle": -22.5, "axis": "z", "origin": [24.25612, 22.06478, 7.75]},
			"faces": {
				"north": {"uv": [8.5, 1, 9.5, 1.5], "texture": "#1"},
				"east": {"uv": [1.5, 9, 2, 9.5], "texture": "#1"},
				"south": {"uv": [8.5, 1.5, 9.5, 2], "texture": "#1"},
				"west": {"uv": [7, 9, 7.5, 9.5], "texture": "#1"},
				"up": {"uv": [9.5, 2.5, 8.5, 2], "texture": "#1"},
				"down": {"uv": [9.5, 2.5, 8.5, 3], "texture": "#1"}
			}
		},
		{
			"from": [22.75196, 21.77998, 7.29],
			"to": [24.56596, 22.58598, 8.21],
			"rotation": {"angle": -45, "axis": "z", "origin": [23.70896, 22.18298, 7.75]},
			"faces": {
				"north": {"uv": [8.5, 3, 9.5, 3.5], "texture": "#1"},
				"east": {"uv": [1.5, 9.5, 2, 10], "texture": "#1"},
				"south": {"uv": [8.5, 3.5, 9.5, 4], "texture": "#1"},
				"west": {"uv": [3.5, 9.5, 4, 10], "texture": "#1"},
				"up": {"uv": [9.5, 4.5, 8.5, 4], "texture": "#1"},
				"down": {"uv": [9.5, 4.5, 8.5, 5], "texture": "#1"}
			}
		},
		{
			"from": [6.19548, 24.70484, 6.89],
			"to": [11.70948, 26.51084, 8.61],
			"rotation": {"angle": 0, "axis": "y", "origin": [10.13048, 26.30084, 7.8]},
			"faces": {
				"north": {"uv": [3, 2, 6, 3], "texture": "#1"},
				"east": {"uv": [7, 5, 8, 6], "texture": "#1"},
				"south": {"uv": [3, 3, 6, 4], "texture": "#1"},
				"west": {"uv": [7, 7, 8, 8], "texture": "#1"},
				"up": {"uv": [3, 5, 0, 4], "texture": "#1"},
				"down": {"uv": [6, 4, 3, 5], "texture": "#1"}
			}
		},
		{
			"from": [0.88363, 24.2864, 7.09],
			"to": [6.69763, 25.7924, 8.41],
			"rotation": {"angle": 22.5, "axis": "z", "origin": [4.64063, 24.8894, 7.75]},
			"faces": {
				"north": {"uv": [0, 5, 3, 6], "texture": "#1"},
				"east": {"uv": [8.5, 8.5, 9, 9.5], "texture": "#1"},
				"south": {"uv": [3, 5, 6, 6], "texture": "#1"},
				"west": {"uv": [0, 9, 0.5, 10], "texture": "#1"},
				"up": {"uv": [10, 0.5, 7, 0], "texture": "#1"},
				"down": {"uv": [10, 0.5, 7, 1], "texture": "#1"}
			}
		},
		{
			"from": [0.72825, 20.37922, 7.29],
			"to": [2.44225, 21.88522, 8.21],
			"rotation": {"angle": 45, "axis": "z", "origin": [-1.26475, 21.13222, 7.75]},
			"faces": {
				"north": {"uv": [0, 8, 1, 9], "texture": "#1"},
				"east": {"uv": [7.5, 8.5, 8, 9.5], "texture": "#1"},
				"south": {"uv": [1, 8, 2, 9], "texture": "#1"},
				"west": {"uv": [8, 8.5, 8.5, 9.5], "texture": "#1"},
				"up": {"uv": [9.5, 7.5, 8.5, 7], "texture": "#1"},
				"down": {"uv": [9.5, 8, 8.5, 8.5], "texture": "#1"}
			}
		},
		{
			"from": [-1.38384, 21.24107, 7.29],
			"to": [0.53016, 22.04707, 8.21],
			"rotation": {"angle": 22.5, "axis": "z", "origin": [-1.32684, 21.99407, 7.75]},
			"faces": {
				"north": {"uv": [9, 8.5, 10, 9], "texture": "#1"},
				"east": {"uv": [9.5, 4, 10, 4.5], "texture": "#1"},
				"south": {"uv": [9, 9, 10, 9.5], "texture": "#1"},
				"west": {"uv": [4.5, 9.5, 5, 10], "texture": "#1"},
				"up": {"uv": [1.5, 10, 0.5, 9.5], "texture": "#1"},
				"down": {"uv": [10.5, 1, 9.5, 1.5], "texture": "#1"}
			}
		},
		{
			"from": [-1.63667, 21.70927, 7.29],
			"to": [0.17733, 22.51527, 8.21],
			"rotation": {"angle": 45, "axis": "z", "origin": [-0.77967, 22.11227, 7.75]},
			"faces": {
				"north": {"uv": [0.5, 9, 1.5, 9.5], "texture": "#1"},
				"east": {"uv": [9.5, 3.5, 10, 4], "texture": "#1"},
				"south": {"uv": [5, 9, 6, 9.5], "texture": "#1"},
				"west": {"uv": [4, 9.5, 4.5, 10], "texture": "#1"},
				"up": {"uv": [7, 9.5, 6, 9], "texture": "#1"},
				"down": {"uv": [10, 7.5, 9, 8], "texture": "#1"}
			}
		},
		{
			"from": [10.94252, 23.00484, 7.718],
			"to": [12.58252, 27.11084, 8.538],
			"rotation": {"angle": 22.5, "axis": "y", "origin": [11.84452, 24.55784, 7.8]},
			"faces": {
				"north": {"uv": [6, 2, 7, 4], "texture": "#1"},
				"east": {"uv": [8, 1, 8.5, 3], "texture": "#1"},
				"south": {"uv": [3, 6, 4, 8], "texture": "#1"},
				"west": {"uv": [2, 8, 2.5, 10], "texture": "#1"},
				"up": {"uv": [10.5, 2, 9.5, 1.5], "texture": "#1"},
				"down": {"uv": [10.5, 2, 9.5, 2.5], "texture": "#1"}
			}
		},
		{
			"from": [10.94252, 23.00484, 7.062],
			"to": [12.58252, 27.11084, 7.882],
			"rotation": {"angle": -22.5, "axis": "y", "origin": [11.84452, 25.55784, 7.8]},
			"faces": {
				"north": {"uv": [0, 6, 1, 8], "texture": "#1"},
				"east": {"uv": [5, 7, 5.5, 9], "texture": "#1"},
				"south": {"uv": [6, 0, 7, 2], "texture": "#1"},
				"west": {"uv": [5.5, 7, 6, 9], "texture": "#1"},
				"up": {"uv": [9.5, 5.5, 8.5, 5], "texture": "#1"},
				"down": {"uv": [9.5, 5.5, 8.5, 6], "texture": "#1"}
			}
		},
		{
			"from": [9.99348, 23.00484, 7.062],
			"to": [11.63348, 27.11084, 7.882],
			"rotation": {"angle": 22.5, "axis": "y", "origin": [10.73148, 25.55784, 7.8]},
			"faces": {
				"north": {"uv": [1, 6, 2, 8], "texture": "#1"},
				"east": {"uv": [6, 7, 6.5, 9], "texture": "#1"},
				"south": {"uv": [2, 6, 3, 8], "texture": "#1"},
				"west": {"uv": [6.5, 7, 7, 9], "texture": "#1"},
				"up": {"uv": [9.5, 6.5, 8.5, 6], "texture": "#1"},
				"down": {"uv": [9.5, 6.5, 8.5, 7], "texture": "#1"}
			}
		},
		{
			"from": [10.76172, 25.40484, 7.45559],
			"to": [12.00172, 27.91084, 8.07559],
			"rotation": {"angle": 0, "axis": "y", "origin": [10.68172, 28.85784, 7.46559]},
			"faces": {
				"north": {"uv": [8, 3, 8.5, 4.5], "texture": "#1"},
				"east": {"uv": [3.5, 8, 4, 9.5], "texture": "#1"},
				"south": {"uv": [4, 8, 4.5, 9.5], "texture": "#1"},
				"west": {"uv": [4.5, 8, 5, 9.5], "texture": "#1"},
				"up": {"uv": [10, 5, 9.5, 4.5], "texture": "#1"},
				"down": {"uv": [5.5, 9.5, 5, 10], "texture": "#1"}
			}
		},
		{
			"from": [9.99348, 23.00484, 7.718],
			"to": [11.63348, 27.11084, 8.538],
			"rotation": {"angle": -22.5, "axis": "y", "origin": [10.73148, 25.55784, 7.8]},
			"faces": {
				"north": {"uv": [4, 6, 5, 8], "texture": "#1"},
				"east": {"uv": [2.5, 8, 3, 10], "texture": "#1"},
				"south": {"uv": [6, 4, 7, 6], "texture": "#1"},
				"west": {"uv": [3, 8, 3.5, 10], "texture": "#1"},
				"up": {"uv": [10.5, 3, 9.5, 2.5], "texture": "#1"},
				"down": {"uv": [10.5, 3, 9.5, 3.5], "texture": "#1"}
			}
		}
	],
	"display": {
		"thirdperson_righthand": {
			"rotation": [0, 90, 0],
			"translation": [0, 1.75, 3.5],
			"scale": [0.5, 0.5, 0.5]
		},
		"thirdperson_lefthand": {
			"rotation": [0, 90, 0],
			"translation": [0, 1.75, 0],
			"scale": [0.5, 0.5, 0.5]
		},
		"firstperson_righthand": {
			"rotation": [0, 90, 0],
			"translation": [0, 2.5, 2.25],
			"scale": [0.5, 0.5, 0.5]
		},
		"firstperson_lefthand": {
			"rotation": [0, 90, 0],
			"translation": [0, 1.75, -2.5],
			"scale": [0.5, 0.5, 0.5]
		},
		"ground": {
			"rotation": [0, 90, 0],
			"translation": [0, 1.75, 2],
			"scale": [0.5, 0.5, 0.5]
		},
		"gui": {
			"rotation": [0, 0, 45],
			"translation": [0.5, -3, 3.5],
			"scale": [0.5, 0.5, 0.5]
		},
		"fixed": {
			"translation": [-2, -0.5, -0.5],
			"scale": [0.5, 0.5, 0.5]
		}
	}
}