{
  "parent": "concrete:equipment/shields/heater_plain",
	"display": {
		"thirdperson_righthand": {
			"rotation": [45, 141.25, 0],
			"translation": [2.51, 1.75, 1],
			"scale": [1.25, 1.25, 1.25]
		},
		"thirdperson_lefthand": {
			"rotation": [45, 141.25, 0],
			"translation": [2.51, 1.75, 1],
			"scale": [1.25, 1.25, 1.25]
		},
		"firstperson_righthand": {
			"rotation": [-3.25, -180, -4],
			"translation": [-3.5, -2, -3],
			"scale": [1.5, 1.5, 1.5]
		},
		"firstperson_lefthand": {
			"rotation": [-3.25, -180, -4],
			"translation": [-3.5, -2, -3],
			"scale": [1.5, 1.5, 1.5]
		}
	}
}
