{
	"credit": "Made with Blockbench",
	"textures": {
		"1": "concrete:equipment/shields/heater_base",
		"2": "concrete:equipment/shields/border",
		"3": "concrete:equipment/shields/heater_base",
		"4": "concrete:equipment/shields/shield_handle",
		"particle": "concrete:equipment/shields/heater_base"
	},
	"elements": [
		{
			"name": "Shield Base",
			"from": [1, -3.425, 7.01],
			"to": [15, 15.575, 7.74],
			"rotation": {"angle": 0, "axis": "y", "origin": [8, 7.575, 8]},
			"faces": {
				"north": {"uv": [4, 2.5, 12, 13.5], "texture": "#1"}
			}
		},
		{
			"name": "Pattern",
			"from": [1, -3.425, 7.24],
			"to": [15, 15.575, 7.978],
			"rotation": {"angle": 0, "axis": "y", "origin": [8, 7.575, 8]},
			"faces": {
				"south": {"uv": [4, 2.5, 12, 13.5], "texture": "#3"}
			}
		},
		{
			"name": "hexadecagon",
			"from": [10.47803, -0.59354, 7],
			"to": [14.74455, 0.42174, 8],
			"rotation": {"angle": -45, "axis": "z", "origin": [10.10115, 7.56646, 7.5]},
			"faces": {
				"north": {"uv": [8, 8.5, 9, 9.5], "rotation": 270, "texture": "#2"},
				"east": {"uv": [8, 8.5, 9, 9.5], "rotation": 180, "texture": "#2"},
				"south": {"uv": [8, 8.5, 9, 9.5], "rotation": 270, "texture": "#2"},
				"west": {"uv": [8, 8.5, 9, 9.5], "rotation": 180, "texture": "#2"},
				"up": {"uv": [8.5, 8.5, 9, 9.5], "rotation": 180, "texture": "#2"},
				"down": {"uv": [8, 8.5, 8.5, 9.5], "rotation": 180, "texture": "#2"}
			}
		},
		{
			"name": "hexadecagon",
			"from": [13.15913, -3.27464, 7],
			"to": [14.17913, -2.25936, 8],
			"rotation": {"angle": -45, "axis": "z", "origin": [12.78225, 4.88536, 7.5]},
			"faces": {
				"north": {"uv": [9, 8.5, 10, 9.5], "texture": "#2"},
				"east": {"uv": [8, 8.5, 8.5, 9.5], "rotation": 180, "texture": "#2"},
				"south": {"uv": [9, 8.5, 10, 9.5], "rotation": 270, "texture": "#2"},
				"west": {"uv": [8, 8.5, 9, 9.5], "rotation": 180, "texture": "#2"},
				"up": {"uv": [8.5, 8.5, 9, 9.5], "rotation": 180, "texture": "#2"},
				"down": {"uv": [8, 8.5, 8.5, 9.5], "rotation": 180, "texture": "#2"}
			}
		},
		{
			"name": "hexadecagon",
			"from": [1.25073, -0.59354, 7],
			"to": [5.52197, 0.42646, 8],
			"rotation": {"angle": 45, "axis": "z", "origin": [5.89885, 7.56646, 7.5]},
			"faces": {
				"north": {"uv": [8, 8.5, 9, 9.5], "rotation": 270, "texture": "#2"},
				"east": {"uv": [8, 8.5, 9, 9.5], "rotation": 180, "texture": "#2"},
				"south": {"uv": [8, 8.5, 9, 9.5], "rotation": 270, "texture": "#2"},
				"west": {"uv": [8, 8.5, 9, 9.5], "rotation": 180, "texture": "#2"},
				"up": {"uv": [8.5, 8.5, 9, 9.5], "rotation": 180, "texture": "#2"},
				"down": {"uv": [8, 8.5, 8.5, 9.5], "rotation": 180, "texture": "#2"}
			}
		},
		{
			"name": "hexadecagon",
			"from": [2.59, 6.37688, 7],
			"to": [3.61, 14.62312, 8],
			"rotation": {"angle": 0, "axis": "y", "origin": [10.75, 8, 7.5]},
			"faces": {
				"north": {"uv": [8, 8.5, 9, 9.5], "rotation": 180, "texture": "#2"},
				"east": {"uv": [8.5, 8.5, 9, 9.5], "rotation": 180, "texture": "#2"},
				"south": {"uv": [8, 8.5, 9, 9.5], "texture": "#2"},
				"west": {"uv": [8, 8.5, 8.5, 9.5], "rotation": 180, "texture": "#2"},
				"up": {"uv": [8, 8.5, 9, 9.5], "rotation": 180, "texture": "#2"},
				"down": {"uv": [8, 8.5, 9, 9.5], "rotation": 180, "texture": "#2"}
			}
		},
		{
			"name": "hexadecagon",
			"from": [2.59, 4.37688, 7],
			"to": [3.61, 9.62312, 8],
			"rotation": {"angle": 22.5, "axis": "z", "origin": [10.75, 8, 7.5]},
			"faces": {
				"north": {"uv": [8, 8.5, 9, 9.5], "rotation": 180, "texture": "#2"},
				"east": {"uv": [8.5, 8.5, 9, 9.5], "rotation": 180, "texture": "#2"},
				"south": {"uv": [8, 8.5, 9, 9.5], "texture": "#2"},
				"west": {"uv": [8, 8.5, 8.5, 9.5], "rotation": 180, "texture": "#2"},
				"up": {"uv": [8, 8.5, 9, 9.5], "rotation": 180, "texture": "#2"},
				"down": {"uv": [8, 8.5, 9, 9.5], "rotation": 180, "texture": "#2"}
			}
		},
		{
			"name": "hexadecagon",
			"from": [12.39, 4.37688, 7],
			"to": [13.41, 9.62312, 8],
			"rotation": {"angle": -22.5, "axis": "z", "origin": [5.25, 8, 7.5]},
			"faces": {
				"north": {"uv": [8, 8.5, 9, 9.5], "texture": "#2"},
				"east": {"uv": [8, 8.5, 8.5, 9.5], "rotation": 180, "texture": "#2"},
				"south": {"uv": [8, 8.5, 9, 9.5], "rotation": 180, "texture": "#2"},
				"west": {"uv": [8.5, 8.5, 9, 9.5], "rotation": 180, "texture": "#2"},
				"up": {"uv": [8, 8.5, 9, 9.5], "rotation": 180, "texture": "#2"},
				"down": {"uv": [8, 8.5, 9, 9.5], "rotation": 180, "texture": "#2"}
			}
		},
		{
			"name": "hexadecagon",
			"from": [12.39, 6.37688, 7],
			"to": [13.41, 14.62312, 8],
			"rotation": {"angle": 0, "axis": "y", "origin": [5.25, 8, 7.5]},
			"faces": {
				"north": {"uv": [8, 8.5, 9, 9.5], "texture": "#2"},
				"east": {"uv": [8, 8.5, 8.5, 9.5], "rotation": 180, "texture": "#2"},
				"south": {"uv": [8, 8.5, 9, 9.5], "rotation": 180, "texture": "#2"},
				"west": {"uv": [8.5, 8.5, 9, 9.5], "rotation": 180, "texture": "#2"},
				"up": {"uv": [8, 8.5, 9, 9.5], "rotation": 180, "texture": "#2"},
				"down": {"uv": [8, 8.5, 9, 9.5], "rotation": 180, "texture": "#2"}
			}
		},
		{
			"name": "hexadecagon",
			"from": [3.61, 14.62312, 7],
			"to": [12.39, 15.86936, 8],
			"rotation": {"angle": 0, "axis": "y", "origin": [8, 9.24624, 7.5]},
			"faces": {
				"north": {"uv": [8, 8.5, 9, 9.5], "rotation": 90, "texture": "#2"},
				"east": {"uv": [8, 8.5, 8.5, 9.5], "rotation": 180, "texture": "#2"},
				"south": {"uv": [8, 8.5, 9, 9.5], "rotation": 90, "texture": "#2"},
				"west": {"uv": [8.5, 8.5, 9, 9.5], "rotation": 180, "texture": "#2"},
				"up": {"uv": [8, 8.5, 8.5, 9.5], "rotation": 180, "texture": "#2"},
				"down": {"uv": [8, 8.5, 9, 9.5], "rotation": 180, "texture": "#2"}
			}
		},
		{
			"name": "hexadecagon",
			"from": [2.59, 14.62312, 7],
			"to": [3.61, 15.86936, 8],
			"rotation": {"angle": 0, "axis": "y", "origin": [-2.25, 9.24624, 7.5]},
			"faces": {
				"north": {"uv": [9, 8.5, 10, 9.5], "rotation": 180, "texture": "#2"},
				"east": {"uv": [8, 8.5, 8.5, 9.5], "rotation": 180, "texture": "#2"},
				"south": {"uv": [9, 8.5, 10, 9.5], "rotation": 90, "texture": "#2"},
				"west": {"uv": [8, 8.5, 8.5, 9.5], "rotation": 180, "texture": "#2"},
				"up": {"uv": [8, 8.5, 8.5, 9.5], "rotation": 180, "texture": "#2"},
				"down": {"uv": [8, 8.5, 9, 9.5], "rotation": 180, "texture": "#2"}
			}
		},
		{
			"name": "hexadecagon",
			"from": [12.39, 14.62312, 7],
			"to": [13.41, 15.86936, 8],
			"rotation": {"angle": 0, "axis": "y", "origin": [7.55, 9.24624, 7.5]},
			"faces": {
				"north": {"uv": [9, 8.5, 10, 9.5], "rotation": 90, "texture": "#2"},
				"east": {"uv": [8, 8.5, 8.5, 9.5], "rotation": 180, "texture": "#2"},
				"south": {"uv": [9, 8.5, 10, 9.5], "rotation": 180, "texture": "#2"},
				"west": {"uv": [8.5, 8.5, 9, 9.5], "rotation": 180, "texture": "#2"},
				"up": {"uv": [8, 8.5, 8.5, 9.5], "rotation": 180, "texture": "#2"},
				"down": {"uv": [8, 8.5, 9, 9.5], "rotation": 180, "texture": "#2"}
			}
		},
		{
			"name": "Shield Base",
			"from": [7.5, 5.575, 2.51],
			"to": [8.5, 10.075, 7.01],
			"rotation": {"angle": 0, "axis": "y", "origin": [8, 7.575, 7]},
			"faces": {
				"north": {"uv": [14, 2, 16, 14], "texture": "#4"},
				"east": {"uv": [2, 2, 14, 14], "texture": "#4"},
				"south": {"uv": [4, 2.5, 12, 13.5], "texture": "#4"},
				"west": {"uv": [2, 2, 14, 14], "texture": "#4"},
				"up": {"uv": [14, 2, 16, 14], "texture": "#4"},
				"down": {"uv": [14, 2, 16, 14], "texture": "#4"}
			}
		}
	],
	"gui_light": "front",
	"display": {
		"thirdperson_righthand": {
			"rotation": [0, 90, 0],
			"translation": [4, -1.75, 2.25],
			"scale": [1.25, 1.25, 1.25]
		},
		"thirdperson_lefthand": {
			"rotation": [0, 90, 0],
			"translation": [4, -1.75, 2.25],
			"scale": [1.25, 1.25, 1.25]
		},
		"firstperson_righthand": {
			"rotation": [9, -180, 7],
			"translation": [0.5, -7.75, -3],
			"scale": [1.5, 1.5, 1.1]
		},
		"firstperson_lefthand": {
			"rotation": [9, -180, 7],
			"translation": [0.5, -7.75, -3],
			"scale": [1.5, 1.5, 1.1]
		},
		"ground": {
			"translation": [0, 2, 0],
			"scale": [1, 1, 0.5]
		},
		"gui": {
			"rotation": [15, -25, -5],
			"translation": [0, 0, -10],
			"scale": [0.85, 0.85, 0.85]
		},
		"fixed": {
			"rotation": [0, -180, 0],
			"translation": [0, 0, -1],
			"scale": [2.5, 2.5, 2]
		}
	},
	"groups": [
		{
			"name": "heater_plain",
			"origin": [8, 8, 8],
			"color": 0,
			"children": [0, 1,
				{
					"name": "hexadecagon",
					"origin": [8, 8, 8],
					"color": 0,
					"children": [2, 3, 4, 5, 6, 7, 8, 9, 10, 11]
				}, 12]
		}
	]
}