{
	"textures": {
		"1": "concrete:equipment/shields/kite_base",
		"2": "concrete:equipment/shields/border",
		"3": "concrete:equipment/shields/kite_base",
		"4": "concrete:equipment/shields/shield_handle",
    "particle": "concrete:equipment/shields/kite_base"
	},
	"elements": [
		{
			"name": "Shield Base",
			"from": [1, -4.4, 7.01],
			"to": [15, 17.6, 7.74],
			"rotation": {"angle": 0, "axis": "y", "origin": [8, 8.6, 8]},
			"faces": {
				"north": {"uv": [4, 2, 12, 14.5], "texture": "#1"}
			}
		},
		{
			"name": "Patten",
			"from": [1, -4.4, 7.24],
			"to": [15, 17.6, 7.978],
			"rotation": {"angle": 0, "axis": "y", "origin": [8, 8.6, 8]},
			"faces": {
				"south": {"uv": [4, 2, 12, 14.5], "texture": "#3"}
			}
		},
		{
			"name": "hexadecagon",
			"from": [13.16478, -7.05736, 7],
			"to": [14.18478, -6.04208, 8],
			"rotation": {"angle": -45, "axis": "z", "origin": [12.7879, 1.10264, 7.5]},
			"faces": {
				"north": {"uv": [9, 8.5, 10, 9.5], "texture": "#2"},
				"east": {"uv": [8, 8.5, 8.5, 9.5], "rotation": 180, "texture": "#2"},
				"south": {"uv": [9, 8.5, 10, 9.5], "rotation": 270, "texture": "#2"},
				"west": {"uv": [8, 8.5, 9, 9.5], "rotation": 180, "texture": "#2"},
				"up": {"uv": [8.5, 8.5, 9, 9.5], "rotation": 180, "texture": "#2"},
				"down": {"uv": [8, 8.5, 8.5, 9.5], "rotation": 180, "texture": "#2"}
			}
		},
		{
			"name": "hexadecagon",
			"from": [2.59, -2.62312, 7],
			"to": [3.61, 9.62312, 8],
			"rotation": {"angle": 22.5, "axis": "z", "origin": [10.75, 8, 7.5]},
			"faces": {
				"north": {"uv": [8, 8.5, 9, 9.5], "rotation": 180, "texture": "#2"},
				"east": {"uv": [8.5, 8.5, 9, 9.5], "rotation": 180, "texture": "#2"},
				"south": {"uv": [8, 8.5, 9, 9.5], "texture": "#2"},
				"west": {"uv": [8, 8.5, 8.5, 9.5], "rotation": 180, "texture": "#2"},
				"up": {"uv": [8, 8.5, 9, 9.5], "rotation": 180, "texture": "#2"},
				"down": {"uv": [8, 8.5, 9, 9.5], "rotation": 180, "texture": "#2"}
			}
		},
		{
			"name": "hexadecagon",
			"from": [12.39, -2.62312, 7],
			"to": [13.41, 9.62312, 8],
			"rotation": {"angle": -22.5, "axis": "z", "origin": [5.25, 8, 7.5]},
			"faces": {
				"north": {"uv": [8, 8.5, 9, 9.5], "texture": "#2"},
				"east": {"uv": [8, 8.5, 8.5, 9.5], "rotation": 180, "texture": "#2"},
				"south": {"uv": [8, 8.5, 9, 9.5], "rotation": 180, "texture": "#2"},
				"west": {"uv": [8.5, 8.5, 9, 9.5], "rotation": 180, "texture": "#2"},
				"up": {"uv": [8, 8.5, 9, 9.5], "rotation": 180, "texture": "#2"},
				"down": {"uv": [8, 8.5, 9, 9.5], "rotation": 180, "texture": "#2"}
			}
		},
		{
			"name": "hexadecagon",
			"from": [2.59251, 6.37687, 7],
			"to": [3.16322, 14.16832, 8],
			"rotation": {"angle": 0, "axis": "y", "origin": [10.75322, 7.81967, 7.5]},
			"faces": {
				"north": {"uv": [8.5, 8.5, 8, 9.5], "texture": "#2"},
				"east": {"uv": [9, 8.5, 8.5, 9.5], "rotation": 180, "texture": "#2"},
				"south": {"uv": [8.5, 8.5, 8, 9.5], "texture": "#2"},
				"west": {"uv": [8.5, 8.5, 8, 9.5], "rotation": 180, "texture": "#2"},
				"up": {"uv": [9, 8.5, 8, 9.5], "rotation": 180, "texture": "#2"},
				"down": {"uv": [9, 8.5, 8, 9.5], "rotation": 180, "texture": "#2"}
			}
		},
		{
			"name": "hexadecagon",
			"from": [12.83678, 6.37687, 7],
			"to": [13.40749, 14.16832, 8],
			"rotation": {"angle": 0, "axis": "y", "origin": [5.24678, 7.81967, 7.5]},
			"faces": {
				"north": {"uv": [8, 8.5, 8.5, 9.5], "texture": "#2"},
				"east": {"uv": [8, 8.5, 8.5, 9.5], "rotation": 180, "texture": "#2"},
				"south": {"uv": [8, 8.5, 8.5, 9.5], "texture": "#2"},
				"west": {"uv": [8.5, 8.5, 9, 9.5], "rotation": 180, "texture": "#2"},
				"up": {"uv": [8, 8.5, 9, 9.5], "rotation": 180, "texture": "#2"},
				"down": {"uv": [8, 8.5, 9, 9.5], "rotation": 180, "texture": "#2"}
			}
		},
		{
			"name": "hexadecagon",
			"from": [3.16322, 6.34655, 7],
			"to": [3.68322, 13.98903, 8],
			"rotation": {"angle": 0, "axis": "y", "origin": [11.32322, 7.96967, 7.5]},
			"faces": {
				"north": {"uv": [9, 8.5, 8.5, 9.5], "texture": "#2"},
				"east": {"uv": [9, 8.5, 8.5, 9.5], "rotation": 180, "texture": "#2"},
				"south": {"uv": [9, 8.5, 8.5, 9.5], "texture": "#2"},
				"west": {"uv": [8.5, 8.5, 8, 9.5], "rotation": 180, "texture": "#2"},
				"up": {"uv": [9, 8.5, 8, 9.5], "rotation": 180, "texture": "#2"},
				"down": {"uv": [9, 8.5, 8, 9.5], "rotation": 180, "texture": "#2"}
			}
		},
		{
			"name": "hexadecagon",
			"from": [12.31678, 6.34655, 7],
			"to": [12.83678, 13.98903, 8],
			"rotation": {"angle": 0, "axis": "y", "origin": [4.67678, 7.96967, 7.5]},
			"faces": {
				"north": {"uv": [8.5, 8.5, 9, 9.5], "texture": "#2"},
				"east": {"uv": [8, 8.5, 8.5, 9.5], "rotation": 180, "texture": "#2"},
				"south": {"uv": [8.5, 8.5, 9, 9.5], "texture": "#2"},
				"west": {"uv": [8.5, 8.5, 9, 9.5], "rotation": 180, "texture": "#2"},
				"up": {"uv": [8, 8.5, 9, 9.5], "rotation": 180, "texture": "#2"},
				"down": {"uv": [8, 8.5, 9, 9.5], "rotation": 180, "texture": "#2"}
			}
		},
		{
			"name": "Shield Base",
			"from": [7.5, 5.575, 2.51],
			"to": [8.5, 10.075, 7.01],
			"rotation": {"angle": 0, "axis": "y", "origin": [8, 7.575, 7]},
			"faces": {
				"north": {"uv": [14, 2, 16, 14], "texture": "#4"},
				"east": {"uv": [2, 2, 14, 14], "texture": "#4"},
				"south": {"uv": [4, 2.5, 12, 13.5], "texture": "#4"},
				"west": {"uv": [2, 2, 14, 14], "texture": "#4"},
				"up": {"uv": [14, 2, 16, 14], "texture": "#4"},
				"down": {"uv": [14, 2, 16, 14], "texture": "#4"}
			}
		},
		{
			"name": "hexadecagon",
			"from": [8.12425, 17.79875, 7],
			"to": [10.04249, 18.30405, 8],
			"rotation": {"angle": 22.5, "axis": "z", "origin": [9.41937, 10.65875, 7.5]},
			"faces": {
				"north": {"uv": [8.5, 9.5, 9, 8.5], "rotation": 90, "texture": "#2"},
				"east": {"uv": [9, 8.5, 8, 9.5], "rotation": 180, "texture": "#missing"},
				"south": {"uv": [8.5, 9.5, 9, 8.5], "rotation": 90, "texture": "#2"},
				"west": {"uv": [9, 8.5, 8, 9.5], "rotation": 180, "texture": "#missing"},
				"up": {"uv": [8.5, 8.5, 8, 9.5], "rotation": 180, "texture": "#missing"},
				"down": {"uv": [8.5, 9.5, 9, 8.5], "rotation": 90, "texture": "#2"}
			}
		},
		{
			"name": "hexadecagon",
			"from": [5.95751, 17.79875, 7],
			"to": [7.87575, 18.30405, 8],
			"rotation": {"angle": -22.5, "axis": "z", "origin": [6.58063, 10.65875, 7.5]},
			"faces": {
				"north": {"uv": [8.5, 8.5, 9, 9.5], "rotation": 90, "texture": "#2"},
				"east": {"uv": [8, 8.5, 9, 9.5], "rotation": 180, "texture": "#missing"},
				"south": {"uv": [8.5, 8.5, 9, 9.5], "rotation": 90, "texture": "#2"},
				"west": {"uv": [8, 8.5, 9, 9.5], "rotation": 180, "texture": "#missing"},
				"up": {"uv": [8, 8.5, 8.5, 9.5], "rotation": 180, "texture": "#missing"},
				"down": {"uv": [8.5, 8.5, 9, 9.5], "rotation": 90, "texture": "#2"}
			}
		},
		{
			"name": "hexadecagon",
			"from": [9.55723, 17.1056, 7],
			"to": [11.47144, 17.6109, 8],
			"rotation": {"angle": 45, "axis": "z", "origin": [8.84832, 9.9656, 7.5]},
			"faces": {
				"north": {"uv": [8.5, 9.5, 9, 8.5], "rotation": 90, "texture": "#2"},
				"east": {"uv": [9, 8.5, 8, 9.5], "rotation": 180, "texture": "#missing"},
				"south": {"uv": [8.5, 9.5, 9, 8.5], "rotation": 90, "texture": "#2"},
				"west": {"uv": [9, 8.5, 8, 9.5], "rotation": 180, "texture": "#missing"},
				"up": {"uv": [8.5, 8.5, 8, 9.5], "rotation": 180, "texture": "#missing"},
				"down": {"uv": [8.5, 9.5, 9, 8.5], "rotation": 90, "texture": "#2"}
			}
		},
		{
			"name": "hexadecagon",
			"from": [4.52856, 17.1056, 7],
			"to": [6.44277, 17.6109, 8],
			"rotation": {"angle": -45, "axis": "z", "origin": [7.15168, 9.9656, 7.5]},
			"faces": {
				"north": {"uv": [8.5, 8.5, 9, 9.5], "rotation": 90, "texture": "#2"},
				"east": {"uv": [8, 8.5, 9, 9.5], "rotation": 180, "texture": "#missing"},
				"south": {"uv": [8.5, 8.5, 9, 9.5], "rotation": 90, "texture": "#2"},
				"west": {"uv": [8, 8.5, 9, 9.5], "rotation": 180, "texture": "#missing"},
				"up": {"uv": [8, 8.5, 8.5, 9.5], "rotation": 180, "texture": "#missing"},
				"down": {"uv": [8.5, 8.5, 9, 9.5], "rotation": 90, "texture": "#2"}
			}
		},
		{
			"name": "hexadecagon",
			"from": [3.55386, 13.9188, 7],
			"to": [4.06432, 15.9579, 8],
			"rotation": {"angle": -22.5, "axis": "z", "origin": [3.53508, 14.93584, 7.5]},
			"faces": {
				"north": {"uv": [8.5, 9.5, 9, 8.5], "rotation": 180, "texture": "#2"},
				"east": {"uv": [8.5, 9.5, 9, 8.5], "texture": "#2"},
				"south": {"uv": [8.5, 9.5, 9, 8.5], "texture": "#2"},
				"west": {"uv": [8.5, 8.5, 8, 9.5], "rotation": 90, "texture": "#missing"},
				"up": {"uv": [9, 8.5, 8, 9.5], "rotation": 90, "texture": "#missing"},
				"down": {"uv": [9, 8.5, 8, 9.5], "rotation": 90, "texture": "#missing"}
			}
		},
		{
			"name": "hexadecagon",
			"from": [11.93568, 13.9188, 7],
			"to": [12.44614, 15.9579, 8],
			"rotation": {"angle": 22.5, "axis": "z", "origin": [12.46492, 14.93584, 7.5]},
			"faces": {
				"north": {"uv": [9, 9.5, 8.5, 8.5], "rotation": 180, "texture": "#2"},
				"east": {"uv": [8.5, 9.5, 8, 8.5], "rotation": 90, "texture": "#missing"},
				"south": {"uv": [9, 9.5, 8.5, 8.5], "texture": "#2"},
				"west": {"uv": [9, 9.5, 8.5, 8.5], "texture": "#2"},
				"up": {"uv": [9, 9.5, 8, 8.5], "rotation": 90, "texture": "#missing"},
				"down": {"uv": [9, 9.5, 8, 8.5], "rotation": 90, "texture": "#missing"}
			}
		},
		{
			"name": "hexadecagon",
			"from": [7.79625, 18.29875, 7],
			"to": [10.04249, 18.81875, 8],
			"rotation": {"angle": 22.5, "axis": "z", "origin": [9.41937, 10.65875, 7.5]},
			"faces": {
				"north": {"uv": [8, 9.5, 8.5, 8.5], "rotation": 90, "texture": "#2"},
				"east": {"uv": [9, 8.5, 8, 9.5], "rotation": 180, "texture": "#missing"},
				"south": {"uv": [8, 9.5, 8.5, 8.5], "rotation": 90, "texture": "#2"},
				"west": {"uv": [9, 8.5, 8, 9.5], "rotation": 180, "texture": "#missing"},
				"up": {"uv": [8.5, 8.5, 8, 9.5], "texture": "#2"},
				"down": {"uv": [9, 8.5, 8.5, 9.5], "rotation": 180, "texture": "#missing"}
			}
		},
		{
			"name": "hexadecagon",
			"from": [5.95751, 18.29875, 7],
			"to": [8.20375, 18.81875, 8],
			"rotation": {"angle": -22.5, "axis": "z", "origin": [6.58063, 10.65875, 7.5]},
			"faces": {
				"north": {"uv": [8, 8.5, 8.5, 9.5], "rotation": 90, "texture": "#2"},
				"east": {"uv": [8, 8.5, 9, 9.5], "rotation": 180, "texture": "#missing"},
				"south": {"uv": [8, 8.5, 8.5, 9.5], "rotation": 90, "texture": "#2"},
				"west": {"uv": [8, 8.5, 9, 9.5], "rotation": 180, "texture": "#missing"},
				"up": {"uv": [8, 8.5, 8.5, 9.5], "texture": "#2"},
				"down": {"uv": [8.5, 8.5, 9, 9.5], "rotation": 180, "texture": "#missing"}
			}
		},
		{
			"name": "hexadecagon",
			"from": [9.44742, 17.60935, 7],
			"to": [11.36163, 18.21039, 8],
			"rotation": {"angle": 45, "axis": "z", "origin": [8.84458, 9.96935, 7.5]},
			"faces": {
				"north": {"uv": [8, 9.5, 8.5, 8.5], "rotation": 90, "texture": "#2"},
				"east": {"uv": [9, 8.5, 8, 9.5], "rotation": 180, "texture": "#missing"},
				"south": {"uv": [8, 9.5, 8.5, 8.5], "rotation": 90, "texture": "#2"},
				"west": {"uv": [9, 8.5, 8, 9.5], "rotation": 180, "texture": "#missing"},
				"up": {"uv": [8.5, 8.5, 8, 9.5], "texture": "#2"},
				"down": {"uv": [9, 8.5, 8.5, 9.5], "rotation": 180, "texture": "#missing"}
			}
		},
		{
			"name": "hexadecagon",
			"from": [4.63837, 17.60935, 7],
			"to": [6.55258, 18.21039, 8],
			"rotation": {"angle": -45, "axis": "z", "origin": [7.15542, 9.96935, 7.5]},
			"faces": {
				"north": {"uv": [8, 8.5, 8.5, 9.5], "rotation": 90, "texture": "#2"},
				"east": {"uv": [8, 8.5, 9, 9.5], "rotation": 180, "texture": "#missing"},
				"south": {"uv": [8, 8.5, 8.5, 9.5], "rotation": 90, "texture": "#2"},
				"west": {"uv": [8, 8.5, 9, 9.5], "rotation": 180, "texture": "#missing"},
				"up": {"uv": [8, 8.5, 8.5, 9.5], "texture": "#2"},
				"down": {"uv": [8.5, 8.5, 9, 9.5], "rotation": 180, "texture": "#missing"}
			}
		},
		{
			"name": "hexadecagon",
			"from": [2.95449, 13.86781, 7],
			"to": [3.55281, 16.09169, 8],
			"rotation": {"angle": -22.5, "axis": "z", "origin": [3.52887, 14.92795, 7.5]},
			"faces": {
				"north": {"uv": [8, 9.5, 8.5, 8.5], "rotation": 180, "texture": "#2"},
				"east": {"uv": [9, 8.5, 8.5, 9.5], "rotation": 90, "texture": "#missing"},
				"south": {"uv": [8, 9.5, 8.5, 8.5], "texture": "#2"},
				"west": {"uv": [8.5, 8.5, 8, 9.5], "rotation": 270, "texture": "#2"},
				"up": {"uv": [9, 8.5, 8, 9.5], "rotation": 90, "texture": "#missing"},
				"down": {"uv": [9, 8.5, 8, 9.5], "rotation": 90, "texture": "#missing"}
			}
		},
		{
			"name": "hexadecagon",
			"from": [12.44719, 13.86781, 7],
			"to": [13.04551, 16.09169, 8],
			"rotation": {"angle": 22.5, "axis": "z", "origin": [12.47113, 14.92795, 7.5]},
			"faces": {
				"north": {"uv": [8.5, 9.5, 8, 8.5], "rotation": 180, "texture": "#2"},
				"east": {"uv": [8.5, 9.5, 8, 8.5], "rotation": 270, "texture": "#2"},
				"south": {"uv": [8.5, 9.5, 8, 8.5], "texture": "#2"},
				"west": {"uv": [9, 9.5, 8.5, 8.5], "rotation": 90, "texture": "#missing"},
				"up": {"uv": [9, 9.5, 8, 8.5], "rotation": 90, "texture": "#missing"},
				"down": {"uv": [9, 9.5, 8, 8.5], "rotation": 90, "texture": "#missing"}
			}
		},
		{
			"name": "hexadecagon",
			"from": [8.97146, 17.35935, 7],
			"to": [11.61163, 17.46039, 8],
			"rotation": {"angle": 45, "axis": "z", "origin": [8.59458, 9.71935, 7.5]},
			"faces": {
				"north": {"uv": [8, 9.5, 8.5, 8.5], "rotation": 90, "texture": "#2"},
				"east": {"uv": [9, 8.5, 8, 9.5], "rotation": 180, "texture": "#missing"},
				"south": {"uv": [8, 9.5, 8.5, 8.5], "rotation": 90, "texture": "#2"},
				"west": {"uv": [9, 8.5, 8, 9.5], "rotation": 180, "texture": "#missing"},
				"up": {"uv": [8.5, 8.5, 8, 9.5], "texture": "#2"},
				"down": {"uv": [9, 8.5, 8.5, 9.5], "rotation": 180, "texture": "#missing"}
			}
		},
		{
			"name": "hexadecagon",
			"from": [4.38837, 17.35935, 7],
			"to": [7.02854, 17.46039, 8],
			"rotation": {"angle": -45, "axis": "z", "origin": [7.40542, 9.71935, 7.5]},
			"faces": {
				"north": {"uv": [8, 8.5, 8.5, 9.5], "rotation": 90, "texture": "#2"},
				"east": {"uv": [8, 8.5, 9, 9.5], "rotation": 180, "texture": "#missing"},
				"south": {"uv": [8, 8.5, 8.5, 9.5], "rotation": 90, "texture": "#2"},
				"west": {"uv": [8, 8.5, 9, 9.5], "rotation": 180, "texture": "#missing"},
				"up": {"uv": [8, 8.5, 8.5, 9.5], "texture": "#2"},
				"down": {"uv": [8.5, 8.5, 9, 9.5], "rotation": 180, "texture": "#missing"}
			}
		},
		{
			"name": "hexadecagon",
			"from": [6.87236, 17.41607, 7],
			"to": [9.12764, 18.43607, 8],
			"rotation": {"angle": 0, "axis": "y", "origin": [7.42903, 10.27607, 7.5]},
			"faces": {
				"north": {"uv": [8, 8.5, 9, 9.5], "rotation": 90, "texture": "#2"},
				"east": {"uv": [8, 8.5, 9, 9.5], "rotation": 180, "texture": "#missing"},
				"south": {"uv": [8, 8.5, 9, 9.5], "rotation": 90, "texture": "#2"},
				"west": {"uv": [8, 8.5, 9, 9.5], "rotation": 180, "texture": "#missing"},
				"up": {"uv": [8, 8.5, 8.5, 9.5], "texture": "#2"},
				"down": {"uv": [8.5, 8.5, 9, 9.5], "rotation": 90, "texture": "#2"}
			}
		}
	],
	"gui_light": "front",
	"display": {
		"thirdperson_righthand": {
			"rotation": [0, 90, 0],
			"translation": [4, -1.75, 2.25],
			"scale": [1.25, 1.25, 1.25]
		},
		"thirdperson_lefthand": {
			"rotation": [0, 90, 0],
			"translation": [4, -1.75, 2.25],
			"scale": [1.25, 1.25, 1.25]
		},
		"firstperson_righthand": {
			"rotation": [9, -180, 7],
			"translation": [0.5, -9, -3],
			"scale": [1.5, 1.5, 1.1]
		},
		"firstperson_lefthand": {
			"rotation": [9, -180, 7],
			"translation": [0.5, -9, -3],
			"scale": [1.5, 1.5, 1.1]
		},
		"ground": {
			"translation": [0, 2, 0],
			"scale": [1, 1, 0.5]
		},
		"gui": {
			"rotation": [15, -25, -5],
			"translation": [0, 0.75, -10],
			"scale": [0.85, 0.85, 0.85]
		},
		"fixed": {
			"rotation": [0, -180, 0],
			"translation": [0, 0, -1],
			"scale": [2.5, 2.5, 2]
		}
	},
	"groups": [
		{
			"name": "kite_plain",
			"origin": [8, 8, 8],
			"children": [0, 1,
				{
					"name": "hexadecagon",
					"origin": [8, 8, 8],
					"children": [2, 3, 4, 5, 6, 7, 8]
				}, 9]
		},
		{
			"name": "hoplon_plain",
			"origin": [8, 8, 8],
			"children": [
				{
					"name": "hexadecagon",
					"origin": [8, 8, 8],
					"children": [10, 11, 12, 13, 14, 15, 16, 17, 18, 19, 20, 21, 22, 23, 24]
				}
			]
		}
	]
}
