{
	"textures": {
		"1": "concrete:equipment/shields/oval_base",
		"2": "concrete:equipment/shields/border",
		"3": "concrete:equipment/shields/oval_base",
		"4": "concrete:equipment/shields/shield_handle",
		"particle": "concrete:equipment/shields/oval_base"
	},
	"elements": [
		{
			"name": "Shield Base",
			"from": [-7, -9.5, 0.91],
			"to": [7, 13.5, 1.54],
			"rotation": {"angle": 0, "axis": "y", "origin": [0, 1.5, 1.8]},
			"faces": {
				"north": {"uv": [4.5, 2, 11.5, 14], "texture": "#1"}
			}
		},
		{
			"name": "Patten",
			"from": [-6.95, -9.5, 1.04],
			"to": [7.05, 13.5, 1.778],
			"rotation": {"angle": 0, "axis": "y", "origin": [0.05, 1.5, 1.8]},
			"faces": {
				"south": {"uv": [4.5, 2, 11.5, 14], "texture": "#3"}
			}
		},
		{
			"from": [-0.83346, -8.49881, 0.82092],
			"to": [0.93196, -7.51448, 1.80463],
			"rotation": {"angle": 0, "axis": "y", "origin": [0.97616, -0.56673, 1.81892]},
			"faces": {
				"north": {"uv": [8, 8.5, 9, 9.5], "rotation": 270, "texture": "#2"},
				"east": {"uv": [8, 8.5, 9, 9.5], "rotation": 270, "texture": "#2"},
				"south": {"uv": [8, 8.5, 9, 9.5], "rotation": 270, "texture": "#2"},
				"west": {"uv": [8, 8.5, 9, 9.5], "rotation": 270, "texture": "#2"},
				"up": {"uv": [8, 8.5, 9, 9.5], "rotation": 270, "texture": "#2"},
				"down": {"uv": [8, 8.5, 8.5, 9.5], "rotation": 270, "texture": "#2"}
			}
		},
		{
			"from": [-7.27091, -0.43415, 0.80103],
			"to": [-6.27738, 4.56585, 1.80103],
			"rotation": {"angle": 0, "axis": "y", "origin": [0.77373, -1.48613, 1.79903]},
			"faces": {
				"north": {"uv": [8, 8.5, 9, 9.5], "rotation": 180, "texture": "#2"},
				"east": {"uv": [8, 8.5, 9, 9.5], "texture": "#2"},
				"south": {"uv": [8, 8.5, 9, 9.5], "texture": "#2"},
				"west": {"uv": [8, 8.5, 8.5, 9.5], "rotation": 270, "texture": "#2"},
				"up": {"uv": [8, 8.5, 9, 9.5], "rotation": 180, "texture": "#2"},
				"down": {"uv": [8, 8.5, 9, 9.5], "rotation": 180, "texture": "#2"}
			}
		},
		{
			"from": [0.16827, -8.49877, 0.80283],
			"to": [3.16827, -7.49877, 1.80283],
			"rotation": {"angle": -45, "axis": "z", "origin": [1.16827, -0.49877, 1.31003]},
			"faces": {
				"north": {"uv": [8, 8.5, 9, 9.5], "rotation": 270, "texture": "#2"},
				"east": {"uv": [8, 8.5, 9, 9.5], "rotation": 270, "texture": "#2"},
				"south": {"uv": [8, 8.5, 9, 9.5], "rotation": 270, "texture": "#2"},
				"west": {"uv": [8, 8.5, 9, 9.5], "rotation": 270, "texture": "#2"},
				"up": {"uv": [8, 8.5, 9, 9.5], "rotation": 270, "texture": "#2"},
				"down": {"uv": [8, 8.5, 8.5, 9.5], "rotation": 270, "texture": "#2"}
			}
		},
		{
			"from": [1.28301, 11.36467, 0.80794],
			"to": [3.71049, 12.36467, 1.80794],
			"rotation": {"angle": -22.5, "axis": "z", "origin": [1.75945, 13.36467, 1.33892]},
			"faces": {
				"north": {"uv": [8, 8.5, 9, 9.5], "rotation": 90, "texture": "#2"},
				"east": {"uv": [8, 8.5, 9, 9.5], "rotation": 90, "texture": "#2"},
				"south": {"uv": [8, 8.5, 9, 9.5], "rotation": 90, "texture": "#2"},
				"west": {"uv": [8, 8.5, 9, 9.5], "rotation": 90, "texture": "#2"},
				"up": {"uv": [8, 8.5, 8.5, 9.5], "rotation": 270, "texture": "#2"},
				"down": {"uv": [8, 8.5, 9, 9.5], "rotation": 90, "texture": "#2"}
			}
		},
		{
			"from": [4.40563, 4.55955, 0.81389],
			"to": [5.40563, 9.98705, 1.81389],
			"rotation": {"angle": 22.5, "axis": "z", "origin": [6.40563, 9.51058, 1.33076]},
			"faces": {
				"north": {"uv": [8, 8.5, 9, 9.5], "texture": "#2"},
				"east": {"uv": [8, 8.5, 8.5, 9.5], "rotation": 270, "texture": "#2"},
				"south": {"uv": [8, 8.5, 9, 9.5], "rotation": 180, "texture": "#2"},
				"west": {"uv": [8, 8.5, 9, 9.5], "rotation": 180, "texture": "#2"},
				"up": {"uv": [8, 8.5, 9, 9.5], "rotation": 270, "texture": "#2"},
				"down": {"uv": [8, 8.5, 9, 9.5], "texture": "#2"}
			}
		},
		{
			"from": [-2.34497, -9.89396, 0.80463],
			"to": [0.0825, -8.89396, 1.80463],
			"rotation": {"angle": -22.5, "axis": "z", "origin": [3.13147, -6.89396, 1.32436]},
			"faces": {
				"north": {"uv": [8, 8.5, 9, 9.5], "rotation": 270, "texture": "#2"},
				"east": {"uv": [8, 8.5, 9, 9.5], "rotation": 270, "texture": "#2"},
				"south": {"uv": [8, 8.5, 9, 9.5], "rotation": 270, "texture": "#2"},
				"west": {"uv": [8, 8.5, 9, 9.5], "rotation": 270, "texture": "#2"},
				"up": {"uv": [8, 8.5, 9, 9.5], "rotation": 270, "texture": "#2"},
				"down": {"uv": [8, 8.5, 8.5, 9.5], "rotation": 270, "texture": "#2"}
			}
		},
		{
			"from": [-6.16889, -4.44897, 0.80103],
			"to": [-5.16889, 0.97853, 1.80103],
			"rotation": {"angle": 22.5, "axis": "z", "origin": [-3.16889, -2.49793, 1.33183]},
			"faces": {
				"north": {"uv": [8, 8.5, 9, 9.5], "rotation": 180, "texture": "#2"},
				"east": {"uv": [8, 8.5, 9, 9.5], "texture": "#2"},
				"south": {"uv": [8, 8.5, 9, 9.5], "texture": "#2"},
				"west": {"uv": [8, 8.5, 8.5, 9.5], "rotation": 270, "texture": "#2"},
				"up": {"uv": [8, 8.5, 9, 9.5], "rotation": 180, "texture": "#2"},
				"down": {"uv": [8, 8.5, 9, 9.5], "rotation": 180, "texture": "#2"}
			}
		},
		{
			"from": [0.1713, 11.62923, 0.80103],
			"to": [3.1713, 12.62923, 1.80103],
			"rotation": {"angle": 45, "axis": "z", "origin": [1.1713, 4.62923, 1.30147]},
			"faces": {
				"north": {"uv": [8, 8.5, 9, 9.5], "rotation": 90, "texture": "#2"},
				"east": {"uv": [8, 8.5, 9, 9.5], "rotation": 90, "texture": "#2"},
				"south": {"uv": [8, 8.5, 9, 9.5], "rotation": 90, "texture": "#2"},
				"west": {"uv": [8, 8.5, 9, 9.5], "rotation": 90, "texture": "#2"},
				"up": {"uv": [8, 8.5, 8.5, 9.5], "rotation": 270, "texture": "#2"},
				"down": {"uv": [8, 8.5, 9, 9.5], "rotation": 90, "texture": "#2"}
			}
		},
		{
			"from": [4.40523, -5.88154, 0.81389],
			"to": [5.40523, -0.45404, 1.81389],
			"rotation": {"angle": -22.5, "axis": "z", "origin": [6.4104, -5.4051, 1.30497]},
			"faces": {
				"north": {"uv": [8, 8.5, 9, 9.5], "texture": "#2"},
				"east": {"uv": [8, 8.5, 8.5, 9.5], "rotation": 270, "texture": "#2"},
				"south": {"uv": [8, 8.5, 9, 9.5], "rotation": 180, "texture": "#2"},
				"west": {"uv": [8, 8.5, 9, 9.5], "rotation": 180, "texture": "#2"},
				"up": {"uv": [8, 8.5, 9, 9.5], "rotation": 270, "texture": "#2"},
				"down": {"uv": [8, 8.5, 9, 9.5], "texture": "#2"}
			}
		},
		{
			"from": [-0.63296, -6.64709, 0.82092],
			"to": [1.79451, -5.64709, 1.82092],
			"rotation": {"angle": 22.5, "axis": "z", "origin": [4.84348, -3.64709, 1.32741]},
			"faces": {
				"north": {"uv": [8, 8.5, 9, 9.5], "rotation": 270, "texture": "#2"},
				"east": {"uv": [8, 8.5, 9, 9.5], "rotation": 270, "texture": "#2"},
				"south": {"uv": [8, 8.5, 9, 9.5], "rotation": 270, "texture": "#2"},
				"west": {"uv": [8, 8.5, 9, 9.5], "rotation": 270, "texture": "#2"},
				"up": {"uv": [8, 8.5, 9, 9.5], "rotation": 270, "texture": "#2"},
				"down": {"uv": [8, 8.5, 8.5, 9.5], "rotation": 270, "texture": "#2"}
			}
		},
		{
			"from": [-2.34233, 11.03478, 0.80003],
			"to": [0.08514, 12.03478, 1.80003],
			"rotation": {"angle": 22.5, "axis": "z", "origin": [-1.86589, 10.03478, 1.30165]},
			"faces": {
				"north": {"uv": [8, 8.5, 9, 9.5], "rotation": 90, "texture": "#2"},
				"east": {"uv": [8, 8.5, 9, 9.5], "rotation": 90, "texture": "#2"},
				"south": {"uv": [8, 8.5, 9, 9.5], "rotation": 90, "texture": "#2"},
				"west": {"uv": [8, 8.5, 9, 9.5], "rotation": 90, "texture": "#2"},
				"up": {"uv": [8, 8.5, 8.5, 9.5], "rotation": 270, "texture": "#2"},
				"down": {"uv": [8, 8.5, 9, 9.5], "rotation": 90, "texture": "#2"}
			}
		},
		{
			"from": [-6.09317, 3.53388, 0.80103],
			"to": [-5.09317, 8.96138, 1.80103],
			"rotation": {"angle": -22.5, "axis": "z", "origin": [-4.088, 7.01032, 1.30839]},
			"faces": {
				"north": {"uv": [8, 8.5, 9, 9.5], "rotation": 180, "texture": "#2"},
				"east": {"uv": [8, 8.5, 9, 9.5], "texture": "#2"},
				"south": {"uv": [8, 8.5, 9, 9.5], "texture": "#2"},
				"west": {"uv": [8, 8.5, 8.5, 9.5], "rotation": 270, "texture": "#2"},
				"up": {"uv": [8, 8.5, 9, 9.5], "rotation": 180, "texture": "#2"},
				"down": {"uv": [8, 8.5, 9, 9.5], "rotation": 180, "texture": "#2"}
			}
		},
		{
			"from": [-0.82874, 11.62311, 0.80794],
			"to": [0.9366, 12.62916, 1.80003],
			"rotation": {"angle": 0, "axis": "y", "origin": [0.98151, 4.57132, 1.80594]},
			"faces": {
				"north": {"uv": [8, 8.5, 9, 9.5], "rotation": 90, "texture": "#2"},
				"east": {"uv": [8, 8.5, 9, 9.5], "rotation": 90, "texture": "#2"},
				"south": {"uv": [8, 8.5, 9, 9.5], "rotation": 90, "texture": "#2"},
				"west": {"uv": [8, 8.5, 9, 9.5], "rotation": 90, "texture": "#2"},
				"up": {"uv": [8, 8.5, 8.5, 9.5], "rotation": 270, "texture": "#2"},
				"down": {"uv": [8, 8.5, 9, 9.5], "rotation": 90, "texture": "#2"}
			}
		},
		{
			"from": [4.71484, 8.39952, 0.80968],
			"to": [7.71484, 9.39952, 1.80968],
			"rotation": {"angle": -45, "axis": "z", "origin": [6.71484, 12.39952, 1.33984]},
			"faces": {
				"north": {"uv": [8, 8.5, 9, 9.5], "rotation": 90, "texture": "#2"},
				"east": {"uv": [8, 8.5, 9, 9.5], "rotation": 90, "texture": "#2"},
				"south": {"uv": [8, 8.5, 9, 9.5], "rotation": 90, "texture": "#2"},
				"west": {"uv": [8, 8.5, 9, 9.5], "rotation": 90, "texture": "#2"},
				"up": {"uv": [8, 8.5, 8.5, 9.5], "rotation": 270, "texture": "#2"},
				"down": {"uv": [8, 8.5, 9, 9.5], "rotation": 90, "texture": "#2"}
			}
		},
		{
			"from": [6.3829, -0.44626, 0.81389],
			"to": [7.37643, 4.55374, 1.81389],
			"rotation": {"angle": 0, "axis": "y", "origin": [-0.57854, -1.49792, 1.81189]},
			"faces": {
				"north": {"uv": [8, 8.5, 9, 9.5], "texture": "#2"},
				"east": {"uv": [8, 8.5, 8.5, 9.5], "rotation": 270, "texture": "#2"},
				"south": {"uv": [8, 8.5, 9, 9.5], "rotation": 180, "texture": "#2"},
				"west": {"uv": [8, 8.5, 9, 9.5], "rotation": 180, "texture": "#2"},
				"up": {"uv": [8, 8.5, 9, 9.5], "rotation": 270, "texture": "#2"},
				"down": {"uv": [8, 8.5, 9, 9.5], "texture": "#2"}
			}
		},
		{
			"from": [7.54033, -4.11926, 0.8174],
			"to": [10.54033, -3.11926, 1.8174],
			"rotation": {"angle": 45, "axis": "z", "origin": [9.54033, -11.11926, 1.3164]},
			"faces": {
				"north": {"uv": [8, 8.5, 9, 9.5], "rotation": 270, "texture": "#2"},
				"east": {"uv": [8, 8.5, 9, 9.5], "rotation": 270, "texture": "#2"},
				"south": {"uv": [8, 8.5, 9, 9.5], "rotation": 270, "texture": "#2"},
				"west": {"uv": [8, 8.5, 9, 9.5], "rotation": 270, "texture": "#2"},
				"up": {"uv": [8, 8.5, 9, 9.5], "rotation": 270, "texture": "#2"},
				"down": {"uv": [8, 8.5, 8.5, 9.5], "rotation": 270, "texture": "#2"}
			}
		},
		{
			"name": "handle",
			"from": [-1, -1, -5],
			"to": [1, 5, 1],
			"faces": {
				"north": {"uv": [12, 2, 16, 14], "texture": "#4"},
				"east": {"uv": [2, 2, 14, 14], "texture": "#4"},
				"south": {"uv": [12, 2, 16, 14], "rotation": 180, "texture": "#4"},
				"west": {"uv": [2, 2, 14, 14], "texture": "#4"},
				"up": {"uv": [12, 2, 16, 14], "rotation": 180, "texture": "#4"},
				"down": {"uv": [12, 2, 16, 14], "rotation": 180, "texture": "#4"}
			}
		}
	],
	"gui_light": "front",
	"display": {
		"thirdperson_righthand": {
			"rotation": [0, 90, 0],
			"translation": [10, 4, -4]
		},
		"thirdperson_lefthand": {
			"rotation": [0, 90, 0],
			"translation": [10, 4, 12]
		},
		"firstperson_righthand": {
			"rotation": [0, 180, 5],
			"translation": [-10, 1, -10],
			"scale": [1.25, 1.25, 1.25]
		},
		"firstperson_lefthand": {
			"rotation": [0, 180, 5],
			"translation": [10, -1, -10],
			"scale": [1.25, 1.25, 1.25]
		},
		"ground": {
			"translation": [4, 4, 2],
			"scale": [0.25, 0.25, 0.25]
		},
		"gui": {
			"rotation": [15, -25, -5],
			"translation": [2, 2, 0],
			"scale": [0.65, 0.65, 0.65]
		},
		"fixed": {
			"rotation": [0, 180, 0],
			"translation": [-15.9, 12, -13.5],
			"scale": [2, 2, 2]
		}
	},
	"groups": [0, 1,
		{
			"name": "Border",
			"origin": [8, 8, 8],
			"children": [2, 3, 4, 5, 6, 7, 8, 9, 10, 11, 12, 13, 14, 15, 16, 17]
		}, 18]
}
