{
	"credit": "Made with Blockbench",
	"parent": "concrete:equipment/shields/round_plain",
	"textures": {
		"1": "concrete:equipment/shields/round_base0",
		"2": "concrete:equipment/shields/round_border04",
		"particle": "concrete:equipment/shields/round_base0",
		"1_3": "concrete:equipment/shields/round_pattern10"
	},
	"elements": [
		{
			"name": "Shield Base",
			"from": [0, 0, 7.01],
			"to": [16, 16, 7.74],
			"faces": {
				"north": {"uv": [2.5, 2.5, 13.5, 13.5], "texture": "#1_3"}
			}
		},
		{
			"name": "Patten",
			"from": [0, 0, 7.24],
			"to": [16, 16, 7.978],
			"faces": {
				"south": {"uv": [2.5, 2.5, 13.5, 13.5], "texture": "#1_3"}
			}
		},
		{
			"name": "Shield Boss",
			"from": [6.5, 6.5, 7.26],
			"to": [9.5, 9.5, 8.24],
			"faces": {
				"north": {"uv": [7, 7, 8.907, 8.907], "texture": "#1"},
				"east": {"uv": [8.625, 7, 8.907, 8.907], "texture": "#1"},
				"south": {"uv": [7, 7, 8.907, 8.907], "texture": "#1"},
				"west": {"uv": [7, 7, 7.407, 8.907], "texture": "#1"},
				"up": {"uv": [7, 7, 8.907, 7.282], "texture": "#1"},
				"down": {"uv": [7, 8.625, 8.907, 8.907], "texture": "#1"}
			}
		},
		{
			"name": "Shield Boss",
			"from": [7.8, 7.7, 7.56],
			"to": [8.4, 8.2, 8.74],
			"rotation": {"angle": 0, "axis": "y", "origin": [8.1, 7.9, 8.3]},
			"faces": {
				"north": {"uv": [8.125, 7.625, 8.407, 7.907], "texture": "#1"},
				"east": {"uv": [8.125, 7.625, 8.407, 7.907], "texture": "#1"},
				"south": {"uv": [8.125, 7.625, 8.407, 7.907], "texture": "#1"},
				"west": {"uv": [7.625, 7.625, 7.782, 8.282], "texture": "#1"},
				"up": {"uv": [7.625, 7.625, 8.407, 7.907], "texture": "#1"},
				"down": {"uv": [7.75, 8.125, 8.282, 8.282], "texture": "#1"}
			}
		},
		{
			"name": "Shield Boss",
			"from": [7.6, 7.4, 8.66],
			"to": [8.6, 8.4, 8.84],
			"rotation": {"angle": 0, "axis": "y", "origin": [8.1, 7.9, 8.4]},
			"faces": {
				"north": {"uv": [7.625, 8.125, 7.75, 8.5], "texture": "#1"},
				"east": {"uv": [8.25, 7.875, 8.375, 8.25], "texture": "#1"},
				"south": {"uv": [7.625, 7.75, 8.375, 8.25], "texture": "#1"},
				"west": {"uv": [7.75, 7.75, 7.875, 8.25], "texture": "#1"},
				"up": {"uv": [7.75, 7.625, 8.25, 7.875], "texture": "#1"},
				"down": {"uv": [7.625, 8.125, 7.75, 8.5], "texture": "#1"}
			}
		},
		{
			"name": "Shield Boss",
			"from": [4.4, 7.4, 7.96],
			"to": [5.4, 8.4, 8.14],
			"rotation": {"angle": 0, "axis": "y", "origin": [4.9, 7.9, 7.7]},
			"faces": {
				"north": {"uv": [7.625, 8.125, 7.75, 8.5], "texture": "#1"},
				"east": {"uv": [7.625, 8.125, 7.75, 8.5], "texture": "#1"},
				"south": {"uv": [7.625, 8.125, 7.75, 8.5], "texture": "#1"},
				"west": {"uv": [7.625, 8.125, 7.75, 8.5], "texture": "#1"},
				"up": {"uv": [7.625, 8.125, 7.75, 8.5], "texture": "#1"},
				"down": {"uv": [7.625, 8.125, 7.75, 8.5], "texture": "#1"}
			}
		},
		{
			"name": "Shield Boss",
			"from": [10.9, 7.4, 7.96],
			"to": [11.9, 8.4, 8.14],
			"rotation": {"angle": 0, "axis": "y", "origin": [11.4, 7.9, 7.7]},
			"faces": {
				"north": {"uv": [7.625, 8.125, 7.75, 8.5], "texture": "#1"},
				"east": {"uv": [7.625, 8.125, 7.75, 8.5], "texture": "#1"},
				"south": {"uv": [7.625, 8.125, 7.75, 8.5], "texture": "#1"},
				"west": {"uv": [7.625, 8.125, 7.75, 8.5], "texture": "#1"},
				"up": {"uv": [7.625, 8.125, 7.75, 8.5], "texture": "#1"},
				"down": {"uv": [7.625, 8.125, 7.75, 8.5], "texture": "#1"}
			}
		},
		{
			"name": "hexadecagon",
			"from": [6.37688, 15.14, 7],
			"to": [9.62312, 16.16, 8],
			"rotation": {"angle": -45, "axis": "z", "origin": [8, 8, 7.5]},
			"faces": {
				"north": {"uv": [8, 8.5, 9, 9.5], "rotation": 90, "texture": "#2"},
				"east": {"uv": [8, 8.5, 9, 9.5], "rotation": 180, "texture": "#2"},
				"south": {"uv": [8, 8.5, 9, 9.5], "rotation": 90, "texture": "#2"},
				"west": {"uv": [8, 8.5, 9, 9.5], "rotation": 180, "texture": "#2"},
				"up": {"uv": [8, 8.5, 8.5, 9.5], "rotation": 180, "texture": "#2"},
				"down": {"uv": [8.5, 8.5, 9, 9.5], "rotation": 180, "texture": "#2"}
			}
		},
		{
			"name": "hexadecagon",
			"from": [6.37688, 15.14, 7],
			"to": [9.62312, 16.16, 8],
			"rotation": {"angle": -22.5, "axis": "z", "origin": [8, 8, 7.5]},
			"faces": {
				"north": {"uv": [8, 8.5, 9, 9.5], "rotation": 90, "texture": "#2"},
				"east": {"uv": [8, 8.5, 9, 9.5], "rotation": 180, "texture": "#2"},
				"south": {"uv": [8, 8.5, 9, 9.5], "rotation": 90, "texture": "#2"},
				"west": {"uv": [8, 8.5, 9, 9.5], "rotation": 180, "texture": "#2"},
				"up": {"uv": [8, 8.5, 8.5, 9.5], "rotation": 180, "texture": "#2"},
				"down": {"uv": [8.5, 8.5, 9, 9.5], "rotation": 180, "texture": "#2"}
			}
		},
		{
			"name": "hexadecagon",
			"from": [6.37688, 15.14, 7],
			"to": [9.62312, 16.16, 8],
			"rotation": {"angle": 0, "axis": "y", "origin": [8, 8, 7.5]},
			"faces": {
				"north": {"uv": [8, 8.5, 9, 9.5], "rotation": 90, "texture": "#2"},
				"east": {"uv": [8, 8.5, 9, 9.5], "rotation": 180, "texture": "#2"},
				"south": {"uv": [8, 8.5, 9, 9.5], "rotation": 90, "texture": "#2"},
				"west": {"uv": [8, 8.5, 9, 9.5], "rotation": 180, "texture": "#2"},
				"up": {"uv": [8, 8.5, 8.5, 9.5], "rotation": 180, "texture": "#2"},
				"down": {"uv": [8.5, 8.5, 9, 9.5], "rotation": 180, "texture": "#2"}
			}
		},
		{
			"name": "hexadecagon",
			"from": [6.37688, 15.14, 7],
			"to": [9.62312, 16.16, 8],
			"rotation": {"angle": 22.5, "axis": "z", "origin": [8, 8, 7.5]},
			"faces": {
				"north": {"uv": [8, 8.5, 9, 9.5], "rotation": 90, "texture": "#2"},
				"east": {"uv": [8, 8.5, 9, 9.5], "rotation": 180, "texture": "#2"},
				"south": {"uv": [8, 8.5, 9, 9.5], "rotation": 90, "texture": "#2"},
				"west": {"uv": [8, 8.5, 9, 9.5], "rotation": 180, "texture": "#2"},
				"up": {"uv": [8, 8.5, 8.5, 9.5], "rotation": 180, "texture": "#2"},
				"down": {"uv": [8.5, 8.5, 9, 9.5], "rotation": 180, "texture": "#2"}
			}
		},
		{
			"name": "hexadecagon",
			"from": [6.37688, 15.14, 7],
			"to": [9.62312, 16.16, 8],
			"rotation": {"angle": 45, "axis": "z", "origin": [8, 8, 7.5]},
			"faces": {
				"north": {"uv": [8, 8.5, 9, 9.5], "rotation": 90, "texture": "#2"},
				"east": {"uv": [8, 8.5, 9, 9.5], "rotation": 180, "texture": "#2"},
				"south": {"uv": [8, 8.5, 9, 9.5], "rotation": 90, "texture": "#2"},
				"west": {"uv": [8, 8.5, 9, 9.5], "rotation": 180, "texture": "#2"},
				"up": {"uv": [8, 8.5, 8.5, 9.5], "rotation": 180, "texture": "#2"},
				"down": {"uv": [8.5, 8.5, 9, 9.5], "rotation": 180, "texture": "#2"}
			}
		},
		{
			"name": "hexadecagon",
			"from": [6.37688, -0.16, 7],
			"to": [9.62312, 0.86, 8],
			"rotation": {"angle": -45, "axis": "z", "origin": [8, 8, 7.5]},
			"faces": {
				"north": {"uv": [8, 8.5, 9, 9.5], "rotation": 270, "texture": "#2"},
				"east": {"uv": [8, 8.5, 9, 9.5], "rotation": 180, "texture": "#2"},
				"south": {"uv": [8, 8.5, 9, 9.5], "rotation": 270, "texture": "#2"},
				"west": {"uv": [8, 8.5, 9, 9.5], "rotation": 180, "texture": "#2"},
				"up": {"uv": [8.5, 8.5, 9, 9.5], "rotation": 180, "texture": "#2"},
				"down": {"uv": [8, 8.5, 8.5, 9.5], "texture": "#2"}
			}
		},
		{
			"name": "hexadecagon",
			"from": [6.37688, -0.16, 7],
			"to": [9.62312, 0.86, 8],
			"rotation": {"angle": -22.5, "axis": "z", "origin": [8, 8, 7.5]},
			"faces": {
				"north": {"uv": [8, 8.5, 9, 9.5], "rotation": 270, "texture": "#2"},
				"east": {"uv": [8, 8.5, 9, 9.5], "rotation": 180, "texture": "#2"},
				"south": {"uv": [8, 8.5, 9, 9.5], "rotation": 270, "texture": "#2"},
				"west": {"uv": [8, 8.5, 9, 9.5], "rotation": 180, "texture": "#2"},
				"up": {"uv": [8.5, 8.5, 9, 9.5], "rotation": 180, "texture": "#2"},
				"down": {"uv": [8, 8.5, 8.5, 9.5], "texture": "#2"}
			}
		},
		{
			"name": "hexadecagon",
			"from": [6.37688, -0.16, 7],
			"to": [9.62312, 0.86, 8],
			"rotation": {"angle": 0, "axis": "y", "origin": [8, 8, 7.5]},
			"faces": {
				"north": {"uv": [8, 8.5, 9, 9.5], "rotation": 270, "texture": "#2"},
				"east": {"uv": [8, 8.5, 9, 9.5], "rotation": 180, "texture": "#2"},
				"south": {"uv": [8, 8.5, 9, 9.5], "rotation": 270, "texture": "#2"},
				"west": {"uv": [8, 8.5, 9, 9.5], "rotation": 180, "texture": "#2"},
				"up": {"uv": [8.5, 8.5, 9, 9.5], "rotation": 180, "texture": "#2"},
				"down": {"uv": [8, 8.5, 8.5, 9.5], "texture": "#2"}
			}
		},
		{
			"name": "hexadecagon",
			"from": [6.37688, -0.16, 7],
			"to": [9.62312, 0.86, 8],
			"rotation": {"angle": 22.5, "axis": "z", "origin": [8, 8, 7.5]},
			"faces": {
				"north": {"uv": [8, 8.5, 9, 9.5], "rotation": 270, "texture": "#2"},
				"east": {"uv": [8, 8.5, 9, 9.5], "rotation": 180, "texture": "#2"},
				"south": {"uv": [8, 8.5, 9, 9.5], "rotation": 270, "texture": "#2"},
				"west": {"uv": [8, 8.5, 9, 9.5], "rotation": 180, "texture": "#2"},
				"up": {"uv": [8.5, 8.5, 9, 9.5], "rotation": 180, "texture": "#2"},
				"down": {"uv": [8, 8.5, 8.5, 9.5], "texture": "#2"}
			}
		},
		{
			"name": "hexadecagon",
			"from": [6.37688, -0.16, 7],
			"to": [9.62312, 0.86, 8],
			"rotation": {"angle": 45, "axis": "z", "origin": [8, 8, 7.5]},
			"faces": {
				"north": {"uv": [8, 8.5, 9, 9.5], "rotation": 270, "texture": "#2"},
				"east": {"uv": [8, 8.5, 9, 9.5], "rotation": 180, "texture": "#2"},
				"south": {"uv": [8, 8.5, 9, 9.5], "rotation": 270, "texture": "#2"},
				"west": {"uv": [8, 8.5, 9, 9.5], "rotation": 180, "texture": "#2"},
				"up": {"uv": [8.5, 8.5, 9, 9.5], "rotation": 180, "texture": "#2"},
				"down": {"uv": [8, 8.5, 8.5, 9.5], "texture": "#2"}
			}
		},
		{
			"name": "hexadecagon",
			"from": [-0.16, 6.37688, 7],
			"to": [0.86, 9.62312, 8],
			"rotation": {"angle": -22.5, "axis": "z", "origin": [8, 8, 7.5]},
			"faces": {
				"north": {"uv": [8, 8.5, 9, 9.5], "rotation": 180, "texture": "#2"},
				"east": {"uv": [8.5, 8.5, 9, 9.5], "rotation": 180, "texture": "#2"},
				"south": {"uv": [8, 8.5, 9, 9.5], "texture": "#2"},
				"west": {"uv": [8, 8.5, 8.5, 9.5], "rotation": 90, "texture": "#2"},
				"up": {"uv": [8, 8.5, 9, 9.5], "rotation": 180, "texture": "#2"},
				"down": {"uv": [8, 8.5, 9, 9.5], "rotation": 180, "texture": "#2"}
			}
		},
		{
			"name": "hexadecagon",
			"from": [-0.16, 6.37688, 7],
			"to": [0.86, 9.62312, 8],
			"rotation": {"angle": 0, "axis": "y", "origin": [8, 8, 7.5]},
			"faces": {
				"north": {"uv": [8, 8.5, 9, 9.5], "rotation": 180, "texture": "#2"},
				"east": {"uv": [8.5, 8.5, 9, 9.5], "rotation": 180, "texture": "#2"},
				"south": {"uv": [8, 8.5, 9, 9.5], "texture": "#2"},
				"west": {"uv": [8, 8.5, 8.5, 9.5], "rotation": 90, "texture": "#2"},
				"up": {"uv": [8, 8.5, 9, 9.5], "rotation": 180, "texture": "#2"},
				"down": {"uv": [8, 8.5, 9, 9.5], "rotation": 180, "texture": "#2"}
			}
		},
		{
			"name": "hexadecagon",
			"from": [-0.16, 6.37688, 7],
			"to": [0.86, 9.62312, 8],
			"rotation": {"angle": 22.5, "axis": "z", "origin": [8, 8, 7.5]},
			"faces": {
				"north": {"uv": [8, 8.5, 9, 9.5], "rotation": 180, "texture": "#2"},
				"east": {"uv": [8.5, 8.5, 9, 9.5], "rotation": 180, "texture": "#2"},
				"south": {"uv": [8, 8.5, 9, 9.5], "texture": "#2"},
				"west": {"uv": [8, 8.5, 8.5, 9.5], "rotation": 90, "texture": "#2"},
				"up": {"uv": [8, 8.5, 9, 9.5], "rotation": 180, "texture": "#2"},
				"down": {"uv": [8, 8.5, 9, 9.5], "rotation": 180, "texture": "#2"}
			}
		},
		{
			"name": "hexadecagon",
			"from": [15.14, 6.37688, 7],
			"to": [16.16, 9.62312, 8],
			"rotation": {"angle": -22.5, "axis": "z", "origin": [8, 8, 7.5]},
			"faces": {
				"north": {"uv": [8, 8.5, 9, 9.5], "texture": "#2"},
				"east": {"uv": [8, 8.5, 8.5, 9.5], "rotation": 270, "texture": "#2"},
				"south": {"uv": [8, 8.5, 9, 9.5], "rotation": 180, "texture": "#2"},
				"west": {"uv": [8.5, 8.5, 9, 9.5], "rotation": 180, "texture": "#2"},
				"up": {"uv": [8, 8.5, 9, 9.5], "rotation": 180, "texture": "#2"},
				"down": {"uv": [8, 8.5, 9, 9.5], "rotation": 180, "texture": "#2"}
			}
		},
		{
			"name": "hexadecagon",
			"from": [15.14, 6.37688, 7],
			"to": [16.16, 9.62312, 8],
			"rotation": {"angle": 0, "axis": "y", "origin": [8, 8, 7.5]},
			"faces": {
				"north": {"uv": [8, 8.5, 9, 9.5], "texture": "#2"},
				"east": {"uv": [8, 8.5, 8.5, 9.5], "rotation": 270, "texture": "#2"},
				"south": {"uv": [8, 8.5, 9, 9.5], "rotation": 180, "texture": "#2"},
				"west": {"uv": [8.5, 8.5, 9, 9.5], "rotation": 180, "texture": "#2"},
				"up": {"uv": [8, 8.5, 9, 9.5], "rotation": 180, "texture": "#2"},
				"down": {"uv": [8, 8.5, 9, 9.5], "rotation": 180, "texture": "#2"}
			}
		},
		{
			"name": "hexadecagon",
			"from": [15.14, 6.37688, 7],
			"to": [16.16, 9.62312, 8],
			"rotation": {"angle": 22.5, "axis": "z", "origin": [8, 8, 7.5]},
			"faces": {
				"north": {"uv": [8, 8.5, 9, 9.5], "texture": "#2"},
				"east": {"uv": [8, 8.5, 8.5, 9.5], "rotation": 270, "texture": "#2"},
				"south": {"uv": [8, 8.5, 9, 9.5], "rotation": 180, "texture": "#2"},
				"west": {"uv": [8.5, 8.5, 9, 9.5], "rotation": 180, "texture": "#2"},
				"up": {"uv": [8, 8.5, 9, 9.5], "rotation": 180, "texture": "#2"},
				"down": {"uv": [8, 8.5, 9, 9.5], "rotation": 180, "texture": "#2"}
			}
		},
		{
			"name": "Shield Boss",
			"from": [4.8, 2.8, 7.96],
			"to": [7.6, 3.4, 8.14],
			"rotation": {"angle": -22.5, "axis": "z", "origin": [6.2, 3.1, 7.7]},
			"faces": {
				"north": {"uv": [7.625, 8.125, 7.75, 8.5], "texture": "#1"},
				"east": {"uv": [7.625, 8.125, 7.75, 8.5], "texture": "#1"},
				"south": {"uv": [7.625, 8.125, 7.75, 8.5], "texture": "#1"},
				"west": {"uv": [7.625, 8.125, 7.75, 8.5], "texture": "#1"},
				"up": {"uv": [7.625, 8.125, 7.75, 8.5], "texture": "#1"},
				"down": {"uv": [7.625, 8.125, 7.75, 8.5], "texture": "#1"}
			}
		},
		{
			"name": "Shield Boss",
			"from": [6.1, 2.6, 7.86],
			"to": [6.3, 3.6, 8.14],
			"rotation": {"angle": -22.5, "axis": "z", "origin": [6.2, 3.1, 7.6]},
			"faces": {
				"north": {"uv": [7.625, 8.125, 7.75, 8.5], "texture": "#1"},
				"east": {"uv": [7.625, 8.125, 7.75, 8.5], "texture": "#1"},
				"south": {"uv": [7.625, 8.125, 7.75, 8.5], "texture": "#1"},
				"west": {"uv": [7.625, 8.125, 7.75, 8.5], "texture": "#1"},
				"up": {"uv": [7.625, 8.125, 7.75, 8.5], "texture": "#1"},
				"down": {"uv": [7.625, 8.125, 7.75, 8.5], "texture": "#1"}
			}
		},
		{
			"name": "Shield Boss",
			"from": [5.44556, 2.91272, 7.96],
			"to": [6.34556, 3.31272, 8.14],
			"rotation": {"angle": -45, "axis": "z", "origin": [5.84556, 3.31272, 7.7]},
			"faces": {
				"north": {"uv": [7.625, 8.125, 7.75, 8.5], "texture": "#1"},
				"east": {"uv": [7.625, 8.125, 7.75, 8.5], "texture": "#1"},
				"south": {"uv": [7.625, 8.125, 7.75, 8.5], "texture": "#1"},
				"west": {"uv": [7.625, 8.125, 7.75, 8.5], "texture": "#1"},
				"up": {"uv": [7.625, 8.125, 7.75, 8.5], "texture": "#1"},
				"down": {"uv": [7.625, 8.125, 7.75, 8.5], "texture": "#1"}
			}
		},
		{
			"name": "Shield Boss",
			"from": [6.5787, 2.75296, 7.96],
			"to": [7.4787, 3.15296, 8.14],
			"rotation": {"angle": -45, "axis": "z", "origin": [6.9787, 3.45296, 7.7]},
			"faces": {
				"north": {"uv": [7.625, 8.125, 7.75, 8.5], "texture": "#1"},
				"east": {"uv": [7.625, 8.125, 7.75, 8.5], "texture": "#1"},
				"south": {"uv": [7.625, 8.125, 7.75, 8.5], "texture": "#1"},
				"west": {"uv": [7.625, 8.125, 7.75, 8.5], "texture": "#1"},
				"up": {"uv": [7.625, 8.125, 7.75, 8.5], "texture": "#1"},
				"down": {"uv": [7.625, 8.125, 7.75, 8.5], "texture": "#1"}
			}
		},
		{
			"name": "Shield Boss",
			"from": [5.39895, 3.20021, 7.96],
			"to": [6.29895, 3.60021, 8.14],
			"rotation": {"angle": 0, "axis": "y", "origin": [5.79895, 3.90021, 7.7]},
			"faces": {
				"north": {"uv": [7.625, 8.125, 7.75, 8.5], "texture": "#1"},
				"east": {"uv": [7.625, 8.125, 7.75, 8.5], "texture": "#1"},
				"south": {"uv": [7.625, 8.125, 7.75, 8.5], "texture": "#1"},
				"west": {"uv": [7.625, 8.125, 7.75, 8.5], "texture": "#1"},
				"up": {"uv": [7.625, 8.125, 7.75, 8.5], "texture": "#1"},
				"down": {"uv": [7.625, 8.125, 7.75, 8.5], "texture": "#1"}
			}
		},
		{
			"name": "Shield Boss",
			"from": [6.10105, 2.59979, 7.96],
			"to": [7.00105, 2.89979, 8.14],
			"rotation": {"angle": 0, "axis": "y", "origin": [6.50105, 2.99979, 7.7]},
			"faces": {
				"north": {"uv": [7.625, 8.125, 7.75, 8.5], "texture": "#1"},
				"east": {"uv": [7.625, 8.125, 7.75, 8.5], "texture": "#1"},
				"south": {"uv": [7.625, 8.125, 7.75, 8.5], "texture": "#1"},
				"west": {"uv": [7.625, 8.125, 7.75, 8.5], "texture": "#1"},
				"up": {"uv": [7.625, 8.125, 7.75, 8.5], "texture": "#1"},
				"down": {"uv": [7.625, 8.125, 7.75, 8.5], "texture": "#1"}
			}
		}
	],
	"display": {
		"thirdperson_righthand": {
			"rotation": [59.5, 133, 0],
			"translation": [1.5, 1.25, 1],
			"scale": [1.25, 1.25, 1]
		},
		"thirdperson_lefthand": {
			"rotation": [59.5, 133, 0],
			"translation": [1.5, 1.25, 1],
			"scale": [1.25, 1.25, 1]
		},
		"firstperson_righthand": {
			"rotation": [9, -180, -4],
			"translation": [0.5, -7.75, -3],
			"scale": [1.5, 1.5, 1.1]
		},
		"firstperson_lefthand": {
			"rotation": [9, -180, -4],
			"translation": [0.5, -7.75, -3],
			"scale": [1.5, 1.5, 1.1]
		},
		"ground": {
			"translation": [0, 5.75, 0],
			"scale": [1, 1, 0.5]
		},
		"gui": {
			"rotation": [15, -25, -5],
			"translation": [0, 0, -10]
		},
		"fixed": {
			"rotation": [0.5, 180.1, 0],
			"translation": [0, 0, -1],
			"scale": [2, 2, 2]
		}
	},
	"groups": [0, 1, 2, 3, 4, 5, 6,
		{
			"name": "border",
			"origin": [8, 8, 8],
			"children": [7, 8, 9, 10, 11, 12, 13, 14, 15, 16, 17, 18, 19, 20, 21, 22]
		},
		{
			"name": "round_blackred",
			"origin": [8, 8, 8],
			"children": []
		},
		{
			"name": "round_bluewhite_swirl",
			"origin": [8, 8, 8],
			"children": []
		},
		{
			"name": "group",
			"origin": [8.1, 4, 7.7],
			"children": [23, 24, 25, 26, 27, 28]
		}
	]
}