{
	"credit": "Made with Blockbench",
    "parent": "concrete:equipment/shields/round_redwhite_cross",
	"display": {
		"thirdperson_righthand": {
			"rotation": [45, 154, 0],
			"translation": [3.75, 0.25, -0.25],
			"scale": [1.25, 1.25, 1]
		},
		"thirdperson_lefthand": {
			"rotation": [45, 154, 0],
			"translation": [3.75, 0.25, -0.25],
			"scale": [1.25, 1.25, 1]
		},
		"firstperson_righthand": {
			"rotation": [1, -180, -7],
			"translation": [-1, -2, -3],
			"scale": [1.5, 1.5, 1.1]
		},
		"firstperson_lefthand": {
			"rotation": [1, -180, -7],
			"translation": [-1, -2, -3],
			"scale": [1.5, 1.5, 1.1]
		}
	}
}