{
	"credit": "Made with Blockbench",
	"parent": "concrete:equipment/shields/round_plain",
	"textures": {
		"1": "concrete:equipment/shields/round_pattern0",
		"2": "concrete:equipment/shields/round_border05",
		"particle": "concrete:equipment/shields/round_pattern0",
		"3_3": "concrete:equipment/shields/round_pattern4"
	},
	"elements": [
		{
			"name": "Shield Base",
			"from": [0, 0, 7.01],
			"to": [16, 16, 7.74],
			"faces": {
				"north": {"uv": [2.5, 2.5, 13.5, 13.5], "texture": "#1"}
			}
		},
		{
			"name": "Patten",
			"from": [0, 0, 7.24],
			"to": [16, 16, 7.978],
			"faces": {
				"south": {"uv": [2.5, 13.5, 13.5, 2.5], "texture": "#3_3"}
			}
		},
		{
			"name": "Shield Boss",
			"from": [6.5, 6.5, 7.26],
			"to": [9.5, 9.5, 8.24],
			"faces": {
				"north": {"uv": [7, 7, 8.907, 8.907], "texture": "#3_3"},
				"east": {"uv": [7, 7, 8.907, 8.907], "texture": "#3_3"},
				"south": {"uv": [7, 7, 8.907, 8.907], "texture": "#3_3"},
				"west": {"uv": [7, 7, 8.907, 8.907], "texture": "#3_3"},
				"up": {"uv": [7, 7, 8.907, 8.907], "texture": "#3_3"},
				"down": {"uv": [7, 7, 8.907, 8.907], "texture": "#3_3"}
			}
		},
		{
			"name": "hexadecagon",
			"from": [6.37688, 15.14, 7],
			"to": [9.62312, 16.16, 8],
			"rotation": {"angle": -45, "axis": "z", "origin": [8, 8, 7.5]},
			"faces": {
				"north": {"uv": [8, 8.5, 9, 9.5], "rotation": 90, "texture": "#2"},
				"east": {"uv": [8, 8.5, 9, 9.5], "rotation": 180, "texture": "#2"},
				"south": {"uv": [8, 8.5, 9, 9.5], "rotation": 90, "texture": "#2"},
				"west": {"uv": [8, 8.5, 9, 9.5], "rotation": 180, "texture": "#2"},
				"up": {"uv": [8, 8.5, 8.5, 9.5], "rotation": 180, "texture": "#2"},
				"down": {"uv": [8.5, 8.5, 9, 9.5], "rotation": 180, "texture": "#2"}
			}
		},
		{
			"name": "hexadecagon",
			"from": [6.37688, 15.14, 7],
			"to": [9.62312, 16.16, 8],
			"rotation": {"angle": -22.5, "axis": "z", "origin": [8, 8, 7.5]},
			"faces": {
				"north": {"uv": [8, 8.5, 9, 9.5], "rotation": 90, "texture": "#2"},
				"east": {"uv": [8, 8.5, 9, 9.5], "rotation": 180, "texture": "#2"},
				"south": {"uv": [8, 8.5, 9, 9.5], "rotation": 90, "texture": "#2"},
				"west": {"uv": [8, 8.5, 9, 9.5], "rotation": 180, "texture": "#2"},
				"up": {"uv": [8, 8.5, 8.5, 9.5], "rotation": 180, "texture": "#2"},
				"down": {"uv": [8.5, 8.5, 9, 9.5], "rotation": 180, "texture": "#2"}
			}
		},
		{
			"name": "hexadecagon",
			"from": [6.37688, 15.14, 7],
			"to": [9.62312, 16.16, 8],
			"rotation": {"angle": 0, "axis": "y", "origin": [8, 8, 7.5]},
			"faces": {
				"north": {"uv": [8, 8.5, 9, 9.5], "rotation": 90, "texture": "#2"},
				"east": {"uv": [8, 8.5, 9, 9.5], "rotation": 180, "texture": "#2"},
				"south": {"uv": [8, 8.5, 9, 9.5], "rotation": 90, "texture": "#2"},
				"west": {"uv": [8, 8.5, 9, 9.5], "rotation": 180, "texture": "#2"},
				"up": {"uv": [8, 8.5, 8.5, 9.5], "rotation": 180, "texture": "#2"},
				"down": {"uv": [8.5, 8.5, 9, 9.5], "rotation": 180, "texture": "#2"}
			}
		},
		{
			"name": "hexadecagon",
			"from": [6.37688, 15.14, 7],
			"to": [9.62312, 16.16, 8],
			"rotation": {"angle": 22.5, "axis": "z", "origin": [8, 8, 7.5]},
			"faces": {
				"north": {"uv": [8, 8.5, 9, 9.5], "rotation": 90, "texture": "#2"},
				"east": {"uv": [8, 8.5, 9, 9.5], "rotation": 180, "texture": "#2"},
				"south": {"uv": [8, 8.5, 9, 9.5], "rotation": 90, "texture": "#2"},
				"west": {"uv": [8, 8.5, 9, 9.5], "rotation": 180, "texture": "#2"},
				"up": {"uv": [8, 8.5, 8.5, 9.5], "rotation": 180, "texture": "#2"},
				"down": {"uv": [8.5, 8.5, 9, 9.5], "rotation": 180, "texture": "#2"}
			}
		},
		{
			"name": "hexadecagon",
			"from": [6.37688, 15.14, 7],
			"to": [9.62312, 16.16, 8],
			"rotation": {"angle": 45, "axis": "z", "origin": [8, 8, 7.5]},
			"faces": {
				"north": {"uv": [8, 8.5, 9, 9.5], "rotation": 90, "texture": "#2"},
				"east": {"uv": [8, 8.5, 9, 9.5], "rotation": 180, "texture": "#2"},
				"south": {"uv": [8, 8.5, 9, 9.5], "rotation": 90, "texture": "#2"},
				"west": {"uv": [8, 8.5, 9, 9.5], "rotation": 180, "texture": "#2"},
				"up": {"uv": [8, 8.5, 8.5, 9.5], "rotation": 180, "texture": "#2"},
				"down": {"uv": [8.5, 8.5, 9, 9.5], "rotation": 180, "texture": "#2"}
			}
		},
		{
			"name": "hexadecagon",
			"from": [6.37688, -0.16, 7],
			"to": [9.62312, 0.86, 8],
			"rotation": {"angle": -45, "axis": "z", "origin": [8, 8, 7.5]},
			"faces": {
				"north": {"uv": [8, 8.5, 9, 9.5], "rotation": 270, "texture": "#2"},
				"east": {"uv": [8, 8.5, 9, 9.5], "rotation": 180, "texture": "#2"},
				"south": {"uv": [8, 8.5, 9, 9.5], "rotation": 270, "texture": "#2"},
				"west": {"uv": [8, 8.5, 9, 9.5], "rotation": 180, "texture": "#2"},
				"up": {"uv": [8.5, 8.5, 9, 9.5], "rotation": 180, "texture": "#2"},
				"down": {"uv": [8, 8.5, 8.5, 9.5], "texture": "#2"}
			}
		},
		{
			"name": "hexadecagon",
			"from": [6.37688, -0.16, 7],
			"to": [9.62312, 0.86, 8],
			"rotation": {"angle": -22.5, "axis": "z", "origin": [8, 8, 7.5]},
			"faces": {
				"north": {"uv": [8, 8.5, 9, 9.5], "rotation": 270, "texture": "#2"},
				"east": {"uv": [8, 8.5, 9, 9.5], "rotation": 180, "texture": "#2"},
				"south": {"uv": [8, 8.5, 9, 9.5], "rotation": 270, "texture": "#2"},
				"west": {"uv": [8, 8.5, 9, 9.5], "rotation": 180, "texture": "#2"},
				"up": {"uv": [8.5, 8.5, 9, 9.5], "rotation": 180, "texture": "#2"},
				"down": {"uv": [8, 8.5, 8.5, 9.5], "texture": "#2"}
			}
		},
		{
			"name": "hexadecagon",
			"from": [6.37688, -0.16, 7],
			"to": [9.62312, 0.86, 8],
			"rotation": {"angle": 0, "axis": "y", "origin": [8, 8, 7.5]},
			"faces": {
				"north": {"uv": [8, 8.5, 9, 9.5], "rotation": 270, "texture": "#2"},
				"east": {"uv": [8, 8.5, 9, 9.5], "rotation": 180, "texture": "#2"},
				"south": {"uv": [8, 8.5, 9, 9.5], "rotation": 270, "texture": "#2"},
				"west": {"uv": [8, 8.5, 9, 9.5], "rotation": 180, "texture": "#2"},
				"up": {"uv": [8.5, 8.5, 9, 9.5], "rotation": 180, "texture": "#2"},
				"down": {"uv": [8, 8.5, 8.5, 9.5], "texture": "#2"}
			}
		},
		{
			"name": "hexadecagon",
			"from": [6.37688, -0.16, 7],
			"to": [9.62312, 0.86, 8],
			"rotation": {"angle": 22.5, "axis": "z", "origin": [8, 8, 7.5]},
			"faces": {
				"north": {"uv": [8, 8.5, 9, 9.5], "rotation": 270, "texture": "#2"},
				"east": {"uv": [8, 8.5, 9, 9.5], "rotation": 180, "texture": "#2"},
				"south": {"uv": [8, 8.5, 9, 9.5], "rotation": 270, "texture": "#2"},
				"west": {"uv": [8, 8.5, 9, 9.5], "rotation": 180, "texture": "#2"},
				"up": {"uv": [8.5, 8.5, 9, 9.5], "rotation": 180, "texture": "#2"},
				"down": {"uv": [8, 8.5, 8.5, 9.5], "texture": "#2"}
			}
		},
		{
			"name": "hexadecagon",
			"from": [6.37688, -0.16, 7],
			"to": [9.62312, 0.86, 8],
			"rotation": {"angle": 45, "axis": "z", "origin": [8, 8, 7.5]},
			"faces": {
				"north": {"uv": [8, 8.5, 9, 9.5], "rotation": 270, "texture": "#2"},
				"east": {"uv": [8, 8.5, 9, 9.5], "rotation": 180, "texture": "#2"},
				"south": {"uv": [8, 8.5, 9, 9.5], "rotation": 270, "texture": "#2"},
				"west": {"uv": [8, 8.5, 9, 9.5], "rotation": 180, "texture": "#2"},
				"up": {"uv": [8.5, 8.5, 9, 9.5], "rotation": 180, "texture": "#2"},
				"down": {"uv": [8, 8.5, 8.5, 9.5], "texture": "#2"}
			}
		},
		{
			"name": "hexadecagon",
			"from": [-0.16, 6.37688, 7],
			"to": [0.86, 9.62312, 8],
			"rotation": {"angle": -22.5, "axis": "z", "origin": [8, 8, 7.5]},
			"faces": {
				"north": {"uv": [8, 8.5, 9, 9.5], "rotation": 180, "texture": "#2"},
				"east": {"uv": [8.5, 8.5, 9, 9.5], "rotation": 180, "texture": "#2"},
				"south": {"uv": [8, 8.5, 9, 9.5], "texture": "#2"},
				"west": {"uv": [8, 8.5, 8.5, 9.5], "rotation": 90, "texture": "#2"},
				"up": {"uv": [8, 8.5, 9, 9.5], "rotation": 180, "texture": "#2"},
				"down": {"uv": [8, 8.5, 9, 9.5], "rotation": 180, "texture": "#2"}
			}
		},
		{
			"name": "hexadecagon",
			"from": [-0.16, 6.37688, 7],
			"to": [0.86, 9.62312, 8],
			"rotation": {"angle": 0, "axis": "y", "origin": [8, 8, 7.5]},
			"faces": {
				"north": {"uv": [8, 8.5, 9, 9.5], "rotation": 180, "texture": "#2"},
				"east": {"uv": [8.5, 8.5, 9, 9.5], "rotation": 180, "texture": "#2"},
				"south": {"uv": [8, 8.5, 9, 9.5], "texture": "#2"},
				"west": {"uv": [8, 8.5, 8.5, 9.5], "rotation": 90, "texture": "#2"},
				"up": {"uv": [8, 8.5, 9, 9.5], "rotation": 180, "texture": "#2"},
				"down": {"uv": [8, 8.5, 9, 9.5], "rotation": 180, "texture": "#2"}
			}
		},
		{
			"name": "hexadecagon",
			"from": [-0.16, 6.37688, 7],
			"to": [0.86, 9.62312, 8],
			"rotation": {"angle": 22.5, "axis": "z", "origin": [8, 8, 7.5]},
			"faces": {
				"north": {"uv": [8, 8.5, 9, 9.5], "rotation": 180, "texture": "#2"},
				"east": {"uv": [8.5, 8.5, 9, 9.5], "rotation": 180, "texture": "#2"},
				"south": {"uv": [8, 8.5, 9, 9.5], "texture": "#2"},
				"west": {"uv": [8, 8.5, 8.5, 9.5], "rotation": 90, "texture": "#2"},
				"up": {"uv": [8, 8.5, 9, 9.5], "rotation": 180, "texture": "#2"},
				"down": {"uv": [8, 8.5, 9, 9.5], "rotation": 180, "texture": "#2"}
			}
		},
		{
			"name": "hexadecagon",
			"from": [15.14, 6.37688, 7],
			"to": [16.16, 9.62312, 8],
			"rotation": {"angle": -22.5, "axis": "z", "origin": [8, 8, 7.5]},
			"faces": {
				"north": {"uv": [8, 8.5, 9, 9.5], "texture": "#2"},
				"east": {"uv": [8, 8.5, 8.5, 9.5], "rotation": 270, "texture": "#2"},
				"south": {"uv": [8, 8.5, 9, 9.5], "rotation": 180, "texture": "#2"},
				"west": {"uv": [8.5, 8.5, 9, 9.5], "rotation": 180, "texture": "#2"},
				"up": {"uv": [8, 8.5, 9, 9.5], "rotation": 180, "texture": "#2"},
				"down": {"uv": [8, 8.5, 9, 9.5], "rotation": 180, "texture": "#2"}
			}
		},
		{
			"name": "hexadecagon",
			"from": [15.14, 6.37688, 7],
			"to": [16.16, 9.62312, 8],
			"rotation": {"angle": 0, "axis": "y", "origin": [8, 8, 7.5]},
			"faces": {
				"north": {"uv": [8, 8.5, 9, 9.5], "texture": "#2"},
				"east": {"uv": [8, 8.5, 8.5, 9.5], "rotation": 270, "texture": "#2"},
				"south": {"uv": [8, 8.5, 9, 9.5], "rotation": 180, "texture": "#2"},
				"west": {"uv": [8.5, 8.5, 9, 9.5], "rotation": 180, "texture": "#2"},
				"up": {"uv": [8, 8.5, 9, 9.5], "rotation": 180, "texture": "#2"},
				"down": {"uv": [8, 8.5, 9, 9.5], "rotation": 180, "texture": "#2"}
			}
		},
		{
			"name": "hexadecagon",
			"from": [15.14, 6.37688, 7],
			"to": [16.16, 9.62312, 8],
			"rotation": {"angle": 22.5, "axis": "z", "origin": [8, 8, 7.5]},
			"faces": {
				"north": {"uv": [8, 8.5, 9, 9.5], "texture": "#2"},
				"east": {"uv": [8, 8.5, 8.5, 9.5], "rotation": 270, "texture": "#2"},
				"south": {"uv": [8, 8.5, 9, 9.5], "rotation": 180, "texture": "#2"},
				"west": {"uv": [8.5, 8.5, 9, 9.5], "rotation": 180, "texture": "#2"},
				"up": {"uv": [8, 8.5, 9, 9.5], "rotation": 180, "texture": "#2"},
				"down": {"uv": [8, 8.5, 9, 9.5], "rotation": 180, "texture": "#2"}
			}
		}
	],
	"display": {
		"thirdperson_righthand": {
			"rotation": [59.5, 133, 0],
			"translation": [1.5, 1.25, 1],
			"scale": [1.25, 1.25, 1]
		},
		"thirdperson_lefthand": {
			"rotation": [59.5, 133, 0],
			"translation": [1.5, 1.25, 1],
			"scale": [1.25, 1.25, 1]
		},
		"firstperson_righthand": {
			"rotation": [9, -180, -4],
			"translation": [0.5, -7.75, -3],
			"scale": [1.5, 1.5, 1.1]
		},
		"firstperson_lefthand": {
			"rotation": [9, -180, -4],
			"translation": [0.5, -7.75, -3],
			"scale": [1.5, 1.5, 1.1]
		},
		"ground": {
			"translation": [0, 2, 0],
			"scale": [1, 1, 0.5]
		},
		"gui": {
			"rotation": [15, -25, -5],
			"translation": [0, 0, -10]
		},
		"fixed": {
			"rotation": [0.5, 180.1, 0],
			"translation": [0, 0, -1],
			"scale": [2, 2, 2]
		}
	},
	"groups": [
		{
			"name": "shield",
			"origin": [8, 8, 8],
			"children": []
		},
		{
			"name": "round_plain",
			"origin": [8, 8, 8],
			"children": [0, 1, 2,
				{
					"name": "border",
					"origin": [8, 8, 8],
					"children": [3, 4, 5, 6, 7, 8, 9, 10, 11, 12, 13, 14, 15, 16, 17, 18]
				}
			]
		},
		{
			"name": "round_redwhite_swirl",
			"origin": [8, 8, 8],
			"children": []
		}
	]
}