{
	"texture_size": [64, 64],
	"textures": {
		"1": "concrete:helmets/byz_pot_padded",
		"2": "concrete:helmets/byz_pot_mask",
		"particle": "concrete:helmets/byz_pot_mask"
	},
	"elements": [
		{
			"from": [-1, 10, -1],
			"to": [17, 11, 17],
			"faces": {
				"north": {"uv": [9.5, 7, 14, 7.25], "texture": "#1"},
				"east": {"uv": [9.5, 7, 9.75, 11.5], "rotation": 90, "texture": "#1"},
				"south": {"uv": [9.75, 11.25, 14.25, 11.5], "texture": "#1"},
				"west": {"uv": [14, 7, 14.25, 11.5], "rotation": 90, "texture": "#1"},
				"up": {"uv": [9.5, 7, 14, 11.5], "texture": "#1"},
				"down": {"uv": [9.5, 7, 14, 11.5], "texture": "#1"}
			}
		},
		{
			"from": [0, 11, 0],
			"to": [16, 17, 16],
			"rotation": {"angle": 0, "axis": "y", "origin": [7, 8, 7]},
			"faces": {
				"north": {"uv": [4, 4.25, 8, 5.75], "texture": "#1"},
				"east": {"uv": [0, 4.25, 4, 5.75], "texture": "#1"},
				"south": {"uv": [12, 4.25, 16, 5.75], "texture": "#1"},
				"west": {"uv": [8, 4.25, 12, 5.75], "texture": "#1"},
				"up": {"uv": [4, 0, 8, 4], "texture": "#1"},
				"down": {"uv": [0, 0, 14, 14], "texture": "#missing"}
			}
		},
		{
			"from": [1, 17, 1],
			"to": [15, 18, 15],
			"rotation": {"angle": 0, "axis": "y", "origin": [7, 14, 7]},
			"faces": {
				"north": {"uv": [12, 0.25, 15.5, 0.5], "texture": "#1"},
				"east": {"uv": [12, 0.25, 12.25, 3.75], "rotation": 270, "texture": "#1"},
				"south": {"uv": [12, 0.25, 15.5, 0.5], "texture": "#1"},
				"west": {"uv": [15.25, 0.25, 15.5, 3.75], "rotation": 270, "texture": "#1"},
				"up": {"uv": [12, 0.25, 15.5, 3.75], "texture": "#1"},
				"down": {"uv": [0, 0, 14, 14], "texture": "#missing"}
			}
		},
		{
			"from": [0, 2, 0],
			"to": [16, 10, 16],
			"rotation": {"angle": 0, "axis": "y", "origin": [7, 8, 7]},
			"faces": {
				"north": {"uv": [8, 13.5, 12, 15.5], "texture": "#2"},
				"east": {"uv": [0, 13.5, 4, 15.5], "texture": "#2"},
				"south": {"uv": [12, 0, 16, 2], "texture": "#2"},
				"west": {"uv": [12, 13.5, 16, 15.5], "texture": "#2"},
				"down": {"uv": [12, 5.75, 16, 9.75], "texture": "#2"}
			}
		},
		{
			"from": [1, 1, 0],
			"to": [15, 2, 16],
			"rotation": {"angle": 0, "axis": "y", "origin": [7, 0, 7]},
			"faces": {
				"north": {"uv": [8.25, 15.5, 11.75, 15.75], "texture": "#2"},
				"east": {"uv": [11.75, 15.75, 15.75, 16], "texture": "#2"},
				"south": {"uv": [8.5, 15.25, 12, 15.5], "texture": "#2"},
				"west": {"uv": [11.75, 15.75, 15.75, 16], "texture": "#2"},
				"up": {"uv": [0, 0, 0, 0], "texture": "#2"},
				"down": {"uv": [12.25, 5.75, 15.75, 9.75], "texture": "#2"}
			}
		}
	],
	"display": {
		"thirdperson_righthand": {
			"rotation": [75, 45, 0],
			"translation": [0, 2.5, 0],
			"scale": [0.375, 0.375, 0.375]
		},
		"thirdperson_lefthand": {
			"rotation": [75, 45, 0],
			"translation": [0, 2.5, 0],
			"scale": [0.375, 0.375, 0.375]
		},
		"firstperson_righthand": {
			"rotation": [-14.5, 134.25, 0],
			"translation": [0, 4.25, 0],
			"scale": [0.4, 0.4, 0.4]
		},
		"firstperson_lefthand": {
			"rotation": [-14.5, 134.25, 0],
			"translation": [0, 4.25, 0],
			"scale": [0.4, 0.4, 0.4]
		},
		"ground": {
			"translation": [0, 3, 0],
			"scale": [0.33, 0.33, 0.33]
		},
		"gui": {
			"rotation": [30, 225, 0],
			"scale": [0.625, 0.625, 0.625]
		},
		"head": {
			"translation": [0, -0.98, 0],
			"scale": [0.91, 0.91, 0.91]
		},
		"fixed": {
			"rotation": [-77.25, 0, 0],
			"translation": [0, 0, -7.75]
		}
	}
}
