{
	"credit": "Made with Blockbench",
	"textures": {
		"0": "concrete:weapon/gun/arquebus",
		"particle": "concrete:weapon/gun/arquebus"
	},
	"elements": [
		{
			"from": [9.6, 5.3, 14.8],
			"to": [10.8, 7.8, 17.1],
			"rotation": {"angle": 0, "axis": "y", "origin": [9.8, 5.6, 16]},
			"faces": {
				"north": {"uv": [0, 0, 4, 4], "texture": "#0"},
				"east": {"uv": [0, 0, 4, 4], "texture": "#0"},
				"south": {"uv": [0, 0, 4, 4], "texture": "#0"},
				"west": {"uv": [0, 0, 4, 4], "texture": "#0"},
				"up": {"uv": [0, 0, 4, 4], "texture": "#0"},
				"down": {"uv": [0, 0, 4, 4], "texture": "#0"}
			}
		},
		{
			"from": [9.5, 5.6, 15.2],
			"to": [10.9, 7.5, 16.8],
			"rotation": {"angle": 0, "axis": "y", "origin": [9.8, 5.6, 16]},
			"faces": {
				"north": {"uv": [0, 0, 4, 4], "texture": "#0"},
				"east": {"uv": [0, 0, 4, 4], "texture": "#0"},
				"south": {"uv": [0, 0, 4, 4], "texture": "#0"},
				"west": {"uv": [0, 0, 4, 4], "texture": "#0"},
				"up": {"uv": [0, 0, 4, 4], "texture": "#0"},
				"down": {"uv": [0, 0, 4, 4], "texture": "#0"}
			}
		},
		{
			"from": [9.91213, 9.11213, 4],
			"to": [10.49213, 9.41213, 11.4],
			"rotation": {"angle": 0, "axis": "y", "origin": [9.81213, 7.41213, 10.2]},
			"faces": {
				"north": {"uv": [0, 0, 4, 4], "texture": "#0"},
				"east": {"uv": [0, 0, 4, 4], "texture": "#0"},
				"south": {"uv": [0, 0, 4, 4], "texture": "#0"},
				"west": {"uv": [0, 0, 4, 4], "texture": "#0"},
				"up": {"uv": [0, 0, 4, 4], "texture": "#0"},
				"down": {"uv": [0, 0, 4, 4], "texture": "#0"}
			}
		},
		{
			"from": [9.91213, 9.41213, 2.8],
			"to": [10.49213, 9.71213, 10.2],
			"rotation": {"angle": 0, "axis": "y", "origin": [9.81213, 7.41213, 10.2]},
			"faces": {
				"north": {"uv": [0, 0, 4, 4], "texture": "#0"},
				"east": {"uv": [0, 0, 4, 4], "texture": "#0"},
				"south": {"uv": [0, 0, 4, 4], "texture": "#0"},
				"west": {"uv": [0, 0, 4, 4], "texture": "#0"},
				"up": {"uv": [0, 0, 4, 4], "texture": "#0"},
				"down": {"uv": [0, 0, 4, 4], "texture": "#0"}
			}
		},
		{
			"from": [10.47574, 9.38284, 3.9],
			"to": [10.77574, 9.58284, 11.4],
			"rotation": {"angle": -45, "axis": "z", "origin": [10.27574, 9.48284, 10.15]},
			"faces": {
				"north": {"uv": [0, 0, 4, 4], "texture": "#0"},
				"east": {"uv": [0, 0, 4, 4], "texture": "#0"},
				"south": {"uv": [0, 0, 4, 4], "texture": "#0"},
				"west": {"uv": [0, 0, 4, 4], "texture": "#0"},
				"up": {"uv": [0, 0, 4, 4], "texture": "#0"},
				"down": {"uv": [0, 0, 4, 4], "texture": "#0"}
			}
		},
		{
			"from": [9.65355, 9.31213, 4],
			"to": [9.95355, 9.51213, 11.4],
			"rotation": {"angle": 45, "axis": "z", "origin": [10.05355, 9.41213, 10.15]},
			"faces": {
				"north": {"uv": [0, 0, 4, 4], "texture": "#0"},
				"east": {"uv": [0, 0, 4, 4], "texture": "#0"},
				"south": {"uv": [0, 0, 4, 4], "texture": "#0"},
				"west": {"uv": [0, 0, 4, 4], "texture": "#0"},
				"up": {"uv": [0, 0, 4, 4], "texture": "#0"},
				"down": {"uv": [0, 0, 4, 4], "texture": "#0"}
			}
		},
		{
			"from": [9.73066, 8.85412, -6.1],
			"to": [9.93066, 9.15412, 12.1],
			"rotation": {"angle": -22.5, "axis": "z", "origin": [9.83066, 9.25412, 10.15]},
			"faces": {
				"north": {"uv": [0, 0, 4, 4], "rotation": 270, "texture": "#0"},
				"east": {"uv": [0, 0, 4, 4], "rotation": 270, "texture": "#0"},
				"south": {"uv": [0, 0, 4, 4], "rotation": 270, "texture": "#0"},
				"west": {"uv": [0, 0, 4, 4], "rotation": 270, "texture": "#0"},
				"up": {"uv": [0, 0, 4, 4], "rotation": 270, "texture": "#0"},
				"down": {"uv": [0, 0, 4, 4], "rotation": 270, "texture": "#0"}
			}
		},
		{
			"from": [9.73431, 9.18149, -7.7],
			"to": [9.93431, 9.58149, 9.9],
			"rotation": {"angle": 0, "axis": "y", "origin": [9.93431, 9.52294, 1.55]},
			"faces": {
				"north": {"uv": [5, 10, 6, 11], "rotation": 270, "texture": "#0"},
				"east": {"uv": [7, 12, 8, 13], "rotation": 270, "texture": "#0"},
				"south": {"uv": [5, 5, 9, 9], "rotation": 270, "texture": "#0"},
				"west": {"uv": [5, 5, 9, 9], "rotation": 270, "texture": "#0"},
				"up": {"uv": [5, 5, 9, 9], "rotation": 270, "texture": "#0"},
				"down": {"uv": [5, 5, 9, 9], "rotation": 270, "texture": "#0"}
			}
		},
		{
			"from": [9.84647, 9.36934, -7.7],
			"to": [10.04647, 9.76934, 9.9],
			"rotation": {"angle": -45, "axis": "z", "origin": [10.04647, 9.6108, 1.55]},
			"faces": {
				"north": {"uv": [5, 10, 6, 11], "rotation": 270, "texture": "#0"},
				"east": {"uv": [7, 12, 8, 13], "rotation": 270, "texture": "#0"},
				"south": {"uv": [5, 5, 9, 9], "rotation": 270, "texture": "#0"},
				"west": {"uv": [5, 5, 9, 9], "rotation": 270, "texture": "#0"},
				"up": {"uv": [5, 5, 9, 9], "rotation": 270, "texture": "#0"},
				"down": {"uv": [5, 5, 9, 9], "rotation": 270, "texture": "#0"}
			}
		},
		{
			"from": [10.38784, 9.36934, -7.7],
			"to": [10.58784, 9.76934, 9.9],
			"rotation": {"angle": 45, "axis": "z", "origin": [10.38784, 9.6108, 1.55]},
			"faces": {
				"north": {"uv": [5, 10, 6, 11], "rotation": 270, "texture": "#0"},
				"east": {"uv": [5, 5, 9, 9], "rotation": 270, "texture": "#0"},
				"south": {"uv": [5, 5, 9, 9], "rotation": 270, "texture": "#0"},
				"west": {"uv": [7, 12, 8, 13], "rotation": 270, "texture": "#0"},
				"up": {"uv": [5, 5, 9, 9], "rotation": 270, "texture": "#0"},
				"down": {"uv": [5, 5, 9, 9], "rotation": 270, "texture": "#0"}
			}
		},
		{
			"from": [10.5, 9.18149, -7.7],
			"to": [10.7, 9.58149, 9.9],
			"rotation": {"angle": 0, "axis": "y", "origin": [10.44907, 9.52294, 1.55]},
			"faces": {
				"north": {"uv": [5, 10, 6, 11], "rotation": 270, "texture": "#0"},
				"east": {"uv": [5, 5, 9, 9], "rotation": 270, "texture": "#0"},
				"south": {"uv": [5, 5, 9, 9], "rotation": 270, "texture": "#0"},
				"west": {"uv": [8, 11, 9, 12], "rotation": 270, "texture": "#0"},
				"up": {"uv": [5, 5, 9, 9], "rotation": 270, "texture": "#0"},
				"down": {"uv": [5, 5, 9, 9], "rotation": 270, "texture": "#0"}
			}
		},
		{
			"from": [10.01716, 9.66433, -7.7],
			"to": [10.41716, 9.86433, 9.9],
			"rotation": {"angle": 0, "axis": "y", "origin": [10.21716, 9.66436, 1.55]},
			"faces": {
				"north": {"uv": [5, 10, 6, 11], "rotation": 270, "texture": "#0"},
				"east": {"uv": [5, 5, 9, 9], "rotation": 270, "texture": "#0"},
				"south": {"uv": [5, 5, 9, 9], "rotation": 270, "texture": "#0"},
				"west": {"uv": [5, 5, 9, 9], "rotation": 270, "texture": "#0"},
				"up": {"uv": [5, 5, 9, 9], "rotation": 270, "texture": "#0"},
				"down": {"uv": [7, 12, 8, 13], "rotation": 270, "texture": "#0"}
			}
		},
		{
			"from": [10.04642, 8.91077, -7.7],
			"to": [10.44642, 9.11077, 9.9],
			"rotation": {"angle": 45, "axis": "z", "origin": [10.24642, 9.35222, 1.55]},
			"faces": {
				"north": {"uv": [5, 10, 6, 11], "rotation": 270, "texture": "#0"},
				"east": {"uv": [5, 5, 9, 9], "rotation": 270, "texture": "#0"},
				"south": {"uv": [5, 5, 9, 9], "rotation": 270, "texture": "#0"},
				"west": {"uv": [5, 5, 9, 9], "rotation": 270, "texture": "#0"},
				"up": {"uv": [7, 12, 8, 13], "rotation": 270, "texture": "#0"},
				"down": {"uv": [5, 5, 9, 9], "rotation": 270, "texture": "#0"}
			}
		},
		{
			"from": [10.01716, 8.89864, -7.7],
			"to": [10.41716, 9.09864, 9.9],
			"rotation": {"angle": 0, "axis": "y", "origin": [10.21716, 9.38152, 1.55]},
			"faces": {
				"north": {"uv": [5, 10, 6, 11], "rotation": 270, "texture": "#0"},
				"east": {"uv": [5, 5, 9, 9], "rotation": 270, "texture": "#0"},
				"south": {"uv": [5, 5, 9, 9], "rotation": 270, "texture": "#0"},
				"west": {"uv": [5, 5, 9, 9], "rotation": 270, "texture": "#0"},
				"up": {"uv": [7, 12, 8, 13], "rotation": 270, "texture": "#0"},
				"down": {"uv": [5, 5, 9, 9], "rotation": 270, "texture": "#0"}
			}
		},
		{
			"from": [9.98789, 8.91077, -7.7],
			"to": [10.38789, 9.11077, 9.9],
			"rotation": {"angle": -45, "axis": "z", "origin": [10.18789, 9.35222, 1.55]},
			"faces": {
				"north": {"uv": [5, 10, 6, 11], "rotation": 270, "texture": "#0"},
				"east": {"uv": [5, 5, 9, 9], "rotation": 270, "texture": "#0"},
				"south": {"uv": [5, 5, 9, 9], "rotation": 270, "texture": "#0"},
				"west": {"uv": [5, 5, 9, 9], "rotation": 270, "texture": "#0"},
				"up": {"uv": [7, 12, 8, 13], "rotation": 270, "texture": "#0"},
				"down": {"uv": [5, 5, 9, 9], "rotation": 270, "texture": "#0"}
			}
		},
		{
			"from": [10.09554, 8.01077, 0.4],
			"to": [10.29554, 8.21077, 12.3],
			"rotation": {"angle": 0, "axis": "y", "origin": [10.19554, 8.11077, 11.45]},
			"faces": {
				"north": {"uv": [0, 0, 4, 4], "rotation": 270, "texture": "#0"},
				"east": {"uv": [0, 0, 4, 4], "rotation": 270, "texture": "#0"},
				"south": {"uv": [0, 0, 4, 4], "rotation": 270, "texture": "#0"},
				"west": {"uv": [0, 0, 4, 4], "rotation": 270, "texture": "#0"},
				"up": {"uv": [0, 0, 4, 4], "rotation": 270, "texture": "#0"},
				"down": {"uv": [0, 0, 4, 4], "rotation": 270, "texture": "#0"}
			}
		},
		{
			"from": [9.95412, 7.86934, 0.4],
			"to": [10.15412, 8.06934, 12.3],
			"rotation": {"angle": 0, "axis": "y", "origin": [10.05412, 7.96934, 11.45]},
			"faces": {
				"north": {"uv": [7, 12, 8, 13], "rotation": 270, "texture": "#0"},
				"east": {"uv": [7, 12, 8, 13], "rotation": 270, "texture": "#0"},
				"south": {"uv": [7, 12, 8, 13], "rotation": 270, "texture": "#0"},
				"west": {"uv": [7, 12, 8, 13], "rotation": 270, "texture": "#0"},
				"up": {"uv": [7, 12, 8, 13], "rotation": 270, "texture": "#0"},
				"down": {"uv": [7, 12, 8, 13], "rotation": 270, "texture": "#0"}
			}
		},
		{
			"from": [10.1, 7.86934, -7.8],
			"to": [10.3, 8.06934, 13.4],
			"rotation": {"angle": 0, "axis": "y", "origin": [10.15412, 7.96934, 8.4]},
			"faces": {
				"north": {"uv": [1, 5, 2, 6], "rotation": 270, "texture": "#0"},
				"east": {"uv": [1, 5, 2, 6], "rotation": 270, "texture": "#0"},
				"south": {"uv": [1, 5, 2, 6], "rotation": 270, "texture": "#0"},
				"west": {"uv": [1, 5, 2, 6], "rotation": 270, "texture": "#0"},
				"up": {"uv": [1, 5, 2, 6], "rotation": 270, "texture": "#0"},
				"down": {"uv": [1, 5, 2, 6], "rotation": 270, "texture": "#0"}
			}
		},
		{
			"from": [10.1, 7.86934, -7.6],
			"to": [10.3, 8.06934, -5.1],
			"rotation": {"angle": 0, "axis": "y", "origin": [10.15412, 7.96934, 6.7]},
			"faces": {
				"north": {"uv": [1, 5, 2, 6], "rotation": 270, "texture": "#0"},
				"east": {"uv": [1, 5, 2, 6], "rotation": 270, "texture": "#0"},
				"south": {"uv": [1, 5, 2, 6], "rotation": 270, "texture": "#0"},
				"west": {"uv": [1, 5, 2, 6], "rotation": 270, "texture": "#0"},
				"up": {"uv": [1, 5, 2, 6], "rotation": 270, "texture": "#0"},
				"down": {"uv": [1, 5, 2, 6], "rotation": 270, "texture": "#0"}
			}
		},
		{
			"from": [9.99554, 7.96934, 0.4],
			"to": [10.19554, 8.16934, 12.3],
			"rotation": {"angle": -45, "axis": "z", "origin": [10.09554, 8.06934, 11.45]},
			"faces": {
				"north": {"uv": [7, 12, 8, 13], "rotation": 270, "texture": "#0"},
				"east": {"uv": [7, 12, 8, 13], "rotation": 270, "texture": "#0"},
				"south": {"uv": [7, 12, 8, 13], "rotation": 270, "texture": "#0"},
				"west": {"uv": [7, 12, 8, 13], "rotation": 270, "texture": "#0"},
				"up": {"uv": [7, 12, 8, 13], "rotation": 270, "texture": "#0"},
				"down": {"uv": [7, 12, 8, 13], "rotation": 270, "texture": "#0"}
			}
		},
		{
			"from": [10.09554, 7.72792, 0.4],
			"to": [10.29554, 7.92792, 12.3],
			"rotation": {"angle": 0, "axis": "y", "origin": [10.19554, 7.82792, 11.45]},
			"faces": {
				"north": {"uv": [7, 12, 8, 13], "rotation": 270, "texture": "#0"},
				"east": {"uv": [7, 12, 8, 13], "rotation": 270, "texture": "#0"},
				"south": {"uv": [7, 12, 8, 13], "rotation": 270, "texture": "#0"},
				"west": {"uv": [7, 12, 8, 13], "rotation": 270, "texture": "#0"},
				"up": {"uv": [7, 12, 8, 13], "rotation": 270, "texture": "#0"},
				"down": {"uv": [7, 12, 8, 13], "rotation": 270, "texture": "#0"}
			}
		},
		{
			"from": [10.20446, 7.76934, 0.4],
			"to": [10.40446, 7.96934, 12.3],
			"rotation": {"angle": -45, "axis": "z", "origin": [10.30446, 7.86934, 11.45]},
			"faces": {
				"north": {"uv": [7, 12, 8, 13], "rotation": 270, "texture": "#0"},
				"east": {"uv": [7, 12, 8, 13], "rotation": 270, "texture": "#0"},
				"south": {"uv": [7, 12, 8, 13], "rotation": 270, "texture": "#0"},
				"west": {"uv": [7, 12, 8, 13], "rotation": 270, "texture": "#0"},
				"up": {"uv": [7, 12, 8, 13], "rotation": 270, "texture": "#0"},
				"down": {"uv": [7, 12, 8, 13], "rotation": 270, "texture": "#0"}
			}
		},
		{
			"from": [10.24588, 7.86934, 0.4],
			"to": [10.44588, 8.06934, 12.3],
			"rotation": {"angle": 0, "axis": "y", "origin": [10.34588, 7.96934, 11.45]},
			"faces": {
				"north": {"uv": [7, 12, 8, 13], "rotation": 270, "texture": "#0"},
				"east": {"uv": [7, 12, 8, 13], "rotation": 270, "texture": "#0"},
				"south": {"uv": [7, 12, 8, 13], "rotation": 270, "texture": "#0"},
				"west": {"uv": [7, 12, 8, 13], "rotation": 270, "texture": "#0"},
				"up": {"uv": [7, 12, 8, 13], "rotation": 270, "texture": "#0"},
				"down": {"uv": [7, 12, 8, 13], "rotation": 270, "texture": "#0"}
			}
		},
		{
			"from": [10.20446, 7.96934, 0.4],
			"to": [10.40446, 8.16934, 12.3],
			"rotation": {"angle": 45, "axis": "z", "origin": [10.30446, 8.06934, 11.45]},
			"faces": {
				"north": {"uv": [7, 12, 8, 13], "rotation": 270, "texture": "#0"},
				"east": {"uv": [7, 12, 8, 13], "rotation": 270, "texture": "#0"},
				"south": {"uv": [7, 12, 8, 13], "rotation": 270, "texture": "#0"},
				"west": {"uv": [7, 12, 8, 13], "rotation": 270, "texture": "#0"},
				"up": {"uv": [7, 12, 8, 13], "rotation": 270, "texture": "#0"},
				"down": {"uv": [7, 12, 8, 13], "rotation": 270, "texture": "#0"}
			}
		},
		{
			"from": [9.99554, 7.76934, 0.4],
			"to": [10.19554, 7.96934, 12.3],
			"rotation": {"angle": 45, "axis": "z", "origin": [10.09554, 7.86934, 11.45]},
			"faces": {
				"north": {"uv": [7, 12, 8, 13], "rotation": 270, "texture": "#0"},
				"east": {"uv": [7, 12, 8, 13], "rotation": 270, "texture": "#0"},
				"south": {"uv": [7, 12, 8, 13], "rotation": 270, "texture": "#0"},
				"west": {"uv": [7, 12, 8, 13], "rotation": 270, "texture": "#0"},
				"up": {"uv": [7, 12, 8, 13], "rotation": 270, "texture": "#0"},
				"down": {"uv": [7, 12, 8, 13], "rotation": 270, "texture": "#0"}
			}
		},
		{
			"from": [10.46934, 8.85412, -6],
			"to": [10.66934, 9.15412, 12],
			"rotation": {"angle": 22.5, "axis": "z", "origin": [10.56934, 9.25412, 10.15]},
			"faces": {
				"north": {"uv": [0, 0, 4, 4], "rotation": 270, "texture": "#0"},
				"east": {"uv": [0, 0, 4, 4], "rotation": 270, "texture": "#0"},
				"south": {"uv": [0, 0, 4, 4], "rotation": 270, "texture": "#0"},
				"west": {"uv": [0, 0, 4, 4], "rotation": 270, "texture": "#0"},
				"up": {"uv": [0, 0, 4, 4], "rotation": 270, "texture": "#0"},
				"down": {"uv": [0, 0, 4, 4], "rotation": 270, "texture": "#0"}
			}
		},
		{
			"from": [9.74546, 4.96872, 14.8],
			"to": [10.24546, 5.36872, 17.1],
			"rotation": {"angle": 22.5, "axis": "z", "origin": [9.84546, 4.96872, 15.95]},
			"faces": {
				"north": {"uv": [0, 0, 4, 4], "rotation": 90, "texture": "#0"},
				"east": {"uv": [0, 0, 4, 4], "rotation": 90, "texture": "#0"},
				"south": {"uv": [0, 0, 4, 4], "rotation": 90, "texture": "#0"},
				"west": {"uv": [0, 0, 4, 4], "rotation": 90, "texture": "#0"},
				"up": {"uv": [0, 0, 4, 4], "rotation": 90, "texture": "#0"},
				"down": {"uv": [0, 0, 4, 4], "rotation": 90, "texture": "#0"}
			}
		},
		{
			"from": [9.74693, 4.93045, 14.8],
			"to": [10.64693, 5.13045, 17.1],
			"rotation": {"angle": 0, "axis": "y", "origin": [10.64693, 5.03045, 15.95]},
			"faces": {
				"north": {"uv": [0, 0, 4, 4], "texture": "#0"},
				"east": {"uv": [0, 0, 4, 4], "texture": "#0"},
				"south": {"uv": [0, 0, 4, 4], "texture": "#0"},
				"west": {"uv": [0, 0, 4, 4], "texture": "#0"},
				"up": {"uv": [0, 0, 4, 4], "texture": "#0"},
				"down": {"uv": [0, 0, 4, 4], "texture": "#0"}
			}
		},
		{
			"from": [9.51627, 4.97633, 14.8],
			"to": [10.61627, 5.37633, 17.1],
			"rotation": {"angle": -22.5, "axis": "z", "origin": [10.51627, 4.87633, 15.95]},
			"faces": {
				"north": {"uv": [0, 0, 4, 4], "rotation": 270, "texture": "#0"},
				"east": {"uv": [0, 0, 4, 4], "rotation": 270, "texture": "#0"},
				"south": {"uv": [0, 0, 4, 4], "rotation": 270, "texture": "#0"},
				"west": {"uv": [0, 0, 4, 4], "rotation": 270, "texture": "#0"},
				"up": {"uv": [0, 0, 4, 4], "rotation": 270, "texture": "#0"},
				"down": {"uv": [0, 0, 4, 4], "rotation": 270, "texture": "#0"}
			}
		},
		{
			"from": [9.6, 5.98995, 11],
			"to": [10.8, 6.98995, 15.5],
			"rotation": {"angle": 45, "axis": "x", "origin": [10.3, 6.38995, 13.8]},
			"faces": {
				"north": {"uv": [0, 0, 4, 4], "texture": "#0"},
				"east": {"uv": [0, 0, 4, 4], "texture": "#0"},
				"south": {"uv": [0, 0, 4, 4], "texture": "#0"},
				"west": {"uv": [0, 0, 4, 4], "texture": "#0"},
				"up": {"uv": [0, 0, 4, 4], "texture": "#0"},
				"down": {"uv": [0, 0, 4, 4], "texture": "#0"}
			}
		},
		{
			"from": [9.5, 6.94853, 14.54437],
			"to": [10.9, 7.24853, 15.34437],
			"rotation": {"angle": 45, "axis": "x", "origin": [10.4, 6.44853, 13.64437]},
			"faces": {
				"north": {"uv": [0, 0, 4, 4], "texture": "#0"},
				"east": {"uv": [0, 0, 4, 4], "texture": "#0"},
				"south": {"uv": [0, 0, 4, 4], "texture": "#0"},
				"west": {"uv": [0, 0, 4, 4], "texture": "#0"},
				"up": {"uv": [0, 0, 4, 4], "texture": "#0"},
				"down": {"uv": [0, 0, 4, 4], "texture": "#0"}
			}
		},
		{
			"from": [10.57574, 7.98284, 13.9],
			"to": [10.87574, 8.18284, 17.1],
			"rotation": {"angle": -45, "axis": "z", "origin": [10.37574, 8.08284, 15.95]},
			"faces": {
				"north": {"uv": [0, 0, 4, 4], "texture": "#0"},
				"east": {"uv": [0, 0, 4, 4], "texture": "#0"},
				"south": {"uv": [0, 0, 4, 4], "texture": "#0"},
				"west": {"uv": [0, 0, 4, 4], "texture": "#0"},
				"up": {"uv": [0, 0, 4, 4], "texture": "#0"},
				"down": {"uv": [0, 0, 4, 4], "texture": "#0"}
			}
		},
		{
			"from": [9.81213, 7.71213, 13.9],
			"to": [10.59213, 8.01213, 17.1],
			"rotation": {"angle": 0, "axis": "y", "origin": [9.81213, 6.01213, 16]},
			"faces": {
				"north": {"uv": [0, 0, 4, 4], "texture": "#0"},
				"east": {"uv": [0, 0, 4, 4], "texture": "#0"},
				"south": {"uv": [0, 0, 4, 4], "texture": "#0"},
				"west": {"uv": [0, 0, 4, 4], "texture": "#0"},
				"up": {"uv": [0, 0, 4, 4], "texture": "#0"},
				"down": {"uv": [0, 0, 4, 4], "texture": "#0"}
			}
		},
		{
			"from": [9.55355, 7.91213, 14],
			"to": [9.85355, 8.11213, 17.1],
			"rotation": {"angle": 45, "axis": "z", "origin": [9.95355, 8.01213, 15.95]},
			"faces": {
				"north": {"uv": [0, 0, 4, 4], "texture": "#0"},
				"east": {"uv": [0, 0, 4, 4], "texture": "#0"},
				"south": {"uv": [0, 0, 4, 4], "texture": "#0"},
				"west": {"uv": [0, 0, 4, 4], "texture": "#0"},
				"up": {"uv": [0, 0, 4, 4], "texture": "#0"},
				"down": {"uv": [0, 0, 4, 4], "texture": "#0"}
			}
		},
		{
			"from": [9.8, 5.80711, 13.7],
			"to": [10.8, 6.80711, 14.7],
			"rotation": {"angle": 45, "axis": "x", "origin": [10.3, 6.30711, 14.2]},
			"faces": {
				"north": {"uv": [0, 1, 1, 2], "texture": "#0"},
				"east": {"uv": [0, 1, 1, 2], "texture": "#0"},
				"south": {"uv": [0, 1, 1, 2], "texture": "#0"},
				"west": {"uv": [0, 1, 1, 2], "texture": "#0"},
				"up": {"uv": [0, 1, 1, 2], "texture": "#0"},
				"down": {"uv": [0, 1, 1, 2], "texture": "#0"}
			}
		},
		{
			"from": [9.6, 7.20711, 13.76863],
			"to": [10.8, 8.10711, 15.76863],
			"rotation": {"angle": 45, "axis": "x", "origin": [10.3, 7.90711, 13.86863]},
			"faces": {
				"north": {"uv": [0, 0, 4, 4], "texture": "#0"},
				"east": {"uv": [0, 0, 4, 4], "texture": "#0"},
				"south": {"uv": [0, 0, 4, 4], "texture": "#0"},
				"west": {"uv": [0, 0, 4, 4], "texture": "#0"},
				"up": {"uv": [0, 0, 4, 4], "texture": "#0"},
				"down": {"uv": [0, 0, 4, 4], "texture": "#0"}
			}
		},
		{
			"from": [9.81213, 7.67065, 11.13316],
			"to": [10.61213, 8.47065, 16.43316],
			"rotation": {"angle": 22.5, "axis": "x", "origin": [10.31213, 8.27065, 13.63316]},
			"faces": {
				"north": {"uv": [0, 0, 4, 4], "texture": "#0"},
				"east": {"uv": [0, 0, 4, 4], "texture": "#0"},
				"south": {"uv": [0, 0, 4, 4], "texture": "#0"},
				"west": {"uv": [0, 0, 4, 4], "texture": "#0"},
				"up": {"uv": [0, 0, 4, 4], "texture": "#0"},
				"down": {"uv": [0, 0, 4, 4], "texture": "#0"}
			}
		},
		{
			"from": [9.89213, 7.51143, 9.84182],
			"to": [10.49213, 8.31143, 10.64182],
			"rotation": {"angle": 22.5, "axis": "x", "origin": [10.29213, 8.11143, 13.54182]},
			"faces": {
				"north": {"uv": [0, 0, 4, 4], "texture": "#0"},
				"east": {"uv": [0, 0, 4, 4], "texture": "#0"},
				"south": {"uv": [0, 0, 4, 4], "texture": "#0"},
				"west": {"uv": [0, 0, 4, 4], "texture": "#0"},
				"up": {"uv": [0, 0, 4, 4], "texture": "#0"},
				"down": {"uv": [0, 0, 4, 4], "texture": "#0"}
			}
		},
		{
			"from": [9.6, 7.18702, 11.6111],
			"to": [10.8, 8.18702, 15.9111],
			"rotation": {"angle": 22.5, "axis": "x", "origin": [10.4, 7.78702, 14.1111]},
			"faces": {
				"north": {"uv": [0, 0, 4, 4], "texture": "#0"},
				"east": {"uv": [0, 0, 4, 4], "texture": "#0"},
				"south": {"uv": [0, 0, 4, 4], "texture": "#0"},
				"west": {"uv": [0, 0, 4, 4], "texture": "#0"},
				"up": {"uv": [0, 0, 4, 4], "texture": "#0"},
				"down": {"uv": [0, 0, 4, 4], "texture": "#0"}
			}
		},
		{
			"from": [9.5, 6.48702, 11.7111],
			"to": [10.9, 7.98702, 15.8111],
			"rotation": {"angle": 22.5, "axis": "x", "origin": [10.4, 7.78702, 14.1111]},
			"faces": {
				"north": {"uv": [1, 0, 4, 4], "texture": "#0"},
				"east": {"uv": [1, 0, 4, 4], "texture": "#0"},
				"south": {"uv": [1, 0, 4, 4], "texture": "#0"},
				"west": {"uv": [1, 0, 4, 4], "texture": "#0"},
				"up": {"uv": [1, 0, 4, 4], "texture": "#0"},
				"down": {"uv": [1, 0, 4, 4], "texture": "#0"}
			}
		},
		{
			"from": [9.8, 6.40711, 12.96863],
			"to": [10.8, 7.20711, 14.96863],
			"rotation": {"angle": 45, "axis": "x", "origin": [10.3, 6.90711, 13.56863]},
			"faces": {
				"north": {"uv": [0, 3, 1, 4], "texture": "#0"},
				"east": {"uv": [0, 3, 1, 4], "texture": "#0"},
				"south": {"uv": [0, 3, 1, 4], "texture": "#0"},
				"west": {"uv": [0, 3, 1, 4], "texture": "#0"},
				"up": {"uv": [0, 3, 1, 4], "texture": "#0"},
				"down": {"uv": [0, 3, 1, 4], "texture": "#0"}
			}
		},
		{
			"from": [9.6, 6.51027, 10.3942],
			"to": [10.8, 7.71027, 13.4942],
			"rotation": {"angle": 22.5, "axis": "x", "origin": [10.3, 7.21027, 13.1942]},
			"faces": {
				"north": {"uv": [0, 2, 1, 3], "texture": "#0"},
				"east": {"uv": [0, 2, 1, 3], "texture": "#0"},
				"south": {"uv": [0, 2, 1, 3], "texture": "#0"},
				"west": {"uv": [0, 0, 1, 2], "texture": "#0"},
				"up": {"uv": [0, 2, 1, 3], "texture": "#0"},
				"down": {"uv": [0, 2, 1, 3], "texture": "#0"}
			}
		},
		{
			"from": [9.8, 6.03647, 10.67624],
			"to": [10.6, 6.23647, 10.97624],
			"rotation": {"angle": 22.5, "axis": "x", "origin": [10.3, 7.53647, 12.97624]},
			"faces": {
				"north": {"uv": [7, 12, 8, 13], "texture": "#0"},
				"east": {"uv": [7, 12, 8, 13], "texture": "#0"},
				"south": {"uv": [7, 12, 8, 13], "texture": "#0"},
				"west": {"uv": [7, 12, 8, 13], "texture": "#0"},
				"up": {"uv": [7, 12, 8, 13], "texture": "#0"},
				"down": {"uv": [7, 12, 8, 13], "texture": "#0"}
			}
		},
		{
			"from": [9.8, 6.33647, 9.87624],
			"to": [10.6, 6.53647, 10.17624],
			"rotation": {"angle": 22.5, "axis": "x", "origin": [10.3, 7.53647, 12.97624]},
			"faces": {
				"north": {"uv": [7, 12, 8, 13], "texture": "#0"},
				"east": {"uv": [7, 12, 8, 13], "texture": "#0"},
				"south": {"uv": [7, 12, 8, 13], "texture": "#0"},
				"west": {"uv": [7, 12, 8, 13], "texture": "#0"},
				"up": {"uv": [7, 12, 8, 13], "texture": "#0"},
				"down": {"uv": [7, 12, 8, 13], "texture": "#0"}
			}
		},
		{
			"from": [9.8, 7.1076, 10.09194],
			"to": [10.6, 7.3076, 10.39194],
			"rotation": {"angle": 45, "axis": "x", "origin": [10.2, 7.2076, 10.24194]},
			"faces": {
				"north": {"uv": [7, 12, 8, 13], "texture": "#0"},
				"east": {"uv": [7, 12, 8, 13], "texture": "#0"},
				"south": {"uv": [7, 12, 8, 13], "texture": "#0"},
				"west": {"uv": [7, 12, 8, 13], "texture": "#0"},
				"up": {"uv": [7, 12, 8, 13], "texture": "#0"},
				"down": {"uv": [7, 12, 8, 13], "texture": "#0"}
			}
		},
		{
			"from": [9.8, 7.26981, 10.00015],
			"to": [10.6, 7.76981, 10.20015],
			"rotation": {"angle": -22.5, "axis": "x", "origin": [10.2, 7.41981, 10.10015]},
			"faces": {
				"north": {"uv": [7, 12, 8, 13], "rotation": 180, "texture": "#0"},
				"east": {"uv": [7, 12, 8, 13], "rotation": 180, "texture": "#0"},
				"south": {"uv": [7, 12, 8, 13], "rotation": 180, "texture": "#0"},
				"west": {"uv": [7, 12, 8, 13], "rotation": 180, "texture": "#0"},
				"up": {"uv": [7, 12, 8, 13], "rotation": 180, "texture": "#0"},
				"down": {"uv": [7, 12, 8, 13], "rotation": 180, "texture": "#0"}
			}
		},
		{
			"from": [9.8, 6.91602, 10.55446],
			"to": [10.6, 7.11602, 10.85446],
			"rotation": {"angle": 0, "axis": "y", "origin": [10.2, 7.01602, 11.00446]},
			"faces": {
				"north": {"uv": [7, 12, 8, 13], "texture": "#0"},
				"east": {"uv": [7, 12, 8, 13], "texture": "#0"},
				"south": {"uv": [7, 12, 8, 13], "texture": "#0"},
				"west": {"uv": [7, 12, 8, 13], "texture": "#0"},
				"up": {"uv": [7, 12, 8, 13], "texture": "#0"},
				"down": {"uv": [7, 12, 8, 13], "texture": "#0"}
			}
		},
		{
			"from": [9.8, 7.04235, 10.78955],
			"to": [10.6, 7.24235, 11.08955],
			"rotation": {"angle": -22.5, "axis": "x", "origin": [10.2, 7.14235, 11.13955]},
			"faces": {
				"north": {"uv": [7, 12, 8, 13], "texture": "#0"},
				"east": {"uv": [7, 12, 8, 13], "texture": "#0"},
				"south": {"uv": [7, 12, 8, 13], "texture": "#0"},
				"west": {"uv": [7, 12, 8, 13], "texture": "#0"},
				"up": {"uv": [7, 12, 8, 13], "texture": "#0"},
				"down": {"uv": [7, 12, 8, 13], "texture": "#0"}
			}
		},
		{
			"from": [9.8, 7.04245, 11.07317],
			"to": [10.6, 7.34245, 11.27317],
			"rotation": {"angle": 22.5, "axis": "x", "origin": [10.2, 7.39245, 11.17317]},
			"faces": {
				"north": {"uv": [7, 12, 8, 13], "rotation": 180, "texture": "#0"},
				"east": {"uv": [7, 12, 8, 13], "rotation": 180, "texture": "#0"},
				"south": {"uv": [7, 12, 8, 13], "rotation": 180, "texture": "#0"},
				"west": {"uv": [7, 12, 8, 13], "rotation": 180, "texture": "#0"},
				"up": {"uv": [7, 12, 8, 13], "rotation": 180, "texture": "#0"},
				"down": {"uv": [7, 12, 8, 13], "rotation": 180, "texture": "#0"}
			}
		},
		{
			"from": [10.1, 7.24245, 10.77317],
			"to": [10.3, 7.54245, 10.87317],
			"rotation": {"angle": 22.5, "axis": "x", "origin": [10.2, 7.59245, 10.77317]},
			"faces": {
				"north": {"uv": [7, 12, 8, 13], "rotation": 180, "texture": "#0"},
				"east": {"uv": [7, 12, 8, 13], "rotation": 180, "texture": "#0"},
				"south": {"uv": [7, 12, 8, 13], "rotation": 180, "texture": "#0"},
				"west": {"uv": [7, 12, 8, 13], "rotation": 180, "texture": "#0"},
				"up": {"uv": [7, 12, 8, 13], "rotation": 180, "texture": "#0"},
				"down": {"uv": [7, 12, 8, 13], "rotation": 180, "texture": "#0"}
			}
		},
		{
			"from": [10.1, 7.24235, 10.48955],
			"to": [10.3, 7.34235, 10.68955],
			"rotation": {"angle": -22.5, "axis": "x", "origin": [10.2, 7.34235, 10.73955]},
			"faces": {
				"north": {"uv": [7, 12, 8, 13], "texture": "#0"},
				"east": {"uv": [7, 12, 8, 13], "texture": "#0"},
				"south": {"uv": [7, 12, 8, 13], "texture": "#0"},
				"west": {"uv": [7, 12, 8, 13], "texture": "#0"},
				"up": {"uv": [7, 12, 8, 13], "texture": "#0"},
				"down": {"uv": [7, 12, 8, 13], "texture": "#0"}
			}
		},
		{
			"from": [9.6, 7.62851, 3.97794],
			"to": [10.8, 8.92851, 11.87794],
			"rotation": {"angle": 0, "axis": "y", "origin": [10.3, 8.12851, 10.17794]},
			"faces": {
				"north": {"uv": [0, 0, 4, 4], "texture": "#0"},
				"east": {"uv": [0, 0, 4, 4], "texture": "#0"},
				"south": {"uv": [0, 0, 4, 4], "texture": "#0"},
				"west": {"uv": [0, 0, 4, 4], "texture": "#0"},
				"up": {"uv": [0, 0, 4, 4], "texture": "#0"},
				"down": {"uv": [0, 0, 4, 4], "texture": "#0"}
			}
		},
		{
			"from": [9.5, 7.59024, 11.37033],
			"to": [10.9, 8.89024, 11.97033],
			"rotation": {"angle": 0, "axis": "y", "origin": [10.2, 8.09024, 10.27033]},
			"faces": {
				"north": {"uv": [0, 0, 1, 1], "texture": "#0"},
				"east": {"uv": [0, 0, 1, 1], "texture": "#0"},
				"south": {"uv": [0, 0, 1, 1], "texture": "#0"},
				"west": {"uv": [0, 0, 1, 1], "texture": "#0"},
				"up": {"uv": [0, 0, 1, 1], "texture": "#0"},
				"down": {"uv": [0, 0, 1, 1], "texture": "#0"}
			}
		},
		{
			"from": [9.5, 7.03779, 11.25042],
			"to": [10.9, 8.33779, 11.75042],
			"rotation": {"angle": -22.5, "axis": "x", "origin": [10.2, 7.63779, 10.15042]},
			"faces": {
				"north": {"uv": [0, 0, 1, 1], "texture": "#0"},
				"east": {"uv": [0, 0, 1, 1], "texture": "#0"},
				"south": {"uv": [0, 0, 1, 1], "texture": "#0"},
				"west": {"uv": [0, 0, 1, 1], "texture": "#0"},
				"up": {"uv": [0, 0, 1, 1], "texture": "#0"},
				"down": {"uv": [0, 0, 1, 1], "texture": "#0"}
			}
		},
		{
			"from": [9.7, 8.12851, -5.82206],
			"to": [10.7, 9.22851, 5.17794],
			"rotation": {"angle": 0, "axis": "y", "origin": [10.3, 8.42851, 3.47794]},
			"faces": {
				"north": {"uv": [0, 0, 4, 4], "texture": "#0"},
				"east": {"uv": [0, 0, 4, 4], "texture": "#0"},
				"south": {"uv": [0, 0, 4, 4], "texture": "#0"},
				"west": {"uv": [0, 0, 4, 4], "texture": "#0"},
				"up": {"uv": [0, 0, 4, 4], "texture": "#0"},
				"down": {"uv": [0, 0, 4, 4], "texture": "#0"}
			}
		},
		{
			"from": [9.6, 8.12851, -5.82206],
			"to": [10.8, 8.92851, 5.17794],
			"rotation": {"angle": 0, "axis": "y", "origin": [10.3, 8.42851, 3.47794]},
			"faces": {
				"north": {"uv": [0, 0, 4, 4], "texture": "#0"},
				"east": {"uv": [0, 0, 4, 4], "texture": "#0"},
				"south": {"uv": [0, 0, 4, 4], "texture": "#0"},
				"west": {"uv": [0, 0, 4, 4], "texture": "#0"},
				"up": {"uv": [0, 0, 4, 4], "texture": "#0"},
				"down": {"uv": [0, 0, 4, 4], "texture": "#0"}
			}
		},
		{
			"from": [9.7, 8.44101, 1.99868],
			"to": [10.7, 9.04101, 4.29868],
			"rotation": {"angle": 22.5, "axis": "x", "origin": [10.2, 8.94101, 2.59868]},
			"faces": {
				"north": {"uv": [0, 0, 4, 4], "texture": "#0"},
				"east": {"uv": [0, 0, 4, 4], "texture": "#0"},
				"south": {"uv": [0, 0, 4, 4], "texture": "#0"},
				"west": {"uv": [0, 0, 4, 4], "texture": "#0"},
				"up": {"uv": [0, 0, 4, 4], "texture": "#0"},
				"down": {"uv": [0, 0, 4, 4], "texture": "#0"}
			}
		},
		{
			"from": [9.95, 7.7877, -7.63072],
			"to": [10.45, 8.1377, -6.93072],
			"rotation": {"angle": 0, "axis": "y", "origin": [10.3, 8.38773, 0.06928]},
			"faces": {
				"north": {"uv": [0, 0, 4, 4], "texture": "#0"},
				"east": {"uv": [0, 0, 4, 4], "texture": "#0"},
				"south": {"uv": [0, 0, 4, 4], "texture": "#0"},
				"west": {"uv": [0, 0, 4, 4], "texture": "#0"},
				"up": {"uv": [0, 0, 4, 4], "texture": "#0"},
				"down": {"uv": [0, 0, 4, 4], "texture": "#0"}
			}
		},
		{
			"from": [9.95, 7.7877, -5.23072],
			"to": [10.45, 8.1377, -4.53072],
			"rotation": {"angle": 0, "axis": "y", "origin": [10.3, 8.38773, 3.06928]},
			"faces": {
				"north": {"uv": [0, 0, 4, 4], "texture": "#0"},
				"east": {"uv": [0, 0, 4, 4], "texture": "#0"},
				"south": {"uv": [0, 0, 4, 4], "texture": "#0"},
				"west": {"uv": [0, 0, 4, 4], "texture": "#0"},
				"up": {"uv": [0, 0, 4, 4], "texture": "#0"},
				"down": {"uv": [0, 0, 4, 4], "texture": "#0"}
			}
		},
		{
			"from": [9.95, 7.7877, -1.93072],
			"to": [10.45, 8.1377, -1.23072],
			"rotation": {"angle": 0, "axis": "y", "origin": [10.3, 8.38773, 6.76928]},
			"faces": {
				"north": {"uv": [0, 0, 4, 4], "texture": "#0"},
				"east": {"uv": [0, 0, 4, 4], "texture": "#0"},
				"south": {"uv": [0, 0, 4, 4], "texture": "#0"},
				"west": {"uv": [0, 0, 4, 4], "texture": "#0"},
				"up": {"uv": [0, 0, 4, 4], "texture": "#0"},
				"down": {"uv": [0, 0, 4, 4], "texture": "#0"}
			}
		},
		{
			"from": [10, 7.82, -7.73072],
			"to": [10.4, 8.12, -7.13072],
			"rotation": {"angle": 0, "axis": "y", "origin": [10.2, 8.38773, -0.13072]},
			"faces": {
				"north": {"uv": [5, 7, 6, 8], "texture": "#0"},
				"east": {"uv": [5, 7, 6, 8], "texture": "#0"},
				"south": {"uv": [5, 7, 6, 8], "texture": "#0"},
				"west": {"uv": [5, 7, 6, 8], "texture": "#0"},
				"up": {"uv": [5, 7, 6, 8], "texture": "#0"},
				"down": {"uv": [5, 7, 6, 8], "texture": "#0"}
			}
		},
		{
			"from": [10.77, 7.99, 8.96413],
			"to": [10.97, 8.04, 9.06413],
			"rotation": {"angle": -22.5, "axis": "x", "origin": [12.7, 4.61511, 5.76413]},
			"faces": {
				"north": {"uv": [8, 12, 7, 13], "rotation": 180, "texture": "#0"},
				"east": {"uv": [8, 12, 7, 13], "rotation": 180, "texture": "#0"},
				"south": {"uv": [8, 12, 7, 13], "rotation": 180, "texture": "#0"},
				"west": {"uv": [8, 12, 7, 13], "rotation": 180, "texture": "#0"},
				"up": {"uv": [8, 12, 7, 13], "rotation": 180, "texture": "#0"},
				"down": {"uv": [8, 12, 7, 13], "rotation": 180, "texture": "#0"}
			}
		},
		{
			"from": [10.77, 8.05, 8.96413],
			"to": [10.97, 8.1, 9.06413],
			"rotation": {"angle": -22.5, "axis": "x", "origin": [12.7, 4.61511, 5.76413]},
			"faces": {
				"north": {"uv": [8, 12, 7, 13], "rotation": 180, "texture": "#0"},
				"east": {"uv": [8, 12, 7, 13], "rotation": 180, "texture": "#0"},
				"south": {"uv": [8, 12, 7, 13], "rotation": 180, "texture": "#0"},
				"west": {"uv": [8, 12, 7, 13], "rotation": 180, "texture": "#0"},
				"up": {"uv": [8, 12, 7, 13], "rotation": 180, "texture": "#0"},
				"down": {"uv": [8, 12, 7, 13], "rotation": 180, "texture": "#0"}
			}
		},
		{
			"from": [10.77, 8.09, 8.36413],
			"to": [10.97, 8.14, 8.46413],
			"rotation": {"angle": -22.5, "axis": "x", "origin": [12.7, 4.61511, 5.76413]},
			"faces": {
				"north": {"uv": [8, 12, 7, 13], "rotation": 180, "texture": "#0"},
				"east": {"uv": [8, 12, 7, 13], "rotation": 180, "texture": "#0"},
				"south": {"uv": [8, 12, 7, 13], "rotation": 180, "texture": "#0"},
				"west": {"uv": [8, 12, 7, 13], "rotation": 180, "texture": "#0"},
				"up": {"uv": [8, 12, 7, 13], "rotation": 180, "texture": "#0"},
				"down": {"uv": [8, 12, 7, 13], "rotation": 180, "texture": "#0"}
			}
		},
		{
			"from": [10.77, 8.15, 8.36413],
			"to": [10.97, 8.2, 8.46413],
			"rotation": {"angle": -22.5, "axis": "x", "origin": [12.7, 4.61511, 5.76413]},
			"faces": {
				"north": {"uv": [8, 12, 7, 13], "rotation": 180, "texture": "#0"},
				"east": {"uv": [8, 12, 7, 13], "rotation": 180, "texture": "#0"},
				"south": {"uv": [8, 12, 7, 13], "rotation": 180, "texture": "#0"},
				"west": {"uv": [8, 12, 7, 13], "rotation": 180, "texture": "#0"},
				"up": {"uv": [8, 12, 7, 13], "rotation": 180, "texture": "#0"},
				"down": {"uv": [8, 12, 7, 13], "rotation": 180, "texture": "#0"}
			}
		},
		{
			"from": [10.77, 7.39, 8.46413],
			"to": [10.97, 7.44, 8.56413],
			"rotation": {"angle": -22.5, "axis": "x", "origin": [12.7, 4.61511, 5.76413]},
			"faces": {
				"north": {"uv": [8, 12, 7, 13], "rotation": 180, "texture": "#0"},
				"east": {"uv": [8, 12, 7, 13], "rotation": 180, "texture": "#0"},
				"south": {"uv": [8, 12, 7, 13], "rotation": 180, "texture": "#0"},
				"west": {"uv": [8, 12, 7, 13], "rotation": 180, "texture": "#0"},
				"up": {"uv": [8, 12, 7, 13], "rotation": 180, "texture": "#0"},
				"down": {"uv": [8, 12, 7, 13], "rotation": 180, "texture": "#0"}
			}
		},
		{
			"from": [10.77, 7.45, 8.46413],
			"to": [10.97, 7.5, 8.56413],
			"rotation": {"angle": -22.5, "axis": "x", "origin": [12.7, 4.61511, 5.76413]},
			"faces": {
				"north": {"uv": [8, 12, 7, 13], "rotation": 180, "texture": "#0"},
				"east": {"uv": [8, 12, 7, 13], "rotation": 180, "texture": "#0"},
				"south": {"uv": [8, 12, 7, 13], "rotation": 180, "texture": "#0"},
				"west": {"uv": [8, 12, 7, 13], "rotation": 180, "texture": "#0"},
				"up": {"uv": [8, 12, 7, 13], "rotation": 180, "texture": "#0"},
				"down": {"uv": [8, 12, 7, 13], "rotation": 180, "texture": "#0"}
			}
		},
		{
			"from": [10.9, 10.05061, 9.44071],
			"to": [11.1, 10.75061, 9.64071],
			"rotation": {"angle": 0, "axis": "y", "origin": [11.1, 9.55061, 9.34071]},
			"faces": {
				"north": {"uv": [0, 6, 1, 5], "rotation": 90, "texture": "#0"},
				"east": {"uv": [0, 6, 1, 5], "rotation": 90, "texture": "#0"},
				"south": {"uv": [0, 6, 1, 5], "rotation": 90, "texture": "#0"},
				"west": {"uv": [0, 6, 1, 5], "rotation": 90, "texture": "#0"},
				"up": {"uv": [0, 6, 1, 5], "rotation": 90, "texture": "#0"},
				"down": {"uv": [0, 6, 1, 5], "rotation": 90, "texture": "#0"}
			}
		},
		{
			"from": [10.9, 9.53455, 9.21871],
			"to": [11.1, 10.13455, 9.41871],
			"rotation": {"angle": 22.5, "axis": "x", "origin": [11, 9.53455, 9.31871]},
			"faces": {
				"north": {"uv": [0, 6, 1, 5], "rotation": 90, "texture": "#0"},
				"east": {"uv": [0, 6, 1, 5], "rotation": 90, "texture": "#0"},
				"south": {"uv": [0, 6, 1, 5], "rotation": 90, "texture": "#0"},
				"west": {"uv": [0, 6, 1, 5], "rotation": 90, "texture": "#0"},
				"up": {"uv": [0, 6, 1, 5], "rotation": 90, "texture": "#0"},
				"down": {"uv": [0, 6, 1, 5], "rotation": 90, "texture": "#0"}
			}
		},
		{
			"from": [10.9, 11.23455, 8.81871],
			"to": [11, 11.53455, 8.91871],
			"rotation": {"angle": 22.5, "axis": "x", "origin": [11, 9.53455, 9.31871]},
			"faces": {
				"north": {"uv": [0, 6, 1, 5], "rotation": 90, "texture": "#0"},
				"east": {"uv": [0, 6, 1, 5], "rotation": 90, "texture": "#0"},
				"south": {"uv": [0, 6, 1, 5], "rotation": 90, "texture": "#0"},
				"west": {"uv": [0, 6, 1, 5], "rotation": 90, "texture": "#0"},
				"up": {"uv": [0, 6, 1, 5], "rotation": 90, "texture": "#0"},
				"down": {"uv": [0, 6, 1, 5], "rotation": 90, "texture": "#0"}
			}
		},
		{
			"from": [10.9, 11.13455, 8.51871],
			"to": [11, 11.43455, 8.61871],
			"rotation": {"angle": 22.5, "axis": "x", "origin": [11, 9.53455, 9.31871]},
			"faces": {
				"north": {"uv": [0, 6, 1, 5], "rotation": 90, "texture": "#0"},
				"east": {"uv": [0, 6, 1, 5], "rotation": 90, "texture": "#0"},
				"south": {"uv": [0, 6, 1, 5], "rotation": 90, "texture": "#0"},
				"west": {"uv": [0, 6, 1, 5], "rotation": 90, "texture": "#0"},
				"up": {"uv": [0, 6, 1, 5], "rotation": 90, "texture": "#0"},
				"down": {"uv": [0, 6, 1, 5], "rotation": 90, "texture": "#0"}
			}
		},
		{
			"from": [10.9, 9.50298, 9.76844],
			"to": [11.1, 10.10298, 9.96844],
			"rotation": {"angle": -22.5, "axis": "x", "origin": [11, 9.30298, 6.66844]},
			"faces": {
				"north": {"uv": [0, 6, 1, 5], "rotation": 90, "texture": "#0"},
				"east": {"uv": [0, 6, 1, 5], "rotation": 90, "texture": "#0"},
				"south": {"uv": [0, 6, 1, 5], "rotation": 90, "texture": "#0"},
				"west": {"uv": [0, 6, 1, 5], "rotation": 90, "texture": "#0"},
				"up": {"uv": [0, 6, 1, 5], "rotation": 90, "texture": "#0"},
				"down": {"uv": [0, 6, 1, 5], "rotation": 90, "texture": "#0"}
			}
		},
		{
			"from": [10.9, 9.96814, 7.93374],
			"to": [11.1, 10.26814, 8.13374],
			"rotation": {"angle": -22.5, "axis": "x", "origin": [11, 9.26814, 6.73374]},
			"faces": {
				"north": {"uv": [0, 6, 1, 5], "rotation": 90, "texture": "#0"},
				"east": {"uv": [0, 6, 1, 5], "rotation": 90, "texture": "#0"},
				"south": {"uv": [0, 6, 1, 5], "rotation": 90, "texture": "#0"},
				"west": {"uv": [0, 6, 1, 5], "rotation": 90, "texture": "#0"},
				"up": {"uv": [0, 6, 1, 5], "rotation": 90, "texture": "#0"},
				"down": {"uv": [0, 6, 1, 5], "rotation": 90, "texture": "#0"}
			}
		},
		{
			"from": [10.85, 9.76814, 8.03374],
			"to": [11.15, 10.36814, 8.23374],
			"rotation": {"angle": -22.5, "axis": "x", "origin": [11, 9.26814, 6.73374]},
			"faces": {
				"north": {"uv": [7, 13, 8, 12], "rotation": 90, "texture": "#0"},
				"east": {"uv": [7, 13, 8, 12], "rotation": 90, "texture": "#0"},
				"south": {"uv": [7, 13, 8, 12], "rotation": 90, "texture": "#0"},
				"west": {"uv": [7, 13, 8, 12], "rotation": 90, "texture": "#0"},
				"up": {"uv": [7, 13, 8, 12], "rotation": 90, "texture": "#0"},
				"down": {"uv": [7, 13, 8, 12], "rotation": 90, "texture": "#0"}
			}
		},
		{
			"from": [10.7, 9.60298, 9.66844],
			"to": [11.2, 10.20298, 9.86844],
			"rotation": {"angle": -22.5, "axis": "x", "origin": [11, 9.30298, 6.66844]},
			"faces": {
				"north": {"uv": [0, 6, 1, 5], "rotation": 90, "texture": "#0"},
				"east": {"uv": [0, 6, 1, 5], "rotation": 90, "texture": "#0"},
				"south": {"uv": [0, 6, 1, 5], "rotation": 90, "texture": "#0"},
				"west": {"uv": [0, 6, 1, 5], "rotation": 90, "texture": "#0"},
				"up": {"uv": [0, 6, 1, 5], "rotation": 90, "texture": "#0"},
				"down": {"uv": [0, 6, 1, 5], "rotation": 90, "texture": "#0"}
			}
		},
		{
			"from": [10.7, 11.1601, 9.1111],
			"to": [11.2, 11.3601, 9.7111],
			"rotation": {"angle": 22.5, "axis": "x", "origin": [10.95, 11.2601, 9.4111]},
			"faces": {
				"north": {"uv": [0, 6, 1, 5], "rotation": 270, "texture": "#0"},
				"east": {"uv": [0, 6, 1, 5], "rotation": 270, "texture": "#0"},
				"south": {"uv": [0, 6, 1, 5], "rotation": 270, "texture": "#0"},
				"west": {"uv": [0, 6, 1, 5], "rotation": 270, "texture": "#0"},
				"up": {"uv": [0, 6, 1, 5], "rotation": 270, "texture": "#0"},
				"down": {"uv": [0, 6, 1, 5], "rotation": 270, "texture": "#0"}
			}
		},
		{
			"from": [10.8, 11.6601, 9.4111],
			"to": [11.1, 11.7601, 9.7111],
			"rotation": {"angle": 22.5, "axis": "x", "origin": [10.95, 11.2601, 9.4111]},
			"faces": {
				"north": {"uv": [7, 13, 8, 12], "rotation": 270, "texture": "#0"},
				"east": {"uv": [7, 13, 8, 12], "rotation": 270, "texture": "#0"},
				"south": {"uv": [7, 13, 8, 12], "rotation": 270, "texture": "#0"},
				"west": {"uv": [7, 13, 8, 12], "rotation": 270, "texture": "#0"},
				"up": {"uv": [7, 13, 8, 12], "rotation": 270, "texture": "#0"},
				"down": {"uv": [7, 13, 8, 12], "rotation": 270, "texture": "#0"}
			}
		},
		{
			"from": [10.9, 9.41213, 8.98806],
			"to": [11.1, 9.61213, 9.38806],
			"rotation": {"angle": -22.5, "axis": "x", "origin": [11, 9.51213, 9.18806]},
			"faces": {
				"north": {"uv": [1, 5, 0, 6], "texture": "#0"},
				"east": {"uv": [1, 5, 0, 6], "texture": "#0"},
				"south": {"uv": [1, 5, 0, 6], "texture": "#0"},
				"west": {"uv": [1, 5, 0, 6], "texture": "#0"},
				"up": {"uv": [1, 5, 0, 6], "texture": "#0"},
				"down": {"uv": [1, 5, 0, 6], "texture": "#0"}
			}
		},
		{
			"from": [10.9, 9.23455, 7.78129],
			"to": [11.1, 9.83455, 7.98129],
			"rotation": {"angle": -22.5, "axis": "x", "origin": [11, 9.23455, 7.88129]},
			"faces": {
				"north": {"uv": [0, 6, 1, 5], "rotation": 90, "texture": "#0"},
				"east": {"uv": [0, 6, 1, 5], "rotation": 90, "texture": "#0"},
				"south": {"uv": [0, 6, 1, 5], "rotation": 90, "texture": "#0"},
				"west": {"uv": [0, 6, 1, 5], "rotation": 90, "texture": "#0"},
				"up": {"uv": [0, 6, 1, 5], "rotation": 90, "texture": "#0"},
				"down": {"uv": [0, 6, 1, 5], "rotation": 90, "texture": "#0"}
			}
		},
		{
			"from": [10.9, 9.75061, 7.55929],
			"to": [11.1, 10.45061, 7.75929],
			"rotation": {"angle": 0, "axis": "y", "origin": [11.1, 9.25061, 7.85929]},
			"faces": {
				"north": {"uv": [0, 6, 1, 5], "rotation": 90, "texture": "#0"},
				"east": {"uv": [0, 6, 1, 5], "rotation": 90, "texture": "#0"},
				"south": {"uv": [0, 6, 1, 5], "rotation": 90, "texture": "#0"},
				"west": {"uv": [0, 6, 1, 5], "rotation": 90, "texture": "#0"},
				"up": {"uv": [0, 6, 1, 5], "rotation": 90, "texture": "#0"},
				"down": {"uv": [0, 6, 1, 5], "rotation": 90, "texture": "#0"}
			}
		},
		{
			"from": [9.8, 9.45061, 8.35929],
			"to": [10, 10.15061, 8.55929],
			"rotation": {"angle": 0, "axis": "y", "origin": [11.1, 9.25061, 7.85929]},
			"faces": {
				"north": {"uv": [0, 6, 1, 5], "rotation": 90, "texture": "#0"},
				"east": {"uv": [0, 6, 1, 5], "rotation": 90, "texture": "#0"},
				"south": {"uv": [0, 6, 1, 5], "rotation": 90, "texture": "#0"},
				"west": {"uv": [0, 6, 1, 5], "rotation": 90, "texture": "#0"},
				"up": {"uv": [0, 6, 1, 5], "rotation": 90, "texture": "#0"},
				"down": {"uv": [0, 6, 1, 5], "rotation": 90, "texture": "#0"}
			}
		},
		{
			"from": [10.43, 9.45061, 8.35929],
			"to": [10.63, 10.15061, 8.55929],
			"rotation": {"angle": 0, "axis": "y", "origin": [11.1, 9.25061, 7.85929]},
			"faces": {
				"north": {"uv": [0, 6, 1, 5], "rotation": 90, "texture": "#0"},
				"east": {"uv": [0, 6, 1, 5], "rotation": 90, "texture": "#0"},
				"south": {"uv": [0, 6, 1, 5], "rotation": 90, "texture": "#0"},
				"west": {"uv": [0, 6, 1, 5], "rotation": 90, "texture": "#0"},
				"up": {"uv": [0, 6, 1, 5], "rotation": 90, "texture": "#0"},
				"down": {"uv": [0, 6, 1, 5], "rotation": 90, "texture": "#0"}
			}
		},
		{
			"from": [10.175, 9.35061, 8.35929],
			"to": [10.275, 10.05061, 8.45929],
			"rotation": {"angle": 0, "axis": "y", "origin": [11.1, 9.25061, 7.85929]},
			"faces": {
				"north": {"uv": [0, 6, 1, 5], "rotation": 90, "texture": "#0"},
				"east": {"uv": [0, 6, 1, 5], "rotation": 90, "texture": "#0"},
				"south": {"uv": [0, 6, 1, 5], "rotation": 90, "texture": "#0"},
				"west": {"uv": [0, 6, 1, 5], "rotation": 90, "texture": "#0"},
				"up": {"uv": [0, 6, 1, 5], "rotation": 90, "texture": "#0"},
				"down": {"uv": [0, 6, 1, 5], "rotation": 90, "texture": "#0"}
			}
		},
		{
			"from": [10.2, 9.45061, 8.35929],
			"to": [10.25, 10.15061, 8.45929],
			"rotation": {"angle": 0, "axis": "y", "origin": [11.1, 9.25061, 7.85929]},
			"faces": {
				"north": {"uv": [0, 6, 1, 5], "rotation": 90, "texture": "#0"},
				"east": {"uv": [0, 6, 1, 5], "rotation": 90, "texture": "#0"},
				"south": {"uv": [0, 6, 1, 5], "rotation": 90, "texture": "#0"},
				"west": {"uv": [0, 6, 1, 5], "rotation": 90, "texture": "#0"},
				"up": {"uv": [0, 6, 1, 5], "rotation": 90, "texture": "#0"},
				"down": {"uv": [0, 6, 1, 5], "rotation": 90, "texture": "#0"}
			}
		},
		{
			"from": [10.2, 9.45061, -6.54071],
			"to": [10.25, 10.15061, -6.34071],
			"rotation": {"angle": 0, "axis": "y", "origin": [11.1, 9.25061, 7.85929]},
			"faces": {
				"north": {"uv": [0, 6, 1, 5], "rotation": 90, "texture": "#0"},
				"east": {"uv": [0, 6, 1, 5], "rotation": 90, "texture": "#0"},
				"south": {"uv": [0, 6, 1, 5], "rotation": 90, "texture": "#0"},
				"west": {"uv": [0, 6, 1, 5], "rotation": 90, "texture": "#0"},
				"up": {"uv": [0, 6, 1, 5], "rotation": 90, "texture": "#0"},
				"down": {"uv": [0, 6, 1, 5], "rotation": 90, "texture": "#0"}
			}
		},
		{
			"from": [10.9, 9.11585, 8.7943],
			"to": [11.1, 9.51585, 8.9943],
			"rotation": {"angle": 45, "axis": "x", "origin": [11, 9.31585, 8.8943]},
			"faces": {
				"north": {"uv": [0, 6, 1, 5], "rotation": 90, "texture": "#0"},
				"east": {"uv": [0, 6, 1, 5], "rotation": 90, "texture": "#0"},
				"south": {"uv": [0, 6, 1, 5], "rotation": 90, "texture": "#0"},
				"west": {"uv": [0, 6, 1, 5], "rotation": 90, "texture": "#0"},
				"up": {"uv": [0, 6, 1, 5], "rotation": 90, "texture": "#0"},
				"down": {"uv": [0, 6, 1, 5], "rotation": 90, "texture": "#0"}
			}
		},
		{
			"from": [10.9, 8.74514, 8.68217],
			"to": [11.1, 9.24514, 8.98217],
			"rotation": {"angle": 0, "axis": "y", "origin": [11, 8.94514, 8.78217]},
			"faces": {
				"north": {"uv": [0, 6, 1, 5], "rotation": 90, "texture": "#0"},
				"east": {"uv": [0, 6, 1, 5], "rotation": 90, "texture": "#0"},
				"south": {"uv": [0, 6, 1, 5], "rotation": 90, "texture": "#0"},
				"west": {"uv": [0, 6, 1, 5], "rotation": 90, "texture": "#0"},
				"up": {"uv": [0, 6, 1, 5], "rotation": 90, "texture": "#0"},
				"down": {"uv": [0, 6, 1, 5], "rotation": 90, "texture": "#0"}
			}
		},
		{
			"from": [10.9, 8.61511, 8.73587],
			"to": [11.1, 9.01511, 9.33587],
			"rotation": {"angle": 22.5, "axis": "x", "origin": [11, 8.81511, 9.03587]},
			"faces": {
				"north": {"uv": [1, 5, 0, 6], "rotation": 180, "texture": "#0"},
				"east": {"uv": [1, 5, 0, 6], "rotation": 180, "texture": "#0"},
				"south": {"uv": [1, 5, 0, 6], "rotation": 180, "texture": "#0"},
				"west": {"uv": [1, 5, 0, 6], "rotation": 180, "texture": "#0"},
				"up": {"uv": [1, 5, 0, 6], "rotation": 180, "texture": "#0"},
				"down": {"uv": [1, 5, 0, 6], "rotation": 180, "texture": "#0"}
			}
		},
		{
			"from": [10.9, 8.51511, 7.73587],
			"to": [11.1, 8.91511, 8.23587],
			"rotation": {"angle": 22.5, "axis": "x", "origin": [11, 8.81511, 9.03587]},
			"faces": {
				"north": {"uv": [1, 5, 0, 6], "rotation": 180, "texture": "#0"},
				"east": {"uv": [1, 5, 0, 6], "rotation": 180, "texture": "#0"},
				"south": {"uv": [1, 5, 0, 6], "rotation": 180, "texture": "#0"},
				"west": {"uv": [1, 5, 0, 6], "rotation": 180, "texture": "#0"},
				"up": {"uv": [1, 5, 0, 6], "rotation": 180, "texture": "#0"},
				"down": {"uv": [1, 5, 0, 6], "rotation": 180, "texture": "#0"}
			}
		},
		{
			"from": [10.9, 8.55, 8.83587],
			"to": [11.1, 8.9, 9.23587],
			"rotation": {"angle": 22.5, "axis": "x", "origin": [11, 8.81511, 9.03587]},
			"faces": {
				"north": {"uv": [1, 5, 0, 6], "rotation": 180, "texture": "#0"},
				"east": {"uv": [1, 5, 0, 6], "rotation": 180, "texture": "#0"},
				"south": {"uv": [1, 5, 0, 6], "rotation": 180, "texture": "#0"},
				"west": {"uv": [1, 5, 0, 6], "rotation": 180, "texture": "#0"},
				"up": {"uv": [1, 5, 0, 6], "rotation": 180, "texture": "#0"},
				"down": {"uv": [1, 5, 0, 6], "rotation": 180, "texture": "#0"}
			}
		},
		{
			"from": [10.9, 8.45, 7.83587],
			"to": [11.1, 8.8, 8.33587],
			"rotation": {"angle": 22.5, "axis": "x", "origin": [11, 8.81511, 9.03587]},
			"faces": {
				"north": {"uv": [1, 5, 0, 6], "rotation": 180, "texture": "#0"},
				"east": {"uv": [1, 5, 0, 6], "rotation": 180, "texture": "#0"},
				"south": {"uv": [1, 5, 0, 6], "rotation": 180, "texture": "#0"},
				"west": {"uv": [1, 5, 0, 6], "rotation": 180, "texture": "#0"},
				"up": {"uv": [1, 5, 0, 6], "rotation": 180, "texture": "#0"},
				"down": {"uv": [1, 5, 0, 6], "rotation": 180, "texture": "#0"}
			}
		},
		{
			"from": [10.9, 7.75, 7.93587],
			"to": [11, 8.1, 8.33587],
			"rotation": {"angle": 22.5, "axis": "x", "origin": [11, 8.81511, 9.03587]},
			"faces": {
				"north": {"uv": [5, 5, 0, 11], "rotation": 180, "texture": "#0"},
				"east": {"uv": [5, 5, 0, 11], "rotation": 180, "texture": "#0"},
				"south": {"uv": [5, 5, 0, 11], "rotation": 180, "texture": "#0"},
				"west": {"uv": [5, 5, 0, 11], "rotation": 180, "texture": "#0"},
				"up": {"uv": [5, 5, 0, 11], "rotation": 180, "texture": "#0"},
				"down": {"uv": [5, 5, 0, 11], "rotation": 180, "texture": "#0"}
			}
		},
		{
			"from": [10.9, 7.65, 8.03587],
			"to": [11, 8.2, 8.23587],
			"rotation": {"angle": 22.5, "axis": "x", "origin": [11, 8.81511, 9.03587]},
			"faces": {
				"north": {"uv": [5, 5, 0, 11], "rotation": 180, "texture": "#0"},
				"east": {"uv": [5, 5, 0, 11], "rotation": 180, "texture": "#0"},
				"south": {"uv": [5, 5, 0, 11], "rotation": 180, "texture": "#0"},
				"west": {"uv": [5, 5, 0, 11], "rotation": 180, "texture": "#0"},
				"up": {"uv": [5, 5, 0, 11], "rotation": 180, "texture": "#0"},
				"down": {"uv": [5, 5, 0, 11], "rotation": 180, "texture": "#0"}
			}
		},
		{
			"from": [10.9, 8.3, 8.63587],
			"to": [11, 8.4, 8.83587],
			"rotation": {"angle": 22.5, "axis": "x", "origin": [11, 8.81511, 9.03587]},
			"faces": {
				"north": {"uv": [8, 12, 7, 13], "rotation": 180, "texture": "#0"},
				"east": {"uv": [8, 12, 7, 13], "rotation": 180, "texture": "#0"},
				"south": {"uv": [8, 12, 7, 13], "rotation": 180, "texture": "#0"},
				"west": {"uv": [8, 12, 7, 13], "rotation": 180, "texture": "#0"},
				"up": {"uv": [8, 12, 7, 13], "rotation": 180, "texture": "#0"},
				"down": {"uv": [8, 12, 7, 13], "rotation": 180, "texture": "#0"}
			}
		},
		{
			"from": [10.9, 8.15, 8.63587],
			"to": [11, 8.25, 8.83587],
			"rotation": {"angle": 22.5, "axis": "x", "origin": [11, 8.81511, 9.03587]},
			"faces": {
				"north": {"uv": [8, 12, 7, 13], "rotation": 180, "texture": "#0"},
				"east": {"uv": [8, 12, 7, 13], "rotation": 180, "texture": "#0"},
				"south": {"uv": [8, 12, 7, 13], "rotation": 180, "texture": "#0"},
				"west": {"uv": [8, 12, 7, 13], "rotation": 180, "texture": "#0"},
				"up": {"uv": [8, 12, 7, 13], "rotation": 180, "texture": "#0"},
				"down": {"uv": [8, 12, 7, 13], "rotation": 180, "texture": "#0"}
			}
		},
		{
			"from": [11.1, 8.65, 8.93587],
			"to": [11.2, 8.75, 9.13587],
			"rotation": {"angle": 22.5, "axis": "x", "origin": [11, 8.81511, 9.03587]},
			"faces": {
				"north": {"uv": [8, 12, 7, 13], "rotation": 180, "texture": "#0"},
				"east": {"uv": [8, 12, 7, 13], "rotation": 180, "texture": "#0"},
				"south": {"uv": [8, 12, 7, 13], "rotation": 180, "texture": "#0"},
				"west": {"uv": [8, 12, 7, 13], "rotation": 180, "texture": "#0"},
				"up": {"uv": [8, 12, 7, 13], "rotation": 180, "texture": "#0"},
				"down": {"uv": [8, 12, 7, 13], "rotation": 180, "texture": "#0"}
			}
		},
		{
			"from": [11.1, 8.8, 8.93587],
			"to": [11.2, 8.9, 9.13587],
			"rotation": {"angle": 22.5, "axis": "x", "origin": [11, 8.81511, 9.03587]},
			"faces": {
				"north": {"uv": [8, 12, 7, 13], "rotation": 180, "texture": "#0"},
				"east": {"uv": [8, 12, 7, 13], "rotation": 180, "texture": "#0"},
				"south": {"uv": [8, 12, 7, 13], "rotation": 180, "texture": "#0"},
				"west": {"uv": [8, 12, 7, 13], "rotation": 180, "texture": "#0"},
				"up": {"uv": [8, 12, 7, 13], "rotation": 180, "texture": "#0"},
				"down": {"uv": [8, 12, 7, 13], "rotation": 180, "texture": "#0"}
			}
		},
		{
			"from": [11.1, 8.9592, 7.98142],
			"to": [11.2, 9.0592, 8.18142],
			"rotation": {"angle": -22.5, "axis": "x", "origin": [11.15, 9.0842, 8.28142]},
			"faces": {
				"north": {"uv": [8, 12, 7, 13], "rotation": 180, "texture": "#0"},
				"east": {"uv": [8, 12, 7, 13], "rotation": 180, "texture": "#0"},
				"south": {"uv": [8, 12, 7, 13], "rotation": 180, "texture": "#0"},
				"west": {"uv": [8, 12, 7, 13], "rotation": 180, "texture": "#0"},
				"up": {"uv": [8, 12, 7, 13], "rotation": 180, "texture": "#0"},
				"down": {"uv": [8, 12, 7, 13], "rotation": 180, "texture": "#0"}
			}
		},
		{
			"from": [11.1, 9.1092, 7.98142],
			"to": [11.2, 9.2092, 8.18142],
			"rotation": {"angle": -22.5, "axis": "x", "origin": [11.15, 9.0842, 8.28142]},
			"faces": {
				"north": {"uv": [8, 12, 7, 13], "rotation": 180, "texture": "#0"},
				"east": {"uv": [8, 12, 7, 13], "rotation": 180, "texture": "#0"},
				"south": {"uv": [8, 12, 7, 13], "rotation": 180, "texture": "#0"},
				"west": {"uv": [8, 12, 7, 13], "rotation": 180, "texture": "#0"},
				"up": {"uv": [8, 12, 7, 13], "rotation": 180, "texture": "#0"},
				"down": {"uv": [8, 12, 7, 13], "rotation": 180, "texture": "#0"}
			}
		},
		{
			"from": [10.9, 8.21996, 9.79713],
			"to": [11, 8.41996, 9.89713],
			"rotation": {"angle": 0, "axis": "y", "origin": [11.15, 8.31996, 9.57213]},
			"faces": {
				"north": {"uv": [8, 12, 7, 13], "texture": "#0"},
				"east": {"uv": [8, 12, 7, 13], "texture": "#0"},
				"south": {"uv": [8, 12, 7, 13], "texture": "#0"},
				"west": {"uv": [8, 12, 7, 13], "texture": "#0"},
				"up": {"uv": [8, 12, 7, 13], "texture": "#0"},
				"down": {"uv": [8, 12, 7, 13], "texture": "#0"}
			}
		},
		{
			"from": [10.9, 8.21996, 9.64713],
			"to": [11, 8.41996, 9.74713],
			"rotation": {"angle": 0, "axis": "y", "origin": [11.15, 8.31996, 9.57213]},
			"faces": {
				"north": {"uv": [8, 12, 7, 13], "texture": "#0"},
				"east": {"uv": [8, 12, 7, 13], "texture": "#0"},
				"south": {"uv": [8, 12, 7, 13], "texture": "#0"},
				"west": {"uv": [8, 12, 7, 13], "texture": "#0"},
				"up": {"uv": [8, 12, 7, 13], "texture": "#0"},
				"down": {"uv": [8, 12, 7, 13], "texture": "#0"}
			}
		},
		{
			"from": [9.5, 7.89323, 9.20991],
			"to": [10.9, 8.34323, 10.10991],
			"rotation": {"angle": 22.5, "axis": "x", "origin": [10, 7.74323, 11.85991]},
			"faces": {
				"north": {"uv": [0, 6, 4, 10], "rotation": 90, "texture": "#0"},
				"east": {"uv": [0, 6, 4, 10], "rotation": 90, "texture": "#0"},
				"south": {"uv": [0, 6, 4, 10], "rotation": 90, "texture": "#0"},
				"west": {"uv": [0, 6, 4, 10], "rotation": 90, "texture": "#0"},
				"up": {"uv": [0, 6, 4, 10], "rotation": 90, "texture": "#0"},
				"down": {"uv": [0, 6, 4, 10], "rotation": 90, "texture": "#0"}
			}
		},
		{
			"from": [9.5, 8.08686, 9.17878],
			"to": [10.9, 8.98686, 10.07878],
			"rotation": {"angle": -45, "axis": "x", "origin": [10, 8.58686, 9.62878]},
			"faces": {
				"north": {"uv": [0, 6, 4, 10], "rotation": 90, "texture": "#0"},
				"east": {"uv": [0, 6, 4, 10], "rotation": 90, "texture": "#0"},
				"south": {"uv": [0, 6, 4, 10], "rotation": 90, "texture": "#0"},
				"west": {"uv": [0, 6, 4, 10], "rotation": 90, "texture": "#0"},
				"up": {"uv": [0, 6, 4, 10], "rotation": 90, "texture": "#0"},
				"down": {"uv": [0, 6, 4, 10], "rotation": 90, "texture": "#0"}
			}
		},
		{
			"from": [9.5, 8.61511, 6.66413],
			"to": [10.9, 9.31511, 7.16413],
			"rotation": {"angle": 0, "axis": "y", "origin": [10.2, 8.41511, 3.96413]},
			"faces": {
				"north": {"uv": [0, 6, 4, 10], "rotation": 90, "texture": "#0"},
				"east": {"uv": [0, 6, 4, 10], "rotation": 90, "texture": "#0"},
				"south": {"uv": [0, 6, 4, 10], "rotation": 90, "texture": "#0"},
				"west": {"uv": [0, 6, 4, 10], "rotation": 90, "texture": "#0"},
				"up": {"uv": [0, 6, 4, 10], "rotation": 90, "texture": "#0"},
				"down": {"uv": [0, 6, 4, 10], "rotation": 90, "texture": "#0"}
			}
		},
		{
			"from": [9.5, 7.91511, 7.16413],
			"to": [10.9, 9.31511, 9.66413],
			"rotation": {"angle": 0, "axis": "y", "origin": [10.2, 8.41511, 3.96413]},
			"faces": {
				"north": {"uv": [0, 6, 4, 10], "rotation": 90, "texture": "#0"},
				"east": {"uv": [0, 6, 4, 10], "rotation": 90, "texture": "#0"},
				"south": {"uv": [0, 6, 4, 10], "rotation": 90, "texture": "#0"},
				"west": {"uv": [0, 6, 4, 10], "rotation": 90, "texture": "#0"},
				"up": {"uv": [0, 6, 4, 10], "rotation": 90, "texture": "#0"},
				"down": {"uv": [0, 6, 4, 10], "rotation": 90, "texture": "#0"}
			}
		},
		{
			"from": [9.5, 10.04544, 7.52436],
			"to": [10.9, 10.74544, 8.42436],
			"rotation": {"angle": -45, "axis": "x", "origin": [10, 8.64544, 9.67436]},
			"faces": {
				"north": {"uv": [0, 6, 4, 10], "rotation": 90, "texture": "#0"},
				"east": {"uv": [0, 6, 4, 10], "rotation": 90, "texture": "#0"},
				"south": {"uv": [0, 6, 4, 10], "rotation": 90, "texture": "#0"},
				"west": {"uv": [0, 6, 4, 10], "rotation": 90, "texture": "#0"},
				"up": {"uv": [0, 6, 4, 10], "rotation": 90, "texture": "#0"},
				"down": {"uv": [0, 6, 4, 10], "rotation": 90, "texture": "#0"}
			}
		},
		{
			"from": [9.7, 8.41448, -6.36643],
			"to": [10.7, 8.71448, -5.86643],
			"rotation": {"angle": 0, "axis": "y", "origin": [10.2, 8.81448, -4.96643]},
			"faces": {
				"north": {"uv": [0, 0, 4, 4], "rotation": 90, "texture": "#0"},
				"east": {"uv": [0, 0, 4, 4], "rotation": 90, "texture": "#0"},
				"south": {"uv": [0, 0, 4, 4], "rotation": 90, "texture": "#0"},
				"west": {"uv": [0, 0, 4, 4], "rotation": 90, "texture": "#0"},
				"up": {"uv": [0, 0, 4, 4], "rotation": 90, "texture": "#0"},
				"down": {"uv": [0, 0, 4, 4], "rotation": 90, "texture": "#0"}
			}
		},
		{
			"from": [10.35, 8.1444, -4.76413],
			"to": [10.55, 8.4444, 0.53587],
			"rotation": {"angle": 0, "axis": "y", "origin": [9.92929, 6.6444, 4.93587]},
			"faces": {
				"north": {"uv": [0, 0, 4, 4], "rotation": 90, "texture": "#0"},
				"east": {"uv": [0, 0, 4, 4], "rotation": 90, "texture": "#0"},
				"south": {"uv": [0, 0, 4, 4], "rotation": 90, "texture": "#0"},
				"west": {"uv": [0, 0, 4, 4], "rotation": 90, "texture": "#0"},
				"up": {"uv": [0, 0, 4, 4], "rotation": 90, "texture": "#0"},
				"down": {"uv": [0, 0, 4, 4], "rotation": 90, "texture": "#0"}
			}
		},
		{
			"from": [10.13787, 7.93227, -4.76413],
			"to": [10.23787, 8.13227, 0.53587],
			"rotation": {"angle": 0, "axis": "y", "origin": [11.53787, 8.13227, 4.93587]},
			"faces": {
				"north": {"uv": [0, 0, 4, 4], "rotation": 90, "texture": "#0"},
				"east": {"uv": [0, 0, 4, 4], "rotation": 90, "texture": "#0"},
				"south": {"uv": [0, 0, 4, 4], "rotation": 90, "texture": "#0"},
				"west": {"uv": [0, 0, 4, 4], "rotation": 90, "texture": "#0"},
				"up": {"uv": [0, 0, 4, 4], "rotation": 90, "texture": "#0"},
				"down": {"uv": [0, 0, 4, 4], "rotation": 90, "texture": "#0"}
			}
		},
		{
			"from": [11.47426, 7.91719, -4.76413],
			"to": [11.47426, 8.21719, 0.53587],
			"rotation": {"angle": -45, "axis": "z", "origin": [10.97426, 9.41719, 4.93587]},
			"faces": {
				"north": {"uv": [0, 0, 4, 4], "rotation": 90, "texture": "#0"},
				"east": {"uv": [0, 0, 4, 4], "rotation": 90, "texture": "#0"},
				"south": {"uv": [0, 0, 4, 4], "rotation": 90, "texture": "#0"},
				"west": {"uv": [0, 0, 4, 4], "rotation": 90, "texture": "#0"},
				"up": {"uv": [0, 0, 4, 4], "rotation": 90, "texture": "#0"},
				"down": {"uv": [0, 0, 4, 4], "rotation": 90, "texture": "#0"}
			}
		},
		{
			"from": [8.93076, 7.84648, -4.76413],
			"to": [8.93076, 8.14648, 0.53587],
			"rotation": {"angle": 45, "axis": "z", "origin": [9.33076, 9.34648, 4.93587]},
			"faces": {
				"north": {"uv": [0, 0, 4, 4], "rotation": 270, "texture": "#0"},
				"east": {"uv": [0, 0, 4, 4], "rotation": 270, "texture": "#0"},
				"south": {"uv": [0, 0, 4, 4], "rotation": 270, "texture": "#0"},
				"west": {"uv": [0, 0, 4, 4], "rotation": 270, "texture": "#0"},
				"up": {"uv": [0, 0, 4, 4], "rotation": 270, "texture": "#0"},
				"down": {"uv": [0, 0, 4, 4], "rotation": 270, "texture": "#0"}
			}
		},
		{
			"from": [9.82574, 8.1444, -4.76413],
			"to": [10.02574, 8.4444, 0.53587],
			"rotation": {"angle": 0, "axis": "y", "origin": [10.32574, 6.6444, 4.93587]},
			"faces": {
				"north": {"uv": [0, 0, 4, 4], "rotation": 270, "texture": "#0"},
				"east": {"uv": [0, 0, 4, 4], "rotation": 270, "texture": "#0"},
				"south": {"uv": [0, 0, 4, 4], "rotation": 270, "texture": "#0"},
				"west": {"uv": [0, 0, 4, 4], "rotation": 270, "texture": "#0"},
				"up": {"uv": [0, 0, 4, 4], "rotation": 270, "texture": "#0"},
				"down": {"uv": [0, 0, 4, 4], "rotation": 270, "texture": "#0"}
			}
		},
		{
			"from": [10.35, 8.2444, -5.46413],
			"to": [10.55, 8.5444, -0.16413],
			"rotation": {"angle": 0, "axis": "y", "origin": [9.92929, 6.7444, 4.23587]},
			"faces": {
				"north": {"uv": [0, 0, 4, 4], "rotation": 90, "texture": "#0"},
				"east": {"uv": [0, 0, 4, 4], "rotation": 90, "texture": "#0"},
				"south": {"uv": [0, 0, 4, 4], "rotation": 90, "texture": "#0"},
				"west": {"uv": [0, 0, 4, 4], "rotation": 90, "texture": "#0"},
				"up": {"uv": [0, 0, 4, 4], "rotation": 90, "texture": "#0"},
				"down": {"uv": [0, 0, 4, 4], "rotation": 90, "texture": "#0"}
			}
		},
		{
			"from": [10.13787, 8.03227, -5.46413],
			"to": [10.23787, 8.23227, -0.16413],
			"rotation": {"angle": 0, "axis": "y", "origin": [11.53787, 8.23227, 4.23587]},
			"faces": {
				"north": {"uv": [0, 0, 4, 4], "rotation": 90, "texture": "#0"},
				"east": {"uv": [0, 0, 4, 4], "rotation": 90, "texture": "#0"},
				"south": {"uv": [0, 0, 4, 4], "rotation": 90, "texture": "#0"},
				"west": {"uv": [0, 0, 4, 4], "rotation": 90, "texture": "#0"},
				"up": {"uv": [0, 0, 4, 4], "rotation": 90, "texture": "#0"},
				"down": {"uv": [0, 0, 4, 4], "rotation": 90, "texture": "#0"}
			}
		},
		{
			"from": [11.07426, 8.01719, -5.46413],
			"to": [11.47426, 8.31719, -0.16413],
			"rotation": {"angle": -45, "axis": "z", "origin": [10.97426, 9.51719, 4.23587]},
			"faces": {
				"north": {"uv": [0, 0, 4, 4], "rotation": 90, "texture": "#0"},
				"east": {"uv": [0, 0, 4, 4], "rotation": 90, "texture": "#0"},
				"south": {"uv": [0, 0, 4, 4], "rotation": 90, "texture": "#0"},
				"west": {"uv": [0, 0, 4, 4], "rotation": 90, "texture": "#0"},
				"up": {"uv": [0, 0, 4, 4], "rotation": 90, "texture": "#0"},
				"down": {"uv": [0, 0, 4, 4], "rotation": 90, "texture": "#0"}
			}
		},
		{
			"from": [8.93076, 7.94648, -5.46413],
			"to": [9.33076, 8.24648, -0.16413],
			"rotation": {"angle": 45, "axis": "z", "origin": [9.33076, 9.44648, 4.23587]},
			"faces": {
				"north": {"uv": [0, 0, 4, 4], "rotation": 270, "texture": "#0"},
				"east": {"uv": [0, 0, 4, 4], "rotation": 270, "texture": "#0"},
				"south": {"uv": [0, 0, 4, 4], "rotation": 270, "texture": "#0"},
				"west": {"uv": [0, 0, 4, 4], "rotation": 270, "texture": "#0"},
				"up": {"uv": [0, 0, 4, 4], "rotation": 270, "texture": "#0"},
				"down": {"uv": [0, 0, 4, 4], "rotation": 270, "texture": "#0"}
			}
		},
		{
			"from": [9.82574, 8.2444, -5.46413],
			"to": [10.02574, 8.5444, -0.16413],
			"rotation": {"angle": 0, "axis": "y", "origin": [10.32574, 6.7444, 4.23587]},
			"faces": {
				"north": {"uv": [0, 0, 4, 4], "rotation": 270, "texture": "#0"},
				"east": {"uv": [0, 0, 4, 4], "rotation": 270, "texture": "#0"},
				"south": {"uv": [0, 0, 4, 4], "rotation": 270, "texture": "#0"},
				"west": {"uv": [0, 0, 4, 4], "rotation": 270, "texture": "#0"},
				"up": {"uv": [0, 0, 4, 4], "rotation": 270, "texture": "#0"},
				"down": {"uv": [0, 0, 4, 4], "rotation": 270, "texture": "#0"}
			}
		},
		{
			"from": [10.13787, 7.83227, -4.06413],
			"to": [10.23787, 8.03227, -0.76413],
			"rotation": {"angle": 0, "axis": "y", "origin": [11.53787, 8.03227, 4.23587]},
			"faces": {
				"north": {"uv": [1, 5, 2, 6], "rotation": 90, "texture": "#0"},
				"east": {"uv": [1, 5, 2, 6], "rotation": 90, "texture": "#0"},
				"south": {"uv": [1, 5, 2, 6], "rotation": 90, "texture": "#0"},
				"west": {"uv": [1, 5, 2, 6], "rotation": 90, "texture": "#0"},
				"up": {"uv": [1, 5, 2, 6], "rotation": 90, "texture": "#0"},
				"down": {"uv": [1, 5, 2, 6], "rotation": 90, "texture": "#0"}
			}
		},
		{
			"from": [10.13787, 8.45608, -4.30026],
			"to": [10.23787, 8.65608, -3.90026],
			"rotation": {"angle": 22.5, "axis": "x", "origin": [10.18787, 8.55608, -5.55026]},
			"faces": {
				"north": {"uv": [1, 5, 2, 6], "rotation": 90, "texture": "#0"},
				"east": {"uv": [1, 5, 2, 6], "rotation": 90, "texture": "#0"},
				"south": {"uv": [1, 5, 2, 6], "rotation": 90, "texture": "#0"},
				"west": {"uv": [1, 5, 2, 6], "rotation": 90, "texture": "#0"},
				"up": {"uv": [1, 5, 2, 6], "rotation": 90, "texture": "#0"},
				"down": {"uv": [1, 5, 2, 6], "rotation": 90, "texture": "#0"}
			}
		},
		{
			"from": [10.03787, 8.55608, -5.00026],
			"to": [10.33787, 8.75608, -4.60026],
			"rotation": {"angle": 22.5, "axis": "x", "origin": [10.18787, 8.65608, -6.25026]},
			"faces": {
				"north": {"uv": [0, 0, 4, 4], "rotation": 90, "texture": "#0"},
				"east": {"uv": [0, 0, 4, 4], "rotation": 90, "texture": "#0"},
				"south": {"uv": [0, 0, 4, 4], "rotation": 90, "texture": "#0"},
				"west": {"uv": [0, 0, 4, 4], "rotation": 90, "texture": "#0"},
				"up": {"uv": [0, 0, 4, 4], "rotation": 90, "texture": "#0"},
				"down": {"uv": [0, 0, 4, 4], "rotation": 90, "texture": "#0"}
			}
		},
		{
			"from": [9.7, 8.58017, -6.26643],
			"to": [10.7, 8.78017, -5.96643],
			"rotation": {"angle": 45, "axis": "x", "origin": [10.2, 8.98017, -6.36643]},
			"faces": {
				"north": {"uv": [0, 0, 4, 4], "rotation": 90, "texture": "#0"},
				"east": {"uv": [0, 0, 4, 4], "rotation": 90, "texture": "#0"},
				"south": {"uv": [0, 0, 4, 4], "rotation": 90, "texture": "#0"},
				"west": {"uv": [0, 0, 4, 4], "rotation": 90, "texture": "#0"},
				"up": {"uv": [0, 0, 4, 4], "rotation": 90, "texture": "#0"},
				"down": {"uv": [0, 0, 4, 4], "rotation": 90, "texture": "#0"}
			}
		},
		{
			"from": [9.7, 8.62661, -6.57856],
			"to": [10.7, 9.22661, -5.77856],
			"rotation": {"angle": 0, "axis": "y", "origin": [10.2, 9.02661, -6.17856]},
			"faces": {
				"north": {"uv": [0, 0, 4, 4], "texture": "#0"},
				"east": {"uv": [0, 0, 4, 4], "texture": "#0"},
				"south": {"uv": [0, 0, 4, 4], "texture": "#0"},
				"west": {"uv": [0, 0, 4, 4], "texture": "#0"},
				"up": {"uv": [0, 0, 4, 4], "texture": "#0"},
				"down": {"uv": [0, 0, 4, 4], "texture": "#0"}
			}
		},
		{
			"from": [9.9, 9.02661, -6.67856],
			"to": [10.5, 9.72661, -5.77856],
			"rotation": {"angle": 0, "axis": "y", "origin": [10.2, 9.02661, -6.17856]},
			"faces": {
				"north": {"uv": [4, 12, 5, 13], "texture": "#0"},
				"east": {"uv": [4, 12, 5, 13], "texture": "#0"},
				"south": {"uv": [4, 12, 5, 13], "texture": "#0"},
				"west": {"uv": [4, 12, 5, 13], "texture": "#0"},
				"up": {"uv": [4, 12, 5, 13], "texture": "#0"},
				"down": {"uv": [4, 12, 5, 13], "texture": "#0"}
			}
		},
		{
			"from": [9.7, 8.31448, -5.86643],
			"to": [10.7, 8.71448, -3.86643],
			"rotation": {"angle": 0, "axis": "y", "origin": [10.2, 8.41448, -4.96643]},
			"faces": {
				"north": {"uv": [0, 0, 4, 4], "rotation": 90, "texture": "#0"},
				"east": {"uv": [0, 0, 4, 4], "rotation": 90, "texture": "#0"},
				"south": {"uv": [0, 0, 4, 4], "rotation": 90, "texture": "#0"},
				"west": {"uv": [0, 0, 4, 4], "rotation": 90, "texture": "#0"},
				"up": {"uv": [0, 0, 4, 4], "rotation": 90, "texture": "#0"},
				"down": {"uv": [0, 0, 4, 4], "rotation": 90, "texture": "#0"}
			}
		}
	],
	"display": {
		"thirdperson_righthand": {
			"rotation": [10, 0, 0],
			"translation": [-4, -1.25, 4.75]
		},
		"thirdperson_lefthand": {
			"translation": [-0.5, -0.25, 3.75]
		},
		"firstperson_righthand": {
			"translation": [-3, 3.75, 0.25]
		},
		"firstperson_lefthand": {
			"translation": [-6.84, 6.25, 6.25]
		},
		"gui": {
			"rotation": [0, 83, 0],
			"translation": [0, 3.5, 0]
		},
		"fixed": {
			"rotation": [0, 83, 0],
			"translation": [0, 4.75, -2.75],
			"scale": [1.36, 1.36, 1.36]
		}
	}
}