{
	"credit": "Made with Blockbench",
	"textures": {
		"0": "concrete:weapon/gun/pistol",
		"particle": "concrete:weapon/gun/pistol"
	},
	"elements": [
		{
			"from": [6, 0.6, 13.9],
			"to": [7.4, 1.8, 15.8],
			"rotation": {"angle": -45, "axis": "x", "origin": [6.7, 0.75, 14.4]},
			"faces": {
				"north": {"uv": [0, 5, 5, 11], "texture": "#0"},
				"east": {"uv": [0, 5, 5, 11], "texture": "#0"},
				"south": {"uv": [0, 5, 5, 11], "texture": "#0"},
				"west": {"uv": [0, 5, 5, 11], "texture": "#0"},
				"up": {"uv": [0, 5, 5, 11], "texture": "#0"},
				"down": {"uv": [0, 5, 5, 11], "texture": "#0"}
			}
		},
		{
			"from": [6, 1.09497, 13.43431],
			"to": [7.4, 2.29497, 15.33431],
			"rotation": {"angle": 45, "axis": "x", "origin": [6.7, 1.24497, 14.13431]},
			"faces": {
				"north": {"uv": [0, 5, 5, 11], "texture": "#0"},
				"east": {"uv": [0, 5, 5, 11], "texture": "#0"},
				"south": {"uv": [0, 5, 5, 11], "texture": "#0"},
				"west": {"uv": [0, 5, 5, 11], "rotation": 180, "texture": "#0"},
				"up": {"uv": [0, 5, 5, 11], "texture": "#0"},
				"down": {"uv": [0, 5, 5, 11], "texture": "#0"}
			}
		},
		{
			"from": [5.9, 0.4, 14.2],
			"to": [7.5, 1.7, 15.5],
			"rotation": {"angle": -45, "axis": "x", "origin": [6.6, 0.75, 14.4]},
			"faces": {
				"north": {"uv": [0, 5, 5, 11], "texture": "#0"},
				"east": {"uv": [0, 5, 5, 11], "texture": "#0"},
				"south": {"uv": [0, 5, 5, 11], "texture": "#0"},
				"west": {"uv": [0, 5, 5, 11], "texture": "#0"},
				"up": {"uv": [0, 5, 5, 11], "texture": "#0"},
				"down": {"uv": [0, 5, 5, 11], "texture": "#0"}
			}
		},
		{
			"from": [6, 0.27825, 14.16464],
			"to": [7.4, 1.47825, 14.86464],
			"rotation": {"angle": 0, "axis": "y", "origin": [6.7, 1.27825, 14.11464]},
			"faces": {
				"north": {"uv": [2, 5, 4, 8], "texture": "#0"},
				"east": {"uv": [2, 5, 4, 8], "texture": "#0"},
				"south": {"uv": [2, 5, 4, 8], "texture": "#0"},
				"west": {"uv": [2, 5, 4, 8], "texture": "#0"},
				"up": {"uv": [2, 5, 4, 8], "texture": "#0"},
				"down": {"uv": [2, 5, 4, 8], "texture": "#0"}
			}
		},
		{
			"from": [5.9, 1.95765, 13.96272],
			"to": [7.5, 2.55765, 14.16272],
			"rotation": {"angle": 22.5, "axis": "x", "origin": [6.7, 1.45765, 13.71272]},
			"faces": {
				"north": {"uv": [0, 5, 1, 6], "rotation": 270, "texture": "#0"},
				"east": {"uv": [0, 5, 1, 6], "rotation": 270, "texture": "#0"},
				"south": {"uv": [0, 5, 1, 6], "rotation": 270, "texture": "#0"},
				"west": {"uv": [0, 5, 1, 6], "rotation": 270, "texture": "#0"},
				"up": {"uv": [0, 5, 1, 6], "rotation": 270, "texture": "#0"},
				"down": {"uv": [0, 5, 1, 6], "rotation": 270, "texture": "#0"}
			}
		},
		{
			"from": [5.9, -1.37024, 14.13614],
			"to": [7.5, -0.77024, 14.33614],
			"rotation": {"angle": -22.5, "axis": "x", "origin": [6.7, 1.62976, 6.58614]},
			"faces": {
				"north": {"uv": [0, 5, 1, 6], "rotation": 270, "texture": "#0"},
				"east": {"uv": [0, 5, 1, 6], "rotation": 270, "texture": "#0"},
				"south": {"uv": [0, 5, 1, 6], "rotation": 270, "texture": "#0"},
				"west": {"uv": [0, 5, 1, 6], "rotation": 270, "texture": "#0"},
				"up": {"uv": [0, 5, 1, 6], "rotation": 270, "texture": "#0"},
				"down": {"uv": [0, 5, 1, 6], "rotation": 270, "texture": "#0"}
			}
		},
		{
			"from": [5.9, 2.30562, 14.29953],
			"to": [7.5, 2.70562, 14.59953],
			"rotation": {"angle": -22.5, "axis": "x", "origin": [6.7, 2.50562, 14.44953]},
			"faces": {
				"north": {"uv": [1, 5, 2, 6], "rotation": 270, "texture": "#0"},
				"east": {"uv": [1, 5, 2, 6], "rotation": 270, "texture": "#0"},
				"south": {"uv": [1, 5, 2, 6], "rotation": 270, "texture": "#0"},
				"west": {"uv": [1, 5, 2, 6], "rotation": 270, "texture": "#0"},
				"up": {"uv": [1, 5, 2, 6], "rotation": 270, "texture": "#0"},
				"down": {"uv": [1, 5, 2, 6], "rotation": 270, "texture": "#0"}
			}
		},
		{
			"from": [5.9, 2.60562, 14.35],
			"to": [7.5, 3.10562, 14.55],
			"rotation": {"angle": -45, "axis": "x", "origin": [6.7, 2.50562, 14.44953]},
			"faces": {
				"north": {"uv": [1, 5, 2, 6], "rotation": 270, "texture": "#0"},
				"east": {"uv": [1, 5, 2, 6], "rotation": 270, "texture": "#0"},
				"south": {"uv": [1, 5, 2, 6], "rotation": 270, "texture": "#0"},
				"west": {"uv": [1, 5, 2, 6], "rotation": 270, "texture": "#0"},
				"up": {"uv": [1, 5, 2, 6], "rotation": 270, "texture": "#0"},
				"down": {"uv": [1, 5, 2, 6], "rotation": 270, "texture": "#0"}
			}
		},
		{
			"from": [5.9, 2.56375, 13.28872],
			"to": [7.5, 2.76375, 13.68872],
			"rotation": {"angle": 22.5, "axis": "x", "origin": [6.7, 2.66327, 14.28872]},
			"faces": {
				"north": {"uv": [1, 5, 2, 6], "texture": "#0"},
				"east": {"uv": [1, 5, 2, 6], "texture": "#0"},
				"south": {"uv": [1, 5, 2, 6], "texture": "#0"},
				"west": {"uv": [1, 5, 2, 6], "texture": "#0"},
				"up": {"uv": [1, 5, 2, 6], "texture": "#0"},
				"down": {"uv": [1, 5, 2, 6], "texture": "#0"}
			}
		},
		{
			"from": [5.9, 2.32584, 13.82745],
			"to": [7.5, 2.52584, 14.42745],
			"rotation": {"angle": 22.5, "axis": "x", "origin": [6.7, 2.42536, 15.02745]},
			"faces": {
				"north": {"uv": [1, 5, 2, 6], "texture": "#0"},
				"east": {"uv": [1, 5, 2, 6], "texture": "#0"},
				"south": {"uv": [1, 5, 2, 6], "texture": "#0"},
				"west": {"uv": [1, 5, 2, 6], "texture": "#0"},
				"up": {"uv": [1, 5, 2, 6], "texture": "#0"},
				"down": {"uv": [1, 5, 2, 6], "texture": "#0"}
			}
		},
		{
			"from": [5.9, 2.80093, 13.69631],
			"to": [7.5, 3.00093, 14.09631],
			"rotation": {"angle": 0, "axis": "y", "origin": [6.7, 2.90046, 14.69631]},
			"faces": {
				"north": {"uv": [1, 5, 2, 6], "texture": "#0"},
				"east": {"uv": [1, 5, 2, 6], "texture": "#0"},
				"south": {"uv": [1, 5, 2, 6], "texture": "#0"},
				"west": {"uv": [1, 5, 2, 6], "texture": "#0"},
				"up": {"uv": [1, 5, 2, 6], "texture": "#0"},
				"down": {"uv": [1, 5, 2, 6], "texture": "#0"}
			}
		},
		{
			"from": [6.1, 1.2, 13.4],
			"to": [7.3, 3.1, 15],
			"rotation": {"angle": -22.5, "axis": "x", "origin": [6.7, 2, 14.4]},
			"faces": {
				"north": {"uv": [4, 0, 8, 5], "texture": "#0"},
				"east": {"uv": [4, 0, 8, 5], "texture": "#0"},
				"south": {"uv": [4, 0, 8, 5], "texture": "#0"},
				"west": {"uv": [4, 0, 8, 5], "texture": "#0"},
				"up": {"uv": [4, 0, 8, 5], "texture": "#0"},
				"down": {"uv": [4, 0, 8, 5], "texture": "#0"}
			}
		},
		{
			"from": [6.1, 2.49491, 12.58169],
			"to": [7.3, 4.29491, 14.18169],
			"rotation": {"angle": -45, "axis": "x", "origin": [6.7, 3.29491, 13.58169]},
			"faces": {
				"north": {"uv": [4, 0, 8, 5], "texture": "#0"},
				"east": {"uv": [4, 0, 8, 5], "texture": "#0"},
				"south": {"uv": [4, 0, 8, 5], "texture": "#0"},
				"west": {"uv": [4, 0, 8, 5], "texture": "#0"},
				"up": {"uv": [4, 0, 8, 5], "texture": "#0"},
				"down": {"uv": [4, 0, 8, 5], "texture": "#0"}
			}
		},
		{
			"from": [6.2, 3.1781, 11.33014],
			"to": [7.2, 4.7781, 13.13014],
			"rotation": {"angle": 22.5, "axis": "x", "origin": [6.7, 4.1781, 12.33014]},
			"faces": {
				"north": {"uv": [0, 0, 4, 5], "rotation": 90, "texture": "#0"},
				"east": {"uv": [0, 0, 4, 5], "rotation": 90, "texture": "#0"},
				"south": {"uv": [0, 0, 4, 5], "rotation": 90, "texture": "#0"},
				"west": {"uv": [0, 0, 4, 5], "rotation": 90, "texture": "#0"},
				"up": {"uv": [0, 0, 4, 5], "rotation": 90, "texture": "#0"},
				"down": {"uv": [0, 0, 4, 5], "rotation": 90, "texture": "#0"}
			}
		},
		{
			"from": [6.1, 3.61511, 7.53587],
			"to": [7.3, 5.11511, 11.63587],
			"rotation": {"angle": 0, "axis": "y", "origin": [6.7, 4.31511, 13.63587]},
			"faces": {
				"north": {"uv": [0, 0, 4, 5], "rotation": 90, "texture": "#0"},
				"east": {"uv": [0, 0, 4, 5], "rotation": 90, "texture": "#0"},
				"south": {"uv": [0, 0, 4, 5], "rotation": 90, "texture": "#0"},
				"west": {"uv": [0, 0, 4, 5], "rotation": 90, "texture": "#0"},
				"up": {"uv": [0, 0, 4, 5], "rotation": 90, "texture": "#0"},
				"down": {"uv": [0, 0, 4, 5], "rotation": 90, "texture": "#0"}
			}
		},
		{
			"from": [6.1, 5.11511, 7.93587],
			"to": [7.3, 5.41511, 11.33587],
			"rotation": {"angle": 0, "axis": "y", "origin": [6.7, 4.31511, 13.63587]},
			"faces": {
				"north": {"uv": [0, 0, 4, 5], "rotation": 90, "texture": "#0"},
				"east": {"uv": [0, 0, 4, 5], "rotation": 90, "texture": "#0"},
				"south": {"uv": [0, 0, 4, 5], "rotation": 90, "texture": "#0"},
				"west": {"uv": [0, 0, 4, 5], "rotation": 90, "texture": "#0"},
				"up": {"uv": [0, 0, 4, 5], "rotation": 90, "texture": "#0"},
				"down": {"uv": [0, 0, 4, 5], "rotation": 90, "texture": "#0"}
			}
		},
		{
			"from": [6, 4.01511, 7.93587],
			"to": [7.4, 5.21511, 10.43587],
			"rotation": {"angle": 0, "axis": "y", "origin": [6.7, 4.31511, 13.63587]},
			"faces": {
				"north": {"uv": [3, 10, 4, 11], "rotation": 90, "texture": "#0"},
				"east": {"uv": [0, 5, 5, 11], "rotation": 90, "texture": "#0"},
				"south": {"uv": [3, 10, 4, 11], "rotation": 90, "texture": "#0"},
				"west": {"uv": [3, 10, 4, 11], "rotation": 90, "texture": "#0"},
				"up": {"uv": [3, 10, 4, 11], "rotation": 90, "texture": "#0"},
				"down": {"uv": [3, 10, 4, 11], "rotation": 90, "texture": "#0"}
			}
		},
		{
			"from": [6, 4.51511, 10.43587],
			"to": [7.4, 5.21511, 10.93587],
			"rotation": {"angle": 0, "axis": "y", "origin": [6.7, 4.31511, 13.63587]},
			"faces": {
				"north": {"uv": [3, 10, 4, 11], "rotation": 90, "texture": "#0"},
				"east": {"uv": [0, 5, 5, 11], "rotation": 90, "texture": "#0"},
				"south": {"uv": [3, 10, 4, 11], "rotation": 90, "texture": "#0"},
				"west": {"uv": [3, 10, 4, 11], "rotation": 90, "texture": "#0"},
				"up": {"uv": [3, 10, 4, 11], "rotation": 90, "texture": "#0"},
				"down": {"uv": [3, 10, 4, 11], "rotation": 90, "texture": "#0"}
			}
		},
		{
			"from": [7.3, 4.41511, 9.93587],
			"to": [7.5, 4.81511, 10.53587],
			"rotation": {"angle": 22.5, "axis": "x", "origin": [7.4, 4.61511, 10.23587]},
			"faces": {
				"north": {"uv": [1, 6, 2, 7], "rotation": 180, "texture": "#0"},
				"east": {"uv": [1, 6, 2, 7], "rotation": 180, "texture": "#0"},
				"south": {"uv": [1, 6, 2, 7], "rotation": 180, "texture": "#0"},
				"west": {"uv": [1, 6, 2, 7], "rotation": 180, "texture": "#0"},
				"up": {"uv": [1, 6, 2, 7], "rotation": 180, "texture": "#0"},
				"down": {"uv": [1, 6, 2, 7], "rotation": 180, "texture": "#0"}
			}
		},
		{
			"from": [7.3, 4.35, 10.03587],
			"to": [7.5, 4.7, 10.43587],
			"rotation": {"angle": 22.5, "axis": "x", "origin": [7.4, 4.61511, 10.23587]},
			"faces": {
				"north": {"uv": [1, 6, 2, 7], "rotation": 180, "texture": "#0"},
				"east": {"uv": [1, 6, 2, 7], "rotation": 180, "texture": "#0"},
				"south": {"uv": [1, 6, 2, 7], "rotation": 180, "texture": "#0"},
				"west": {"uv": [1, 6, 2, 7], "rotation": 180, "texture": "#0"},
				"up": {"uv": [1, 6, 2, 7], "rotation": 180, "texture": "#0"},
				"down": {"uv": [1, 6, 2, 7], "rotation": 180, "texture": "#0"}
			}
		},
		{
			"from": [7.23, 4.15, 7.93587],
			"to": [7.43, 4.2, 8.03587],
			"rotation": {"angle": 22.5, "axis": "x", "origin": [7.7, 4.61511, 10.23587]},
			"faces": {
				"north": {"uv": [7, 12, 8, 13], "rotation": 180, "texture": "#0"},
				"east": {"uv": [7, 12, 8, 13], "rotation": 180, "texture": "#0"},
				"south": {"uv": [7, 12, 8, 13], "rotation": 180, "texture": "#0"},
				"west": {"uv": [7, 12, 8, 13], "rotation": 180, "texture": "#0"},
				"up": {"uv": [7, 12, 8, 13], "rotation": 180, "texture": "#0"},
				"down": {"uv": [7, 12, 8, 13], "rotation": 180, "texture": "#0"}
			}
		},
		{
			"from": [7.23, 4.09, 7.93587],
			"to": [7.43, 4.14, 8.03587],
			"rotation": {"angle": 22.5, "axis": "x", "origin": [7.7, 4.61511, 10.23587]},
			"faces": {
				"north": {"uv": [7, 12, 8, 13], "rotation": 180, "texture": "#0"},
				"east": {"uv": [7, 12, 8, 13], "rotation": 180, "texture": "#0"},
				"south": {"uv": [7, 12, 8, 13], "rotation": 180, "texture": "#0"},
				"west": {"uv": [7, 12, 8, 13], "rotation": 180, "texture": "#0"},
				"up": {"uv": [7, 12, 8, 13], "rotation": 180, "texture": "#0"},
				"down": {"uv": [7, 12, 8, 13], "rotation": 180, "texture": "#0"}
			}
		},
		{
			"from": [7.33, 4.15, 8.43587],
			"to": [7.53, 4.2, 8.53587],
			"rotation": {"angle": 22.5, "axis": "x", "origin": [7.7, 4.61511, 10.23587]},
			"faces": {
				"north": {"uv": [7, 12, 8, 13], "rotation": 180, "texture": "#0"},
				"east": {"uv": [7, 12, 8, 13], "rotation": 180, "texture": "#0"},
				"south": {"uv": [7, 12, 8, 13], "rotation": 180, "texture": "#0"},
				"west": {"uv": [7, 12, 8, 13], "rotation": 180, "texture": "#0"},
				"up": {"uv": [7, 12, 8, 13], "rotation": 180, "texture": "#0"},
				"down": {"uv": [7, 12, 8, 13], "rotation": 180, "texture": "#0"}
			}
		},
		{
			"from": [7.33, 4.09, 8.43587],
			"to": [7.53, 4.14, 8.53587],
			"rotation": {"angle": 22.5, "axis": "x", "origin": [7.7, 4.61511, 10.23587]},
			"faces": {
				"north": {"uv": [7, 12, 8, 13], "rotation": 180, "texture": "#0"},
				"east": {"uv": [7, 12, 8, 13], "rotation": 180, "texture": "#0"},
				"south": {"uv": [7, 12, 8, 13], "rotation": 180, "texture": "#0"},
				"west": {"uv": [7, 12, 8, 13], "rotation": 180, "texture": "#0"},
				"up": {"uv": [7, 12, 8, 13], "rotation": 180, "texture": "#0"},
				"down": {"uv": [7, 12, 8, 13], "rotation": 180, "texture": "#0"}
			}
		},
		{
			"from": [7.33, 4.65, 10.33587],
			"to": [7.53, 4.7, 10.43587],
			"rotation": {"angle": 22.5, "axis": "x", "origin": [7.4, 4.61511, 10.23587]},
			"faces": {
				"north": {"uv": [7, 12, 8, 13], "rotation": 180, "texture": "#0"},
				"east": {"uv": [7, 12, 8, 13], "rotation": 180, "texture": "#0"},
				"south": {"uv": [7, 12, 8, 13], "rotation": 180, "texture": "#0"},
				"west": {"uv": [7, 12, 8, 13], "rotation": 180, "texture": "#0"},
				"up": {"uv": [7, 12, 8, 13], "rotation": 180, "texture": "#0"},
				"down": {"uv": [7, 12, 8, 13], "rotation": 180, "texture": "#0"}
			}
		},
		{
			"from": [7.33, 4.59, 10.33587],
			"to": [7.53, 4.64, 10.43587],
			"rotation": {"angle": 22.5, "axis": "x", "origin": [7.4, 4.61511, 10.23587]},
			"faces": {
				"north": {"uv": [7, 12, 8, 13], "rotation": 180, "texture": "#0"},
				"east": {"uv": [7, 12, 8, 13], "rotation": 180, "texture": "#0"},
				"south": {"uv": [7, 12, 8, 13], "rotation": 180, "texture": "#0"},
				"west": {"uv": [7, 12, 8, 13], "rotation": 180, "texture": "#0"},
				"up": {"uv": [7, 12, 8, 13], "rotation": 180, "texture": "#0"},
				"down": {"uv": [7, 12, 8, 13], "rotation": 180, "texture": "#0"}
			}
		},
		{
			"from": [7.23, 4.59, 10.63587],
			"to": [7.43, 4.64, 10.73587],
			"rotation": {"angle": 22.5, "axis": "x", "origin": [7.7, 4.61511, 10.23587]},
			"faces": {
				"north": {"uv": [7, 12, 8, 13], "rotation": 180, "texture": "#0"},
				"east": {"uv": [7, 12, 8, 13], "rotation": 180, "texture": "#0"},
				"south": {"uv": [7, 12, 8, 13], "rotation": 180, "texture": "#0"},
				"west": {"uv": [7, 12, 8, 13], "rotation": 180, "texture": "#0"},
				"up": {"uv": [7, 12, 8, 13], "rotation": 180, "texture": "#0"},
				"down": {"uv": [7, 12, 8, 13], "rotation": 180, "texture": "#0"}
			}
		},
		{
			"from": [7.23, 4.65, 10.63587],
			"to": [7.43, 4.7, 10.73587],
			"rotation": {"angle": 22.5, "axis": "x", "origin": [7.7, 4.61511, 10.23587]},
			"faces": {
				"north": {"uv": [7, 12, 8, 13], "rotation": 180, "texture": "#0"},
				"east": {"uv": [7, 12, 8, 13], "rotation": 180, "texture": "#0"},
				"south": {"uv": [7, 12, 8, 13], "rotation": 180, "texture": "#0"},
				"west": {"uv": [7, 12, 8, 13], "rotation": 180, "texture": "#0"},
				"up": {"uv": [7, 12, 8, 13], "rotation": 180, "texture": "#0"},
				"down": {"uv": [7, 12, 8, 13], "rotation": 180, "texture": "#0"}
			}
		},
		{
			"from": [7.23, 4.99, 10.13587],
			"to": [7.43, 5.04, 10.23587],
			"rotation": {"angle": 45, "axis": "x", "origin": [7.7, 4.61511, 10.23587]},
			"faces": {
				"north": {"uv": [7, 12, 8, 13], "rotation": 180, "texture": "#0"},
				"east": {"uv": [7, 12, 8, 13], "rotation": 180, "texture": "#0"},
				"south": {"uv": [7, 12, 8, 13], "rotation": 180, "texture": "#0"},
				"west": {"uv": [7, 12, 8, 13], "rotation": 180, "texture": "#0"},
				"up": {"uv": [7, 12, 8, 13], "rotation": 180, "texture": "#0"},
				"down": {"uv": [7, 12, 8, 13], "rotation": 180, "texture": "#0"}
			}
		},
		{
			"from": [7.23, 5.05, 10.13587],
			"to": [7.43, 5.1, 10.23587],
			"rotation": {"angle": 45, "axis": "x", "origin": [7.7, 4.61511, 10.23587]},
			"faces": {
				"north": {"uv": [7, 12, 8, 13], "rotation": 180, "texture": "#0"},
				"east": {"uv": [7, 12, 8, 13], "rotation": 180, "texture": "#0"},
				"south": {"uv": [7, 12, 8, 13], "rotation": 180, "texture": "#0"},
				"west": {"uv": [7, 12, 8, 13], "rotation": 180, "texture": "#0"},
				"up": {"uv": [7, 12, 8, 13], "rotation": 180, "texture": "#0"},
				"down": {"uv": [7, 12, 8, 13], "rotation": 180, "texture": "#0"}
			}
		},
		{
			"from": [7.3, 4.54514, 9.88217],
			"to": [7.5, 5.04514, 10.18217],
			"rotation": {"angle": -22.5, "axis": "x", "origin": [7.4, 4.74514, 9.98217]},
			"faces": {
				"north": {"uv": [1, 6, 2, 7], "rotation": 90, "texture": "#0"},
				"east": {"uv": [1, 6, 2, 7], "rotation": 90, "texture": "#0"},
				"south": {"uv": [1, 6, 2, 7], "rotation": 90, "texture": "#0"},
				"west": {"uv": [1, 6, 2, 7], "rotation": 90, "texture": "#0"},
				"up": {"uv": [1, 6, 2, 7], "rotation": 90, "texture": "#0"},
				"down": {"uv": [1, 6, 2, 7], "rotation": 90, "texture": "#0"}
			}
		},
		{
			"from": [7.3, 4.93054, 9.8439],
			"to": [7.5, 5.33054, 10.0439],
			"rotation": {"angle": 22.5, "axis": "x", "origin": [7.4, 5.13054, 9.9439]},
			"faces": {
				"north": {"uv": [1, 6, 2, 7], "rotation": 90, "texture": "#0"},
				"east": {"uv": [1, 6, 2, 7], "rotation": 90, "texture": "#0"},
				"south": {"uv": [1, 6, 2, 7], "rotation": 90, "texture": "#0"},
				"west": {"uv": [1, 6, 2, 7], "rotation": 90, "texture": "#0"},
				"up": {"uv": [1, 6, 2, 7], "rotation": 90, "texture": "#0"},
				"down": {"uv": [1, 6, 2, 7], "rotation": 90, "texture": "#0"}
			}
		},
		{
			"from": [7.3, 5.3243, 9.94018],
			"to": [7.5, 5.5243, 10.34018],
			"rotation": {"angle": -45, "axis": "x", "origin": [7.4, 5.4243, 10.14018]},
			"faces": {
				"north": {"uv": [1, 6, 2, 7], "texture": "#0"},
				"east": {"uv": [1, 6, 2, 7], "texture": "#0"},
				"south": {"uv": [1, 6, 2, 7], "texture": "#0"},
				"west": {"uv": [1, 6, 2, 7], "texture": "#0"},
				"up": {"uv": [1, 6, 2, 7], "texture": "#0"},
				"down": {"uv": [1, 6, 2, 7], "texture": "#0"}
			}
		},
		{
			"from": [7.3, 5.49501, 10.15231],
			"to": [7.5, 5.89501, 10.35231],
			"rotation": {"angle": 0, "axis": "y", "origin": [7.4, 5.49501, 10.25231]},
			"faces": {
				"north": {"uv": [1, 6, 2, 7], "rotation": 90, "texture": "#0"},
				"east": {"uv": [1, 6, 2, 7], "rotation": 90, "texture": "#0"},
				"south": {"uv": [1, 6, 2, 7], "rotation": 90, "texture": "#0"},
				"west": {"uv": [1, 6, 2, 7], "rotation": 90, "texture": "#0"},
				"up": {"uv": [1, 6, 2, 7], "rotation": 90, "texture": "#0"},
				"down": {"uv": [1, 6, 2, 7], "rotation": 90, "texture": "#0"}
			}
		},
		{
			"from": [7.3, 5.80304, 10.28995],
			"to": [7.5, 6.20304, 10.48995],
			"rotation": {"angle": -22.5, "axis": "x", "origin": [7.4, 5.50304, 10.18995]},
			"faces": {
				"north": {"uv": [1, 6, 2, 7], "rotation": 90, "texture": "#0"},
				"east": {"uv": [1, 6, 2, 7], "rotation": 90, "texture": "#0"},
				"south": {"uv": [1, 6, 2, 7], "rotation": 90, "texture": "#0"},
				"west": {"uv": [1, 6, 2, 7], "rotation": 90, "texture": "#0"},
				"up": {"uv": [1, 6, 2, 7], "rotation": 90, "texture": "#0"},
				"down": {"uv": [1, 6, 2, 7], "rotation": 90, "texture": "#0"}
			}
		},
		{
			"from": [6.4, 2.66941, 11.27174],
			"to": [7, 2.86941, 11.67174],
			"rotation": {"angle": 22.5, "axis": "x", "origin": [6.8, 2.72798, 11.5889]},
			"faces": {
				"north": {"uv": [0, 5, 1, 6], "rotation": 180, "texture": "#0"},
				"east": {"uv": [0, 5, 1, 6], "rotation": 180, "texture": "#0"},
				"south": {"uv": [0, 5, 1, 6], "rotation": 180, "texture": "#0"},
				"west": {"uv": [0, 5, 1, 6], "rotation": 180, "texture": "#0"},
				"up": {"uv": [0, 5, 1, 6], "rotation": 180, "texture": "#0"},
				"down": {"uv": [0, 5, 1, 6], "rotation": 180, "texture": "#0"}
			}
		},
		{
			"from": [6.4, 2.62694, 11.56648],
			"to": [7, 2.82694, 11.96648],
			"rotation": {"angle": -22.5, "axis": "x", "origin": [6.8, 2.82694, 11.56648]},
			"faces": {
				"north": {"uv": [0, 5, 1, 6], "texture": "#0"},
				"east": {"uv": [0, 5, 1, 6], "texture": "#0"},
				"south": {"uv": [0, 5, 1, 6], "texture": "#0"},
				"west": {"uv": [0, 5, 1, 6], "texture": "#0"},
				"up": {"uv": [0, 5, 1, 6], "texture": "#0"},
				"down": {"uv": [0, 5, 1, 6], "texture": "#0"}
			}
		},
		{
			"from": [6.4, 2.73666, 11.87115],
			"to": [7, 2.93666, 12.27115],
			"rotation": {"angle": -45, "axis": "x", "origin": [6.8, 2.93666, 11.87115]},
			"faces": {
				"north": {"uv": [0, 5, 1, 6], "texture": "#0"},
				"east": {"uv": [0, 5, 1, 6], "texture": "#0"},
				"south": {"uv": [0, 5, 1, 6], "texture": "#0"},
				"west": {"uv": [0, 5, 1, 6], "texture": "#0"},
				"up": {"uv": [0, 5, 1, 6], "texture": "#0"},
				"down": {"uv": [0, 5, 1, 6], "texture": "#0"}
			}
		},
		{
			"from": [6.6, 2.92694, 11.36648],
			"to": [6.8, 3.12694, 11.66648],
			"rotation": {"angle": -22.5, "axis": "x", "origin": [6.8, 3.12694, 11.26648]},
			"faces": {
				"north": {"uv": [0, 5, 1, 6], "texture": "#0"},
				"east": {"uv": [0, 5, 1, 6], "texture": "#0"},
				"south": {"uv": [0, 5, 1, 6], "texture": "#0"},
				"west": {"uv": [0, 5, 1, 6], "texture": "#0"},
				"up": {"uv": [0, 5, 1, 6], "texture": "#0"},
				"down": {"uv": [0, 5, 1, 6], "texture": "#0"}
			}
		},
		{
			"from": [6.6, 3.03666, 11.57115],
			"to": [6.8, 3.23666, 11.97115],
			"rotation": {"angle": -45, "axis": "x", "origin": [6.8, 3.23666, 11.57115]},
			"faces": {
				"north": {"uv": [0, 5, 1, 6], "texture": "#0"},
				"east": {"uv": [0, 5, 1, 6], "texture": "#0"},
				"south": {"uv": [0, 5, 1, 6], "texture": "#0"},
				"west": {"uv": [0, 5, 1, 6], "texture": "#0"},
				"up": {"uv": [0, 5, 1, 6], "texture": "#0"},
				"down": {"uv": [0, 5, 1, 6], "texture": "#0"}
			}
		},
		{
			"from": [6.4, 2.98026, 11.38146],
			"to": [7, 3.38026, 11.58146],
			"rotation": {"angle": -45, "axis": "x", "origin": [6.8, 2.75739, 11.55081]},
			"faces": {
				"north": {"uv": [0, 5, 1, 6], "rotation": 90, "texture": "#0"},
				"east": {"uv": [0, 5, 1, 6], "rotation": 90, "texture": "#0"},
				"south": {"uv": [0, 5, 1, 6], "rotation": 90, "texture": "#0"},
				"west": {"uv": [0, 5, 1, 6], "rotation": 90, "texture": "#0"},
				"up": {"uv": [0, 5, 1, 6], "rotation": 90, "texture": "#0"},
				"down": {"uv": [0, 5, 1, 6], "rotation": 90, "texture": "#0"}
			}
		},
		{
			"from": [6.4, 3.15985, 11.06302],
			"to": [7, 3.75985, 11.26302],
			"rotation": {"angle": -22.5, "axis": "x", "origin": [6.8, 2.93698, 11.23237]},
			"faces": {
				"north": {"uv": [0, 5, 1, 6], "rotation": 90, "texture": "#0"},
				"east": {"uv": [0, 5, 1, 6], "rotation": 90, "texture": "#0"},
				"south": {"uv": [0, 5, 1, 6], "rotation": 90, "texture": "#0"},
				"west": {"uv": [0, 5, 1, 6], "rotation": 90, "texture": "#0"},
				"up": {"uv": [0, 5, 1, 6], "rotation": 90, "texture": "#0"},
				"down": {"uv": [0, 5, 1, 6], "rotation": 90, "texture": "#0"}
			}
		},
		{
			"from": [6.4, 3.30408, 10.76927],
			"to": [7, 3.50408, 10.96927],
			"rotation": {"angle": 0, "axis": "y", "origin": [6.8, 3.47342, 12.99214]},
			"faces": {
				"north": {"uv": [0, 5, 1, 6], "rotation": 180, "texture": "#0"},
				"east": {"uv": [0, 5, 1, 6], "rotation": 180, "texture": "#0"},
				"south": {"uv": [0, 5, 1, 6], "rotation": 180, "texture": "#0"},
				"west": {"uv": [0, 5, 1, 6], "rotation": 180, "texture": "#0"},
				"up": {"uv": [0, 5, 1, 6], "rotation": 180, "texture": "#0"},
				"down": {"uv": [0, 5, 1, 6], "rotation": 180, "texture": "#0"}
			}
		},
		{
			"from": [6.4, 3.16763, 8.9095],
			"to": [7, 3.56763, 10.8095],
			"rotation": {"angle": 22.5, "axis": "x", "origin": [6.8, 3.33698, 11.13237]},
			"faces": {
				"north": {"uv": [0, 6, 1, 7], "rotation": 180, "texture": "#0"},
				"east": {"uv": [0, 6, 1, 7], "rotation": 180, "texture": "#0"},
				"south": {"uv": [0, 6, 1, 7], "rotation": 180, "texture": "#0"},
				"west": {"uv": [0, 6, 1, 7], "rotation": 180, "texture": "#0"},
				"up": {"uv": [0, 6, 1, 7], "rotation": 180, "texture": "#0"},
				"down": {"uv": [0, 6, 1, 7], "rotation": 180, "texture": "#0"}
			}
		},
		{
			"from": [7.4, 4.66583, 8.36417],
			"to": [7.5, 5.06583, 8.66417],
			"rotation": {"angle": 22.5, "axis": "x", "origin": [7.5, 5.06583, 8.56417]},
			"faces": {
				"north": {"uv": [1, 7, 2, 8], "rotation": 90, "texture": "#0"},
				"east": {"uv": [1, 7, 2, 8], "rotation": 90, "texture": "#0"},
				"south": {"uv": [1, 7, 2, 8], "rotation": 90, "texture": "#0"},
				"west": {"uv": [1, 7, 2, 8], "rotation": 90, "texture": "#0"},
				"up": {"uv": [1, 7, 2, 8], "rotation": 90, "texture": "#0"},
				"down": {"uv": [1, 7, 2, 8], "rotation": 90, "texture": "#0"}
			}
		},
		{
			"from": [7.4, 4.97166, 8.39153],
			"to": [7.5, 5.57166, 8.59153],
			"rotation": {"angle": 45, "axis": "x", "origin": [7.5, 5.07166, 8.59153]},
			"faces": {
				"north": {"uv": [1, 7, 2, 8], "rotation": 90, "texture": "#0"},
				"east": {"uv": [1, 7, 2, 8], "rotation": 90, "texture": "#0"},
				"south": {"uv": [1, 7, 2, 8], "rotation": 90, "texture": "#0"},
				"west": {"uv": [1, 7, 2, 8], "rotation": 90, "texture": "#0"},
				"up": {"uv": [1, 7, 2, 8], "rotation": 90, "texture": "#0"},
				"down": {"uv": [1, 7, 2, 8], "rotation": 90, "texture": "#0"}
			}
		},
		{
			"from": [7.4, 5.27166, 8.29153],
			"to": [7.5, 5.37166, 8.89153],
			"rotation": {"angle": -22.5, "axis": "x", "origin": [7.5, 5.07166, 8.59153]},
			"faces": {
				"north": {"uv": [1, 7, 2, 8], "texture": "#0"},
				"east": {"uv": [1, 7, 2, 8], "texture": "#0"},
				"south": {"uv": [1, 7, 2, 8], "texture": "#0"},
				"west": {"uv": [1, 7, 2, 8], "texture": "#0"},
				"up": {"uv": [1, 7, 2, 8], "texture": "#0"},
				"down": {"uv": [1, 7, 2, 8], "texture": "#0"}
			}
		},
		{
			"from": [7.4, 5.34888, 8.66135],
			"to": [7.5, 6.04888, 8.76135],
			"rotation": {"angle": -22.5, "axis": "x", "origin": [7.5, 5.84888, 8.66135]},
			"faces": {
				"north": {"uv": [1, 7, 2, 8], "rotation": 90, "texture": "#0"},
				"east": {"uv": [1, 7, 2, 8], "rotation": 90, "texture": "#0"},
				"south": {"uv": [1, 7, 2, 8], "rotation": 90, "texture": "#0"},
				"west": {"uv": [1, 7, 2, 8], "rotation": 90, "texture": "#0"},
				"up": {"uv": [1, 7, 2, 8], "rotation": 90, "texture": "#0"},
				"down": {"uv": [1, 7, 2, 8], "rotation": 90, "texture": "#0"}
			}
		},
		{
			"from": [7.4, 5.94888, 9.13865],
			"to": [7.5, 6.24888, 9.23865],
			"rotation": {"angle": 22.5, "axis": "x", "origin": [7.5, 5.84888, 7.33865]},
			"faces": {
				"north": {"uv": [3, 9, 4, 10], "rotation": 90, "texture": "#0"},
				"east": {"uv": [3, 9, 4, 10], "rotation": 90, "texture": "#0"},
				"south": {"uv": [3, 9, 4, 10], "rotation": 90, "texture": "#0"},
				"west": {"uv": [3, 9, 4, 10], "rotation": 90, "texture": "#0"},
				"up": {"uv": [3, 9, 4, 10], "rotation": 90, "texture": "#0"},
				"down": {"uv": [3, 9, 4, 10], "rotation": 90, "texture": "#0"}
			}
		},
		{
			"from": [7.4, 4.52085, 8.49601],
			"to": [7.5, 4.62085, 8.79601],
			"rotation": {"angle": 0, "axis": "y", "origin": [7.45, 4.17085, 8.64601]},
			"faces": {
				"north": {"uv": [7, 12, 8, 13], "texture": "#0"},
				"east": {"uv": [7, 12, 8, 13], "texture": "#0"},
				"south": {"uv": [7, 12, 8, 13], "texture": "#0"},
				"west": {"uv": [7, 12, 8, 13], "texture": "#0"},
				"up": {"uv": [7, 12, 8, 13], "texture": "#0"},
				"down": {"uv": [7, 12, 8, 13], "texture": "#0"}
			}
		},
		{
			"from": [7.4, 4.49009, 8.05065],
			"to": [7.5, 4.59009, 8.35065],
			"rotation": {"angle": 22.5, "axis": "x", "origin": [7.45, 4.14009, 8.50065]},
			"faces": {
				"north": {"uv": [7, 12, 8, 13], "texture": "#0"},
				"east": {"uv": [7, 12, 8, 13], "texture": "#0"},
				"south": {"uv": [7, 12, 8, 13], "texture": "#0"},
				"west": {"uv": [7, 12, 8, 13], "texture": "#0"},
				"up": {"uv": [7, 12, 8, 13], "texture": "#0"},
				"down": {"uv": [7, 12, 8, 13], "texture": "#0"}
			}
		},
		{
			"from": [7.4, 4.38289, 8.58954],
			"to": [7.5, 4.48289, 8.88954],
			"rotation": {"angle": 22.5, "axis": "x", "origin": [7.45, 4.03289, 9.03954]},
			"faces": {
				"north": {"uv": [7, 12, 8, 13], "texture": "#0"},
				"east": {"uv": [7, 12, 8, 13], "texture": "#0"},
				"south": {"uv": [7, 12, 8, 13], "texture": "#0"},
				"west": {"uv": [7, 12, 8, 13], "texture": "#0"},
				"up": {"uv": [7, 12, 8, 13], "texture": "#0"},
				"down": {"uv": [7, 12, 8, 13], "texture": "#0"}
			}
		},
		{
			"from": [7.4, 4.41365, 9.0349],
			"to": [7.5, 4.51365, 9.3349],
			"rotation": {"angle": 0, "axis": "y", "origin": [7.45, 4.06365, 9.1849]},
			"faces": {
				"north": {"uv": [7, 12, 8, 13], "texture": "#0"},
				"east": {"uv": [7, 12, 8, 13], "texture": "#0"},
				"south": {"uv": [7, 12, 8, 13], "texture": "#0"},
				"west": {"uv": [7, 12, 8, 13], "texture": "#0"},
				"up": {"uv": [7, 12, 8, 13], "texture": "#0"},
				"down": {"uv": [7, 12, 8, 13], "texture": "#0"}
			}
		},
		{
			"from": [7.4, 4.39009, 7.95065],
			"to": [7.5, 4.49009, 8.25065],
			"rotation": {"angle": 22.5, "axis": "x", "origin": [7.45, 4.04009, 8.40065]},
			"faces": {
				"north": {"uv": [7, 12, 8, 13], "texture": "#0"},
				"east": {"uv": [7, 12, 8, 13], "texture": "#0"},
				"south": {"uv": [7, 12, 8, 13], "texture": "#0"},
				"west": {"uv": [7, 12, 8, 13], "texture": "#0"},
				"up": {"uv": [7, 12, 8, 13], "texture": "#0"},
				"down": {"uv": [7, 12, 8, 13], "texture": "#0"}
			}
		},
		{
			"from": [7.4, 4.42085, 8.39601],
			"to": [7.5, 4.52085, 8.69601],
			"rotation": {"angle": 0, "axis": "y", "origin": [7.45, 4.07085, 8.54601]},
			"faces": {
				"north": {"uv": [7, 12, 8, 13], "texture": "#0"},
				"east": {"uv": [7, 12, 8, 13], "texture": "#0"},
				"south": {"uv": [7, 12, 8, 13], "texture": "#0"},
				"west": {"uv": [7, 12, 8, 13], "texture": "#0"},
				"up": {"uv": [7, 12, 8, 13], "texture": "#0"},
				"down": {"uv": [7, 12, 8, 13], "texture": "#0"}
			}
		},
		{
			"from": [7.4, 4.28289, 8.48954],
			"to": [7.5, 4.38289, 8.78954],
			"rotation": {"angle": 22.5, "axis": "x", "origin": [7.45, 3.93289, 8.93954]},
			"faces": {
				"north": {"uv": [7, 12, 8, 13], "texture": "#0"},
				"east": {"uv": [7, 12, 8, 13], "texture": "#0"},
				"south": {"uv": [7, 12, 8, 13], "texture": "#0"},
				"west": {"uv": [7, 12, 8, 13], "texture": "#0"},
				"up": {"uv": [7, 12, 8, 13], "texture": "#0"},
				"down": {"uv": [7, 12, 8, 13], "texture": "#0"}
			}
		},
		{
			"from": [7.4, 4.31365, 8.9349],
			"to": [7.5, 4.41365, 9.2349],
			"rotation": {"angle": 0, "axis": "y", "origin": [7.45, 3.96365, 9.0849]},
			"faces": {
				"north": {"uv": [7, 12, 8, 13], "texture": "#0"},
				"east": {"uv": [7, 12, 8, 13], "texture": "#0"},
				"south": {"uv": [7, 12, 8, 13], "texture": "#0"},
				"west": {"uv": [7, 12, 8, 13], "texture": "#0"},
				"up": {"uv": [7, 12, 8, 13], "texture": "#0"},
				"down": {"uv": [7, 12, 8, 13], "texture": "#0"}
			}
		},
		{
			"from": [7.4, 5.74888, 9.13865],
			"to": [7.5, 5.94888, 9.33865],
			"rotation": {"angle": 22.5, "axis": "x", "origin": [7.5, 5.84888, 7.33865]},
			"faces": {
				"north": {"uv": [7, 12, 8, 13], "rotation": 90, "texture": "#0"},
				"east": {"uv": [7, 12, 8, 13], "rotation": 90, "texture": "#0"},
				"south": {"uv": [7, 12, 8, 13], "rotation": 90, "texture": "#0"},
				"west": {"uv": [7, 12, 8, 13], "rotation": 90, "texture": "#0"},
				"up": {"uv": [7, 12, 8, 13], "rotation": 90, "texture": "#0"},
				"down": {"uv": [7, 12, 8, 13], "rotation": 90, "texture": "#0"}
			}
		},
		{
			"from": [7.4, 5.93366, 8.58482],
			"to": [7.6, 6.33366, 8.68482],
			"rotation": {"angle": 0, "axis": "y", "origin": [7.5, 6.23366, 8.58482]},
			"faces": {
				"north": {"uv": [7, 12, 8, 13], "rotation": 90, "texture": "#0"},
				"east": {"uv": [7, 12, 8, 13], "rotation": 90, "texture": "#0"},
				"south": {"uv": [7, 12, 8, 13], "rotation": 90, "texture": "#0"},
				"west": {"uv": [7, 12, 8, 13], "rotation": 90, "texture": "#0"},
				"up": {"uv": [7, 12, 8, 13], "rotation": 90, "texture": "#0"},
				"down": {"uv": [7, 12, 8, 13], "rotation": 90, "texture": "#0"}
			}
		},
		{
			"from": [7.4, 5.93366, 8.68482],
			"to": [7.6, 6.23366, 8.73482],
			"rotation": {"angle": 0, "axis": "y", "origin": [7.5, 6.23366, 8.58482]},
			"faces": {
				"north": {"uv": [7, 12, 8, 13], "rotation": 90, "texture": "#0"},
				"east": {"uv": [7, 12, 8, 13], "rotation": 90, "texture": "#0"},
				"south": {"uv": [7, 12, 8, 13], "rotation": 90, "texture": "#0"},
				"west": {"uv": [7, 12, 8, 13], "rotation": 90, "texture": "#0"},
				"up": {"uv": [7, 12, 8, 13], "rotation": 90, "texture": "#0"},
				"down": {"uv": [7, 12, 8, 13], "rotation": 90, "texture": "#0"}
			}
		},
		{
			"from": [7.3, 6.16583, 9.86417],
			"to": [7.5, 6.26583, 10.36417],
			"rotation": {"angle": 0, "axis": "y", "origin": [7.4, 5.46583, 10.06417]},
			"faces": {
				"north": {"uv": [1, 6, 2, 7], "rotation": 90, "texture": "#0"},
				"east": {"uv": [1, 6, 2, 7], "rotation": 90, "texture": "#0"},
				"south": {"uv": [1, 6, 2, 7], "rotation": 90, "texture": "#0"},
				"west": {"uv": [1, 6, 2, 7], "rotation": 90, "texture": "#0"},
				"up": {"uv": [1, 6, 2, 7], "rotation": 90, "texture": "#0"},
				"down": {"uv": [1, 6, 2, 7], "rotation": 90, "texture": "#0"}
			}
		},
		{
			"from": [7.35, 6.26583, 9.86417],
			"to": [7.45, 6.36583, 10.06417],
			"rotation": {"angle": 0, "axis": "y", "origin": [7.4, 5.46583, 10.06417]},
			"faces": {
				"north": {"uv": [1, 6, 2, 7], "rotation": 90, "texture": "#0"},
				"east": {"uv": [1, 6, 2, 7], "rotation": 90, "texture": "#0"},
				"south": {"uv": [1, 6, 2, 7], "rotation": 90, "texture": "#0"},
				"west": {"uv": [1, 6, 2, 7], "rotation": 90, "texture": "#0"},
				"up": {"uv": [1, 6, 2, 7], "rotation": 90, "texture": "#0"},
				"down": {"uv": [1, 6, 2, 7], "rotation": 90, "texture": "#0"}
			}
		},
		{
			"from": [7.35, 6.36583, 9.86417],
			"to": [7.45, 6.56583, 9.96417],
			"rotation": {"angle": 0, "axis": "y", "origin": [7.4, 5.46583, 10.06417]},
			"faces": {
				"north": {"uv": [1, 6, 2, 7], "rotation": 90, "texture": "#0"},
				"east": {"uv": [1, 6, 2, 7], "rotation": 90, "texture": "#0"},
				"south": {"uv": [1, 6, 2, 7], "rotation": 90, "texture": "#0"},
				"west": {"uv": [1, 6, 2, 7], "rotation": 90, "texture": "#0"},
				"up": {"uv": [1, 6, 2, 7], "rotation": 90, "texture": "#0"},
				"down": {"uv": [1, 6, 2, 7], "rotation": 90, "texture": "#0"}
			}
		},
		{
			"from": [7.35, 6.26583, 10.16417],
			"to": [7.45, 6.46583, 10.26417],
			"rotation": {"angle": 0, "axis": "y", "origin": [7.4, 5.46583, 10.06417]},
			"faces": {
				"north": {"uv": [1, 6, 2, 7], "rotation": 90, "texture": "#0"},
				"east": {"uv": [1, 6, 2, 7], "rotation": 90, "texture": "#0"},
				"south": {"uv": [1, 6, 2, 7], "rotation": 90, "texture": "#0"},
				"west": {"uv": [1, 6, 2, 7], "rotation": 90, "texture": "#0"},
				"up": {"uv": [1, 6, 2, 7], "rotation": 90, "texture": "#0"},
				"down": {"uv": [1, 6, 2, 7], "rotation": 90, "texture": "#0"}
			}
		},
		{
			"from": [6.45, 5.36583, 9.86417],
			"to": [6.55, 5.76583, 10.16417],
			"rotation": {"angle": 0, "axis": "y", "origin": [6.5, 4.56583, 9.96417]},
			"faces": {
				"north": {"uv": [1, 6, 2, 7], "rotation": 90, "texture": "#0"},
				"east": {"uv": [1, 6, 2, 7], "rotation": 90, "texture": "#0"},
				"south": {"uv": [1, 6, 2, 7], "rotation": 90, "texture": "#0"},
				"west": {"uv": [1, 6, 2, 7], "rotation": 90, "texture": "#0"},
				"up": {"uv": [1, 6, 2, 7], "rotation": 90, "texture": "#0"},
				"down": {"uv": [1, 6, 2, 7], "rotation": 90, "texture": "#0"}
			}
		},
		{
			"from": [6.65, 5.36583, 9.86417],
			"to": [6.75, 5.66583, 9.96417],
			"rotation": {"angle": 0, "axis": "y", "origin": [6.7, 4.56583, 9.76417]},
			"faces": {
				"north": {"uv": [1, 6, 2, 7], "rotation": 90, "texture": "#0"},
				"east": {"uv": [1, 6, 2, 7], "rotation": 90, "texture": "#0"},
				"south": {"uv": [1, 6, 2, 7], "rotation": 90, "texture": "#0"},
				"west": {"uv": [1, 6, 2, 7], "rotation": 90, "texture": "#0"},
				"up": {"uv": [1, 6, 2, 7], "rotation": 90, "texture": "#0"},
				"down": {"uv": [1, 6, 2, 7], "rotation": 90, "texture": "#0"}
			}
		},
		{
			"from": [6.65, 5.56583, 3.86417],
			"to": [6.75, 5.76583, 3.96417],
			"rotation": {"angle": 0, "axis": "y", "origin": [6.7, 4.76583, 3.76417]},
			"faces": {
				"north": {"uv": [1, 6, 2, 7], "rotation": 90, "texture": "#0"},
				"east": {"uv": [1, 6, 2, 7], "rotation": 90, "texture": "#0"},
				"south": {"uv": [1, 6, 2, 7], "rotation": 90, "texture": "#0"},
				"west": {"uv": [1, 6, 2, 7], "rotation": 90, "texture": "#0"},
				"up": {"uv": [1, 6, 2, 7], "rotation": 90, "texture": "#0"},
				"down": {"uv": [1, 6, 2, 7], "rotation": 90, "texture": "#0"}
			}
		},
		{
			"from": [6.675, 5.66583, 3.86417],
			"to": [6.725, 5.86583, 3.96417],
			"rotation": {"angle": 0, "axis": "y", "origin": [6.7, 4.86583, 3.76417]},
			"faces": {
				"north": {"uv": [1, 6, 2, 7], "rotation": 90, "texture": "#0"},
				"east": {"uv": [1, 6, 2, 7], "rotation": 90, "texture": "#0"},
				"south": {"uv": [1, 6, 2, 7], "rotation": 90, "texture": "#0"},
				"west": {"uv": [1, 6, 2, 7], "rotation": 90, "texture": "#0"},
				"up": {"uv": [1, 6, 2, 7], "rotation": 90, "texture": "#0"},
				"down": {"uv": [1, 6, 2, 7], "rotation": 90, "texture": "#0"}
			}
		},
		{
			"from": [6.675, 5.56583, 9.86417],
			"to": [6.725, 5.76583, 9.96417],
			"rotation": {"angle": 0, "axis": "y", "origin": [6.7, 4.76583, 9.76417]},
			"faces": {
				"north": {"uv": [1, 6, 2, 7], "rotation": 90, "texture": "#0"},
				"east": {"uv": [1, 6, 2, 7], "rotation": 90, "texture": "#0"},
				"south": {"uv": [1, 6, 2, 7], "rotation": 90, "texture": "#0"},
				"west": {"uv": [1, 6, 2, 7], "rotation": 90, "texture": "#0"},
				"up": {"uv": [1, 6, 2, 7], "rotation": 90, "texture": "#0"},
				"down": {"uv": [1, 6, 2, 7], "rotation": 90, "texture": "#0"}
			}
		},
		{
			"from": [6.85, 5.36583, 9.86417],
			"to": [6.95, 5.76583, 10.16417],
			"rotation": {"angle": 0, "axis": "y", "origin": [6.9, 4.56583, 9.96417]},
			"faces": {
				"north": {"uv": [1, 6, 2, 7], "rotation": 90, "texture": "#0"},
				"east": {"uv": [1, 6, 2, 7], "rotation": 90, "texture": "#0"},
				"south": {"uv": [1, 6, 2, 7], "rotation": 90, "texture": "#0"},
				"west": {"uv": [1, 6, 2, 7], "rotation": 90, "texture": "#0"},
				"up": {"uv": [1, 6, 2, 7], "rotation": 90, "texture": "#0"},
				"down": {"uv": [1, 6, 2, 7], "rotation": 90, "texture": "#0"}
			}
		},
		{
			"from": [7.35, 6.53909, 9.89864],
			"to": [7.45, 6.73909, 9.99864],
			"rotation": {"angle": 22.5, "axis": "x", "origin": [7.4, 6.63909, 9.94864]},
			"faces": {
				"north": {"uv": [1, 6, 2, 7], "rotation": 90, "texture": "#0"},
				"east": {"uv": [1, 6, 2, 7], "rotation": 90, "texture": "#0"},
				"south": {"uv": [1, 6, 2, 7], "rotation": 90, "texture": "#0"},
				"west": {"uv": [1, 6, 2, 7], "rotation": 90, "texture": "#0"},
				"up": {"uv": [1, 6, 2, 7], "rotation": 90, "texture": "#0"},
				"down": {"uv": [1, 6, 2, 7], "rotation": 90, "texture": "#0"}
			}
		},
		{
			"from": [7.25, 6.63909, 9.89864],
			"to": [7.55, 6.83909, 10.09864],
			"rotation": {"angle": 22.5, "axis": "x", "origin": [7.4, 6.63909, 9.94864]},
			"faces": {
				"north": {"uv": [7, 12, 8, 13], "rotation": 90, "texture": "#0"},
				"east": {"uv": [7, 12, 8, 13], "rotation": 90, "texture": "#0"},
				"south": {"uv": [7, 12, 8, 13], "rotation": 90, "texture": "#0"},
				"west": {"uv": [7, 12, 8, 13], "rotation": 90, "texture": "#0"},
				"up": {"uv": [7, 12, 8, 13], "rotation": 90, "texture": "#0"},
				"down": {"uv": [7, 12, 8, 13], "rotation": 90, "texture": "#0"}
			}
		},
		{
			"from": [7.2, 6.06583, 9.96417],
			"to": [7.6, 6.16583, 10.36417],
			"rotation": {"angle": 0, "axis": "y", "origin": [7.4, 5.46583, 10.06417]},
			"faces": {
				"north": {"uv": [1, 6, 2, 7], "rotation": 90, "texture": "#0"},
				"east": {"uv": [1, 6, 2, 7], "rotation": 90, "texture": "#0"},
				"south": {"uv": [1, 6, 2, 7], "rotation": 90, "texture": "#0"},
				"west": {"uv": [1, 6, 2, 7], "rotation": 90, "texture": "#0"},
				"up": {"uv": [1, 6, 2, 7], "rotation": 90, "texture": "#0"},
				"down": {"uv": [1, 6, 2, 7], "rotation": 90, "texture": "#0"}
			}
		},
		{
			"from": [7.2, 6.13856, 9.89853],
			"to": [7.6, 6.23856, 9.99853],
			"rotation": {"angle": 22.5, "axis": "x", "origin": [7.4, 6.18856, 9.79853]},
			"faces": {
				"north": {"uv": [1, 6, 2, 7], "rotation": 90, "texture": "#0"},
				"east": {"uv": [1, 6, 2, 7], "rotation": 90, "texture": "#0"},
				"south": {"uv": [1, 6, 2, 7], "rotation": 90, "texture": "#0"},
				"west": {"uv": [1, 6, 2, 7], "rotation": 90, "texture": "#0"},
				"up": {"uv": [1, 6, 2, 7], "rotation": 90, "texture": "#0"},
				"down": {"uv": [1, 6, 2, 7], "rotation": 90, "texture": "#0"}
			}
		},
		{
			"from": [6.1, 3.81511, 6.23587],
			"to": [7.3, 5.11511, 9.03587],
			"rotation": {"angle": 0, "axis": "y", "origin": [6.7, 4.36511, 6.48587]},
			"faces": {
				"north": {"uv": [0, 0, 4, 5], "rotation": 90, "texture": "#0"},
				"east": {"uv": [0, 0, 4, 5], "rotation": 90, "texture": "#0"},
				"south": {"uv": [0, 0, 4, 5], "rotation": 90, "texture": "#0"},
				"west": {"uv": [0, 0, 4, 5], "rotation": 90, "texture": "#0"},
				"up": {"uv": [0, 0, 4, 5], "rotation": 90, "texture": "#0"},
				"down": {"uv": [0, 0, 4, 5], "rotation": 90, "texture": "#0"}
			}
		},
		{
			"from": [6.1, 4.74909, 5.54045],
			"to": [7.3, 5.14909, 6.64045],
			"rotation": {"angle": 22.5, "axis": "x", "origin": [6.7, 5.29909, 4.09045]},
			"faces": {
				"north": {"uv": [4, 0, 8, 5], "rotation": 90, "texture": "#0"},
				"east": {"uv": [4, 0, 8, 5], "rotation": 90, "texture": "#0"},
				"south": {"uv": [4, 0, 8, 5], "rotation": 90, "texture": "#0"},
				"west": {"uv": [4, 0, 8, 5], "rotation": 90, "texture": "#0"},
				"up": {"uv": [4, 0, 8, 5], "rotation": 90, "texture": "#0"},
				"down": {"uv": [4, 0, 8, 5], "rotation": 90, "texture": "#0"}
			}
		},
		{
			"from": [6.1, 5.51511, 11.2116],
			"to": [7.3, 5.71511, 11.6116],
			"rotation": {"angle": 45, "axis": "x", "origin": [6.7, 5.41511, 10.9116]},
			"faces": {
				"north": {"uv": [4, 0, 8, 5], "rotation": 90, "texture": "#0"},
				"east": {"uv": [4, 0, 8, 5], "rotation": 90, "texture": "#0"},
				"south": {"uv": [4, 0, 8, 5], "rotation": 90, "texture": "#0"},
				"west": {"uv": [4, 0, 8, 5], "rotation": 90, "texture": "#0"},
				"up": {"uv": [4, 0, 8, 5], "rotation": 90, "texture": "#0"},
				"down": {"uv": [4, 0, 8, 5], "rotation": 90, "texture": "#0"}
			}
		},
		{
			"from": [6.1, 3.88114, 7.54045],
			"to": [7.3, 4.48114, 8.34045],
			"rotation": {"angle": -22.5, "axis": "x", "origin": [6.7, 3.93114, 5.79045]},
			"faces": {
				"north": {"uv": [0, 0, 4, 5], "rotation": 90, "texture": "#0"},
				"east": {"uv": [0, 0, 4, 5], "rotation": 90, "texture": "#0"},
				"south": {"uv": [0, 0, 4, 5], "rotation": 90, "texture": "#0"},
				"west": {"uv": [0, 0, 4, 5], "rotation": 90, "texture": "#0"},
				"up": {"uv": [0, 0, 4, 5], "rotation": 90, "texture": "#0"},
				"down": {"uv": [0, 0, 4, 5], "rotation": 90, "texture": "#0"}
			}
		},
		{
			"from": [6, 3.98114, 7.54045],
			"to": [7.4, 4.28114, 8.34045],
			"rotation": {"angle": -22.5, "axis": "x", "origin": [6.5, 3.73114, 5.79045]},
			"faces": {
				"north": {"uv": [3, 10, 4, 11], "rotation": 90, "texture": "#0"},
				"east": {"uv": [0, 5, 5, 11], "rotation": 90, "texture": "#0"},
				"south": {"uv": [3, 10, 4, 11], "rotation": 90, "texture": "#0"},
				"west": {"uv": [3, 10, 4, 11], "rotation": 90, "texture": "#0"},
				"up": {"uv": [3, 10, 4, 11], "rotation": 90, "texture": "#0"},
				"down": {"uv": [3, 10, 4, 11], "rotation": 90, "texture": "#0"}
			}
		},
		{
			"from": [6, 4.24544, 7.3798],
			"to": [7.4, 4.94544, 8.2798],
			"rotation": {"angle": 45, "axis": "x", "origin": [6.5, 4.54544, 7.8298]},
			"faces": {
				"north": {"uv": [3, 10, 4, 11], "rotation": 90, "texture": "#0"},
				"east": {"uv": [0, 5, 5, 11], "rotation": 90, "texture": "#0"},
				"south": {"uv": [3, 10, 4, 11], "rotation": 90, "texture": "#0"},
				"west": {"uv": [3, 10, 4, 11], "rotation": 90, "texture": "#0"},
				"up": {"uv": [3, 10, 4, 11], "rotation": 90, "texture": "#0"},
				"down": {"uv": [3, 10, 4, 11], "rotation": 90, "texture": "#0"}
			}
		},
		{
			"from": [6, 5.94544, 9.17564],
			"to": [7.4, 6.64544, 10.07564],
			"rotation": {"angle": 45, "axis": "x", "origin": [6.5, 4.54544, 7.92564]},
			"faces": {
				"north": {"uv": [3, 10, 4, 11], "rotation": 90, "texture": "#0"},
				"east": {"uv": [0, 5, 5, 11], "rotation": 90, "texture": "#0"},
				"south": {"uv": [3, 10, 4, 11], "rotation": 90, "texture": "#0"},
				"west": {"uv": [3, 10, 4, 11], "rotation": 90, "texture": "#0"},
				"up": {"uv": [3, 10, 4, 11], "rotation": 90, "texture": "#0"},
				"down": {"uv": [3, 10, 4, 11], "rotation": 90, "texture": "#0"}
			}
		},
		{
			"from": [6.1, 4.61448, 4.23357],
			"to": [7.3, 5.11448, 6.23357],
			"rotation": {"angle": 0, "axis": "y", "origin": [6.7, 4.71448, 5.13357]},
			"faces": {
				"north": {"uv": [0, 0, 4, 5], "rotation": 90, "texture": "#0"},
				"east": {"uv": [0, 0, 4, 5], "rotation": 90, "texture": "#0"},
				"south": {"uv": [0, 0, 4, 5], "rotation": 90, "texture": "#0"},
				"west": {"uv": [0, 0, 4, 5], "rotation": 90, "texture": "#0"},
				"up": {"uv": [0, 0, 4, 5], "rotation": 90, "texture": "#0"},
				"down": {"uv": [0, 0, 4, 5], "rotation": 90, "texture": "#0"}
			}
		},
		{
			"from": [6.1, 4.21448, 4.23357],
			"to": [7.3, 4.61448, 6.23357],
			"rotation": {"angle": 0, "axis": "y", "origin": [6.7, 4.31448, 5.13357]},
			"faces": {
				"north": {"uv": [4, 0, 8, 5], "rotation": 90, "texture": "#0"},
				"east": {"uv": [4, 0, 8, 5], "rotation": 90, "texture": "#0"},
				"south": {"uv": [4, 0, 8, 5], "rotation": 90, "texture": "#0"},
				"west": {"uv": [4, 0, 8, 5], "rotation": 90, "texture": "#0"},
				"up": {"uv": [4, 0, 8, 5], "rotation": 90, "texture": "#0"},
				"down": {"uv": [4, 0, 8, 5], "rotation": 90, "texture": "#0"}
			}
		},
		{
			"from": [6.1, 4.31448, 3.73357],
			"to": [7.3, 4.61448, 4.23357],
			"rotation": {"angle": 0, "axis": "y", "origin": [6.7, 4.71448, 5.13357]},
			"faces": {
				"north": {"uv": [4, 0, 8, 5], "rotation": 90, "texture": "#0"},
				"east": {"uv": [4, 0, 8, 5], "rotation": 90, "texture": "#0"},
				"south": {"uv": [4, 0, 8, 5], "rotation": 90, "texture": "#0"},
				"west": {"uv": [4, 0, 8, 5], "rotation": 90, "texture": "#0"},
				"up": {"uv": [4, 0, 8, 5], "rotation": 90, "texture": "#0"},
				"down": {"uv": [4, 0, 8, 5], "rotation": 90, "texture": "#0"}
			}
		},
		{
			"from": [6.1, 4.48017, 3.83357],
			"to": [7.3, 4.68017, 4.13357],
			"rotation": {"angle": 45, "axis": "x", "origin": [6.7, 4.88017, 3.73357]},
			"faces": {
				"north": {"uv": [4, 0, 8, 5], "rotation": 90, "texture": "#0"},
				"east": {"uv": [4, 0, 8, 5], "rotation": 90, "texture": "#0"},
				"south": {"uv": [4, 0, 8, 5], "rotation": 90, "texture": "#0"},
				"west": {"uv": [4, 0, 8, 5], "rotation": 90, "texture": "#0"},
				"up": {"uv": [4, 0, 8, 5], "rotation": 90, "texture": "#0"},
				"down": {"uv": [4, 0, 8, 5], "rotation": 90, "texture": "#0"}
			}
		},
		{
			"from": [6.1, 4.52661, 3.52144],
			"to": [7.3, 5.12661, 4.32144],
			"rotation": {"angle": 0, "axis": "y", "origin": [6.7, 4.92661, 3.92144]},
			"faces": {
				"north": {"uv": [0, 0, 4, 5], "texture": "#0"},
				"east": {"uv": [0, 0, 4, 5], "texture": "#0"},
				"south": {"uv": [0, 0, 4, 5], "texture": "#0"},
				"west": {"uv": [0, 0, 4, 5], "texture": "#0"},
				"up": {"uv": [0, 0, 4, 5], "texture": "#0"},
				"down": {"uv": [0, 0, 4, 5], "texture": "#0"}
			}
		},
		{
			"from": [6.85, 5.0444, 2.83587],
			"to": [7.05, 5.3444, 9.13587],
			"rotation": {"angle": 0, "axis": "y", "origin": [6.42929, 3.5444, 13.63587]},
			"faces": {
				"north": {"uv": [5, 5, 10, 11], "rotation": 180, "texture": "#0"},
				"east": {"uv": [6, 6, 7, 7], "rotation": 90, "texture": "#0"},
				"south": {"uv": [5, 10, 6, 11], "rotation": 90, "texture": "#0"},
				"west": {"uv": [9, 8, 10, 9], "rotation": 90, "texture": "#0"},
				"up": {"uv": [5, 10, 6, 11], "rotation": 90, "texture": "#0"},
				"down": {"uv": [9, 5, 10, 6], "rotation": 90, "texture": "#0"}
			}
		},
		{
			"from": [7.84497, 5.34232, 2.83587],
			"to": [8.04497, 5.64232, 9.13587],
			"rotation": {"angle": 45, "axis": "z", "origin": [7.54497, 4.14232, 13.63587]},
			"faces": {
				"north": {"uv": [5, 5, 10, 11], "texture": "#0"},
				"east": {"uv": [6, 6, 7, 7], "rotation": 90, "texture": "#0"},
				"south": {"uv": [5, 10, 6, 11], "rotation": 90, "texture": "#0"},
				"west": {"uv": [9, 8, 10, 9], "rotation": 90, "texture": "#0"},
				"up": {"uv": [5, 10, 6, 11], "rotation": 90, "texture": "#0"},
				"down": {"uv": [9, 5, 10, 6], "rotation": 90, "texture": "#0"}
			}
		},
		{
			"from": [6.53787, 5.35653, 2.83587],
			"to": [6.83787, 5.55653, 9.13587],
			"rotation": {"angle": 0, "axis": "y", "origin": [8.03787, 5.05653, 13.63587]},
			"faces": {
				"north": {"uv": [5, 5, 10, 11], "rotation": 90, "texture": "#0"},
				"east": {"uv": [6, 6, 7, 7], "rotation": 90, "texture": "#0"},
				"south": {"uv": [5, 10, 6, 11], "rotation": 90, "texture": "#0"},
				"west": {"uv": [9, 8, 10, 9], "rotation": 90, "texture": "#0"},
				"up": {"uv": [5, 10, 6, 11], "rotation": 90, "texture": "#0"},
				"down": {"uv": [9, 5, 10, 6], "rotation": 90, "texture": "#0"}
			}
		},
		{
			"from": [6.53787, 4.83227, 2.83587],
			"to": [6.83787, 5.03227, 9.13587],
			"rotation": {"angle": 0, "axis": "y", "origin": [8.03787, 5.03227, 13.63587]},
			"faces": {
				"north": {"uv": [5, 5, 10, 11], "rotation": 270, "texture": "#0"},
				"east": {"uv": [6, 6, 7, 7], "rotation": 90, "texture": "#0"},
				"south": {"uv": [5, 10, 6, 11], "rotation": 90, "texture": "#0"},
				"west": {"uv": [9, 8, 10, 9], "rotation": 90, "texture": "#0"},
				"up": {"uv": [5, 10, 6, 11], "rotation": 90, "texture": "#0"},
				"down": {"uv": [9, 5, 10, 6], "rotation": 90, "texture": "#0"}
			}
		},
		{
			"from": [7.87426, 4.81719, 2.83587],
			"to": [8.07426, 5.11719, 9.13587],
			"rotation": {"angle": -45, "axis": "z", "origin": [7.47426, 6.31719, 13.63587]},
			"faces": {
				"north": {"uv": [5, 5, 10, 11], "rotation": 90, "texture": "#0"},
				"east": {"uv": [6, 6, 7, 7], "rotation": 90, "texture": "#0"},
				"south": {"uv": [5, 10, 6, 11], "rotation": 90, "texture": "#0"},
				"west": {"uv": [9, 8, 10, 9], "rotation": 90, "texture": "#0"},
				"up": {"uv": [5, 10, 6, 11], "rotation": 90, "texture": "#0"},
				"down": {"uv": [9, 5, 10, 6], "rotation": 90, "texture": "#0"}
			}
		},
		{
			"from": [5.33076, 4.74648, 2.83587],
			"to": [5.53076, 5.04648, 9.13587],
			"rotation": {"angle": 45, "axis": "z", "origin": [5.83076, 6.24648, 13.63587]},
			"faces": {
				"north": {"uv": [5, 5, 10, 11], "rotation": 270, "texture": "#0"},
				"east": {"uv": [6, 6, 7, 7], "rotation": 270, "texture": "#0"},
				"south": {"uv": [5, 10, 6, 11], "rotation": 270, "texture": "#0"},
				"west": {"uv": [9, 8, 10, 9], "rotation": 270, "texture": "#0"},
				"up": {"uv": [5, 10, 6, 11], "rotation": 270, "texture": "#0"},
				"down": {"uv": [9, 5, 10, 6], "rotation": 270, "texture": "#0"}
			}
		},
		{
			"from": [6.32574, 5.0444, 2.83587],
			"to": [6.52574, 5.3444, 9.13587],
			"rotation": {"angle": 0, "axis": "y", "origin": [6.82574, 3.5444, 13.63587]},
			"faces": {
				"north": {"uv": [5, 8, 10, 11], "rotation": 180, "texture": "#0"},
				"east": {"uv": [6, 6, 7, 7], "rotation": 270, "texture": "#0"},
				"south": {"uv": [5, 10, 6, 11], "rotation": 270, "texture": "#0"},
				"west": {"uv": [9, 8, 10, 9], "rotation": 270, "texture": "#0"},
				"up": {"uv": [5, 10, 6, 11], "rotation": 270, "texture": "#0"},
				"down": {"uv": [9, 5, 10, 6], "rotation": 270, "texture": "#0"}
			}
		},
		{
			"from": [5.11863, 5.43019, 2.83587],
			"to": [5.31863, 5.73019, 9.13587],
			"rotation": {"angle": -45, "axis": "z", "origin": [5.61863, 3.93019, 13.63587]},
			"faces": {
				"north": {"uv": [5, 5, 10, 11], "rotation": 270, "texture": "#0"},
				"east": {"uv": [6, 6, 7, 7], "rotation": 270, "texture": "#0"},
				"south": {"uv": [5, 10, 6, 11], "rotation": 270, "texture": "#0"},
				"west": {"uv": [9, 8, 10, 9], "rotation": 270, "texture": "#0"},
				"up": {"uv": [5, 10, 6, 11], "rotation": 270, "texture": "#0"},
				"down": {"uv": [9, 5, 10, 6], "rotation": 270, "texture": "#0"}
			}
		},
		{
			"from": [7.84497, 4.24232, 4.63587],
			"to": [8.04497, 4.54232, 9.93587],
			"rotation": {"angle": 45, "axis": "z", "origin": [7.54497, 3.04232, 14.33587]},
			"faces": {
				"north": {"uv": [0, 0, 1, 1], "rotation": 90, "texture": "#0"},
				"east": {"uv": [0, 0, 1, 1], "rotation": 90, "texture": "#0"},
				"south": {"uv": [0, 0, 1, 1], "rotation": 90, "texture": "#0"},
				"west": {"uv": [0, 0, 1, 1], "rotation": 90, "texture": "#0"},
				"up": {"uv": [0, 0, 1, 1], "rotation": 90, "texture": "#0"},
				"down": {"uv": [0, 0, 1, 1], "rotation": 90, "texture": "#0"}
			}
		},
		{
			"from": [6.53787, 4.25653, 4.63587],
			"to": [6.83787, 4.45653, 9.93587],
			"rotation": {"angle": 0, "axis": "y", "origin": [8.03787, 3.95653, 14.33587]},
			"faces": {
				"north": {"uv": [0, 0, 1, 1], "rotation": 90, "texture": "#0"},
				"east": {"uv": [0, 0, 1, 1], "rotation": 90, "texture": "#0"},
				"south": {"uv": [0, 0, 1, 1], "rotation": 90, "texture": "#0"},
				"west": {"uv": [0, 0, 1, 1], "rotation": 90, "texture": "#0"},
				"up": {"uv": [0, 0, 1, 1], "rotation": 90, "texture": "#0"},
				"down": {"uv": [0, 0, 1, 1], "rotation": 90, "texture": "#0"}
			}
		},
		{
			"from": [5.11863, 4.33019, 4.63587],
			"to": [5.31863, 4.63019, 9.93587],
			"rotation": {"angle": -45, "axis": "z", "origin": [5.61863, 2.83019, 14.33587]},
			"faces": {
				"north": {"uv": [0, 0, 1, 1], "rotation": 270, "texture": "#0"},
				"east": {"uv": [0, 0, 1, 1], "rotation": 270, "texture": "#0"},
				"south": {"uv": [0, 0, 1, 1], "rotation": 270, "texture": "#0"},
				"west": {"uv": [0, 0, 1, 1], "rotation": 270, "texture": "#0"},
				"up": {"uv": [0, 0, 1, 1], "rotation": 270, "texture": "#0"},
				"down": {"uv": [0, 0, 1, 1], "rotation": 270, "texture": "#0"}
			}
		},
		{
			"from": [6.32574, 4.0444, 5.33587],
			"to": [6.52574, 4.3444, 10.63587],
			"rotation": {"angle": 0, "axis": "y", "origin": [6.82574, 2.5444, 15.03587]},
			"faces": {
				"north": {"uv": [0, 0, 4, 11], "rotation": 270, "texture": "#0"},
				"east": {"uv": [0, 0, 4, 11], "rotation": 270, "texture": "#0"},
				"south": {"uv": [0, 0, 4, 11], "rotation": 270, "texture": "#0"},
				"west": {"uv": [0, 0, 4, 11], "rotation": 270, "texture": "#0"},
				"up": {"uv": [0, 0, 4, 11], "rotation": 270, "texture": "#0"},
				"down": {"uv": [0, 0, 4, 11], "rotation": 270, "texture": "#0"}
			}
		},
		{
			"from": [5.33076, 3.74648, 5.33587],
			"to": [5.53076, 4.04648, 10.63587],
			"rotation": {"angle": 45, "axis": "z", "origin": [5.83076, 5.24648, 15.03587]},
			"faces": {
				"north": {"uv": [0, 0, 4, 11], "rotation": 270, "texture": "#0"},
				"east": {"uv": [0, 0, 4, 11], "rotation": 270, "texture": "#0"},
				"south": {"uv": [0, 0, 4, 11], "rotation": 270, "texture": "#0"},
				"west": {"uv": [0, 0, 4, 11], "rotation": 270, "texture": "#0"},
				"up": {"uv": [0, 0, 4, 11], "rotation": 270, "texture": "#0"},
				"down": {"uv": [0, 0, 4, 11], "rotation": 270, "texture": "#0"}
			}
		},
		{
			"from": [7.87426, 3.81719, 5.33587],
			"to": [8.07426, 4.11719, 10.63587],
			"rotation": {"angle": -45, "axis": "z", "origin": [7.47426, 5.31719, 15.03587]},
			"faces": {
				"north": {"uv": [0, 0, 4, 5], "rotation": 90, "texture": "#0"},
				"east": {"uv": [0, 0, 4, 5], "rotation": 90, "texture": "#0"},
				"south": {"uv": [0, 0, 4, 5], "rotation": 90, "texture": "#0"},
				"west": {"uv": [0, 0, 4, 5], "rotation": 90, "texture": "#0"},
				"up": {"uv": [0, 0, 4, 5], "rotation": 90, "texture": "#0"},
				"down": {"uv": [0, 0, 4, 5], "rotation": 90, "texture": "#0"}
			}
		},
		{
			"from": [6.53787, 3.83227, 5.33587],
			"to": [6.83787, 4.03227, 10.63587],
			"rotation": {"angle": 0, "axis": "y", "origin": [8.03787, 4.03227, 15.03587]},
			"faces": {
				"north": {"uv": [0, 0, 4, 5], "rotation": 90, "texture": "#0"},
				"east": {"uv": [0, 0, 4, 5], "rotation": 90, "texture": "#0"},
				"south": {"uv": [0, 0, 4, 5], "rotation": 90, "texture": "#0"},
				"west": {"uv": [0, 0, 4, 5], "rotation": 90, "texture": "#0"},
				"up": {"uv": [0, 0, 4, 5], "rotation": 90, "texture": "#0"},
				"down": {"uv": [0, 0, 4, 5], "rotation": 90, "texture": "#0"}
			}
		},
		{
			"from": [6.53787, 5.03227, -0.26413],
			"to": [6.83787, 5.33227, 6.43587],
			"rotation": {"angle": 0, "axis": "y", "origin": [8.03787, 3.93227, 14.33587]},
			"faces": {
				"north": {"uv": [0, 5, 1, 6], "rotation": 90, "texture": "#0"},
				"east": {"uv": [0, 5, 1, 6], "rotation": 90, "texture": "#0"},
				"south": {"uv": [0, 5, 1, 6], "rotation": 90, "texture": "#0"},
				"west": {"uv": [0, 5, 1, 6], "rotation": 90, "texture": "#0"},
				"up": {"uv": [0, 5, 1, 6], "rotation": 90, "texture": "#0"},
				"down": {"uv": [0, 5, 1, 6], "rotation": 90, "texture": "#0"}
			}
		},
		{
			"from": [6.43787, 4.93227, -0.16413],
			"to": [6.93787, 5.43227, 0.13587],
			"rotation": {"angle": 0, "axis": "y", "origin": [8.03787, 3.93227, 13.73587]},
			"faces": {
				"north": {"uv": [0, 0, 1, 1], "rotation": 90, "texture": "#0"},
				"east": {"uv": [0, 0, 1, 1], "rotation": 90, "texture": "#0"},
				"south": {"uv": [0, 0, 1, 1], "rotation": 90, "texture": "#0"},
				"west": {"uv": [0, 0, 1, 1], "rotation": 90, "texture": "#0"},
				"up": {"uv": [0, 0, 1, 1], "rotation": 90, "texture": "#0"},
				"down": {"uv": [0, 0, 1, 1], "rotation": 90, "texture": "#0"}
			}
		},
		{
			"from": [6.5, 4.98, -0.36413],
			"to": [6.9, 5.38, 0.23587],
			"rotation": {"angle": 0, "axis": "y", "origin": [8.03787, 3.93227, 14.23587]},
			"faces": {
				"north": {"uv": [6, 9, 7, 10], "rotation": 90, "texture": "#0"},
				"east": {"uv": [6, 9, 7, 10], "rotation": 90, "texture": "#0"},
				"south": {"uv": [6, 9, 7, 10], "rotation": 90, "texture": "#0"},
				"west": {"uv": [6, 9, 7, 10], "rotation": 90, "texture": "#0"},
				"up": {"uv": [6, 9, 7, 10], "rotation": 90, "texture": "#0"},
				"down": {"uv": [6, 9, 7, 10], "rotation": 90, "texture": "#0"}
			}
		},
		{
			"from": [6.5, 3.98, 4.13587],
			"to": [6.9, 4.38, 4.43587],
			"rotation": {"angle": 0, "axis": "y", "origin": [8.03787, 3.93227, 14.33587]},
			"faces": {
				"north": {"uv": [0, 0, 1, 1], "rotation": 90, "texture": "#0"},
				"east": {"uv": [0, 0, 1, 1], "rotation": 90, "texture": "#0"},
				"south": {"uv": [0, 0, 1, 1], "rotation": 90, "texture": "#0"},
				"west": {"uv": [0, 0, 1, 1], "rotation": 90, "texture": "#0"},
				"up": {"uv": [0, 0, 1, 1], "rotation": 90, "texture": "#0"},
				"down": {"uv": [0, 0, 1, 1], "rotation": 90, "texture": "#0"}
			}
		},
		{
			"from": [6.53787, 3.73227, 6.03587],
			"to": [6.83787, 3.93227, 9.33587],
			"rotation": {"angle": 0, "axis": "y", "origin": [8.03787, 3.93227, 14.33587]},
			"faces": {
				"north": {"uv": [0, 0, 4, 5], "rotation": 90, "texture": "#0"},
				"east": {"uv": [0, 0, 4, 5], "rotation": 90, "texture": "#0"},
				"south": {"uv": [0, 0, 4, 5], "rotation": 90, "texture": "#0"},
				"west": {"uv": [0, 0, 4, 5], "rotation": 90, "texture": "#0"},
				"up": {"uv": [0, 0, 4, 5], "rotation": 90, "texture": "#0"},
				"down": {"uv": [0, 0, 4, 5], "rotation": 90, "texture": "#0"}
			}
		},
		{
			"from": [6.53787, 4.35608, 5.79974],
			"to": [6.83787, 4.55608, 6.19974],
			"rotation": {"angle": 22.5, "axis": "x", "origin": [6.68787, 4.45608, 4.54974]},
			"faces": {
				"north": {"uv": [0, 0, 4, 5], "rotation": 90, "texture": "#0"},
				"east": {"uv": [0, 0, 4, 5], "rotation": 90, "texture": "#0"},
				"south": {"uv": [0, 0, 4, 5], "rotation": 90, "texture": "#0"},
				"west": {"uv": [0, 0, 4, 5], "rotation": 90, "texture": "#0"},
				"up": {"uv": [0, 0, 4, 5], "rotation": 90, "texture": "#0"},
				"down": {"uv": [0, 0, 4, 5], "rotation": 90, "texture": "#0"}
			}
		},
		{
			"from": [6.53787, 4.45608, 5.09974],
			"to": [6.83787, 4.65608, 5.49974],
			"rotation": {"angle": 22.5, "axis": "x", "origin": [6.68787, 4.55608, 3.84974]},
			"faces": {
				"north": {"uv": [0, 0, 4, 5], "rotation": 90, "texture": "#0"},
				"east": {"uv": [0, 0, 4, 5], "rotation": 90, "texture": "#0"},
				"south": {"uv": [0, 0, 4, 5], "rotation": 90, "texture": "#0"},
				"west": {"uv": [0, 0, 4, 5], "rotation": 90, "texture": "#0"},
				"up": {"uv": [0, 0, 4, 5], "rotation": 90, "texture": "#0"},
				"down": {"uv": [0, 0, 4, 5], "rotation": 90, "texture": "#0"}
			}
		},
		{
			"from": [6.85, 4.0444, 5.33587],
			"to": [7.05, 4.3444, 10.63587],
			"rotation": {"angle": 0, "axis": "y", "origin": [6.42929, 2.5444, 15.03587]},
			"faces": {
				"north": {"uv": [0, 0, 4, 5], "rotation": 90, "texture": "#0"},
				"east": {"uv": [0, 0, 4, 5], "rotation": 90, "texture": "#0"},
				"south": {"uv": [0, 0, 4, 5], "rotation": 90, "texture": "#0"},
				"west": {"uv": [0, 0, 4, 5], "rotation": 90, "texture": "#0"},
				"up": {"uv": [0, 0, 4, 5], "rotation": 90, "texture": "#0"},
				"down": {"uv": [0, 0, 4, 5], "rotation": 90, "texture": "#0"}
			}
		},
		{
			"from": [7.84497, 4.34232, 3.93587],
			"to": [8.04497, 4.64232, 9.23587],
			"rotation": {"angle": 45, "axis": "z", "origin": [7.54497, 3.14232, 13.63587]},
			"faces": {
				"north": {"uv": [0, 0, 1, 1], "rotation": 90, "texture": "#0"},
				"east": {"uv": [0, 0, 1, 1], "rotation": 90, "texture": "#0"},
				"south": {"uv": [0, 0, 1, 1], "rotation": 90, "texture": "#0"},
				"west": {"uv": [0, 0, 1, 1], "rotation": 90, "texture": "#0"},
				"up": {"uv": [0, 0, 1, 1], "rotation": 90, "texture": "#0"},
				"down": {"uv": [0, 0, 1, 1], "rotation": 90, "texture": "#0"}
			}
		},
		{
			"from": [6.53787, 4.35653, 3.93587],
			"to": [6.83787, 4.55653, 9.23587],
			"rotation": {"angle": 0, "axis": "y", "origin": [8.03787, 4.05653, 13.63587]},
			"faces": {
				"north": {"uv": [0, 0, 1, 1], "rotation": 90, "texture": "#0"},
				"east": {"uv": [0, 0, 1, 1], "rotation": 90, "texture": "#0"},
				"south": {"uv": [0, 0, 1, 1], "rotation": 90, "texture": "#0"},
				"west": {"uv": [0, 0, 1, 1], "rotation": 90, "texture": "#0"},
				"up": {"uv": [0, 0, 1, 1], "rotation": 90, "texture": "#0"},
				"down": {"uv": [0, 0, 1, 1], "rotation": 90, "texture": "#0"}
			}
		},
		{
			"from": [5.11863, 4.43019, 3.93587],
			"to": [5.31863, 4.73019, 9.23587],
			"rotation": {"angle": -45, "axis": "z", "origin": [5.61863, 2.93019, 13.63587]},
			"faces": {
				"north": {"uv": [0, 0, 1, 1], "rotation": 270, "texture": "#0"},
				"east": {"uv": [0, 0, 1, 1], "rotation": 270, "texture": "#0"},
				"south": {"uv": [0, 0, 1, 1], "rotation": 270, "texture": "#0"},
				"west": {"uv": [0, 0, 1, 1], "rotation": 270, "texture": "#0"},
				"up": {"uv": [0, 0, 1, 1], "rotation": 270, "texture": "#0"},
				"down": {"uv": [0, 0, 1, 1], "rotation": 270, "texture": "#0"}
			}
		},
		{
			"from": [6.32574, 4.1444, 4.63587],
			"to": [6.52574, 4.4444, 9.93587],
			"rotation": {"angle": 0, "axis": "y", "origin": [6.82574, 2.6444, 14.33587]},
			"faces": {
				"north": {"uv": [0, 0, 4, 5], "rotation": 270, "texture": "#0"},
				"east": {"uv": [0, 0, 4, 5], "rotation": 270, "texture": "#0"},
				"south": {"uv": [0, 0, 4, 5], "rotation": 270, "texture": "#0"},
				"west": {"uv": [0, 0, 4, 5], "rotation": 270, "texture": "#0"},
				"up": {"uv": [0, 0, 4, 5], "rotation": 270, "texture": "#0"},
				"down": {"uv": [0, 0, 4, 5], "rotation": 270, "texture": "#0"}
			}
		},
		{
			"from": [5.33076, 3.84648, 4.63587],
			"to": [5.93076, 4.14648, 9.93587],
			"rotation": {"angle": 45, "axis": "z", "origin": [5.83076, 5.34648, 14.33587]},
			"faces": {
				"north": {"uv": [0, 0, 4, 5], "rotation": 270, "texture": "#0"},
				"east": {"uv": [0, 0, 4, 5], "rotation": 270, "texture": "#0"},
				"south": {"uv": [0, 0, 4, 5], "rotation": 270, "texture": "#0"},
				"west": {"uv": [0, 0, 4, 5], "rotation": 270, "texture": "#0"},
				"up": {"uv": [0, 0, 4, 5], "rotation": 270, "texture": "#0"},
				"down": {"uv": [0, 0, 4, 5], "rotation": 270, "texture": "#0"}
			}
		},
		{
			"from": [7.47426, 3.91719, 4.63587],
			"to": [8.07426, 4.21719, 9.93587],
			"rotation": {"angle": -45, "axis": "z", "origin": [7.47426, 5.41719, 14.33587]},
			"faces": {
				"north": {"uv": [0, 0, 4, 5], "rotation": 90, "texture": "#0"},
				"east": {"uv": [0, 0, 4, 5], "rotation": 90, "texture": "#0"},
				"south": {"uv": [0, 0, 4, 5], "rotation": 90, "texture": "#0"},
				"west": {"uv": [0, 0, 4, 5], "rotation": 90, "texture": "#0"},
				"up": {"uv": [0, 0, 4, 5], "rotation": 90, "texture": "#0"},
				"down": {"uv": [0, 0, 4, 5], "rotation": 90, "texture": "#0"}
			}
		},
		{
			"from": [6.53787, 3.93227, 4.63587],
			"to": [6.83787, 4.13227, 9.93587],
			"rotation": {"angle": 0, "axis": "y", "origin": [8.03787, 4.13227, 14.33587]},
			"faces": {
				"north": {"uv": [0, 0, 4, 5], "rotation": 90, "texture": "#0"},
				"east": {"uv": [0, 0, 4, 5], "rotation": 90, "texture": "#0"},
				"south": {"uv": [0, 0, 4, 5], "rotation": 90, "texture": "#0"},
				"west": {"uv": [0, 0, 4, 5], "rotation": 90, "texture": "#0"},
				"up": {"uv": [0, 0, 4, 5], "rotation": 90, "texture": "#0"},
				"down": {"uv": [0, 0, 4, 5], "rotation": 90, "texture": "#0"}
			}
		},
		{
			"from": [6.85, 4.1444, 4.63587],
			"to": [7.05, 4.4444, 9.93587],
			"rotation": {"angle": 0, "axis": "y", "origin": [6.42929, 2.6444, 14.33587]},
			"faces": {
				"north": {"uv": [0, 0, 4, 5], "rotation": 90, "texture": "#0"},
				"east": {"uv": [0, 0, 4, 5], "rotation": 90, "texture": "#0"},
				"south": {"uv": [0, 0, 4, 5], "rotation": 90, "texture": "#0"},
				"west": {"uv": [0, 0, 4, 5], "rotation": 90, "texture": "#0"},
				"up": {"uv": [0, 0, 4, 5], "rotation": 90, "texture": "#0"},
				"down": {"uv": [0, 0, 4, 5], "rotation": 90, "texture": "#0"}
			}
		}
	],
	"display": {
		"thirdperson_righthand": {
			"rotation": [10, 0, 0],
			"translation": [1.5, 6.75, -2.75]
		},
		"thirdperson_lefthand": {
			"translation": [-0.75, 5.5, -4]
		},
		"firstperson_righthand": {
			"rotation": [0, 8, 0],
			"translation": [1, 7, -0.75]
		},
		"firstperson_lefthand": {
			"rotation": [0, -10, 0],
			"translation": [-0.8, 8.75, 3.75]
		},
		"gui": {
			"rotation": [0, 83, 0],
			"translation": [0, 3.5, 0]
		},
		"fixed": {
			"rotation": [0, 83, 0],
			"translation": [0, 4.75, -2.75],
			"scale": [1.36, 1.36, 1.36]
		}
	}
}