{
	"credit": "Made with Blockbench",
	"texture_size": [32, 32],
	"textures": {
		"2": "concrete:vehicle/boat/euro/wood",
		"3": "concrete:vehicle/boat/euro/floor",
		"particle": "concrete:vehicle/boat/euro/wood"
	},
	"elements": [
		{
			"from": [-15.75266, 7.96648, -7.41513],
			"to": [-8.64326, 9.36048, -6.02113],
			"rotation": {"angle": 45, "axis": "y", "origin": [-1.11566, 8.66348, -11.62524]},
			"faces": {
				"north": {"uv": [1, 1, 0, 0], "texture": "#2"},
				"east": {"uv": [1, 1, 0, 0], "texture": "#2"},
				"south": {"uv": [1, 1, 0, 0], "texture": "#2"},
				"west": {"uv": [1, 1, 0, 0], "texture": "#2"},
				"up": {"uv": [1, 1, 0, 0], "texture": "#2"},
				"down": {"uv": [1, 1, 0, 0], "texture": "#2"}
			}
		},
		{
			"from": [-3.77837, 7.96648, -6.31252],
			"to": [6.11903, 9.36048, -4.91852],
			"rotation": {"angle": 22.5, "axis": "y", "origin": [3.88863, 8.66348, -5.61552]},
			"faces": {
				"north": {"uv": [1, 1, 0, 0], "texture": "#2"},
				"east": {"uv": [1, 1, 0, 0], "texture": "#2"},
				"south": {"uv": [1, 1, 0, 0], "texture": "#2"},
				"west": {"uv": [1, 1, 0, 0], "texture": "#2"},
				"up": {"uv": [1, 1, 0, 0], "texture": "#2"},
				"down": {"uv": [1, 1, 0, 0], "texture": "#2"}
			}
		},
		{
			"from": [7.24977, 7.58448, 22.0216],
			"to": [12.62517, 8.97848, 23.4156],
			"shade": false,
			"rotation": {"angle": -22.5, "axis": "z", "origin": [7.60677, 12.32408, 22.7186]},
			"faces": {
				"north": {"uv": [0, 1, 1, 0], "texture": "#2"},
				"east": {"uv": [0, 1, 1, 0], "texture": "#2"},
				"south": {"uv": [0, 1, 1, 0], "texture": "#2"},
				"west": {"uv": [0, 1, 1, 0], "texture": "#2"},
				"up": {"uv": [0, 1, 1, 0], "texture": "#2"},
				"down": {"uv": [0, 1, 1, 0], "texture": "#2"}
			}
		},
		{
			"from": [-15.75266, 7.96648, 22.32373],
			"to": [-8.64326, 9.36048, 23.71773],
			"shade": false,
			"rotation": {"angle": -45, "axis": "y", "origin": [-1.11566, 8.66348, 27.92784]},
			"faces": {
				"north": {"uv": [0, 1, 1, 0], "texture": "#2"},
				"east": {"uv": [0, 1, 1, 0], "texture": "#2"},
				"south": {"uv": [0, 1, 1, 0], "texture": "#2"},
				"west": {"uv": [0, 1, 1, 0], "texture": "#2"},
				"up": {"uv": [0, 1, 1, 0], "texture": "#2"},
				"down": {"uv": [0, 1, 1, 0], "texture": "#2"}
			}
		},
		{
			"from": [-3.77837, 7.96648, 21.22112],
			"to": [6.28903, 9.36048, 22.61512],
			"shade": false,
			"rotation": {"angle": -22.5, "axis": "y", "origin": [3.88863, 8.66348, 21.91812]},
			"faces": {
				"north": {"uv": [0, 1, 1, 0], "texture": "#2"},
				"east": {"uv": [0, 1, 1, 0], "texture": "#2"},
				"south": {"uv": [0, 1, 1, 0], "texture": "#2"},
				"west": {"uv": [0, 1, 1, 0], "texture": "#2"},
				"up": {"uv": [0, 1, 1, 0], "texture": "#2"},
				"down": {"uv": [0, 1, 1, 0], "texture": "#2"}
			}
		},
		{
			"from": [-9.90197, 7.96648, 1.69782],
			"to": [-8.50797, 9.36048, 7.97082],
			"rotation": {"angle": -22.5, "axis": "y", "origin": [-9.20497, 8.66348, 5.25252]},
			"faces": {
				"north": {"uv": [1, 1, 0, 0], "texture": "#2"},
				"east": {"uv": [1, 1, 0, 0], "texture": "#2"},
				"south": {"uv": [1, 1, 0, 0], "texture": "#2"},
				"west": {"uv": [1, 1, 0, 0], "texture": "#2"},
				"up": {"uv": [1, 1, 0, 0], "texture": "#2"},
				"down": {"uv": [1, 1, 0, 0], "texture": "#2"}
			}
		},
		{
			"from": [-9.90197, 7.96648, 8.33178],
			"to": [-8.50797, 9.36048, 14.60478],
			"rotation": {"angle": 22.5, "axis": "y", "origin": [-9.20497, 8.66348, 11.05008]},
			"faces": {
				"north": {"uv": [1, 1, 0, 0], "texture": "#2"},
				"east": {"uv": [1, 1, 0, 0], "texture": "#2"},
				"south": {"uv": [1, 1, 0, 0], "texture": "#2"},
				"west": {"uv": [1, 1, 0, 0], "texture": "#2"},
				"up": {"uv": [1, 1, 0, 0], "texture": "#2"},
				"down": {"uv": [1, 1, 0, 0], "texture": "#2"}
			}
		},
		{
			"from": [-10.87777, 1.90258, 7.56508],
			"to": [-8.36857, 7.47858, 8.95908],
			"rotation": {"angle": 22.5, "axis": "z", "origin": [-11.71417, 9.36048, 8.26208]},
			"faces": {
				"north": {"uv": [16, 16, 0, 0], "texture": "#2"},
				"east": {"uv": [16, 16, 0, 0], "texture": "#2"},
				"south": {"uv": [16, 16, 0, 0], "texture": "#2"},
				"west": {"uv": [16, 16, 0, 0], "texture": "#2"},
				"up": {"uv": [16, 16, 0, 0], "texture": "#2"},
				"down": {"uv": [16, 16, 0, 0], "texture": "#2"}
			}
		},
		{
			"from": [-3.77837, 3.92388, -5.61552],
			"to": [5.56143, 8.66348, -4.22152],
			"rotation": {"angle": 22.5, "axis": "y", "origin": [3.88863, 8.80288, -5.61552]},
			"faces": {
				"north": {"uv": [0, 0, 3, 3], "texture": "#2"},
				"east": {"uv": [0, 0, 3, 3], "texture": "#2"},
				"south": {"uv": [0, 0, 3, 3], "texture": "#2"},
				"west": {"uv": [0, 0, 3, 3], "texture": "#2"},
				"up": {"uv": [0, 0, 3, 3], "texture": "#2"},
				"down": {"uv": [0, 0, 3, 3], "texture": "#2"}
			}
		},
		{
			"from": [-3.22077, 0.8517, -5.19732],
			"to": [5.56143, 5.5913, 16.13088],
			"rotation": {"angle": 22.5, "axis": "y", "origin": [4.44623, 8.80288, -5.61552]},
			"faces": {
				"north": {"uv": [0, 0, 3, 3], "texture": "#2"},
				"east": {"uv": [0, 0, 3, 3], "texture": "#2"},
				"south": {"uv": [0, 0, 3, 3], "texture": "#2"},
				"west": {"uv": [0, 0, 3, 3], "texture": "#2"},
				"up": {"uv": [0, 0, 5, 6], "texture": "#3"},
				"down": {"uv": [0, 0, 3, 3], "texture": "#2"}
			}
		},
		{
			"from": [-2.38437, -1.51272, -4.63972],
			"to": [5.56143, 3.22688, -3.24572],
			"rotation": {"angle": 22.5, "axis": "y", "origin": [5.28263, 8.80288, -5.33672]},
			"faces": {
				"north": {"uv": [0, 0, 3, 3], "texture": "#2"},
				"east": {"uv": [0, 0, 3, 3], "texture": "#2"},
				"south": {"uv": [0, 0, 3, 3], "texture": "#2"},
				"west": {"uv": [0, 0, 3, 3], "texture": "#2"},
				"up": {"uv": [0, 0, 3, 3], "texture": "#2"},
				"down": {"uv": [0, 0, 3, 3], "texture": "#2"}
			}
		},
		{
			"from": [0.68243, -5.13712, -1.01532],
			"to": [6.11903, -0.39752, 0.37868],
			"shade": false,
			"rotation": {"angle": 22.5, "axis": "y", "origin": [8.34943, 8.80288, -4.22152]},
			"faces": {
				"north": {"uv": [0, 0, 3, 3], "texture": "#2"},
				"east": {"uv": [0, 0, 3, 3], "texture": "#2"},
				"south": {"uv": [0, 0, 3, 3], "texture": "#2"},
				"west": {"uv": [0, 0, 3, 3], "texture": "#2"},
				"up": {"uv": [0, 0, 3, 3], "texture": "#2"},
				"down": {"uv": [0, 0, 3, 3], "texture": "#2"}
			}
		},
		{
			"from": [-0.29337, -4.44012, -2.96692],
			"to": [5.84023, 0.29948, 0.09988],
			"shade": false,
			"rotation": {"angle": 22.5, "axis": "y", "origin": [7.37363, 8.80288, -4.91852]},
			"faces": {
				"north": {"uv": [0, 0, 3, 3], "texture": "#2"},
				"east": {"uv": [0, 0, 3, 3], "texture": "#2"},
				"south": {"uv": [0, 0, 3, 3], "texture": "#2"},
				"west": {"uv": [0, 0, 3, 3], "texture": "#2"},
				"up": {"uv": [0, 0, 3, 3], "texture": "#2"},
				"down": {"uv": [0, 0, 3, 3], "texture": "#2"}
			}
		},
		{
			"from": [-1.40857, -3.32492, -3.94272],
			"to": [5.56143, 1.41468, -2.54872],
			"rotation": {"angle": 22.5, "axis": "y", "origin": [6.25843, 8.80288, -5.33672]},
			"faces": {
				"north": {"uv": [0, 0, 3, 3], "texture": "#2"},
				"east": {"uv": [0, 0, 3, 3], "texture": "#2"},
				"south": {"uv": [0, 0, 3, 3], "texture": "#2"},
				"west": {"uv": [0, 0, 3, 3], "texture": "#2"},
				"up": {"uv": [0, 0, 3, 3], "texture": "#2"},
				"down": {"uv": [0, 0, 3, 3], "texture": "#2"}
			}
		},
		{
			"from": [1.10063, -5.69472, 0.23928],
			"to": [6.25843, -0.95512, 5.11828],
			"shade": false,
			"rotation": {"angle": 22.5, "axis": "y", "origin": [8.76763, 8.80288, -4.08212]},
			"faces": {
				"north": {"uv": [0, 7, 7, 0], "texture": "#2"},
				"east": {"uv": [0, 7, 7, 0], "texture": "#2"},
				"south": {"uv": [0, 7, 7, 0], "texture": "#2"},
				"west": {"uv": [0, 7, 7, 0], "texture": "#2"},
				"up": {"uv": [0, 7, 7, 0], "texture": "#2"},
				"down": {"uv": [0, 7, 7, 0], "texture": "#2"}
			}
		},
		{
			"from": [1.10063, -6.11292, 2.33028],
			"to": [6.25843, -1.37332, 7.20928],
			"rotation": {"angle": 22.5, "axis": "y", "origin": [8.76763, 8.80288, -4.08212]},
			"faces": {
				"north": {"uv": [7, 7, 0, 0], "texture": "#2"},
				"east": {"uv": [7, 7, 0, 0], "texture": "#2"},
				"south": {"uv": [7, 7, 0, 0], "texture": "#2"},
				"west": {"uv": [7, 7, 0, 0], "texture": "#2"},
				"up": {"uv": [7, 7, 0, 0], "texture": "#2"},
				"down": {"uv": [7, 7, 0, 0], "texture": "#2"}
			}
		},
		{
			"from": [0.26423, -7.36752, 5.11828],
			"to": [6.25843, -2.62792, 6.51228],
			"rotation": {"angle": 22.5, "axis": "y", "origin": [8.76763, 9.22108, -4.08212]},
			"faces": {
				"north": {"uv": [16, 16, 0, 0], "texture": "#2"},
				"east": {"uv": [16, 16, 0, 0], "texture": "#2"},
				"south": {"uv": [16, 16, 0, 0], "texture": "#2"},
				"west": {"uv": [16, 16, 0, 0], "texture": "#2"},
				"up": {"uv": [16, 16, 0, 0], "texture": "#2"},
				"down": {"uv": [16, 16, 0, 0], "texture": "#2"}
			}
		},
		{
			"from": [3.19163, -8.06452, 6.37288],
			"to": [6.25843, -3.32492, 7.76688],
			"rotation": {"angle": 22.5, "axis": "y", "origin": [8.76763, 9.22108, -4.08212]},
			"faces": {
				"north": {"uv": [16, 16, 0, 0], "texture": "#2"},
				"east": {"uv": [16, 16, 0, 0], "texture": "#2"},
				"south": {"uv": [16, 16, 0, 0], "texture": "#2"},
				"west": {"uv": [16, 16, 0, 0], "texture": "#2"},
				"up": {"uv": [16, 16, 0, 0], "texture": "#2"},
				"down": {"uv": [16, 16, 0, 0], "texture": "#2"}
			}
		},
		{
			"from": [1.10063, -6.67052, 4.56068],
			"to": [6.25843, -1.93092, 5.95468],
			"rotation": {"angle": 22.5, "axis": "y", "origin": [8.76763, 8.80288, -4.08212]},
			"faces": {
				"north": {"uv": [16, 16, 0, 0], "texture": "#2"},
				"east": {"uv": [16, 16, 0, 0], "texture": "#2"},
				"south": {"uv": [16, 16, 0, 0], "texture": "#2"},
				"west": {"uv": [16, 16, 0, 0], "texture": "#2"},
				"up": {"uv": [16, 16, 0, 0], "texture": "#2"},
				"down": {"uv": [16, 16, 0, 0], "texture": "#2"}
			}
		},
		{
			"from": [-3.14133, -6.67052, 3.62312],
			"to": [-1.18973, -1.93092, 5.01712],
			"rotation": {"angle": 45, "axis": "y", "origin": [5.78027, 8.94228, -2.23168]},
			"faces": {
				"north": {"uv": [16, 16, 0, 0], "texture": "#2"},
				"east": {"uv": [16, 16, 0, 0], "texture": "#2"},
				"south": {"uv": [16, 16, 0, 0], "texture": "#2"},
				"west": {"uv": [16, 16, 0, 0], "texture": "#2"},
				"up": {"uv": [16, 16, 0, 0], "texture": "#2"},
				"down": {"uv": [16, 16, 0, 0], "texture": "#2"}
			}
		},
		{
			"from": [-9.95601, 3.92388, -8.42661],
			"to": [-3.26481, 8.66348, -7.03261],
			"rotation": {"angle": 45, "axis": "y", "origin": [3.70519, 8.94228, -5.63861]},
			"faces": {
				"north": {"uv": [0, 0, 3, 3], "texture": "#2"},
				"east": {"uv": [0, 0, 3, 3], "texture": "#2"},
				"south": {"uv": [0, 0, 3, 3], "texture": "#2"},
				"west": {"uv": [0, 0, 3, 3], "texture": "#2"},
				"up": {"uv": [0, 0, 3, 3], "texture": "#2"},
				"down": {"uv": [0, 0, 3, 3], "texture": "#2"}
			}
		},
		{
			"from": [-9.39468, 0.85697, -7.91775],
			"to": [-2.84288, 5.59657, 4.21005],
			"rotation": {"angle": 45, "axis": "y", "origin": [4.12712, 8.94228, -5.54795]},
			"faces": {
				"north": {"uv": [0, 0, 3, 3], "texture": "#2"},
				"east": {"uv": [0, 0, 3, 3], "texture": "#2"},
				"south": {"uv": [0, 0, 3, 3], "texture": "#2"},
				"west": {"uv": [0, 0, 3, 3], "texture": "#2"},
				"up": {"uv": [0, 0, 5, 6], "texture": "#3"},
				"down": {"uv": [0, 0, 3, 3], "texture": "#2"}
			}
		},
		{
			"from": [-8.50933, -1.51272, -7.29971],
			"to": [-2.09693, 3.22688, -5.90571],
			"rotation": {"angle": 45, "axis": "y", "origin": [4.87307, 8.94228, -5.20871]},
			"faces": {
				"north": {"uv": [0, 0, 3, 3], "texture": "#2"},
				"east": {"uv": [0, 0, 3, 3], "texture": "#2"},
				"south": {"uv": [0, 0, 3, 3], "texture": "#2"},
				"west": {"uv": [0, 0, 3, 3], "texture": "#2"},
				"up": {"uv": [0, 0, 3, 3], "texture": "#2"},
				"down": {"uv": [0, 0, 3, 3], "texture": "#2"}
			}
		},
		{
			"from": [-7.48085, -3.32492, -6.45162],
			"to": [-1.34725, 1.41468, -3.66362],
			"rotation": {"angle": 45, "axis": "y", "origin": [5.62275, 8.94228, -5.05762]},
			"faces": {
				"north": {"uv": [0, 0, 3, 3], "texture": "#2"},
				"east": {"uv": [0, 0, 3, 3], "texture": "#2"},
				"south": {"uv": [0, 0, 3, 3], "texture": "#2"},
				"west": {"uv": [0, 0, 3, 3], "texture": "#2"},
				"up": {"uv": [0, 0, 3, 3], "texture": "#2"},
				"down": {"uv": [0, 0, 3, 3], "texture": "#2"}
			}
		},
		{
			"from": [-6.26775, -4.44012, -5.35495],
			"to": [-0.41295, 0.29948, -2.56695],
			"rotation": {"angle": 45, "axis": "y", "origin": [6.55705, 8.94228, -4.51855]},
			"faces": {
				"north": {"uv": [0, 0, 3, 3], "texture": "#2"},
				"east": {"uv": [0, 0, 3, 3], "texture": "#2"},
				"south": {"uv": [0, 0, 3, 3], "texture": "#2"},
				"west": {"uv": [0, 0, 3, 3], "texture": "#2"},
				"up": {"uv": [0, 0, 3, 3], "texture": "#2"},
				"down": {"uv": [0, 0, 3, 3], "texture": "#2"}
			}
		},
		{
			"from": [-5.14137, -5.13712, -3.13139],
			"to": [0.15583, -0.39752, -1.73739],
			"rotation": {"angle": 45, "axis": "y", "origin": [7.12583, 8.94228, -3.54959]},
			"faces": {
				"north": {"uv": [0, 0, 3, 3], "texture": "#2"},
				"east": {"uv": [0, 0, 3, 3], "texture": "#2"},
				"south": {"uv": [0, 0, 3, 3], "texture": "#2"},
				"west": {"uv": [0, 0, 3, 3], "texture": "#2"},
				"up": {"uv": [0, 0, 3, 3], "texture": "#2"},
				"down": {"uv": [0, 0, 3, 3], "texture": "#2"}
			}
		},
		{
			"from": [-4.66677, -5.69472, -1.63504],
			"to": [0.21223, -0.95512, 3.24396],
			"rotation": {"angle": 45, "axis": "y", "origin": [7.18223, 8.94228, -3.16844]},
			"faces": {
				"north": {"uv": [7, 7, 0, 0], "texture": "#2"},
				"east": {"uv": [7, 7, 0, 0], "texture": "#2"},
				"south": {"uv": [7, 7, 0, 0], "texture": "#2"},
				"west": {"uv": [7, 7, 0, 0], "texture": "#2"},
				"up": {"uv": [7, 7, 0, 0], "texture": "#2"},
				"down": {"uv": [7, 7, 0, 0], "texture": "#2"}
			}
		},
		{
			"from": [-4.50874, -6.11292, 0.90923],
			"to": [-0.46614, -1.37332, 5.78823],
			"rotation": {"angle": 45, "axis": "y", "origin": [6.50386, 8.94228, -2.71517]},
			"faces": {
				"north": {"uv": [7, 7, 0, 0], "texture": "#2"},
				"east": {"uv": [7, 7, 0, 0], "texture": "#2"},
				"south": {"uv": [7, 7, 0, 0], "texture": "#2"},
				"west": {"uv": [7, 7, 0, 0], "texture": "#2"},
				"up": {"uv": [7, 7, 0, 0], "texture": "#2"},
				"down": {"uv": [7, 7, 0, 0], "texture": "#2"}
			}
		},
		{
			"from": [-5.47107, 3.92388, 3.64739],
			"to": [-4.07707, 8.66348, 10.33859],
			"rotation": {"angle": -22.5, "axis": "y", "origin": [-2.68307, 8.94228, -3.32261]},
			"faces": {
				"north": {"uv": [0, 0, 3, 3], "texture": "#2"},
				"east": {"uv": [0, 0, 3, 3], "texture": "#2"},
				"south": {"uv": [0, 0, 3, 3], "texture": "#2"},
				"west": {"uv": [0, 0, 3, 3], "texture": "#2"},
				"up": {"uv": [0, 0, 3, 3], "texture": "#2"},
				"down": {"uv": [0, 0, 3, 3], "texture": "#2"}
			}
		},
		{
			"from": [-3.56014, -1.51272, 4.10626],
			"to": [-0.77214, 3.22688, 9.96106],
			"rotation": {"angle": -22.5, "axis": "y", "origin": [-1.46914, 8.94228, -2.86374]},
			"faces": {
				"north": {"uv": [0, 0, 3, 3], "texture": "#2"},
				"east": {"uv": [0, 0, 3, 3], "texture": "#2"},
				"south": {"uv": [0, 0, 3, 3], "texture": "#2"},
				"west": {"uv": [0, 0, 3, 3], "texture": "#2"},
				"up": {"uv": [0, 0, 3, 3], "texture": "#2"},
				"down": {"uv": [0, 0, 3, 3], "texture": "#2"}
			}
		},
		{
			"from": [-2.06741, -3.32492, 4.28633],
			"to": [0.72059, 1.41468, 9.72293],
			"rotation": {"angle": -22.5, "axis": "y", "origin": [-0.67341, 8.94228, -2.68367]},
			"faces": {
				"north": {"uv": [0, 0, 3, 3], "texture": "#2"},
				"east": {"uv": [0, 0, 3, 3], "texture": "#2"},
				"south": {"uv": [0, 0, 3, 3], "texture": "#2"},
				"west": {"uv": [0, 0, 3, 3], "texture": "#2"},
				"up": {"uv": [0, 0, 3, 3], "texture": "#2"},
				"down": {"uv": [0, 0, 3, 3], "texture": "#2"}
			}
		},
		{
			"from": [-0.49924, -4.44012, 4.80916],
			"to": [3.68276, 0.29948, 9.40936],
			"rotation": {"angle": -22.5, "axis": "y", "origin": [0.33716, 8.94228, -2.16084]},
			"faces": {
				"north": {"uv": [0, 0, 3, 3], "texture": "#2"},
				"east": {"uv": [0, 0, 3, 3], "texture": "#2"},
				"south": {"uv": [0, 0, 3, 3], "texture": "#2"},
				"west": {"uv": [0, 0, 3, 3], "texture": "#2"},
				"up": {"uv": [0, 0, 3, 3], "texture": "#2"},
				"down": {"uv": [0, 0, 3, 3], "texture": "#2"}
			}
		},
		{
			"from": [1.44646, -5.13712, 5.79087],
			"to": [2.84046, -0.39752, 8.85767],
			"rotation": {"angle": -22.5, "axis": "y", "origin": [1.02826, 8.94228, -1.17913]},
			"faces": {
				"north": {"uv": [0, 0, 3, 3], "texture": "#2"},
				"east": {"uv": [0, 0, 3, 3], "texture": "#2"},
				"south": {"uv": [0, 0, 3, 3], "texture": "#2"},
				"west": {"uv": [0, 0, 3, 3], "texture": "#2"},
				"up": {"uv": [0, 0, 3, 3], "texture": "#2"},
				"down": {"uv": [0, 0, 3, 3], "texture": "#2"}
			}
		},
		{
			"from": [2.67203, -5.69472, 6.23809],
			"to": [7.55103, -0.95512, 8.32909],
			"rotation": {"angle": -22.5, "axis": "y", "origin": [1.13863, 8.94228, -0.73191]},
			"faces": {
				"north": {"uv": [7, 7, 0, 0], "texture": "#2"},
				"east": {"uv": [7, 7, 0, 0], "texture": "#2"},
				"south": {"uv": [7, 7, 0, 0], "texture": "#2"},
				"west": {"uv": [7, 7, 0, 0], "texture": "#2"},
				"up": {"uv": [7, 7, 0, 0], "texture": "#2"},
				"down": {"uv": [7, 7, 0, 0], "texture": "#2"}
			}
		},
		{
			"from": [4.22281, -6.11292, 6.77831],
			"to": [9.10181, -1.37332, 7.47531],
			"rotation": {"angle": -22.5, "axis": "y", "origin": [0.59841, 8.94228, -0.19169]},
			"faces": {
				"north": {"uv": [7, 7, 0, 0], "texture": "#2"},
				"east": {"uv": [7, 7, 0, 0], "texture": "#2"},
				"south": {"uv": [7, 7, 0, 0], "texture": "#2"},
				"west": {"uv": [7, 7, 0, 0], "texture": "#2"},
				"up": {"uv": [7, 7, 0, 0], "texture": "#2"},
				"down": {"uv": [7, 7, 0, 0], "texture": "#2"}
			}
		},
		{
			"from": [-3.77837, 3.92388, 20.68506],
			"to": [5.56143, 8.66348, 22.07906],
			"rotation": {"angle": -22.5, "axis": "y", "origin": [3.88863, 8.80288, 22.07906]},
			"faces": {
				"north": {"uv": [0, 0, 3, 3], "texture": "#2"},
				"east": {"uv": [0, 0, 3, 3], "texture": "#2"},
				"south": {"uv": [0, 0, 3, 3], "texture": "#2"},
				"west": {"uv": [0, 0, 3, 3], "texture": "#2"},
				"up": {"uv": [0, 0, 3, 3], "texture": "#2"},
				"down": {"uv": [0, 0, 3, 3], "texture": "#2"}
			}
		},
		{
			"from": [-3.22077, 0.8534, 3.39946],
			"to": [5.56143, 5.593, 21.66086],
			"rotation": {"angle": -22.5, "axis": "y", "origin": [4.44623, 8.80288, 22.07906]},
			"faces": {
				"north": {"uv": [0, 0, 3, 3], "texture": "#2"},
				"east": {"uv": [0, 0, 3, 3], "texture": "#2"},
				"south": {"uv": [0, 0, 3, 3], "texture": "#2"},
				"west": {"uv": [0, 0, 3, 3], "texture": "#2"},
				"up": {"uv": [0, 0, 5, 6], "texture": "#3"},
				"down": {"uv": [0, 0, 3, 3], "texture": "#2"}
			}
		},
		{
			"from": [-2.38437, -1.51272, 19.70926],
			"to": [5.70083, 3.22688, 21.10326],
			"rotation": {"angle": -22.5, "axis": "y", "origin": [5.28263, 8.80288, 21.80026]},
			"faces": {
				"north": {"uv": [0, 0, 3, 3], "texture": "#2"},
				"east": {"uv": [0, 0, 3, 3], "texture": "#2"},
				"south": {"uv": [0, 0, 3, 3], "texture": "#2"},
				"west": {"uv": [0, 0, 3, 3], "texture": "#2"},
				"up": {"uv": [0, 0, 3, 3], "texture": "#2"},
				"down": {"uv": [0, 0, 3, 3], "texture": "#2"}
			}
		},
		{
			"from": [0.68243, -5.13712, 16.08486],
			"to": [6.39783, -0.39752, 17.47886],
			"rotation": {"angle": -22.5, "axis": "y", "origin": [8.34943, 8.80288, 20.68506]},
			"faces": {
				"north": {"uv": [0, 0, 3, 3], "texture": "#2"},
				"east": {"uv": [0, 0, 3, 3], "texture": "#2"},
				"south": {"uv": [0, 0, 3, 3], "texture": "#2"},
				"west": {"uv": [0, 0, 3, 3], "texture": "#2"},
				"up": {"uv": [0, 0, 3, 3], "texture": "#2"},
				"down": {"uv": [0, 0, 3, 3], "texture": "#2"}
			}
		},
		{
			"from": [-0.29337, -4.44012, 16.36366],
			"to": [6.11903, 0.29948, 19.43046],
			"rotation": {"angle": -22.5, "axis": "y", "origin": [7.37363, 8.80288, 21.38206]},
			"faces": {
				"north": {"uv": [0, 0, 3, 3], "texture": "#2"},
				"east": {"uv": [0, 0, 3, 3], "texture": "#2"},
				"south": {"uv": [0, 0, 3, 3], "texture": "#2"},
				"west": {"uv": [0, 0, 3, 3], "texture": "#2"},
				"up": {"uv": [0, 0, 3, 3], "texture": "#2"},
				"down": {"uv": [0, 0, 3, 3], "texture": "#2"}
			}
		},
		{
			"from": [-1.40857, -3.32492, 19.01226],
			"to": [5.84023, 1.41468, 20.40626],
			"rotation": {"angle": -22.5, "axis": "y", "origin": [6.25843, 8.80288, 21.80026]},
			"faces": {
				"north": {"uv": [0, 0, 3, 3], "texture": "#2"},
				"east": {"uv": [0, 0, 3, 3], "texture": "#2"},
				"south": {"uv": [0, 0, 3, 3], "texture": "#2"},
				"west": {"uv": [0, 0, 3, 3], "texture": "#2"},
				"up": {"uv": [0, 0, 3, 3], "texture": "#2"},
				"down": {"uv": [0, 0, 3, 3], "texture": "#2"}
			}
		},
		{
			"from": [1.10063, -5.69472, 11.34526],
			"to": [6.39783, -0.95512, 16.22426],
			"rotation": {"angle": -22.5, "axis": "y", "origin": [8.76763, 8.80288, 20.54566]},
			"faces": {
				"north": {"uv": [0, 0, 3, 3], "texture": "#2"},
				"east": {"uv": [0, 0, 3, 3], "texture": "#2"},
				"south": {"uv": [0, 0, 3, 3], "texture": "#2"},
				"west": {"uv": [0, 0, 3, 3], "texture": "#2"},
				"up": {"uv": [0, 0, 3, 3], "texture": "#2"},
				"down": {"uv": [0, 0, 3, 3], "texture": "#2"}
			}
		},
		{
			"from": [1.10063, -6.11292, 9.25426],
			"to": [6.39783, -1.37332, 14.13326],
			"rotation": {"angle": -22.5, "axis": "y", "origin": [8.76763, 8.80288, 20.54566]},
			"faces": {
				"north": {"uv": [7, 7, 0, 0], "texture": "#2"},
				"east": {"uv": [7, 7, 0, 0], "texture": "#2"},
				"south": {"uv": [7, 7, 0, 0], "texture": "#2"},
				"west": {"uv": [7, 7, 0, 0], "texture": "#2"},
				"up": {"uv": [7, 7, 0, 0], "texture": "#2"},
				"down": {"uv": [7, 7, 0, 0], "texture": "#2"}
			}
		},
		{
			"from": [0.26423, -7.36752, 9.95126],
			"to": [6.39783, -2.62792, 11.34526],
			"shade": false,
			"rotation": {"angle": -22.5, "axis": "y", "origin": [8.76763, 9.22108, 20.54566]},
			"faces": {
				"north": {"uv": [0, 15.0625, 16, 0], "texture": "#2"},
				"east": {"uv": [0, 15.0625, 16, 0], "texture": "#2"},
				"south": {"uv": [0, 15.0625, 16, 0], "texture": "#2"},
				"west": {"uv": [0, 15.0625, 16, 0], "texture": "#2"},
				"up": {"uv": [0, 15.0625, 16, 0], "texture": "#2"},
				"down": {"uv": [0, 15.0625, 16, 0], "texture": "#2"}
			}
		},
		{
			"from": [3.19163, -8.06452, 8.69666],
			"to": [6.39783, -3.32492, 10.09066],
			"rotation": {"angle": -22.5, "axis": "y", "origin": [8.76763, 9.22108, 20.54566]},
			"faces": {
				"north": {"uv": [16, 16, 0, 0], "texture": "#2"},
				"east": {"uv": [16, 16, 0, 0], "texture": "#2"},
				"south": {"uv": [16, 16, 0, 0], "texture": "#2"},
				"west": {"uv": [16, 16, 0, 0], "texture": "#2"},
				"up": {"uv": [16, 16, 0, 0], "texture": "#2"},
				"down": {"uv": [16, 16, 0, 0], "texture": "#2"}
			}
		},
		{
			"from": [1.10063, -6.67052, 10.50886],
			"to": [6.39783, -1.93092, 11.90286],
			"rotation": {"angle": -22.5, "axis": "y", "origin": [8.76763, 8.80288, 20.54566]},
			"faces": {
				"north": {"uv": [16, 16, 0, 0], "texture": "#2"},
				"east": {"uv": [16, 16, 0, 0], "texture": "#2"},
				"south": {"uv": [16, 16, 0, 0], "texture": "#2"},
				"west": {"uv": [16, 16, 0, 0], "texture": "#2"},
				"up": {"uv": [16, 16, 0, 0], "texture": "#2"},
				"down": {"uv": [16, 16, 0, 0], "texture": "#2"}
			}
		},
		{
			"from": [-3.14133, -6.67052, 11.44642],
			"to": [-1.18973, -1.93092, 12.84042],
			"rotation": {"angle": -45, "axis": "y", "origin": [5.78027, 8.94228, 18.69522]},
			"faces": {
				"north": {"uv": [16, 16, 0, 0], "texture": "#2"},
				"east": {"uv": [16, 16, 0, 0], "texture": "#2"},
				"south": {"uv": [16, 16, 0, 0], "texture": "#2"},
				"west": {"uv": [16, 16, 0, 0], "texture": "#2"},
				"up": {"uv": [16, 16, 0, 0], "texture": "#2"},
				"down": {"uv": [16, 16, 0, 0], "texture": "#2"}
			}
		},
		{
			"from": [-9.95601, 3.92388, 23.49615],
			"to": [-3.26481, 8.66348, 24.89015],
			"rotation": {"angle": -45, "axis": "y", "origin": [3.70519, 8.94228, 22.10215]},
			"faces": {
				"north": {"uv": [0, 0, 3, 3], "texture": "#2"},
				"east": {"uv": [0, 0, 3, 3], "texture": "#2"},
				"south": {"uv": [0, 0, 3, 3], "texture": "#2"},
				"west": {"uv": [0, 0, 3, 3], "texture": "#2"},
				"up": {"uv": [0, 0, 3, 3], "texture": "#2"},
				"down": {"uv": [0, 0, 3, 3], "texture": "#2"}
			}
		},
		{
			"from": [-8.50933, -1.51272, 22.36926],
			"to": [-2.09693, 3.22688, 23.76326],
			"rotation": {"angle": -45, "axis": "y", "origin": [4.87307, 8.94228, 21.67226]},
			"faces": {
				"north": {"uv": [0, 0, 3, 3], "texture": "#2"},
				"east": {"uv": [0, 0, 3, 3], "texture": "#2"},
				"south": {"uv": [0, 0, 3, 3], "texture": "#2"},
				"west": {"uv": [0, 0, 3, 3], "texture": "#2"},
				"up": {"uv": [0, 0, 3, 3], "texture": "#2"},
				"down": {"uv": [0, 0, 3, 3], "texture": "#2"}
			}
		},
		{
			"from": [-7.48085, -3.32492, 20.12717],
			"to": [-1.34725, 1.41468, 22.91517],
			"rotation": {"angle": -45, "axis": "y", "origin": [5.62275, 8.94228, 21.52117]},
			"faces": {
				"north": {"uv": [0, 0, 3, 3], "texture": "#2"},
				"east": {"uv": [0, 0, 3, 3], "texture": "#2"},
				"south": {"uv": [0, 0, 3, 3], "texture": "#2"},
				"west": {"uv": [0, 0, 3, 3], "texture": "#2"},
				"up": {"uv": [0, 0, 3, 3], "texture": "#2"},
				"down": {"uv": [0, 0, 3, 3], "texture": "#2"}
			}
		},
		{
			"from": [-6.26775, -4.44012, 19.03049],
			"to": [-0.41295, 0.29948, 21.81849],
			"rotation": {"angle": -45, "axis": "y", "origin": [6.55705, 8.94228, 20.98209]},
			"faces": {
				"north": {"uv": [0, 0, 3, 3], "texture": "#2"},
				"east": {"uv": [0, 0, 3, 3], "texture": "#2"},
				"south": {"uv": [0, 0, 3, 3], "texture": "#2"},
				"west": {"uv": [0, 0, 3, 3], "texture": "#2"},
				"up": {"uv": [0, 0, 3, 3], "texture": "#2"},
				"down": {"uv": [0, 0, 3, 3], "texture": "#2"}
			}
		},
		{
			"from": [-5.14137, -5.13712, 18.20093],
			"to": [0.15583, -0.39752, 19.59493],
			"rotation": {"angle": -45, "axis": "y", "origin": [7.12583, 8.94228, 20.01313]},
			"faces": {
				"north": {"uv": [0, 0, 3, 3], "texture": "#2"},
				"east": {"uv": [0, 0, 3, 3], "texture": "#2"},
				"south": {"uv": [0, 0, 3, 3], "texture": "#2"},
				"west": {"uv": [0, 0, 3, 3], "texture": "#2"},
				"up": {"uv": [0, 0, 3, 3], "texture": "#2"},
				"down": {"uv": [0, 0, 3, 3], "texture": "#2"}
			}
		},
		{
			"from": [-4.66677, -5.69472, 13.21959],
			"to": [0.21223, -0.95512, 18.09859],
			"shade": false,
			"rotation": {"angle": -45, "axis": "y", "origin": [7.18223, 8.94228, 19.63199]},
			"faces": {
				"north": {"uv": [0, 0, 3, 3], "texture": "#2"},
				"east": {"uv": [0, 0, 3, 3], "texture": "#2"},
				"south": {"uv": [0, 0, 3, 3], "texture": "#2"},
				"west": {"uv": [0, 0, 3, 3], "texture": "#2"},
				"up": {"uv": [0, 0, 3, 3], "texture": "#2"},
				"down": {"uv": [0, 0, 3, 3], "texture": "#2"}
			}
		},
		{
			"from": [-4.50874, -6.11292, 10.67531],
			"to": [-0.46614, -1.37332, 15.55431],
			"rotation": {"angle": -45, "axis": "y", "origin": [6.50386, 8.94228, 19.17871]},
			"faces": {
				"north": {"uv": [7, 7, 0, 0], "texture": "#2"},
				"east": {"uv": [7, 7, 0, 0], "texture": "#2"},
				"south": {"uv": [7, 7, 0, 0], "texture": "#2"},
				"west": {"uv": [7, 7, 0, 0], "texture": "#2"},
				"up": {"uv": [7, 7, 0, 0], "texture": "#2"},
				"down": {"uv": [7, 7, 0, 0], "texture": "#2"}
			}
		},
		{
			"from": [-5.47107, 3.92388, 6.12495],
			"to": [-4.07707, 8.66348, 12.81615],
			"rotation": {"angle": 22.5, "axis": "y", "origin": [-2.68307, 8.94228, 19.78615]},
			"faces": {
				"north": {"uv": [0, 0, 3, 3], "texture": "#2"},
				"east": {"uv": [0, 0, 3, 3], "texture": "#2"},
				"south": {"uv": [0, 0, 3, 3], "texture": "#2"},
				"west": {"uv": [0, 0, 3, 3], "texture": "#2"},
				"up": {"uv": [0, 0, 3, 3], "texture": "#2"},
				"down": {"uv": [0, 0, 3, 3], "texture": "#2"}
			}
		},
		{
			"from": [-3.56014, -1.51272, 6.50248],
			"to": [-0.77214, 3.22688, 12.35728],
			"rotation": {"angle": 22.5, "axis": "y", "origin": [-1.46914, 8.94228, 19.32728]},
			"faces": {
				"north": {"uv": [0, 0, 3, 3], "texture": "#2"},
				"east": {"uv": [0, 0, 3, 3], "texture": "#2"},
				"south": {"uv": [0, 0, 3, 3], "texture": "#2"},
				"west": {"uv": [0, 0, 3, 3], "texture": "#2"},
				"up": {"uv": [0, 0, 3, 3], "texture": "#2"},
				"down": {"uv": [0, 0, 3, 3], "texture": "#2"}
			}
		},
		{
			"from": [-2.06741, -3.32492, 6.74061],
			"to": [0.72059, 1.41468, 12.17721],
			"rotation": {"angle": 22.5, "axis": "y", "origin": [-0.67341, 8.94228, 19.14721]},
			"faces": {
				"north": {"uv": [0, 0, 3, 3], "texture": "#2"},
				"east": {"uv": [0, 0, 3, 3], "texture": "#2"},
				"south": {"uv": [0, 0, 3, 3], "texture": "#2"},
				"west": {"uv": [0, 0, 3, 3], "texture": "#2"},
				"up": {"uv": [0, 0, 3, 3], "texture": "#2"},
				"down": {"uv": [0, 0, 3, 3], "texture": "#2"}
			}
		},
		{
			"from": [-0.49924, -4.44012, 7.05418],
			"to": [3.68276, 0.29948, 11.65438],
			"shade": false,
			"rotation": {"angle": 22.5, "axis": "y", "origin": [0.33716, 8.94228, 18.62438]},
			"faces": {
				"north": {"uv": [0, 0, 3, 3], "texture": "#2"},
				"east": {"uv": [0, 0, 3, 3], "texture": "#2"},
				"south": {"uv": [0, 0, 3, 3], "texture": "#2"},
				"west": {"uv": [0, 0, 3, 3], "texture": "#2"},
				"up": {"uv": [0, 0, 3, 3], "texture": "#2"},
				"down": {"uv": [0, 0, 3, 3], "texture": "#2"}
			}
		},
		{
			"from": [1.44646, -5.13712, 7.60588],
			"to": [2.84046, -0.39752, 10.67268],
			"shade": false,
			"rotation": {"angle": 22.5, "axis": "y", "origin": [1.02826, 8.94228, 17.64268]},
			"faces": {
				"north": {"uv": [0, 0, 3, 3], "texture": "#2"},
				"east": {"uv": [0, 0, 3, 3], "texture": "#2"},
				"south": {"uv": [0, 0, 3, 3], "texture": "#2"},
				"west": {"uv": [0, 0, 3, 3], "texture": "#2"},
				"up": {"uv": [0, 0, 3, 3], "texture": "#2"},
				"down": {"uv": [0, 0, 3, 3], "texture": "#2"}
			}
		},
		{
			"from": [2.67203, -5.69472, 8.13445],
			"to": [7.55103, -0.95512, 10.22545],
			"rotation": {"angle": 22.5, "axis": "y", "origin": [1.13863, 8.94228, 17.19545]},
			"faces": {
				"north": {"uv": [0, 0, 3, 3], "texture": "#2"},
				"east": {"uv": [0, 0, 3, 3], "texture": "#2"},
				"south": {"uv": [0, 0, 3, 3], "texture": "#2"},
				"west": {"uv": [0, 0, 3, 3], "texture": "#2"},
				"up": {"uv": [0, 0, 3, 3], "texture": "#2"},
				"down": {"uv": [0, 0, 3, 3], "texture": "#2"}
			}
		},
		{
			"from": [4.22281, -6.11292, 9.12763],
			"to": [9.10181, -1.37332, 9.68523],
			"shade": false,
			"rotation": {"angle": 22.5, "axis": "y", "origin": [0.59841, 8.94228, 16.65523]},
			"faces": {
				"north": {"uv": [0, 16, 16, 0], "texture": "#2"},
				"east": {"uv": [0, 16, 16, 0], "texture": "#2"},
				"south": {"uv": [0, 16, 16, 0], "texture": "#2"},
				"west": {"uv": [0, 16, 16, 0], "texture": "#2"},
				"up": {"uv": [0, 16, 16, 0], "texture": "#2"},
				"down": {"uv": [0, 16, 16, 0], "texture": "#2"}
			}
		},
		{
			"from": [-4.63094, 0.85425, 6.3131],
			"to": [7.21806, 5.59385, 12.7255],
			"rotation": {"angle": 22.5, "axis": "y", "origin": [-2.26114, 8.94228, 19.6955]},
			"faces": {
				"north": {"uv": [0, 0, 3, 3], "texture": "#2"},
				"east": {"uv": [0, 0, 3, 3], "texture": "#2"},
				"south": {"uv": [0, 0, 3, 3], "texture": "#2"},
				"west": {"uv": [0, 0, 3, 3], "texture": "#2"},
				"up": {"uv": [0, 0, 5, 6], "texture": "#3"},
				"down": {"uv": [0, 0, 3, 3], "texture": "#2"}
			}
		},
		{
			"from": [-4.63094, 0.85374, 3.73804],
			"to": [6.10286, 5.59334, 10.15044],
			"rotation": {"angle": -22.5, "axis": "y", "origin": [-2.26114, 8.94228, -3.23196]},
			"faces": {
				"north": {"uv": [0, 0, 3, 3], "texture": "#2"},
				"east": {"uv": [0, 0, 3, 3], "texture": "#2"},
				"south": {"uv": [0, 0, 3, 3], "texture": "#2"},
				"west": {"uv": [0, 0, 3, 3], "texture": "#2"},
				"up": {"uv": [0, 0, 5, 6], "texture": "#3"},
				"down": {"uv": [0, 0, 3, 3], "texture": "#2"}
			}
		},
		{
			"from": [-2.44608, -7.36752, 4.45835],
			"to": [-1.74908, -2.62792, 5.29475],
			"rotation": {"angle": 45, "axis": "y", "origin": [5.22092, 8.24528, -1.39645]},
			"faces": {
				"north": {"uv": [16, 16, 0, 0], "texture": "#2"},
				"east": {"uv": [16, 16, 0, 0], "texture": "#2"},
				"south": {"uv": [16, 16, 0, 0], "texture": "#2"},
				"west": {"uv": [16, 16, 0, 0], "texture": "#2"},
				"up": {"uv": [16, 16, 0, 0], "texture": "#2"},
				"down": {"uv": [16, 16, 0, 0], "texture": "#2"}
			}
		},
		{
			"from": [-2.44608, -7.36752, 11.16879],
			"to": [-1.74908, -2.62792, 12.00519],
			"rotation": {"angle": -45, "axis": "y", "origin": [5.22092, 8.24528, 17.85999]},
			"faces": {
				"north": {"uv": [16, 16, 0, 0], "texture": "#2"},
				"east": {"uv": [16, 16, 0, 0], "texture": "#2"},
				"south": {"uv": [16, 16, 0, 0], "texture": "#2"},
				"west": {"uv": [16, 16, 0, 0], "texture": "#2"},
				"up": {"uv": [16, 16, 0, 0], "texture": "#2"},
				"down": {"uv": [16, 16, 0, 0], "texture": "#2"}
			}
		},
		{
			"from": [0.7386, -8.06452, 11.12996],
			"to": [1.4356, -3.32492, 11.96636],
			"rotation": {"angle": -45, "axis": "y", "origin": [8.4056, 7.54828, 17.82116]},
			"faces": {
				"north": {"uv": [16, 16, 0, 0], "texture": "#2"},
				"east": {"uv": [16, 16, 0, 0], "texture": "#2"},
				"south": {"uv": [16, 16, 0, 0], "texture": "#2"},
				"west": {"uv": [16, 16, 0, 0], "texture": "#2"},
				"up": {"uv": [16, 16, 0, 0], "texture": "#2"},
				"down": {"uv": [16, 16, 0, 0], "texture": "#2"}
			}
		},
		{
			"from": [0.7386, -8.06452, 4.49718],
			"to": [1.4356, -3.32492, 5.33358],
			"rotation": {"angle": 45, "axis": "y", "origin": [8.4056, 7.54828, -1.35762]},
			"faces": {
				"north": {"uv": [16, 16, 0, 0], "texture": "#2"},
				"east": {"uv": [16, 16, 0, 0], "texture": "#2"},
				"south": {"uv": [16, 16, 0, 0], "texture": "#2"},
				"west": {"uv": [16, 16, 0, 0], "texture": "#2"},
				"up": {"uv": [16, 16, 0, 0], "texture": "#2"},
				"down": {"uv": [16, 16, 0, 0], "texture": "#2"}
			}
		},
		{
			"from": [5.43409, 5.17848, 22.16161],
			"to": [7.3626, 8.80288, 22.71751],
			"rotation": {"angle": 0, "axis": "y", "origin": [13.10109, 8.80288, 22.71921]},
			"faces": {
				"north": {"uv": [10, 10, 0, 0], "texture": "#2"},
				"east": {"uv": [10, 10, 0, 0], "texture": "#2"},
				"south": {"uv": [10, 10, 0, 0], "texture": "#2"},
				"west": {"uv": [10, 10, 0, 0], "texture": "#2"},
				"up": {"uv": [10, 10, 0, 0], "texture": "#2"},
				"down": {"uv": [10, 10, 0, 0], "texture": "#2"}
			}
		},
		{
			"from": [5.43409, 5.17848, -6.1355],
			"to": [7.3626, 8.80288, -5.7173],
			"shade": false,
			"rotation": {"angle": 0, "axis": "y", "origin": [13.10109, 8.80288, -10.45921]},
			"faces": {
				"north": {"uv": [0, 4, 4, 0], "texture": "#2"},
				"east": {"uv": [0, 16, 16, 0], "texture": "#2"},
				"south": {"uv": [0, 16, 16, 0], "texture": "#2"},
				"west": {"uv": [0, 16, 16, 0], "texture": "#2"},
				"up": {"uv": [0, 16, 16, 0], "texture": "#2"},
				"down": {"uv": [0, 16, 16, 0], "texture": "#2"}
			}
		},
		{
			"from": [7.24977, 7.58448, -7.13],
			"to": [12.62517, 8.97848, -5.736],
			"rotation": {"angle": -22.5, "axis": "z", "origin": [7.60677, 12.32408, 22.7186]},
			"faces": {
				"north": {"uv": [1, 1, 0, 0], "texture": "#2"},
				"east": {"uv": [1, 1, 0, 0], "texture": "#2"},
				"south": {"uv": [1, 1, 0, 0], "texture": "#2"},
				"west": {"uv": [1, 1, 0, 0], "texture": "#2"},
				"up": {"uv": [1, 1, 0, 0], "texture": "#2"},
				"down": {"uv": [1, 1, 0, 0], "texture": "#2"}
			}
		},
		{
			"from": [24.6769, -5.27, 7.83387],
			"to": [25.89456, -3.74, 8.95908],
			"rotation": {"angle": -45, "axis": "z", "origin": [17.97573, 37.6736, 8.39647]},
			"faces": {
				"north": {"uv": [16, 16, 0, 0], "texture": "#2"},
				"east": {"uv": [16, 16, 0, 0], "texture": "#2"},
				"south": {"uv": [16, 16, 0, 0], "texture": "#2"},
				"west": {"uv": [16, 16, 0, 0], "texture": "#2"},
				"up": {"uv": [16, 16, 0, 0], "texture": "#2"},
				"down": {"uv": [16, 16, 0, 0], "texture": "#2"}
			}
		},
		{
			"from": [-6.58721, 2.96506, 7.83387],
			"to": [-5.36955, 4.49506, 8.95908],
			"rotation": {"angle": -22.5, "axis": "z", "origin": [-5.97838, 3.73006, 8.39647]},
			"faces": {
				"north": {"uv": [16, 16, 0, 0], "texture": "#2"},
				"east": {"uv": [16, 16, 0, 0], "texture": "#2"},
				"south": {"uv": [16, 16, 0, 0], "texture": "#2"},
				"west": {"uv": [16, 16, 0, 0], "texture": "#2"},
				"up": {"uv": [16, 16, 0, 0], "texture": "#2"},
				"down": {"uv": [16, 16, 0, 0], "texture": "#2"}
			}
		},
		{
			"from": [26.08033, -3.16963, 7.83387],
			"to": [27.29798, -1.63963, 8.95908],
			"rotation": {"angle": -45, "axis": "z", "origin": [19.37916, 39.77397, 8.39647]},
			"faces": {
				"north": {"uv": [16, 16, 0, 0], "texture": "#2"},
				"east": {"uv": [16, 16, 0, 0], "texture": "#2"},
				"south": {"uv": [16, 16, 0, 0], "texture": "#2"},
				"west": {"uv": [16, 16, 0, 0], "texture": "#2"},
				"up": {"uv": [16, 16, 0, 0], "texture": "#2"},
				"down": {"uv": [16, 16, 0, 0], "texture": "#2"}
			}
		},
		{
			"from": [5.91202, -8.5, 7.83387],
			"to": [7.12968, -6.97, 8.95908],
			"rotation": {"angle": -22.5, "axis": "z", "origin": [13.17388, 21.97248, 8.39647]},
			"faces": {
				"north": {"uv": [16, 16, 0, 0], "texture": "#2"},
				"east": {"uv": [16, 16, 0, 0], "texture": "#2"},
				"south": {"uv": [16, 16, 0, 0], "texture": "#2"},
				"west": {"uv": [16, 16, 0, 0], "texture": "#2"},
				"up": {"uv": [16, 16, 0, 0], "texture": "#2"},
				"down": {"uv": [16, 16, 0, 0], "texture": "#2"}
			}
		},
		{
			"from": [18.97167, -8.5, 7.83387],
			"to": [20.18933, -6.97, 8.95908],
			"rotation": {"angle": -45, "axis": "z", "origin": [13.17388, 21.97248, 8.39647]},
			"faces": {
				"north": {"uv": [16, 16, 0, 0], "texture": "#2"},
				"east": {"uv": [16, 16, 0, 0], "texture": "#2"},
				"south": {"uv": [16, 16, 0, 0], "texture": "#2"},
				"west": {"uv": [16, 16, 0, 0], "texture": "#2"},
				"up": {"uv": [16, 16, 0, 0], "texture": "#2"},
				"down": {"uv": [16, 16, 0, 0], "texture": "#2"}
			}
		},
		{
			"from": [6.40484, -8.5, 7.83387],
			"to": [7.6225, -6.97, 8.95908],
			"rotation": {"angle": -22.5, "axis": "z", "origin": [13.17388, 21.97248, 8.39647]},
			"faces": {
				"north": {"uv": [16, 16, 0, 0], "texture": "#2"},
				"east": {"uv": [16, 16, 0, 0], "texture": "#2"},
				"south": {"uv": [16, 16, 0, 0], "texture": "#2"},
				"west": {"uv": [16, 16, 0, 0], "texture": "#2"},
				"up": {"uv": [16, 16, 0, 0], "texture": "#2"},
				"down": {"uv": [16, 16, 0, 0], "texture": "#2"}
			}
		},
		{
			"from": [18.47885, -8.5, 7.83387],
			"to": [19.69651, -6.97, 8.95908],
			"rotation": {"angle": -45, "axis": "z", "origin": [13.17388, 21.97248, 8.39647]},
			"faces": {
				"north": {"uv": [16, 16, 0, 0], "texture": "#2"},
				"east": {"uv": [16, 16, 0, 0], "texture": "#2"},
				"south": {"uv": [16, 16, 0, 0], "texture": "#2"},
				"west": {"uv": [16, 16, 0, 0], "texture": "#2"},
				"up": {"uv": [16, 16, 0, 0], "texture": "#2"},
				"down": {"uv": [16, 16, 0, 0], "texture": "#2"}
			}
		},
		{
			"from": [6.89766, -7.28444, 7.83387],
			"to": [8.11531, -5.75444, 8.95908],
			"rotation": {"angle": -22.5, "axis": "z", "origin": [13.17388, 21.97248, 8.39647]},
			"faces": {
				"north": {"uv": [16, 16, 0, 0], "texture": "#2"},
				"east": {"uv": [16, 16, 0, 0], "texture": "#2"},
				"south": {"uv": [16, 16, 0, 0], "texture": "#2"},
				"west": {"uv": [16, 16, 0, 0], "texture": "#2"},
				"up": {"uv": [16, 16, 0, 0], "texture": "#2"},
				"down": {"uv": [16, 16, 0, 0], "texture": "#2"}
			}
		},
		{
			"from": [8.37611, 0.14824, 7.83387],
			"to": [9.59376, 1.67824, 8.95908],
			"rotation": {"angle": -22.5, "axis": "z", "origin": [13.17388, 21.97248, 8.39647]},
			"faces": {
				"north": {"uv": [16, 16, 0, 0], "texture": "#2"},
				"east": {"uv": [16, 16, 0, 0], "texture": "#2"},
				"south": {"uv": [16, 16, 0, 0], "texture": "#2"},
				"west": {"uv": [16, 16, 0, 0], "texture": "#2"},
				"up": {"uv": [16, 16, 0, 0], "texture": "#2"},
				"down": {"uv": [16, 16, 0, 0], "texture": "#2"}
			}
		},
		{
			"from": [17.0004, -1.09054, 7.83387],
			"to": [18.21806, 0.43946, 8.95908],
			"rotation": {"angle": -45, "axis": "z", "origin": [13.17388, 21.97248, 8.39647]},
			"faces": {
				"north": {"uv": [16, 16, 0, 0], "texture": "#2"},
				"east": {"uv": [16, 16, 0, 0], "texture": "#2"},
				"south": {"uv": [16, 16, 0, 0], "texture": "#2"},
				"west": {"uv": [16, 16, 0, 0], "texture": "#2"},
				"up": {"uv": [16, 16, 0, 0], "texture": "#2"},
				"down": {"uv": [16, 16, 0, 0], "texture": "#2"}
			}
		},
		{
			"from": [17.49322, -3.5681, 7.83387],
			"to": [18.71088, -2.0381, 8.95908],
			"rotation": {"angle": -45, "axis": "z", "origin": [13.17388, 21.97248, 8.39647]},
			"faces": {
				"north": {"uv": [16, 16, 0, 0], "texture": "#2"},
				"east": {"uv": [16, 16, 0, 0], "texture": "#2"},
				"south": {"uv": [16, 16, 0, 0], "texture": "#2"},
				"west": {"uv": [16, 16, 0, 0], "texture": "#2"},
				"up": {"uv": [16, 16, 0, 0], "texture": "#2"},
				"down": {"uv": [16, 16, 0, 0], "texture": "#2"}
			}
		},
		{
			"from": [7.88329, -2.32932, 7.83387],
			"to": [9.10095, -0.79932, 8.95908],
			"rotation": {"angle": -22.5, "axis": "z", "origin": [13.17388, 21.97248, 8.39647]},
			"faces": {
				"north": {"uv": [16, 16, 0, 0], "texture": "#2"},
				"east": {"uv": [16, 16, 0, 0], "texture": "#2"},
				"south": {"uv": [16, 16, 0, 0], "texture": "#2"},
				"west": {"uv": [16, 16, 0, 0], "texture": "#2"},
				"up": {"uv": [16, 16, 0, 0], "texture": "#2"},
				"down": {"uv": [16, 16, 0, 0], "texture": "#2"}
			}
		},
		{
			"from": [7.39047, -4.80688, 7.83387],
			"to": [8.60813, -3.27688, 8.95908],
			"rotation": {"angle": -22.5, "axis": "z", "origin": [13.17388, 21.97248, 8.39647]},
			"faces": {
				"north": {"uv": [16, 16, 0, 0], "texture": "#2"},
				"east": {"uv": [16, 16, 0, 0], "texture": "#2"},
				"south": {"uv": [16, 16, 0, 0], "texture": "#2"},
				"west": {"uv": [16, 16, 0, 0], "texture": "#2"},
				"up": {"uv": [16, 16, 0, 0], "texture": "#2"},
				"down": {"uv": [16, 16, 0, 0], "texture": "#2"}
			}
		},
		{
			"from": [17.98604, -6.04566, 7.83387],
			"to": [19.20369, -4.51566, 8.95908],
			"rotation": {"angle": -45, "axis": "z", "origin": [13.17388, 21.97248, 8.39647]},
			"faces": {
				"north": {"uv": [16, 16, 0, 0], "texture": "#2"},
				"east": {"uv": [16, 16, 0, 0], "texture": "#2"},
				"south": {"uv": [16, 16, 0, 0], "texture": "#2"},
				"west": {"uv": [16, 16, 0, 0], "texture": "#2"},
				"up": {"uv": [16, 16, 0, 0], "texture": "#2"},
				"down": {"uv": [16, 16, 0, 0], "texture": "#2"}
			}
		},
		{
			"from": [-9.4026, 0.85887, 12.2906],
			"to": [-2.8508, 5.59847, 24.4184],
			"rotation": {"angle": -45, "axis": "y", "origin": [4.1192, 8.94228, 22.0486]},
			"faces": {
				"north": {"uv": [0, 0, 3, 3], "texture": "#2"},
				"east": {"uv": [0, 0, 3, 3], "texture": "#2"},
				"south": {"uv": [0, 0, 3, 3], "texture": "#2"},
				"west": {"uv": [0, 0, 3, 3], "texture": "#2"},
				"up": {"uv": [0, 0, 5, 6], "texture": "#3"},
				"down": {"uv": [0, 0, 3, 3], "texture": "#2"}
			}
		},
		{
			"from": [10.4294, 6.0248, -7.1147],
			"to": [26.4026, 7.4188, -5.7207],
			"rotation": {"angle": 0, "axis": "y", "origin": [6.2474, 0.4488, 15.191]},
			"faces": {
				"north": {"uv": [1, 1, 1, 0], "texture": "#2"},
				"east": {"uv": [1, 1, 1, 0], "texture": "#2"},
				"south": {"uv": [1, 1, 1, 0], "texture": "#2"},
				"west": {"uv": [1, 1, 1, 0], "texture": "#2"},
				"up": {"uv": [1, 1, 1, 0], "texture": "#2"},
				"down": {"uv": [1, 1, 1, 0], "texture": "#2"}
			}
		},
		{
			"from": [10.4294, 6.0248, 22.0233],
			"to": [26.4026, 7.4188, 23.4173],
			"shade": false,
			"rotation": {"angle": 0, "axis": "y", "origin": [6.2474, 0.4488, 1.1116]},
			"faces": {
				"north": {"uv": [0, 1, 1, 0], "texture": "#2"},
				"east": {"uv": [0, 1, 1, 0], "texture": "#2"},
				"south": {"uv": [0, 1, 1, 0], "texture": "#2"},
				"west": {"uv": [0, 1, 1, 0], "texture": "#2"},
				"up": {"uv": [0, 1, 1, 0], "texture": "#2"},
				"down": {"uv": [0, 1, 1, 0], "texture": "#2"}
			}
		},
		{
			"from": [5.43409, 3.92388, 21.32521],
			"to": [26.4026, 7.54828, 22.71921],
			"shade": false,
			"rotation": {"angle": 0, "axis": "y", "origin": [13.10109, 8.80288, 22.71921]},
			"faces": {
				"north": {"uv": [0, 6, 9, 0], "texture": "#2"},
				"east": {"uv": [0, 6, 9, 0], "texture": "#2"},
				"south": {"uv": [0, 6, 9, 0], "texture": "#2"},
				"west": {"uv": [0, 6, 9, 0], "texture": "#2"},
				"up": {"uv": [0, 6, 9, 0], "texture": "#2"},
				"down": {"uv": [0, 6, 9, 0], "texture": "#2"}
			}
		},
		{
			"from": [5.63658, 0.85708, -5.45454],
			"to": [26.4026, 5.59668, 22.11946],
			"rotation": {"angle": 0, "axis": "y", "origin": [13.30358, 8.80288, 22.53766]},
			"faces": {
				"north": {"uv": [15, 0, 0, 4], "texture": "#2"},
				"east": {"uv": [15, 0, 0, 4], "texture": "#2"},
				"south": {"uv": [15, 0, 0, 4], "texture": "#2"},
				"west": {"uv": [15, 0, 0, 4], "texture": "#2"},
				"up": {"uv": [16, 0, 0, 16], "texture": "#3"},
				"down": {"uv": [15, 0, 0, 4], "texture": "#2"}
			}
		},
		{
			"from": [5.93573, -1.51272, 19.92236],
			"to": [26.4026, 3.22688, 21.31636],
			"rotation": {"angle": 0, "axis": "y", "origin": [13.60273, 8.80288, 22.01336]},
			"faces": {
				"north": {"uv": [15, 0, 0, 4], "texture": "#2"},
				"east": {"uv": [15, 0, 0, 4], "texture": "#2"},
				"south": {"uv": [15, 0, 0, 4], "texture": "#2"},
				"west": {"uv": [15, 0, 0, 4], "texture": "#2"},
				"up": {"uv": [15, 0, 0, 4], "texture": "#2"},
				"down": {"uv": [15, 0, 0, 4], "texture": "#2"}
			}
		},
		{
			"from": [6.40552, -3.32492, 18.95833],
			"to": [26.4026, 1.41468, 20.35233],
			"rotation": {"angle": 0, "axis": "y", "origin": [14.07252, 8.80288, 21.74633]},
			"faces": {
				"north": {"uv": [15, 0, 0, 4], "texture": "#2"},
				"east": {"uv": [15, 0, 0, 4], "texture": "#2"},
				"south": {"uv": [15, 0, 0, 4], "texture": "#2"},
				"west": {"uv": [15, 0, 0, 4], "texture": "#2"},
				"up": {"uv": [15, 0, 0, 4], "texture": "#2"},
				"down": {"uv": [15, 0, 0, 4], "texture": "#2"}
			}
		},
		{
			"from": [6.96137, -4.44012, -2.4979],
			"to": [26.4026, 0.29948, 19.0989],
			"rotation": {"angle": 0, "axis": "y", "origin": [14.62837, 8.80288, 21.0505]},
			"faces": {
				"north": {"uv": [15, 0, 0, 6], "texture": "#2"},
				"east": {"uv": [15, 0, 0, 6], "texture": "#2"},
				"south": {"uv": [15, 0, 0, 6], "texture": "#2"},
				"west": {"uv": [15, 0, 0, 6], "texture": "#2"},
				"up": {"uv": [15, 0, 0, 6], "texture": "#2"},
				"down": {"uv": [15, 0, 0, 6], "texture": "#2"}
			}
		},
		{
			"from": [7.77335, -5.13712, -0.39793],
			"to": [26.4026, -0.39752, 16.97607],
			"rotation": {"angle": 0, "axis": "y", "origin": [15.44035, 8.80288, 20.18227]},
			"faces": {
				"north": {"uv": [15, 6, 4.375, 0], "texture": "#2"},
				"east": {"uv": [15, 6, 4.375, 0], "texture": "#2"},
				"south": {"uv": [15, 6, 4.375, 0], "texture": "#2"},
				"west": {"uv": [15, 6, 4.375, 0], "texture": "#2"},
				"up": {"uv": [15, 6, 4.375, 0], "texture": "#2"},
				"down": {"uv": [15, 6, 4.375, 0], "texture": "#2"}
			}
		},
		{
			"from": [8.23195, -5.69472, 10.76732],
			"to": [26.4026, -0.95512, 15.64632],
			"rotation": {"angle": 0, "axis": "y", "origin": [15.89895, 8.80288, 19.96772]},
			"faces": {
				"north": {"uv": [16, 16, 2.5625, 0], "texture": "#2"},
				"east": {"uv": [16, 16, 2.5625, 0], "texture": "#2"},
				"south": {"uv": [16, 16, 2.5625, 0], "texture": "#2"},
				"west": {"uv": [16, 16, 2.5625, 0], "texture": "#2"},
				"up": {"uv": [16, 16, 2.5625, 0], "texture": "#2"},
				"down": {"uv": [16, 16, 2.5625, 0], "texture": "#2"}
			}
		},
		{
			"from": [9.03214, -6.11292, 8.83549],
			"to": [26.4026, -1.37332, 13.71449],
			"rotation": {"angle": 0, "axis": "y", "origin": [16.69914, 8.80288, 20.12689]},
			"faces": {
				"north": {"uv": [16, 16, 2.6875, 0], "texture": "#2"},
				"east": {"uv": [16, 16, 2.6875, 0], "texture": "#2"},
				"south": {"uv": [16, 16, 2.6875, 0], "texture": "#2"},
				"west": {"uv": [16, 16, 2.6875, 0], "texture": "#2"},
				"up": {"uv": [16, 16, 2.6875, 0], "texture": "#2"},
				"down": {"uv": [16, 16, 2.6875, 0], "texture": "#2"}
			}
		},
		{
			"from": [9.88568, -6.67052, 10.25987],
			"to": [26.4026, -1.93092, 11.65387],
			"rotation": {"angle": 0, "axis": "y", "origin": [17.55268, 8.80288, 20.29667]},
			"faces": {
				"north": {"uv": [16, 16, 4.3125, 0], "texture": "#2"},
				"east": {"uv": [16, 16, 4.3125, 0], "texture": "#2"},
				"south": {"uv": [16, 16, 4.3125, 0], "texture": "#2"},
				"west": {"uv": [16, 16, 4.3125, 0], "texture": "#2"},
				"up": {"uv": [16, 16, 4.3125, 0], "texture": "#2"},
				"down": {"uv": [16, 16, 4.3125, 0], "texture": "#2"}
			}
		},
		{
			"from": [10.09906, -7.36752, 9.74472],
			"to": [26.4026, -2.62792, 11.13872],
			"shade": false,
			"rotation": {"angle": 0, "axis": "y", "origin": [18.60246, 9.22108, 20.33912]},
			"faces": {
				"north": {"uv": [0, 16, 16, 0], "texture": "#2"},
				"east": {"uv": [0, 16, 16, 0], "texture": "#2"},
				"south": {"uv": [0, 16, 16, 0], "texture": "#2"},
				"west": {"uv": [0, 16, 16, 0], "texture": "#2"},
				"up": {"uv": [0, 16, 16, 0], "texture": "#2"},
				"down": {"uv": [0, 16, 16, 0], "texture": "#2"}
			}
		},
		{
			"from": [10.57917, -8.06452, 7.19162],
			"to": [26.4026, -3.32492, 9.97962],
			"rotation": {"angle": 0, "axis": "y", "origin": [16.15517, 9.22108, 20.43462]},
			"faces": {
				"north": {"uv": [16, 16, 0, 0], "texture": "#2"},
				"east": {"uv": [16, 16, 0, 0], "texture": "#2"},
				"south": {"uv": [16, 16, 0, 0], "texture": "#2"},
				"west": {"uv": [16, 16, 0, 0], "texture": "#2"},
				"up": {"uv": [16, 16, 0, 0], "texture": "#2"},
				"down": {"uv": [16, 16, 0, 0], "texture": "#2"}
			}
		},
		{
			"from": [10.45039, -8.06452, 6.53727],
			"to": [26.27381, -3.32492, 7.79187],
			"rotation": {"angle": 0, "axis": "y", "origin": [16.02639, 9.22108, -8.23913]},
			"faces": {
				"north": {"uv": [16, 16, 0, 0], "texture": "#2"},
				"east": {"uv": [16, 16, 0, 0], "texture": "#2"},
				"south": {"uv": [16, 16, 0, 0], "texture": "#2"},
				"west": {"uv": [16, 16, 0, 0], "texture": "#2"},
				"up": {"uv": [16, 16, 0, 0], "texture": "#2"},
				"down": {"uv": [16, 16, 0, 0], "texture": "#2"}
			}
		},
		{
			"from": [9.97027, -7.36752, 5.37817],
			"to": [26.27381, -2.62792, 6.63277],
			"shade": false,
			"rotation": {"angle": 0, "axis": "y", "origin": [18.47367, 9.22108, -8.14363]},
			"faces": {
				"north": {"uv": [0, 0, 16, 15], "texture": "#2"},
				"east": {"uv": [0, 0, 16, 15], "texture": "#2"},
				"south": {"uv": [0, 0, 16, 15], "texture": "#2"},
				"west": {"uv": [0, 0, 16, 15], "texture": "#2"},
				"up": {"uv": [0, 0, 16, 15], "texture": "#2"},
				"down": {"uv": [0, 0, 16, 15], "texture": "#2"}
			}
		},
		{
			"from": [9.75689, -6.67052, 4.86302],
			"to": [26.27381, -1.93092, 6.11762],
			"rotation": {"angle": 0, "axis": "y", "origin": [17.42389, 8.80288, -8.10118]},
			"faces": {
				"north": {"uv": [16, 15.125, 0, 0], "texture": "#2"},
				"east": {"uv": [16, 15.125, 0, 0], "texture": "#2"},
				"south": {"uv": [16, 15.125, 0, 0], "texture": "#2"},
				"west": {"uv": [16, 15.125, 0, 0], "texture": "#2"},
				"up": {"uv": [16, 15.125, 0, 0], "texture": "#2"},
				"down": {"uv": [16, 15.125, 0, 0], "texture": "#2"}
			}
		},
		{
			"from": [8.90335, -6.11292, 2.8024],
			"to": [26.27381, -1.37332, 7.542],
			"rotation": {"angle": 0, "axis": "y", "origin": [16.57035, 8.80288, -7.9314]},
			"faces": {
				"north": {"uv": [16, 16, 3.125, 0], "texture": "#2"},
				"east": {"uv": [16, 16, 3.125, 0], "texture": "#2"},
				"south": {"uv": [16, 16, 3.125, 0], "texture": "#2"},
				"west": {"uv": [16, 16, 3.125, 0], "texture": "#2"},
				"up": {"uv": [16, 16, 3.125, 0], "texture": "#2"},
				"down": {"uv": [16, 16, 3.125, 0], "texture": "#2"}
			}
		},
		{
			"from": [8.10316, -5.69472, 0.87056],
			"to": [26.27381, -0.95512, 5.61016],
			"rotation": {"angle": 0, "axis": "y", "origin": [15.77016, 8.80288, -7.77224]},
			"faces": {
				"north": {"uv": [15, 6, 3.75, 0], "texture": "#2"},
				"east": {"uv": [15, 6, 3.75, 0], "texture": "#2"},
				"south": {"uv": [15, 6, 3.75, 0], "texture": "#2"},
				"west": {"uv": [15, 6, 3.75, 0], "texture": "#2"},
				"up": {"uv": [15, 6, 3.75, 0], "texture": "#2"},
				"down": {"uv": [15, 6, 3.75, 0], "texture": "#2"}
			}
		},
		{
			"from": [6.14795, -3.32492, -3.7821],
			"to": [26.14502, 1.41468, -2.5275],
			"rotation": {"angle": 0, "axis": "y", "origin": [13.81495, 8.80288, -9.4975]},
			"faces": {
				"north": {"uv": [15, 6, 0, 0], "texture": "#2"},
				"east": {"uv": [15, 6, 0, 0], "texture": "#2"},
				"south": {"uv": [15, 6, 0, 0], "texture": "#2"},
				"west": {"uv": [15, 6, 0, 0], "texture": "#2"},
				"up": {"uv": [15, 6, 0, 0], "texture": "#2"},
				"down": {"uv": [15, 6, 0, 0], "texture": "#2"}
			}
		},
		{
			"from": [5.80694, -1.51272, -4.79947],
			"to": [26.27381, 3.22688, -3.54487],
			"rotation": {"angle": 0, "axis": "y", "origin": [13.47394, 8.80288, -9.81787]},
			"faces": {
				"north": {"uv": [15, 0, 0, 6], "texture": "#2"},
				"east": {"uv": [15, 0, 0, 6], "texture": "#2"},
				"south": {"uv": [15, 0, 0, 6], "texture": "#2"},
				"west": {"uv": [15, 0, 0, 6], "texture": "#2"},
				"up": {"uv": [15, 0, 0, 6], "texture": "#2"},
				"down": {"uv": [15, 0, 0, 6], "texture": "#2"}
			}
		},
		{
			"from": [5.43409, 3.92388, -6.13781],
			"to": [26.4026, 7.54828, -4.88321],
			"rotation": {"angle": 0, "axis": "y", "origin": [13.10109, 8.80288, -10.45921]},
			"faces": {
				"north": {"uv": [15, 4.1, 0, 0], "texture": "#2"},
				"east": {"uv": [15, 4.1, 0, 0], "texture": "#2"},
				"south": {"uv": [15, 4.1, 0, 0], "texture": "#2"},
				"west": {"uv": [15, 4.1, 0, 0], "texture": "#2"},
				"up": {"uv": [15, 4.1, 0, 0], "texture": "#2"},
				"down": {"uv": [15, 4.1, 0, 0], "texture": "#2"}
			}
		}
	],
	"display": {
		"thirdperson_righthand": {
			"rotation": [69, -90, 0],
			"translation": [-12.5, 4.75, 3.5],
			"scale": [0.2, 0.2, 0.2]
		},
		"thirdperson_lefthand": {
			"rotation": [69, 90, 0],
			"translation": [-12.5, 4.75, 3.5],
			"scale": [0.2, 0.2, 0.2]
		},
		"firstperson_righthand": {
			"translation": [-17.25, 4, -0.5],
			"scale": [0.15, 0.15, 0.15]
		},
		"firstperson_lefthand": {
			"translation": [-17.25, 4, -0.5],
			"scale": [0.15, 0.15, 0.15]
		},
		"ground": {
			"scale": [0.23, 0.2, 0.2]
		},
		"gui": {
			"scale": [0.25, 0.29, 1]
		},
		"head": {
			"rotation": [0, -90, 0],
			"scale": [4, 4, 4],
            "translation": [-25, -13.25, 0]
		},
		"fixed": {
			"translation": [0, 0, -3],
			"scale": [0.56, 0.47, 0.52]
		}
	},
	"groups": [
		{
			"name": "part 1 boat",
			"origin": [-14.86091, -4.29564, 8.15416],
			"color": 0,
			"children": [0, 1, 2, 3, 4, 5, 6, 7, 8, 9, 10, 11, 12, 13, 14, 15, 16, 17, 18, 19, 20, 21, 22, 23, 24, 25, 26, 27, 28, 29, 30, 31, 32, 33, 34, 35, 36, 37, 38, 39, 40, 41, 42, 43, 44, 45, 46, 47, 48, 49, 50, 51, 52, 53, 54, 55, 56, 57, 58, 59, 60, 61, 62, 63, 64, 65, 66, 67, 68, 69, 70, 71, 72, 73, 74, 75, 76, 77, 78, 79, 80, 81, 82, 83, 84, 85, 86, 87, 88, 89, 90, 91, 92, 93, 94, 95, 96, 97, 98, 99, 100, 101, 102, 103, 104, 105]
		}
	]
}