{
	"credit": "Made with Blockbench",
	"texture_size": [32, 32],
	"textures": {
		"1": "concrete:vehicle/boat/euro/sail",
		"2": "concrete:vehicle/boat/euro/wood",
		"3": "concrete:vehicle/boat/euro/floor",
		"4": "concrete:vehicle/boat/euro/flag",
		"particle": "concrete:vehicle/boat/euro/wood"
	},
	"elements": [
		{
			"from": [24.30614, -13.24912, 12.01972],
			"to": [24.75135, 27.60364, 12.38738],
			"rotation": {"angle": 0, "axis": "y", "origin": [22.58993, -9.39858, 20.03062]},
			"faces": {
				"north": {"uv": [15, 11, 13, 9], "texture": "#2"},
				"east": {"uv": [15, 11, 13, 9], "texture": "#2"},
				"south": {"uv": [15, 11, 13, 9], "texture": "#2"},
				"west": {"uv": [15, 11, 13, 9], "texture": "#2"},
				"up": {"uv": [15, 11, 13, 9], "texture": "#2"},
				"down": {"uv": [15, 11, 13, 9], "texture": "#2"}
			}
		},
		{
			"from": [24.25274, -13.24912, 12.2882],
			"to": [24.69795, 27.60364, 12.65586],
			"rotation": {"angle": -22.5, "axis": "y", "origin": [24.47534, -7.31614, 12.47203]},
			"faces": {
				"north": {"uv": [15, 11, 13, 9], "texture": "#2"},
				"east": {"uv": [15, 11, 13, 9], "texture": "#2"},
				"south": {"uv": [15, 11, 13, 9], "texture": "#2"},
				"west": {"uv": [15, 11, 13, 9], "texture": "#2"},
				"up": {"uv": [15, 11, 13, 9], "texture": "#2"},
				"down": {"uv": [15, 11, 13, 9], "texture": "#2"}
			}
		},
		{
			"from": [23.89139, -13.24912, 12.57977],
			"to": [24.25905, 27.60364, 13.02498],
			"rotation": {"angle": 22.5, "axis": "y", "origin": [24.20946, -7.31614, 12.77567]},
			"faces": {
				"north": {"uv": [15, 11, 13, 9], "texture": "#2"},
				"east": {"uv": [15, 11, 13, 9], "texture": "#2"},
				"south": {"uv": [15, 11, 13, 9], "texture": "#2"},
				"west": {"uv": [15, 11, 13, 9], "texture": "#2"},
				"up": {"uv": [15, 11, 13, 9], "texture": "#2"},
				"down": {"uv": [15, 11, 13, 9], "texture": "#2"}
			}
		},
		{
			"from": [24.01356, -13.24912, 12.4576],
			"to": [24.45877, 27.60364, 12.82526],
			"rotation": {"angle": -45, "axis": "y", "origin": [24.20946, -7.31614, 12.77567]},
			"faces": {
				"north": {"uv": [15, 11, 13, 9], "texture": "#2"},
				"east": {"uv": [15, 11, 13, 9], "texture": "#2"},
				"south": {"uv": [15, 11, 13, 9], "texture": "#2"},
				"west": {"uv": [15, 11, 13, 9], "texture": "#2"},
				"up": {"uv": [15, 11, 13, 9], "texture": "#2"},
				"down": {"uv": [15, 11, 13, 9], "texture": "#2"}
			}
		},
		{
			"from": [23.0784, -13.24912, 12.19511],
			"to": [23.52361, 27.60364, 12.56277],
			"rotation": {"angle": 22.5, "axis": "y", "origin": [23.474, -7.31614, 12.73212]},
			"faces": {
				"north": {"uv": [15, 11, 13, 9], "texture": "#2"},
				"east": {"uv": [15, 11, 13, 9], "texture": "#2"},
				"south": {"uv": [15, 11, 13, 9], "texture": "#2"},
				"west": {"uv": [15, 11, 13, 9], "texture": "#2"},
				"up": {"uv": [15, 11, 13, 9], "texture": "#2"},
				"down": {"uv": [15, 11, 13, 9], "texture": "#2"}
			}
		},
		{
			"from": [23.16615, -13.24912, 12.58759],
			"to": [23.53381, 27.60364, 13.0328],
			"rotation": {"angle": -45, "axis": "y", "origin": [23.474, -7.31614, 12.73212]},
			"faces": {
				"north": {"uv": [15, 11, 13, 9], "texture": "#2"},
				"east": {"uv": [15, 11, 13, 9], "texture": "#2"},
				"south": {"uv": [15, 11, 13, 9], "texture": "#2"},
				"west": {"uv": [15, 11, 13, 9], "texture": "#2"},
				"up": {"uv": [15, 11, 13, 9], "texture": "#2"},
				"down": {"uv": [15, 11, 13, 9], "texture": "#2"}
			}
		},
		{
			"from": [23.41419, -13.24912, 12.58759],
			"to": [23.78185, 27.60364, 13.0328],
			"rotation": {"angle": -22.5, "axis": "y", "origin": [23.474, -7.31614, 12.73212]},
			"faces": {
				"north": {"uv": [15, 11, 13, 9], "texture": "#2"},
				"east": {"uv": [15, 11, 13, 9], "texture": "#2"},
				"south": {"uv": [15, 11, 13, 9], "texture": "#2"},
				"west": {"uv": [15, 11, 13, 9], "texture": "#2"},
				"up": {"uv": [15, 11, 13, 9], "texture": "#2"},
				"down": {"uv": [15, 11, 13, 9], "texture": "#2"}
			}
		},
		{
			"from": [23.64335, -13.24912, 12.68251],
			"to": [24.01101, 27.60364, 13.12772],
			"rotation": {"angle": 0, "axis": "y", "origin": [23.474, -7.31614, 12.73212]},
			"faces": {
				"north": {"uv": [15, 11, 13, 9], "texture": "#2"},
				"east": {"uv": [15, 11, 13, 9], "texture": "#2"},
				"south": {"uv": [15, 11, 13, 9], "texture": "#2"},
				"west": {"uv": [15, 11, 13, 9], "texture": "#2"},
				"up": {"uv": [15, 11, 13, 9], "texture": "#2"},
				"down": {"uv": [15, 11, 13, 9], "texture": "#2"}
			}
		},
		{
			"from": [23.64335, -13.24912, 11.27938],
			"to": [24.01101, 27.60364, 12.74459],
			"rotation": {"angle": 0, "axis": "y", "origin": [23.474, -7.31614, 11.67498]},
			"faces": {
				"north": {"uv": [15, 11, 13, 9], "texture": "#2"},
				"east": {"uv": [15, 11, 13, 9], "texture": "#2"},
				"south": {"uv": [15, 11, 13, 9], "texture": "#2"},
				"west": {"uv": [15, 11, 13, 9], "texture": "#2"},
				"up": {"uv": [15, 11, 13, 9], "texture": "#2"},
				"down": {"uv": [15, 11, 13, 9], "texture": "#2"}
			}
		},
		{
			"from": [23.17245, -13.24912, 11.47444],
			"to": [23.5401, 27.60364, 12.93965],
			"rotation": {"angle": 45, "axis": "y", "origin": [23.35628, 18.31226, 11.73264]},
			"faces": {
				"north": {"uv": [15, 11, 13, 9], "texture": "#2"},
				"east": {"uv": [15, 11, 13, 9], "texture": "#2"},
				"south": {"uv": [15, 11, 13, 9], "texture": "#2"},
				"west": {"uv": [15, 11, 13, 9], "texture": "#2"},
				"up": {"uv": [15, 11, 13, 9], "texture": "#2"},
				"down": {"uv": [15, 11, 13, 9], "texture": "#2"}
			}
		},
		{
			"from": [23.4273, -13.24912, 11.42374],
			"to": [23.79496, 27.60364, 12.88895],
			"rotation": {"angle": 22.5, "axis": "y", "origin": [23.35628, 18.31226, 11.73264]},
			"faces": {
				"north": {"uv": [15, 11, 13, 9], "texture": "#2"},
				"east": {"uv": [15, 11, 13, 9], "texture": "#2"},
				"south": {"uv": [15, 11, 13, 9], "texture": "#2"},
				"west": {"uv": [15, 11, 13, 9], "texture": "#2"},
				"up": {"uv": [15, 11, 13, 9], "texture": "#2"},
				"down": {"uv": [15, 11, 13, 9], "texture": "#2"}
			}
		},
		{
			"from": [23.89139, -13.24912, 11.38212],
			"to": [24.25905, 27.60364, 11.82733],
			"shade": false,
			"rotation": {"angle": -22.5, "axis": "y", "origin": [24.20946, -7.31614, 11.63143]},
			"faces": {
				"north": {"uv": [15, 11, 13, 9], "texture": "#2"},
				"east": {"uv": [15, 11, 13, 9], "texture": "#2"},
				"south": {"uv": [15, 11, 13, 9], "texture": "#2"},
				"west": {"uv": [15, 11, 13, 9], "texture": "#2"},
				"up": {"uv": [15, 11, 13, 9], "texture": "#2"},
				"down": {"uv": [15, 11, 13, 9], "texture": "#2"}
			}
		},
		{
			"from": [23.06274, -13.24912, 11.75124],
			"to": [24.69795, 27.60364, 12.1189],
			"rotation": {"angle": 22.5, "axis": "y", "origin": [24.47534, -7.31614, 11.93507]},
			"faces": {
				"north": {"uv": [15, 11, 13, 9], "texture": "#2"},
				"east": {"uv": [15, 11, 13, 9], "texture": "#2"},
				"south": {"uv": [15, 11, 13, 9], "texture": "#2"},
				"west": {"uv": [15, 11, 13, 9], "texture": "#2"},
				"up": {"uv": [15, 11, 13, 9], "texture": "#2"},
				"down": {"uv": [15, 11, 13, 9], "texture": "#2"}
			}
		},
		{
			"from": [22.82356, -13.24912, 11.58184],
			"to": [24.45877, 27.60364, 11.9495],
			"rotation": {"angle": 45, "axis": "y", "origin": [24.20946, -7.31614, 11.63143]},
			"faces": {
				"north": {"uv": [15, 11, 13, 9], "texture": "#2"},
				"east": {"uv": [15, 11, 13, 9], "texture": "#2"},
				"south": {"uv": [15, 11, 13, 9], "texture": "#2"},
				"west": {"uv": [15, 11, 13, 9], "texture": "#2"},
				"up": {"uv": [15, 11, 13, 9], "texture": "#2"},
				"down": {"uv": [15, 11, 13, 9], "texture": "#2"}
			}
		},
		{
			"from": [22.90301, -13.24912, 12.01972],
			"to": [24.53822, 27.60364, 12.38738],
			"rotation": {"angle": 0, "axis": "y", "origin": [22.62296, -9.39858, 20.03062]},
			"faces": {
				"north": {"uv": [15, 11, 13, 9], "texture": "#2"},
				"east": {"uv": [15, 11, 13, 9], "texture": "#2"},
				"south": {"uv": [15, 11, 13, 9], "texture": "#2"},
				"west": {"uv": [15, 11, 13, 9], "texture": "#2"},
				"up": {"uv": [15, 11, 13, 9], "texture": "#2"},
				"down": {"uv": [15, 11, 13, 9], "texture": "#2"}
			}
		},
		{
			"from": [4.4991, 23.72165, 11.67062],
			"to": [5.71676, 25.25165, 12.79583],
			"rotation": {"angle": -45, "axis": "z", "origin": [5.60075, 22.00909, 12.23322]},
			"faces": {
				"north": {"uv": [16, 16, 0, 0], "texture": "#2"},
				"east": {"uv": [16, 16, 0, 0], "texture": "#2"},
				"south": {"uv": [16, 16, 0, 0], "texture": "#2"},
				"west": {"uv": [16, 16, 0, 0], "texture": "#2"},
				"up": {"uv": [16, 16, 0, 0], "texture": "#2"},
				"down": {"uv": [16, 16, 0, 0], "texture": "#2"}
			}
		},
		{
			"from": [5.73114, 24.96043, 11.67062],
			"to": [6.9488, 26.49043, 12.79583],
			"rotation": {"angle": -22.5, "axis": "z", "origin": [5.60075, 22.00909, 12.23322]},
			"faces": {
				"north": {"uv": [16, 16, 0, 0], "texture": "#2"},
				"east": {"uv": [16, 16, 0, 0], "texture": "#2"},
				"south": {"uv": [16, 16, 0, 0], "texture": "#2"},
				"west": {"uv": [16, 16, 0, 0], "texture": "#2"},
				"up": {"uv": [16, 16, 0, 0], "texture": "#2"},
				"down": {"uv": [16, 16, 0, 0], "texture": "#2"}
			}
		},
		{
			"from": [8.44164, 3.90119, 11.67062],
			"to": [9.65929, 5.43119, 12.79583],
			"rotation": {"angle": -45, "axis": "z", "origin": [5.60075, 22.00909, 12.23322]},
			"faces": {
				"north": {"uv": [16, 16, 0, 0], "texture": "#2"},
				"east": {"uv": [16, 16, 0, 0], "texture": "#2"},
				"south": {"uv": [16, 16, 0, 0], "texture": "#2"},
				"west": {"uv": [16, 16, 0, 0], "texture": "#2"},
				"up": {"uv": [16, 16, 0, 0], "texture": "#2"},
				"down": {"uv": [16, 16, 0, 0], "texture": "#2"}
			}
		},
		{
			"from": [1.78861, 5.13997, 11.67062],
			"to": [3.00626, 6.66997, 12.79583],
			"rotation": {"angle": -22.5, "axis": "z", "origin": [5.60075, 22.00909, 12.23322]},
			"faces": {
				"north": {"uv": [16, 16, 0, 0], "texture": "#2"},
				"east": {"uv": [16, 16, 0, 0], "texture": "#2"},
				"south": {"uv": [16, 16, 0, 0], "texture": "#2"},
				"west": {"uv": [16, 16, 0, 0], "texture": "#2"},
				"up": {"uv": [16, 16, 0, 0], "texture": "#2"},
				"down": {"uv": [16, 16, 0, 0], "texture": "#2"}
			}
		},
		{
			"from": [7.94882, 6.37875, 11.67062],
			"to": [9.16648, 7.90875, 12.79583],
			"rotation": {"angle": -45, "axis": "z", "origin": [5.60075, 22.00909, 12.23322]},
			"faces": {
				"north": {"uv": [16, 16, 0, 0], "texture": "#2"},
				"east": {"uv": [16, 16, 0, 0], "texture": "#2"},
				"south": {"uv": [16, 16, 0, 0], "texture": "#2"},
				"west": {"uv": [16, 16, 0, 0], "texture": "#2"},
				"up": {"uv": [16, 16, 0, 0], "texture": "#2"},
				"down": {"uv": [16, 16, 0, 0], "texture": "#2"}
			}
		},
		{
			"from": [2.28142, 7.61752, 11.67062],
			"to": [3.49908, 9.14752, 12.79583],
			"rotation": {"angle": -22.5, "axis": "z", "origin": [5.60075, 22.00909, 12.23322]},
			"faces": {
				"north": {"uv": [16, 16, 0, 0], "texture": "#2"},
				"east": {"uv": [16, 16, 0, 0], "texture": "#2"},
				"south": {"uv": [16, 16, 0, 0], "texture": "#2"},
				"west": {"uv": [16, 16, 0, 0], "texture": "#2"},
				"up": {"uv": [16, 16, 0, 0], "texture": "#2"},
				"down": {"uv": [16, 16, 0, 0], "texture": "#2"}
			}
		},
		{
			"from": [7.456, 8.8563, 11.67062],
			"to": [8.67366, 10.3863, 12.79583],
			"rotation": {"angle": -45, "axis": "z", "origin": [5.60075, 22.00909, 12.23322]},
			"faces": {
				"north": {"uv": [16, 16, 0, 0], "texture": "#2"},
				"east": {"uv": [16, 16, 0, 0], "texture": "#2"},
				"south": {"uv": [16, 16, 0, 0], "texture": "#2"},
				"west": {"uv": [16, 16, 0, 0], "texture": "#2"},
				"up": {"uv": [16, 16, 0, 0], "texture": "#2"},
				"down": {"uv": [16, 16, 0, 0], "texture": "#2"}
			}
		},
		{
			"from": [2.77424, 10.09508, 11.67062],
			"to": [3.9919, 11.62508, 12.79583],
			"rotation": {"angle": -22.5, "axis": "z", "origin": [5.60075, 22.00909, 12.23322]},
			"faces": {
				"north": {"uv": [16, 16, 0, 0], "texture": "#2"},
				"east": {"uv": [16, 16, 0, 0], "texture": "#2"},
				"south": {"uv": [16, 16, 0, 0], "texture": "#2"},
				"west": {"uv": [16, 16, 0, 0], "texture": "#2"},
				"up": {"uv": [16, 16, 0, 0], "texture": "#2"},
				"down": {"uv": [16, 16, 0, 0], "texture": "#2"}
			}
		},
		{
			"from": [6.96318, 11.33386, 11.67062],
			"to": [8.18084, 12.86386, 12.79583],
			"rotation": {"angle": -45, "axis": "z", "origin": [5.60075, 22.00909, 12.23322]},
			"faces": {
				"north": {"uv": [16, 16, 0, 0], "texture": "#2"},
				"east": {"uv": [16, 16, 0, 0], "texture": "#2"},
				"south": {"uv": [16, 16, 0, 0], "texture": "#2"},
				"west": {"uv": [16, 16, 0, 0], "texture": "#2"},
				"up": {"uv": [16, 16, 0, 0], "texture": "#2"},
				"down": {"uv": [16, 16, 0, 0], "texture": "#2"}
			}
		},
		{
			"from": [3.26706, 12.57264, 11.67062],
			"to": [4.48472, 14.10264, 12.79583],
			"rotation": {"angle": -22.5, "axis": "z", "origin": [5.60075, 22.00909, 12.23322]},
			"faces": {
				"north": {"uv": [16, 16, 0, 0], "texture": "#2"},
				"east": {"uv": [16, 16, 0, 0], "texture": "#2"},
				"south": {"uv": [16, 16, 0, 0], "texture": "#2"},
				"west": {"uv": [16, 16, 0, 0], "texture": "#2"},
				"up": {"uv": [16, 16, 0, 0], "texture": "#2"},
				"down": {"uv": [16, 16, 0, 0], "texture": "#2"}
			}
		},
		{
			"from": [6.47037, 13.81142, 11.67062],
			"to": [7.68802, 15.34142, 12.79583],
			"rotation": {"angle": -45, "axis": "z", "origin": [5.60075, 22.00909, 12.23322]},
			"faces": {
				"north": {"uv": [16, 16, 0, 0], "texture": "#2"},
				"east": {"uv": [16, 16, 0, 0], "texture": "#2"},
				"south": {"uv": [16, 16, 0, 0], "texture": "#2"},
				"west": {"uv": [16, 16, 0, 0], "texture": "#2"},
				"up": {"uv": [16, 16, 0, 0], "texture": "#2"},
				"down": {"uv": [16, 16, 0, 0], "texture": "#2"}
			}
		},
		{
			"from": [3.75987, 15.0502, 11.67062],
			"to": [4.97753, 16.5802, 12.79583],
			"rotation": {"angle": -22.5, "axis": "z", "origin": [5.60075, 22.00909, 12.23322]},
			"faces": {
				"north": {"uv": [16, 16, 0, 0], "texture": "#2"},
				"east": {"uv": [16, 16, 0, 0], "texture": "#2"},
				"south": {"uv": [16, 16, 0, 0], "texture": "#2"},
				"west": {"uv": [16, 16, 0, 0], "texture": "#2"},
				"up": {"uv": [16, 16, 0, 0], "texture": "#2"},
				"down": {"uv": [16, 16, 0, 0], "texture": "#2"}
			}
		},
		{
			"from": [5.97755, 16.28898, 11.67062],
			"to": [7.19521, 17.81898, 12.79583],
			"rotation": {"angle": -45, "axis": "z", "origin": [5.60075, 22.00909, 12.23322]},
			"faces": {
				"north": {"uv": [16, 16, 0, 0], "texture": "#2"},
				"east": {"uv": [16, 16, 0, 0], "texture": "#2"},
				"south": {"uv": [16, 16, 0, 0], "texture": "#2"},
				"west": {"uv": [16, 16, 0, 0], "texture": "#2"},
				"up": {"uv": [16, 16, 0, 0], "texture": "#2"},
				"down": {"uv": [16, 16, 0, 0], "texture": "#2"}
			}
		},
		{
			"from": [5.48473, 18.76653, 11.67062],
			"to": [6.70239, 20.29653, 12.79583],
			"rotation": {"angle": -45, "axis": "z", "origin": [5.60075, 22.00909, 12.23322]},
			"faces": {
				"north": {"uv": [16, 16, 0, 0], "texture": "#2"},
				"east": {"uv": [16, 16, 0, 0], "texture": "#2"},
				"south": {"uv": [16, 16, 0, 0], "texture": "#2"},
				"west": {"uv": [16, 16, 0, 0], "texture": "#2"},
				"up": {"uv": [16, 16, 0, 0], "texture": "#2"},
				"down": {"uv": [16, 16, 0, 0], "texture": "#2"}
			}
		},
		{
			"from": [4.25269, 17.52776, 11.67062],
			"to": [5.47035, 19.05776, 12.79583],
			"rotation": {"angle": -22.5, "axis": "z", "origin": [5.60075, 22.00909, 12.23322]},
			"faces": {
				"north": {"uv": [16, 16, 0, 0], "texture": "#2"},
				"east": {"uv": [16, 16, 0, 0], "texture": "#2"},
				"south": {"uv": [16, 16, 0, 0], "texture": "#2"},
				"west": {"uv": [16, 16, 0, 0], "texture": "#2"},
				"up": {"uv": [16, 16, 0, 0], "texture": "#2"},
				"down": {"uv": [16, 16, 0, 0], "texture": "#2"}
			}
		},
		{
			"from": [4.99192, 21.24409, 11.67062],
			"to": [6.20957, 22.77409, 12.79583],
			"rotation": {"angle": -45, "axis": "z", "origin": [5.60075, 22.00909, 12.23322]},
			"faces": {
				"north": {"uv": [16, 16, 0, 0], "texture": "#2"},
				"east": {"uv": [16, 16, 0, 0], "texture": "#2"},
				"south": {"uv": [16, 16, 0, 0], "texture": "#2"},
				"west": {"uv": [16, 16, 0, 0], "texture": "#2"},
				"up": {"uv": [16, 16, 0, 0], "texture": "#2"},
				"down": {"uv": [16, 16, 0, 0], "texture": "#2"}
			}
		},
		{
			"from": [5.23833, 22.48287, 11.67062],
			"to": [6.45598, 24.01287, 12.79583],
			"rotation": {"angle": -22.5, "axis": "z", "origin": [5.60075, 22.00909, 12.23322]},
			"faces": {
				"north": {"uv": [16, 16, 0, 0], "texture": "#2"},
				"east": {"uv": [16, 16, 0, 0], "texture": "#2"},
				"south": {"uv": [16, 16, 0, 0], "texture": "#2"},
				"west": {"uv": [16, 16, 0, 0], "texture": "#2"},
				"up": {"uv": [16, 16, 0, 0], "texture": "#2"},
				"down": {"uv": [16, 16, 0, 0], "texture": "#2"}
			}
		},
		{
			"from": [4.74551, 20.00531, 11.67062],
			"to": [5.96317, 21.53531, 12.79583],
			"rotation": {"angle": -22.5, "axis": "z", "origin": [5.60075, 22.00909, 12.23322]},
			"faces": {
				"north": {"uv": [16, 16, 0, 0], "texture": "#2"},
				"east": {"uv": [16, 16, 0, 0], "texture": "#2"},
				"south": {"uv": [16, 16, 0, 0], "texture": "#2"},
				"west": {"uv": [16, 16, 0, 0], "texture": "#2"},
				"up": {"uv": [16, 16, 0, 0], "texture": "#2"},
				"down": {"uv": [16, 16, 0, 0], "texture": "#2"}
			}
		},
		{
			"from": [-0.18266, -4.77027, 11.67062],
			"to": [1.035, -3.24027, 12.79583],
			"rotation": {"angle": -22.5, "axis": "z", "origin": [5.60075, 22.00909, 12.23322]},
			"faces": {
				"north": {"uv": [16, 16, 0, 0], "texture": "#2"},
				"east": {"uv": [16, 16, 0, 0], "texture": "#2"},
				"south": {"uv": [16, 16, 0, 0], "texture": "#2"},
				"west": {"uv": [16, 16, 0, 0], "texture": "#2"},
				"up": {"uv": [16, 16, 0, 0], "texture": "#2"},
				"down": {"uv": [16, 16, 0, 0], "texture": "#2"}
			}
		},
		{
			"from": [0.31016, -2.29271, 11.67062],
			"to": [1.52781, -0.76271, 12.79583],
			"rotation": {"angle": -22.5, "axis": "z", "origin": [5.60075, 22.00909, 12.23322]},
			"faces": {
				"north": {"uv": [16, 16, 0, 0], "texture": "#2"},
				"east": {"uv": [16, 16, 0, 0], "texture": "#2"},
				"south": {"uv": [16, 16, 0, 0], "texture": "#2"},
				"west": {"uv": [16, 16, 0, 0], "texture": "#2"},
				"up": {"uv": [16, 16, 0, 0], "texture": "#2"},
				"down": {"uv": [16, 16, 0, 0], "texture": "#2"}
			}
		},
		{
			"from": [9.92009, -3.53149, 11.67062],
			"to": [11.13774, -2.00149, 12.79583],
			"rotation": {"angle": -45, "axis": "z", "origin": [5.60075, 22.00909, 12.23322]},
			"faces": {
				"north": {"uv": [16, 16, 0, 0], "texture": "#2"},
				"east": {"uv": [16, 16, 0, 0], "texture": "#2"},
				"south": {"uv": [16, 16, 0, 0], "texture": "#2"},
				"west": {"uv": [16, 16, 0, 0], "texture": "#2"},
				"up": {"uv": [16, 16, 0, 0], "texture": "#2"},
				"down": {"uv": [16, 16, 0, 0], "texture": "#2"}
			}
		},
		{
			"from": [9.42727, -1.05393, 11.67062],
			"to": [10.64493, 0.47607, 12.79583],
			"rotation": {"angle": -45, "axis": "z", "origin": [5.60075, 22.00909, 12.23322]},
			"faces": {
				"north": {"uv": [16, 16, 0, 0], "texture": "#2"},
				"east": {"uv": [16, 16, 0, 0], "texture": "#2"},
				"south": {"uv": [16, 16, 0, 0], "texture": "#2"},
				"west": {"uv": [16, 16, 0, 0], "texture": "#2"},
				"up": {"uv": [16, 16, 0, 0], "texture": "#2"},
				"down": {"uv": [16, 16, 0, 0], "texture": "#2"}
			}
		},
		{
			"from": [0.80297, 0.18485, 11.67062],
			"to": [2.02063, 1.71485, 12.79583],
			"rotation": {"angle": -22.5, "axis": "z", "origin": [5.60075, 22.00909, 12.23322]},
			"faces": {
				"north": {"uv": [16, 16, 0, 0], "texture": "#2"},
				"east": {"uv": [16, 16, 0, 0], "texture": "#2"},
				"south": {"uv": [16, 16, 0, 0], "texture": "#2"},
				"west": {"uv": [16, 16, 0, 0], "texture": "#2"},
				"up": {"uv": [16, 16, 0, 0], "texture": "#2"},
				"down": {"uv": [16, 16, 0, 0], "texture": "#2"}
			}
		},
		{
			"from": [8.93445, 1.42363, 11.67062],
			"to": [10.15211, 2.95363, 12.79583],
			"rotation": {"angle": -45, "axis": "z", "origin": [5.60075, 22.00909, 12.23322]},
			"faces": {
				"north": {"uv": [16, 16, 0, 0], "texture": "#2"},
				"east": {"uv": [16, 16, 0, 0], "texture": "#2"},
				"south": {"uv": [16, 16, 0, 0], "texture": "#2"},
				"west": {"uv": [16, 16, 0, 0], "texture": "#2"},
				"up": {"uv": [16, 16, 0, 0], "texture": "#2"},
				"down": {"uv": [16, 16, 0, 0], "texture": "#2"}
			}
		},
		{
			"from": [1.29579, 2.66241, 11.67062],
			"to": [2.51345, 4.19241, 12.79583],
			"rotation": {"angle": -22.5, "axis": "z", "origin": [5.60075, 22.00909, 12.23322]},
			"faces": {
				"north": {"uv": [16, 16, 0, 0], "texture": "#2"},
				"east": {"uv": [16, 16, 0, 0], "texture": "#2"},
				"south": {"uv": [16, 16, 0, 0], "texture": "#2"},
				"west": {"uv": [16, 16, 0, 0], "texture": "#2"},
				"up": {"uv": [16, 16, 0, 0], "texture": "#2"},
				"down": {"uv": [16, 16, 0, 0], "texture": "#2"}
			}
		},
		{
			"from": [-1.93421, -2.26759, 11.33062],
			"to": [4.06948, 0.96241, 11.33062],
			"rotation": {"angle": -22.5, "axis": "z", "origin": [2.37075, 18.77909, 11.89322]},
			"faces": {
				"north": {"uv": [16, 16, 0, 0], "texture": "#1"},
				"east": {"uv": [16, 16, 0, 0], "texture": "#1"},
				"south": {"uv": [16, 16, 0, 0], "texture": "#1"},
				"west": {"uv": [16, 16, 0, 0], "texture": "#1"},
				"up": {"uv": [16, 16, 0, 0], "texture": "#1"},
				"down": {"uv": [16, 16, 0, 0], "texture": "#1"}
			}
		},
		{
			"from": [5.70445, -1.97637, 11.33062],
			"to": [13.24948, 0.57363, 11.33062],
			"rotation": {"angle": -45, "axis": "z", "origin": [2.37075, 18.77909, 11.89322]},
			"faces": {
				"north": {"uv": [16, 0, 0, 15], "texture": "#1"},
				"east": {"uv": [16, 0, 0, 15], "texture": "#1"},
				"south": {"uv": [16, 0, 0, 15], "texture": "#1"},
				"west": {"uv": [16, 0, 0, 15], "texture": "#1"},
				"up": {"uv": [16, 0, 0, 15], "texture": "#1"},
				"down": {"uv": [16, 0, 0, 15], "texture": "#1"}
			}
		},
		{
			"from": [-2.42703, -5.08515, 11.33062],
			"to": [4.23948, -1.51515, 11.33062],
			"rotation": {"angle": -22.5, "axis": "z", "origin": [2.37075, 18.77909, 11.89322]},
			"faces": {
				"north": {"uv": [16, 16, 0, 0], "texture": "#1"},
				"east": {"uv": [16, 16, 0, 0], "texture": "#1"},
				"south": {"uv": [16, 16, 0, 0], "texture": "#1"},
				"west": {"uv": [16, 16, 0, 0], "texture": "#1"},
				"up": {"uv": [16, 16, 0, 0], "texture": "#1"},
				"down": {"uv": [16, 16, 0, 0], "texture": "#1"}
			}
		},
		{
			"from": [6.19727, -4.45393, 11.33062],
			"to": [11.37948, 2.34607, 11.33062],
			"rotation": {"angle": -45, "axis": "z", "origin": [2.37075, 18.77909, 11.89322]},
			"faces": {
				"north": {"uv": [16, 0, 0, 15], "texture": "#1"},
				"east": {"uv": [16, 0, 0, 15], "texture": "#1"},
				"south": {"uv": [16, 0, 0, 15], "texture": "#1"},
				"west": {"uv": [16, 0, 0, 15], "texture": "#1"},
				"up": {"uv": [16, 0, 0, 15], "texture": "#1"},
				"down": {"uv": [16, 0, 0, 15], "texture": "#1"}
			}
		},
		{
			"from": [-14.2535, -5.39803, 11.33062],
			"to": [-12.6413, -3.18803, 11.33062],
			"rotation": {"angle": -22.5, "axis": "z", "origin": [-11.6624, -6.58803, 11.33062]},
			"faces": {
				"north": {"uv": [16, 0, 0, 15], "texture": "#1"},
				"east": {"uv": [16, 0, 0, 15], "texture": "#1"},
				"south": {"uv": [16, 0, 0, 15], "texture": "#1"},
				"west": {"uv": [16, 0, 0, 15], "texture": "#1"},
				"up": {"uv": [16, 0, 0, 15], "texture": "#1"},
				"down": {"uv": [16, 0, 0, 15], "texture": "#1"}
			}
		},
		{
			"from": [-12.85008, -3.29766, 11.33062],
			"to": [-11.23787, -1.08766, 11.33062],
			"rotation": {"angle": -22.5, "axis": "z", "origin": [-10.25898, -4.48766, 11.33062]},
			"faces": {
				"north": {"uv": [16, 0, 0, 15], "texture": "#1"},
				"east": {"uv": [16, 0, 0, 15], "texture": "#1"},
				"south": {"uv": [16, 0, 0, 15], "texture": "#1"},
				"west": {"uv": [16, 0, 0, 15], "texture": "#1"},
				"up": {"uv": [16, 0, 0, 15], "texture": "#1"},
				"down": {"uv": [16, 0, 0, 15], "texture": "#1"}
			}
		},
		{
			"from": [6.69009, -6.93149, 11.33062],
			"to": [8.82948, 4.96851, 11.33062],
			"rotation": {"angle": -45, "axis": "z", "origin": [2.37075, 18.77909, 11.89322]},
			"faces": {
				"north": {"uv": [16, 16, 0, 0], "texture": "#1"},
				"east": {"uv": [16, 16, 0, 0], "texture": "#1"},
				"south": {"uv": [16, 16, 0, 0], "texture": "#1"},
				"west": {"uv": [16, 16, 0, 0], "texture": "#1"},
				"up": {"uv": [16, 16, 0, 0], "texture": "#1"},
				"down": {"uv": [16, 16, 0, 0], "texture": "#1"}
			}
		},
		{
			"from": [3.82102, 7.28964, 11.33062],
			"to": [14.80042, 20.37964, 11.33062],
			"rotation": {"angle": -45, "axis": "z", "origin": [9.87168, 17.19022, 11.89322]},
			"faces": {
				"north": {"uv": [16, 16, 0, 0], "texture": "#1"},
				"east": {"uv": [16, 16, 0, 0], "texture": "#1"},
				"south": {"uv": [16, 16, 0, 0], "texture": "#1"},
				"west": {"uv": [16, 16, 0, 0], "texture": "#1"},
				"up": {"uv": [16, 16, 0, 0], "texture": "#1"},
				"down": {"uv": [16, 16, 0, 0], "texture": "#1"}
			}
		},
		{
			"from": [2.74288, 5.97457, 11.33062],
			"to": [4.88227, 17.87457, 11.33062],
			"rotation": {"angle": -45, "axis": "z", "origin": [8.79354, 15.87515, 11.89322]},
			"faces": {
				"north": {"uv": [16, 16, 0, 0], "texture": "#1"},
				"east": {"uv": [16, 16, 0, 0], "texture": "#1"},
				"south": {"uv": [16, 16, 0, 0], "texture": "#1"},
				"west": {"uv": [16, 16, 0, 0], "texture": "#1"},
				"up": {"uv": [16, 16, 0, 0], "texture": "#1"},
				"down": {"uv": [16, 16, 0, 0], "texture": "#1"}
			}
		},
		{
			"from": [5.22445, 9.39002, 11.33062],
			"to": [7.36384, 11.43002, 11.33062],
			"rotation": {"angle": -45, "axis": "z", "origin": [11.27511, 19.2906, 11.89322]},
			"faces": {
				"north": {"uv": [16, 16, 0, 0], "texture": "#1"},
				"east": {"uv": [16, 16, 0, 0], "texture": "#1"},
				"south": {"uv": [16, 16, 0, 0], "texture": "#1"},
				"west": {"uv": [16, 16, 0, 0], "texture": "#1"},
				"up": {"uv": [16, 16, 0, 0], "texture": "#1"},
				"down": {"uv": [16, 16, 0, 0], "texture": "#1"}
			}
		},
		{
			"from": [6.62787, 11.49039, 11.33062],
			"to": [8.76726, 13.53039, 11.33062],
			"rotation": {"angle": -45, "axis": "z", "origin": [12.67853, 21.39097, 11.89322]},
			"faces": {
				"north": {"uv": [16, 16, 0, 0], "texture": "#1"},
				"east": {"uv": [16, 16, 0, 0], "texture": "#1"},
				"south": {"uv": [16, 16, 0, 0], "texture": "#1"},
				"west": {"uv": [16, 16, 0, 0], "texture": "#1"},
				"up": {"uv": [16, 16, 0, 0], "texture": "#1"},
				"down": {"uv": [16, 16, 0, 0], "texture": "#1"}
			}
		},
		{
			"from": [8.0313, 13.59076, 11.33062],
			"to": [10.17069, 15.63076, 11.33062],
			"rotation": {"angle": -45, "axis": "z", "origin": [14.08195, 23.49134, 11.89322]},
			"faces": {
				"north": {"uv": [16, 16, 0, 0], "texture": "#1"},
				"east": {"uv": [16, 16, 0, 0], "texture": "#1"},
				"south": {"uv": [16, 16, 0, 0], "texture": "#1"},
				"west": {"uv": [16, 16, 0, 0], "texture": "#1"},
				"up": {"uv": [16, 16, 0, 0], "texture": "#1"},
				"down": {"uv": [16, 16, 0, 0], "texture": "#1"}
			}
		},
		{
			"from": [1.51551, 8.27531, 11.33062],
			"to": [25.48948, 18.30531, 11.33062],
			"rotation": {"angle": -22.5, "axis": "z", "origin": [2.37075, 18.77909, 11.89322]},
			"faces": {
				"north": {"uv": [16, 0, 0, 15], "texture": "#1"},
				"east": {"uv": [16, 0, 0, 15], "texture": "#1"},
				"south": {"uv": [16, 0, 0, 15], "texture": "#1"},
				"west": {"uv": [16, 0, 0, 15], "texture": "#1"},
				"up": {"uv": [16, 0, 0, 15], "texture": "#1"},
				"down": {"uv": [16, 0, 0, 15], "texture": "#1"}
			}
		},
		{
			"from": [2.00833, 19.25287, 11.33062],
			"to": [15.79948, 20.78287, 11.33062],
			"rotation": {"angle": -22.5, "axis": "z", "origin": [2.37075, 18.77909, 11.89322]},
			"faces": {
				"north": {"uv": [16, 0, 0, 15], "texture": "#1"},
				"east": {"uv": [16, 0, 0, 15], "texture": "#1"},
				"south": {"uv": [16, 0, 0, 15], "texture": "#1"},
				"west": {"uv": [16, 0, 0, 15], "texture": "#1"},
				"up": {"uv": [16, 0, 0, 15], "texture": "#1"},
				"down": {"uv": [16, 0, 0, 15], "texture": "#1"}
			}
		},
		{
			"from": [1.02269, 14.29776, 11.33062],
			"to": [15.79948, 15.82776, 11.33062],
			"rotation": {"angle": -22.5, "axis": "z", "origin": [2.37075, 18.77909, 11.89322]},
			"faces": {
				"north": {"uv": [16, 0, 0, 15], "texture": "#1"},
				"east": {"uv": [16, 0, 0, 15], "texture": "#1"},
				"south": {"uv": [16, 0, 0, 15], "texture": "#1"},
				"west": {"uv": [16, 0, 0, 15], "texture": "#1"},
				"up": {"uv": [16, 0, 0, 15], "texture": "#1"},
				"down": {"uv": [16, 0, 0, 15], "texture": "#1"}
			}
		},
		{
			"from": [0.52987, 10.4602, 11.33062],
			"to": [27.69948, 13.3502, 11.33062],
			"rotation": {"angle": -22.5, "axis": "z", "origin": [2.37075, 18.77909, 11.89322]},
			"faces": {
				"north": {"uv": [16, 0, 0, 15], "texture": "#1"},
				"east": {"uv": [16, 0, 0, 15], "texture": "#1"},
				"south": {"uv": [16, 0, 0, 15], "texture": "#1"},
				"west": {"uv": [16, 0, 0, 15], "texture": "#1"},
				"up": {"uv": [16, 0, 0, 15], "texture": "#1"},
				"down": {"uv": [16, 0, 0, 15], "texture": "#1"}
			}
		},
		{
			"from": [4.62706, 3.39264, 11.33062],
			"to": [27.69948, 10.87264, 11.33062],
			"rotation": {"angle": -22.5, "axis": "z", "origin": [2.37075, 18.77909, 11.89322]},
			"faces": {
				"north": {"uv": [16, 0, 0, 15], "texture": "#1"},
				"east": {"uv": [16, 0, 0, 15], "texture": "#1"},
				"south": {"uv": [16, 0, 0, 15], "texture": "#1"},
				"west": {"uv": [16, 0, 0, 15], "texture": "#1"},
				"up": {"uv": [16, 0, 0, 15], "texture": "#1"},
				"down": {"uv": [16, 0, 0, 15], "texture": "#1"}
			}
		},
		{
			"from": [-0.45576, -5.20492, 11.33062],
			"to": [1.17948, 8.39508, 11.33062],
			"rotation": {"angle": -22.5, "axis": "z", "origin": [2.37075, 18.77909, 11.89322]},
			"faces": {
				"north": {"uv": [16, 0, 0, 15], "texture": "#1"},
				"east": {"uv": [16, 0, 0, 15], "texture": "#1"},
				"south": {"uv": [16, 0, 0, 15], "texture": "#1"},
				"west": {"uv": [16, 0, 0, 15], "texture": "#1"},
				"up": {"uv": [16, 0, 0, 15], "texture": "#1"},
				"down": {"uv": [16, 0, 0, 15], "texture": "#1"}
			}
		},
		{
			"from": [4.226, 5.4563, 11.33062],
			"to": [6.95948, 6.8163, 11.33062],
			"rotation": {"angle": -45, "axis": "z", "origin": [2.37075, 18.77909, 11.89322]},
			"faces": {
				"north": {"uv": [16, 0, 0, 15], "texture": "#1"},
				"east": {"uv": [16, 0, 0, 15], "texture": "#1"},
				"south": {"uv": [16, 0, 0, 15], "texture": "#1"},
				"west": {"uv": [16, 0, 0, 15], "texture": "#1"},
				"up": {"uv": [16, 0, 0, 15], "texture": "#1"},
				"down": {"uv": [16, 0, 0, 15], "texture": "#1"}
			}
		},
		{
			"from": [-0.94858, 0.30752, 11.33062],
			"to": [1.68948, 5.91752, 11.33062],
			"rotation": {"angle": -22.5, "axis": "z", "origin": [2.37075, 18.77909, 11.89322]},
			"faces": {
				"north": {"uv": [16, 0, 0, 15], "texture": "#1"},
				"east": {"uv": [16, 0, 0, 15], "texture": "#1"},
				"south": {"uv": [16, 0, 0, 15], "texture": "#1"},
				"west": {"uv": [16, 0, 0, 15], "texture": "#1"},
				"up": {"uv": [16, 0, 0, 15], "texture": "#1"},
				"down": {"uv": [16, 0, 0, 15], "texture": "#1"}
			}
		},
		{
			"from": [4.71882, 2.97875, 11.33062],
			"to": [7.80948, 6.03875, 11.33062],
			"rotation": {"angle": -45, "axis": "z", "origin": [2.37075, 18.77909, 11.89322]},
			"faces": {
				"north": {"uv": [16, 0, 0, 15], "texture": "#1"},
				"east": {"uv": [16, 0, 0, 15], "texture": "#1"},
				"south": {"uv": [16, 0, 0, 15], "texture": "#1"},
				"west": {"uv": [16, 0, 0, 15], "texture": "#1"},
				"up": {"uv": [16, 0, 0, 15], "texture": "#1"},
				"down": {"uv": [16, 0, 0, 15], "texture": "#1"}
			}
		},
		{
			"from": [-1.44139, 1.05997, 11.33062],
			"to": [2.53948, 3.43997, 11.33062],
			"rotation": {"angle": -22.5, "axis": "z", "origin": [2.37075, 18.77909, 11.89322]},
			"faces": {
				"north": {"uv": [16, 0, 0, 15], "texture": "#1"},
				"east": {"uv": [16, 0, 0, 15], "texture": "#1"},
				"south": {"uv": [16, 0, 0, 15], "texture": "#1"},
				"west": {"uv": [16, 0, 0, 15], "texture": "#1"},
				"up": {"uv": [16, 0, 0, 15], "texture": "#1"},
				"down": {"uv": [16, 0, 0, 15], "texture": "#1"}
			}
		},
		{
			"from": [5.21164, 0.50119, 11.33062],
			"to": [7.80948, 5.94119, 11.33062],
			"rotation": {"angle": -45, "axis": "z", "origin": [2.37075, 18.77909, 11.89322]},
			"faces": {
				"north": {"uv": [16, 0, 0, 15], "texture": "#1"},
				"east": {"uv": [16, 0, 0, 15], "texture": "#1"},
				"south": {"uv": [16, 0, 0, 15], "texture": "#1"},
				"west": {"uv": [16, 0, 0, 15], "texture": "#1"},
				"up": {"uv": [16, 0, 0, 15], "texture": "#1"},
				"down": {"uv": [16, 0, 0, 15], "texture": "#1"}
			}
		},
		{
			"from": [0.28347, 25.44677, 11.33062],
			"to": [3.55948, 26.97677, 11.33062],
			"rotation": {"angle": -45, "axis": "z", "origin": [2.37075, 18.77909, 11.89322]},
			"faces": {
				"north": {"uv": [16, 0, 0, 15], "texture": "#1"},
				"east": {"uv": [16, 0, 0, 15], "texture": "#1"},
				"south": {"uv": [16, 0, 0, 15], "texture": "#1"},
				"west": {"uv": [16, 0, 0, 15], "texture": "#1"},
				"up": {"uv": [16, 0, 0, 15], "texture": "#1"},
				"down": {"uv": [16, 0, 0, 15], "texture": "#1"}
			}
		},
		{
			"from": [3.48678, 26.68555, 11.33062],
			"to": [15.79948, 28.21555, 11.33062],
			"rotation": {"angle": -22.5, "axis": "z", "origin": [2.37075, 18.77909, 11.89322]},
			"faces": {
				"north": {"uv": [16, 0, 0, 15], "texture": "#1"},
				"east": {"uv": [16, 0, 0, 15], "texture": "#1"},
				"south": {"uv": [16, 0, 0, 15], "texture": "#1"},
				"west": {"uv": [16, 0, 0, 15], "texture": "#1"},
				"up": {"uv": [16, 0, 0, 15], "texture": "#1"},
				"down": {"uv": [16, 0, 0, 15], "texture": "#1"}
			}
		},
		{
			"from": [2.99396, 22.84799, 11.33062],
			"to": [15.79948, 25.73799, 11.33062],
			"rotation": {"angle": -22.5, "axis": "z", "origin": [2.37075, 18.77909, 11.89322]},
			"faces": {
				"north": {"uv": [16, 0, 0, 15], "texture": "#1"},
				"east": {"uv": [16, 0, 0, 15], "texture": "#1"},
				"south": {"uv": [16, 0, 0, 15], "texture": "#1"},
				"west": {"uv": [16, 0, 0, 15], "texture": "#1"},
				"up": {"uv": [16, 0, 0, 15], "texture": "#1"},
				"down": {"uv": [16, 0, 0, 15], "texture": "#1"}
			}
		},
		{
			"from": [7.013, 4.12015, 11.33062],
			"to": [23.55852, 27.07015, 11.33062],
			"rotation": {"angle": 0, "axis": "y", "origin": [13.41576, 25.62515, 11.33062]},
			"faces": {
				"north": {"uv": [16, 0, 0, 15], "texture": "#1"},
				"east": {"uv": [16, 0, 0, 15], "texture": "#1"},
				"south": {"uv": [16, 0, 0, 15], "texture": "#1"},
				"west": {"uv": [16, 0, 0, 15], "texture": "#1"},
				"up": {"uv": [16, 0, 0, 15], "texture": "#1"},
				"down": {"uv": [16, 0, 0, 15], "texture": "#1"}
			}
		},
		{
			"from": [0.77628, 22.96921, 11.33062],
			"to": [25.99948, 24.49921, 11.33062],
			"rotation": {"angle": -45, "axis": "z", "origin": [2.37075, 18.77909, 11.89322]},
			"faces": {
				"north": {"uv": [16, 0, 0, 15], "texture": "#1"},
				"east": {"uv": [16, 0, 0, 15], "texture": "#1"},
				"south": {"uv": [16, 0, 0, 15], "texture": "#1"},
				"west": {"uv": [16, 0, 0, 15], "texture": "#1"},
				"up": {"uv": [16, 0, 0, 15], "texture": "#1"},
				"down": {"uv": [16, 0, 0, 15], "texture": "#1"}
			}
		},
		{
			"from": [2.50114, 21.73043, 11.33062],
			"to": [15.79948, 23.26043, 11.33062],
			"rotation": {"angle": -22.5, "axis": "z", "origin": [2.37075, 18.77909, 11.89322]},
			"faces": {
				"north": {"uv": [16, 0, 0, 15], "texture": "#1"},
				"east": {"uv": [16, 0, 0, 15], "texture": "#1"},
				"south": {"uv": [16, 0, 0, 15], "texture": "#1"},
				"west": {"uv": [16, 0, 0, 15], "texture": "#1"},
				"up": {"uv": [16, 0, 0, 15], "texture": "#1"},
				"down": {"uv": [16, 0, 0, 15], "texture": "#1"}
			}
		},
		{
			"from": [17.63009, -8.77517, 12.38997],
			"to": [18.14006, 27.09483, 12.79583],
			"rotation": {"angle": 22.5, "axis": "z", "origin": [17.88507, 1.42483, 12.5929]},
			"faces": {
				"north": {"uv": [16, 16, 0, 0], "texture": "#3"},
				"east": {"uv": [16, 16, 0, 0], "texture": "#3"},
				"south": {"uv": [16, 16, 0, 0], "texture": "#3"},
				"west": {"uv": [16, 16, 0, 0], "texture": "#3"},
				"up": {"uv": [16, 16, 0, 0], "texture": "#3"},
				"down": {"uv": [16, 16, 0, 0], "texture": "#3"}
			}
		},
		{
			"from": [7.63957, 11.56001, 11.30975],
			"to": [22.3915, 26.86001, 11.30975],
			"rotation": {"angle": 0, "axis": "y", "origin": [-14.81946, 22.35501, -13.14938]},
			"faces": {
				"north": {"uv": [0, 0, 16, 16], "texture": "#4"},
				"east": {"uv": [0, 0, 16, 16], "texture": "#4"},
				"south": {"uv": [0, 0, 16, 16], "texture": "#4"},
				"west": {"uv": [0, 0, 16, 16], "texture": "#4"},
				"up": {"uv": [0, 0, 16, 16], "texture": "#4"},
				"down": {"uv": [0, 0, 16, 16], "texture": "#4"}
			}
		},
		{
			"from": [3.85339, 8.05407, 11.33062],
			"to": [4.69969, 9.24407, 11.33062],
			"rotation": {"angle": -45, "axis": "z", "origin": [2.49095, 18.8993, 11.89322]},
			"faces": {
				"north": {"uv": [16, 0, 0, 15], "texture": "#1"},
				"east": {"uv": [16, 0, 0, 15], "texture": "#1"},
				"south": {"uv": [16, 0, 0, 15], "texture": "#1"},
				"west": {"uv": [16, 0, 0, 15], "texture": "#1"},
				"up": {"uv": [16, 0, 0, 15], "texture": "#1"},
				"down": {"uv": [16, 0, 0, 15], "texture": "#1"}
			}
		},
		{
			"from": [0.03706, 9.34264, 11.33062],
			"to": [1.68948, 11.72264, 11.33062],
			"rotation": {"angle": -22.5, "axis": "z", "origin": [2.37075, 18.77909, 11.89322]},
			"faces": {
				"north": {"uv": [16, 0, 0, 15], "texture": "#1"},
				"east": {"uv": [16, 0, 0, 15], "texture": "#1"},
				"south": {"uv": [16, 0, 0, 15], "texture": "#1"},
				"west": {"uv": [16, 0, 0, 15], "texture": "#1"},
				"up": {"uv": [16, 0, 0, 15], "texture": "#1"},
				"down": {"uv": [16, 0, 0, 15], "texture": "#1"}
			}
		},
		{
			"from": [4.86579, -0.56759, 11.33062],
			"to": [11.71948, 0.96241, 11.33062],
			"rotation": {"angle": -22.5, "axis": "z", "origin": [2.37075, 18.77909, 11.89322]},
			"faces": {
				"north": {"uv": [16, 16, 0, 0], "texture": "#1"},
				"east": {"uv": [16, 16, 0, 0], "texture": "#1"},
				"south": {"uv": [16, 16, 0, 0], "texture": "#1"},
				"west": {"uv": [16, 16, 0, 0], "texture": "#1"},
				"up": {"uv": [16, 16, 0, 0], "texture": "#1"},
				"down": {"uv": [16, 16, 0, 0], "texture": "#1"}
			}
		},
		{
			"from": [8.75861, 1.05997, 11.33062],
			"to": [17.83948, 3.43997, 11.33062],
			"rotation": {"angle": -22.5, "axis": "z", "origin": [2.37075, 18.77909, 11.89322]},
			"faces": {
				"north": {"uv": [16, 0, 0, 15], "texture": "#1"},
				"east": {"uv": [16, 0, 0, 15], "texture": "#1"},
				"south": {"uv": [16, 0, 0, 15], "texture": "#1"},
				"west": {"uv": [16, 0, 0, 15], "texture": "#1"},
				"up": {"uv": [16, 0, 0, 15], "texture": "#1"},
				"down": {"uv": [16, 0, 0, 15], "texture": "#1"}
			}
		},
		{
			"from": [13.21882, 2.97875, 11.33062],
			"to": [19.70948, 8.58875, 11.33062],
			"rotation": {"angle": -45, "axis": "z", "origin": [2.37075, 18.77909, 11.89322]},
			"faces": {
				"north": {"uv": [16, 0, 0, 15], "texture": "#1"},
				"east": {"uv": [16, 0, 0, 15], "texture": "#1"},
				"south": {"uv": [16, 0, 0, 15], "texture": "#1"},
				"west": {"uv": [16, 0, 0, 15], "texture": "#1"},
				"up": {"uv": [16, 0, 0, 15], "texture": "#1"},
				"down": {"uv": [16, 0, 0, 15], "texture": "#1"}
			}
		},
		{
			"from": [10.95142, 0.30752, 11.33062],
			"to": [19.87948, 5.91752, 11.33062],
			"rotation": {"angle": -22.5, "axis": "z", "origin": [2.37075, 18.77909, 11.89322]},
			"faces": {
				"north": {"uv": [16, 0, 0, 15], "texture": "#1"},
				"east": {"uv": [16, 0, 0, 15], "texture": "#1"},
				"south": {"uv": [16, 0, 0, 15], "texture": "#1"},
				"west": {"uv": [16, 0, 0, 15], "texture": "#1"},
				"up": {"uv": [16, 0, 0, 15], "texture": "#1"},
				"down": {"uv": [16, 0, 0, 15], "texture": "#1"}
			}
		},
		{
			"from": [4.226, 5.4563, 11.33062],
			"to": [5.08948, 9.0263, 11.33062],
			"rotation": {"angle": -45, "axis": "z", "origin": [2.37075, 18.77909, 11.89322]},
			"faces": {
				"north": {"uv": [16, 0, 0, 15], "texture": "#1"},
				"east": {"uv": [16, 0, 0, 15], "texture": "#1"},
				"south": {"uv": [16, 0, 0, 15], "texture": "#1"},
				"west": {"uv": [16, 0, 0, 15], "texture": "#1"},
				"up": {"uv": [16, 0, 0, 15], "texture": "#1"},
				"down": {"uv": [16, 0, 0, 15], "texture": "#1"}
			}
		},
		{
			"from": [10.31164, 3.90119, 11.33062],
			"to": [17.49948, 11.21119, 11.33062],
			"rotation": {"angle": -45, "axis": "z", "origin": [2.37075, 18.77909, 11.89322]},
			"faces": {
				"north": {"uv": [16, 0, 0, 15], "texture": "#1"},
				"east": {"uv": [16, 0, 0, 15], "texture": "#1"},
				"south": {"uv": [16, 0, 0, 15], "texture": "#1"},
				"west": {"uv": [16, 0, 0, 15], "texture": "#1"},
				"up": {"uv": [16, 0, 0, 15], "texture": "#1"},
				"down": {"uv": [16, 0, 0, 15], "texture": "#1"}
			}
		},
		{
			"from": [6.69009, 8.19851, 11.33062],
			"to": [8.82948, 11.25851, 11.33062],
			"rotation": {"angle": -45, "axis": "z", "origin": [2.37075, 18.77909, 11.89322]},
			"faces": {
				"north": {"uv": [16, 16, 0, 0], "texture": "#1"},
				"east": {"uv": [16, 16, 0, 0], "texture": "#1"},
				"south": {"uv": [16, 16, 0, 0], "texture": "#1"},
				"west": {"uv": [16, 16, 0, 0], "texture": "#1"},
				"up": {"uv": [16, 16, 0, 0], "texture": "#1"},
				"down": {"uv": [16, 16, 0, 0], "texture": "#1"}
			}
		},
		{
			"from": [6.19727, 8.29607, 11.33062],
			"to": [11.37948, 9.99607, 11.33062],
			"rotation": {"angle": -45, "axis": "z", "origin": [2.37075, 18.77909, 11.89322]},
			"faces": {
				"north": {"uv": [16, 0, 0, 15], "texture": "#1"},
				"east": {"uv": [16, 0, 0, 15], "texture": "#1"},
				"south": {"uv": [16, 0, 0, 15], "texture": "#1"},
				"west": {"uv": [16, 0, 0, 15], "texture": "#1"},
				"up": {"uv": [16, 0, 0, 15], "texture": "#1"},
				"down": {"uv": [16, 0, 0, 15], "texture": "#1"}
			}
		},
		{
			"from": [10.80445, 3.12363, 11.33062],
			"to": [15.45948, 8.22363, 11.33062],
			"rotation": {"angle": -45, "axis": "z", "origin": [2.37075, 18.77909, 11.89322]},
			"faces": {
				"north": {"uv": [16, 0, 0, 15], "texture": "#1"},
				"east": {"uv": [16, 0, 0, 15], "texture": "#1"},
				"south": {"uv": [16, 0, 0, 15], "texture": "#1"},
				"west": {"uv": [16, 0, 0, 15], "texture": "#1"},
				"up": {"uv": [16, 0, 0, 15], "texture": "#1"},
				"down": {"uv": [16, 0, 0, 15], "texture": "#1"}
			}
		},
		{
			"from": [-3.00384, -5.10893, 11.33062],
			"to": [20.33985, 11.38107, 11.33062],
			"rotation": {"angle": 0, "axis": "y", "origin": [0.21769, -4.34393, 11.33062]},
			"faces": {
				"north": {"uv": [16, 16, 0, 0], "texture": "#1"},
				"east": {"uv": [16, 16, 0, 0], "texture": "#1"},
				"south": {"uv": [16, 16, 0, 0], "texture": "#1"},
				"west": {"uv": [16, 16, 0, 0], "texture": "#1"},
				"up": {"uv": [16, 16, 0, 0], "texture": "#1"},
				"down": {"uv": [16, 16, 0, 0], "texture": "#1"}
			}
		},
		{
			"from": [-12.18384, -5.10893, 11.33062],
			"to": [20.33985, -2.21893, 11.33062],
			"rotation": {"angle": 0, "axis": "y", "origin": [0.21769, -4.34393, 11.33062]},
			"faces": {
				"north": {"uv": [16, 16, 0, 0], "texture": "#1"},
				"east": {"uv": [16, 16, 0, 0], "texture": "#1"},
				"south": {"uv": [16, 16, 0, 0], "texture": "#1"},
				"west": {"uv": [16, 16, 0, 0], "texture": "#1"},
				"up": {"uv": [16, 16, 0, 0], "texture": "#1"},
				"down": {"uv": [16, 16, 0, 0], "texture": "#1"}
			}
		},
		{
			"from": [14.65195, 24.6409, 11.33062],
			"to": [21.5305, 30.4209, 11.33062],
			"rotation": {"angle": -45, "axis": "z", "origin": [1.81176, 18.89276, 11.89322]},
			"faces": {
				"north": {"uv": [0, 0, 16, 15], "texture": "#1"},
				"east": {"uv": [0, 0, 16, 15], "texture": "#1"},
				"south": {"uv": [0, 0, 16, 15], "texture": "#1"},
				"west": {"uv": [0, 0, 16, 15], "texture": "#1"},
				"up": {"uv": [0, 0, 16, 15], "texture": "#1"},
				"down": {"uv": [0, 0, 16, 15], "texture": "#1"}
			}
		},
		{
			"from": [-4.70384, -5.10893, 11.33062],
			"to": [-2.79984, 9.00107, 11.33062],
			"rotation": {"angle": 0, "axis": "y", "origin": [-13.82355, -14.88393, 11.33062]},
			"faces": {
				"north": {"uv": [16, 0, 0, 15], "texture": "#1"},
				"east": {"uv": [16, 0, 0, 15], "texture": "#1"},
				"south": {"uv": [16, 0, 0, 15], "texture": "#1"},
				"west": {"uv": [16, 0, 0, 15], "texture": "#1"},
				"up": {"uv": [16, 0, 0, 15], "texture": "#1"},
				"down": {"uv": [16, 0, 0, 15], "texture": "#1"}
			}
		},
		{
			"from": [3.73318, 9.12386, 11.33062],
			"to": [4.57948, 10.31386, 11.33062],
			"rotation": {"angle": -45, "axis": "z", "origin": [2.37075, 18.77909, 11.89322]},
			"faces": {
				"north": {"uv": [16, 0, 0, 15], "texture": "#1"},
				"east": {"uv": [16, 0, 0, 15], "texture": "#1"},
				"south": {"uv": [16, 0, 0, 15], "texture": "#1"},
				"west": {"uv": [16, 0, 0, 15], "texture": "#1"},
				"up": {"uv": [16, 0, 0, 15], "texture": "#1"},
				"down": {"uv": [16, 0, 0, 15], "texture": "#1"}
			}
		},
		{
			"from": [-9.9316, -14.14057, 11.67062],
			"to": [-8.71394, -12.61057, 12.79583],
			"rotation": {"angle": -22.5, "axis": "z", "origin": [-5.62664, 5.20611, 12.23322]},
			"faces": {
				"north": {"uv": [16, 16, 0, 0], "texture": "#2"},
				"east": {"uv": [16, 16, 0, 0], "texture": "#2"},
				"south": {"uv": [16, 16, 0, 0], "texture": "#2"},
				"west": {"uv": [16, 16, 0, 0], "texture": "#2"},
				"up": {"uv": [16, 16, 0, 0], "texture": "#2"},
				"down": {"uv": [16, 16, 0, 0], "texture": "#2"}
			}
		},
		{
			"from": [-2.78575, -12.90179, 11.67062],
			"to": [-1.5681, -11.37179, 12.79583],
			"rotation": {"angle": -45, "axis": "z", "origin": [-5.62664, 5.20611, 12.23322]},
			"faces": {
				"north": {"uv": [16, 16, 0, 0], "texture": "#2"},
				"east": {"uv": [16, 16, 0, 0], "texture": "#2"},
				"south": {"uv": [16, 16, 0, 0], "texture": "#2"},
				"west": {"uv": [16, 16, 0, 0], "texture": "#2"},
				"up": {"uv": [16, 16, 0, 0], "texture": "#2"},
				"down": {"uv": [16, 16, 0, 0], "texture": "#2"}
			}
		},
		{
			"from": [-9.43878, -11.66301, 11.67062],
			"to": [-8.22113, -10.13301, 12.79583],
			"rotation": {"angle": -22.5, "axis": "z", "origin": [-5.62664, 5.20611, 12.23322]},
			"faces": {
				"north": {"uv": [16, 16, 0, 0], "texture": "#2"},
				"east": {"uv": [16, 16, 0, 0], "texture": "#2"},
				"south": {"uv": [16, 16, 0, 0], "texture": "#2"},
				"west": {"uv": [16, 16, 0, 0], "texture": "#2"},
				"up": {"uv": [16, 16, 0, 0], "texture": "#2"},
				"down": {"uv": [16, 16, 0, 0], "texture": "#2"}
			}
		},
		{
			"from": [-3.27857, -10.42423, 11.67062],
			"to": [-2.06091, -8.89423, 12.79583],
			"rotation": {"angle": -45, "axis": "z", "origin": [-5.62664, 5.20611, 12.23322]},
			"faces": {
				"north": {"uv": [16, 16, 0, 0], "texture": "#2"},
				"east": {"uv": [16, 16, 0, 0], "texture": "#2"},
				"south": {"uv": [16, 16, 0, 0], "texture": "#2"},
				"west": {"uv": [16, 16, 0, 0], "texture": "#2"},
				"up": {"uv": [16, 16, 0, 0], "texture": "#2"},
				"down": {"uv": [16, 16, 0, 0], "texture": "#2"}
			}
		},
		{
			"from": [11.39854, -10.96416, 11.67062],
			"to": [12.6162, -9.43416, 12.79583],
			"rotation": {"angle": -45, "axis": "z", "origin": [5.60075, 22.00909, 12.23322]},
			"faces": {
				"north": {"uv": [16, 16, 0, 0], "texture": "#2"},
				"east": {"uv": [16, 16, 0, 0], "texture": "#2"},
				"south": {"uv": [16, 16, 0, 0], "texture": "#2"},
				"west": {"uv": [16, 16, 0, 0], "texture": "#2"},
				"up": {"uv": [16, 16, 0, 0], "texture": "#2"},
				"down": {"uv": [16, 16, 0, 0], "texture": "#2"}
			}
		},
		{
			"from": [-1.66111, -12.20294, 11.67062],
			"to": [-0.44345, -10.67294, 12.79583],
			"rotation": {"angle": -22.5, "axis": "z", "origin": [5.60075, 22.00909, 12.23322]},
			"faces": {
				"north": {"uv": [16, 16, 0, 0], "texture": "#2"},
				"east": {"uv": [16, 16, 0, 0], "texture": "#2"},
				"south": {"uv": [16, 16, 0, 0], "texture": "#2"},
				"west": {"uv": [16, 16, 0, 0], "texture": "#2"},
				"up": {"uv": [16, 16, 0, 0], "texture": "#2"},
				"down": {"uv": [16, 16, 0, 0], "texture": "#2"}
			}
		},
		{
			"from": [-1.16829, -9.72538, 11.67062],
			"to": [0.04936, -8.19538, 12.79583],
			"rotation": {"angle": -22.5, "axis": "z", "origin": [5.60075, 22.00909, 12.23322]},
			"faces": {
				"north": {"uv": [16, 16, 0, 0], "texture": "#2"},
				"east": {"uv": [16, 16, 0, 0], "texture": "#2"},
				"south": {"uv": [16, 16, 0, 0], "texture": "#2"},
				"west": {"uv": [16, 16, 0, 0], "texture": "#2"},
				"up": {"uv": [16, 16, 0, 0], "texture": "#2"},
				"down": {"uv": [16, 16, 0, 0], "texture": "#2"}
			}
		},
		{
			"from": [10.90572, -8.4866, 11.67062],
			"to": [12.12338, -6.9566, 12.79583],
			"rotation": {"angle": -45, "axis": "z", "origin": [5.60075, 22.00909, 12.23322]},
			"faces": {
				"north": {"uv": [16, 16, 0, 0], "texture": "#2"},
				"east": {"uv": [16, 16, 0, 0], "texture": "#2"},
				"south": {"uv": [16, 16, 0, 0], "texture": "#2"},
				"west": {"uv": [16, 16, 0, 0], "texture": "#2"},
				"up": {"uv": [16, 16, 0, 0], "texture": "#2"},
				"down": {"uv": [16, 16, 0, 0], "texture": "#2"}
			}
		},
		{
			"from": [-0.67548, -7.24782, 11.67062],
			"to": [0.54218, -5.71782, 12.79583],
			"rotation": {"angle": -22.5, "axis": "z", "origin": [5.60075, 22.00909, 12.23322]},
			"faces": {
				"north": {"uv": [16, 16, 0, 0], "texture": "#2"},
				"east": {"uv": [16, 16, 0, 0], "texture": "#2"},
				"south": {"uv": [16, 16, 0, 0], "texture": "#2"},
				"west": {"uv": [16, 16, 0, 0], "texture": "#2"},
				"up": {"uv": [16, 16, 0, 0], "texture": "#2"},
				"down": {"uv": [16, 16, 0, 0], "texture": "#2"}
			}
		},
		{
			"from": [10.4129, -6.00904, 11.67062],
			"to": [11.63056, -4.47904, 12.79583],
			"rotation": {"angle": -45, "axis": "z", "origin": [5.60075, 22.00909, 12.23322]},
			"faces": {
				"north": {"uv": [16, 16, 0, 0], "texture": "#2"},
				"east": {"uv": [16, 16, 0, 0], "texture": "#2"},
				"south": {"uv": [16, 16, 0, 0], "texture": "#2"},
				"west": {"uv": [16, 16, 0, 0], "texture": "#2"},
				"up": {"uv": [16, 16, 0, 0], "texture": "#2"},
				"down": {"uv": [16, 16, 0, 0], "texture": "#2"}
			}
		}
	],
	"display": {
		"thirdperson_righthand": {
			"rotation": [69, -180, 0],
			"translation": [-12.5, 4.75, 3.5],
			"scale": [0.2, 0.2, 0.2]
		},
		"thirdperson_lefthand": {
			"rotation": [69, 90, 0],
			"translation": [-12.5, 4.75, 3.5],
			"scale": [0.2, 0.2, 0.2]
		},
		"firstperson_righthand": {
			"translation": [-17.25, 4, -0.5],
			"scale": [0.15, 0.15, 0.15]
		},
		"firstperson_lefthand": {
			"translation": [-17.25, 4, -0.5],
			"scale": [0.15, 0.15, 0.15]
		},
		"ground": {
			"scale": [0.23, 0.2, 0.2]
		},
		"gui": {
			"scale": [0.25, 0.29, 1]
		},
		"head": {
			"rotation": [0, -90, 0],
			"scale": [4, 4, 4],
            "translation": [0, -10, 0]
		},
		"fixed": {
			"translation": [0, 0, -3],
			"scale": [0.56, 0.47, 0.52]
		}
	},
	"groups": [
		{
			"name": "group",
			"origin": [14.10075, 11.80909, 12.23322],
			"color": 0,
			"children": [0, 1, 2, 3, 4, 5, 6, 7, 8, 9, 10, 11, 12, 13, 14, 15, 16, 17, 18, 19, 20, 21, 22, 23, 24, 25, 26, 27, 28, 29, 30, 31, 32, 33, 34, 35, 36, 37, 38, 39, 40, 41, 42, 43, 44, 45, 46, 47, 48, 49, 50, 51, 52, 53, 54, 55, 56, 57, 58, 59, 60, 61, 62, 63, 64, 65, 66, 67, 68, 69, 70, 71, 72, 73, 74, 75, 76, 77, 78, 79, 80, 81, 82, 83, 84, 85, 86, 87, 88, 89, 90, 91, 92, 93, 94, 95, 96]
		}
	]
}