{
	"credit": "Made with Blockbench",
	"texture_size": [32, 32],
	"textures": {
		"1": "concrete:vehicle/boat/euro/sail",
		"2": "concrete:vehicle/boat/euro/wood",
		"particle": "concrete:vehicle/boat/euro/wood"
	},
	"elements": [
		{
			"from": [13.39257, -4.53076, 12.39138],
			"to": [13.83778, 23.57199, 12.75904],
			"rotation": {"angle": 0, "axis": "y", "origin": [11.67636, -39.10022, 20.40228]},
			"faces": {
				"north": {"uv": [15, 11, 13, 9], "texture": "#2"},
				"east": {"uv": [15, 11, 13, 9], "texture": "#2"},
				"south": {"uv": [15, 11, 13, 9], "texture": "#2"},
				"west": {"uv": [15, 11, 13, 9], "texture": "#2"},
				"up": {"uv": [15, 11, 13, 9], "texture": "#2"},
				"down": {"uv": [15, 11, 13, 9], "texture": "#2"}
			}
		},
		{
			"from": [13.33917, -4.53076, 12.65986],
			"to": [13.78437, 23.57199, 13.02752],
			"rotation": {"angle": -22.5, "axis": "y", "origin": [13.56177, -37.01779, 12.84369]},
			"faces": {
				"north": {"uv": [15, 11, 13, 9], "texture": "#2"},
				"east": {"uv": [15, 11, 13, 9], "texture": "#2"},
				"south": {"uv": [15, 11, 13, 9], "texture": "#2"},
				"west": {"uv": [15, 11, 13, 9], "texture": "#2"},
				"up": {"uv": [15, 11, 13, 9], "texture": "#2"},
				"down": {"uv": [15, 11, 13, 9], "texture": "#2"}
			}
		},
		{
			"from": [12.97782, -4.53076, 12.95143],
			"to": [13.34548, 23.57199, 13.39664],
			"rotation": {"angle": 22.5, "axis": "y", "origin": [13.29589, -37.01779, 13.14733]},
			"faces": {
				"north": {"uv": [15, 11, 13, 9], "texture": "#2"},
				"east": {"uv": [15, 11, 13, 9], "texture": "#2"},
				"south": {"uv": [15, 11, 13, 9], "texture": "#2"},
				"west": {"uv": [15, 11, 13, 9], "texture": "#2"},
				"up": {"uv": [15, 11, 13, 9], "texture": "#2"},
				"down": {"uv": [15, 11, 13, 9], "texture": "#2"}
			}
		},
		{
			"from": [13.09999, -4.53076, 12.82926],
			"to": [13.54519, 23.57199, 13.19692],
			"rotation": {"angle": -45, "axis": "y", "origin": [13.29589, -37.01779, 13.14733]},
			"faces": {
				"north": {"uv": [15, 11, 13, 9], "texture": "#2"},
				"east": {"uv": [15, 11, 13, 9], "texture": "#2"},
				"south": {"uv": [15, 11, 13, 9], "texture": "#2"},
				"west": {"uv": [15, 11, 13, 9], "texture": "#2"},
				"up": {"uv": [15, 11, 13, 9], "texture": "#2"},
				"down": {"uv": [15, 11, 13, 9], "texture": "#2"}
			}
		},
		{
			"from": [12.16483, -4.53076, 12.56677],
			"to": [12.61004, 23.57199, 12.93443],
			"rotation": {"angle": 22.5, "axis": "y", "origin": [12.56043, -37.01779, 13.10378]},
			"faces": {
				"north": {"uv": [15, 11, 13, 9], "texture": "#2"},
				"east": {"uv": [15, 11, 13, 9], "texture": "#2"},
				"south": {"uv": [15, 11, 13, 9], "texture": "#2"},
				"west": {"uv": [15, 11, 13, 9], "texture": "#2"},
				"up": {"uv": [15, 11, 13, 9], "texture": "#2"},
				"down": {"uv": [15, 11, 13, 9], "texture": "#2"}
			}
		},
		{
			"from": [12.25258, -4.53076, 12.95925],
			"to": [12.62024, 23.57199, 13.40446],
			"rotation": {"angle": -45, "axis": "y", "origin": [12.56043, -37.01779, 13.10378]},
			"faces": {
				"north": {"uv": [15, 11, 13, 9], "texture": "#2"},
				"east": {"uv": [15, 11, 13, 9], "texture": "#2"},
				"south": {"uv": [15, 11, 13, 9], "texture": "#2"},
				"west": {"uv": [15, 11, 13, 9], "texture": "#2"},
				"up": {"uv": [15, 11, 13, 9], "texture": "#2"},
				"down": {"uv": [15, 11, 13, 9], "texture": "#2"}
			}
		},
		{
			"from": [12.50062, -4.53076, 12.95925],
			"to": [12.86828, 23.57199, 13.40446],
			"rotation": {"angle": -22.5, "axis": "y", "origin": [12.56043, -37.01779, 13.10378]},
			"faces": {
				"north": {"uv": [15, 11, 13, 9], "texture": "#2"},
				"east": {"uv": [15, 11, 13, 9], "texture": "#2"},
				"south": {"uv": [15, 11, 13, 9], "texture": "#2"},
				"west": {"uv": [15, 11, 13, 9], "texture": "#2"},
				"up": {"uv": [15, 11, 13, 9], "texture": "#2"},
				"down": {"uv": [15, 11, 13, 9], "texture": "#2"}
			}
		},
		{
			"from": [12.72978, -4.53076, 13.05417],
			"to": [13.09744, 23.57199, 13.49938],
			"rotation": {"angle": 0, "axis": "y", "origin": [12.56043, -37.01779, 13.10378]},
			"faces": {
				"north": {"uv": [15, 11, 13, 9], "texture": "#2"},
				"east": {"uv": [15, 11, 13, 9], "texture": "#2"},
				"south": {"uv": [15, 11, 13, 9], "texture": "#2"},
				"west": {"uv": [15, 11, 13, 9], "texture": "#2"},
				"up": {"uv": [15, 11, 13, 9], "texture": "#2"},
				"down": {"uv": [15, 11, 13, 9], "texture": "#2"}
			}
		},
		{
			"from": [12.72978, -4.53076, 11.65104],
			"to": [13.09744, 23.57199, 13.11625],
			"rotation": {"angle": 0, "axis": "y", "origin": [12.56043, -37.01779, 12.04664]},
			"faces": {
				"north": {"uv": [15, 11, 13, 9], "texture": "#2"},
				"east": {"uv": [15, 11, 13, 9], "texture": "#2"},
				"south": {"uv": [15, 11, 13, 9], "texture": "#2"},
				"west": {"uv": [15, 11, 13, 9], "texture": "#2"},
				"up": {"uv": [15, 11, 13, 9], "texture": "#2"},
				"down": {"uv": [15, 11, 13, 9], "texture": "#2"}
			}
		},
		{
			"from": [12.25888, -4.53076, 11.8461],
			"to": [12.62653, 23.57199, 13.31131],
			"rotation": {"angle": 45, "axis": "y", "origin": [12.4427, -11.38939, 12.10431]},
			"faces": {
				"north": {"uv": [15, 11, 13, 9], "texture": "#2"},
				"east": {"uv": [15, 11, 13, 9], "texture": "#2"},
				"south": {"uv": [15, 11, 13, 9], "texture": "#2"},
				"west": {"uv": [15, 11, 13, 9], "texture": "#2"},
				"up": {"uv": [15, 11, 13, 9], "texture": "#2"},
				"down": {"uv": [15, 11, 13, 9], "texture": "#2"}
			}
		},
		{
			"from": [12.51373, -4.53076, 11.7954],
			"to": [12.88139, 23.57199, 13.26061],
			"rotation": {"angle": 22.5, "axis": "y", "origin": [12.4427, -11.38939, 12.10431]},
			"faces": {
				"north": {"uv": [15, 11, 13, 9], "texture": "#2"},
				"east": {"uv": [15, 11, 13, 9], "texture": "#2"},
				"south": {"uv": [15, 11, 13, 9], "texture": "#2"},
				"west": {"uv": [15, 11, 13, 9], "texture": "#2"},
				"up": {"uv": [15, 11, 13, 9], "texture": "#2"},
				"down": {"uv": [15, 11, 13, 9], "texture": "#2"}
			}
		},
		{
			"from": [12.97782, -4.53076, 11.75378],
			"to": [13.34548, 23.57199, 12.19899],
			"shade": false,
			"rotation": {"angle": -22.5, "axis": "y", "origin": [13.29589, -37.01779, 12.00309]},
			"faces": {
				"north": {"uv": [15, 11, 13, 9], "texture": "#2"},
				"east": {"uv": [15, 11, 13, 9], "texture": "#2"},
				"south": {"uv": [15, 11, 13, 9], "texture": "#2"},
				"west": {"uv": [15, 11, 13, 9], "texture": "#2"},
				"up": {"uv": [15, 11, 13, 9], "texture": "#2"},
				"down": {"uv": [15, 11, 13, 9], "texture": "#2"}
			}
		},
		{
			"from": [12.14917, -4.53076, 12.12291],
			"to": [13.78437, 23.57199, 12.49056],
			"rotation": {"angle": 22.5, "axis": "y", "origin": [13.56177, -37.01779, 12.30673]},
			"faces": {
				"north": {"uv": [15, 11, 13, 9], "texture": "#2"},
				"east": {"uv": [15, 11, 13, 9], "texture": "#2"},
				"south": {"uv": [15, 11, 13, 9], "texture": "#2"},
				"west": {"uv": [15, 11, 13, 9], "texture": "#2"},
				"up": {"uv": [15, 11, 13, 9], "texture": "#2"},
				"down": {"uv": [15, 11, 13, 9], "texture": "#2"}
			}
		},
		{
			"from": [11.90999, -4.53076, 11.9535],
			"to": [13.54519, 23.57199, 12.32116],
			"rotation": {"angle": 45, "axis": "y", "origin": [13.29589, -37.01779, 12.00309]},
			"faces": {
				"north": {"uv": [15, 11, 13, 9], "texture": "#2"},
				"east": {"uv": [15, 11, 13, 9], "texture": "#2"},
				"south": {"uv": [15, 11, 13, 9], "texture": "#2"},
				"west": {"uv": [15, 11, 13, 9], "texture": "#2"},
				"up": {"uv": [15, 11, 13, 9], "texture": "#2"},
				"down": {"uv": [15, 11, 13, 9], "texture": "#2"}
			}
		},
		{
			"from": [11.98944, -4.53076, 12.39138],
			"to": [13.62465, 23.57199, 12.75904],
			"rotation": {"angle": 0, "axis": "y", "origin": [11.70939, -39.10022, 20.40228]},
			"faces": {
				"north": {"uv": [15, 11, 13, 9], "texture": "#2"},
				"east": {"uv": [15, 11, 13, 9], "texture": "#2"},
				"south": {"uv": [15, 11, 13, 9], "texture": "#2"},
				"west": {"uv": [15, 11, 13, 9], "texture": "#2"},
				"up": {"uv": [15, 11, 13, 9], "texture": "#2"},
				"down": {"uv": [15, 11, 13, 9], "texture": "#2"}
			}
		},
		{
			"from": [-7.24729, -3.50244, 12.04228],
			"to": [-6.02963, -1.97244, 13.16749],
			"rotation": {"angle": -45, "axis": "z", "origin": [-5.65283, -7.69255, 12.60488]},
			"faces": {
				"north": {"uv": [16, 16, 0, 0], "texture": "#2"},
				"east": {"uv": [16, 16, 0, 0], "texture": "#2"},
				"south": {"uv": [16, 16, 0, 0], "texture": "#2"},
				"west": {"uv": [16, 16, 0, 0], "texture": "#2"},
				"up": {"uv": [16, 16, 0, 0], "texture": "#2"},
				"down": {"uv": [16, 16, 0, 0], "texture": "#2"}
			}
		},
		{
			"from": [-5.02961, -2.26366, 12.04228],
			"to": [-3.81196, -0.73366, 13.16749],
			"rotation": {"angle": -22.5, "axis": "z", "origin": [-5.65283, -7.69255, 12.60488]},
			"faces": {
				"north": {"uv": [16, 16, 0, 0], "texture": "#2"},
				"east": {"uv": [16, 16, 0, 0], "texture": "#2"},
				"south": {"uv": [16, 16, 0, 0], "texture": "#2"},
				"west": {"uv": [16, 16, 0, 0], "texture": "#2"},
				"up": {"uv": [16, 16, 0, 0], "texture": "#2"},
				"down": {"uv": [16, 16, 0, 0], "texture": "#2"}
			}
		},
		{
			"from": [-4.5368, 0.2139, 12.04228],
			"to": [-3.31914, 1.7439, 13.16749],
			"rotation": {"angle": -22.5, "axis": "z", "origin": [-5.65283, -7.69255, 12.60488]},
			"faces": {
				"north": {"uv": [16, 16, 0, 0], "texture": "#2"},
				"east": {"uv": [16, 16, 0, 0], "texture": "#2"},
				"south": {"uv": [16, 16, 0, 0], "texture": "#2"},
				"west": {"uv": [16, 16, 0, 0], "texture": "#2"},
				"up": {"uv": [16, 16, 0, 0], "texture": "#2"},
				"down": {"uv": [16, 16, 0, 0], "texture": "#2"}
			}
		},
		{
			"from": [-7.74011, -1.02488, 12.04228],
			"to": [-6.52245, 0.50512, 13.16749],
			"rotation": {"angle": -45, "axis": "z", "origin": [-5.65283, -7.69255, 12.60488]},
			"faces": {
				"north": {"uv": [16, 16, 0, 0], "texture": "#2"},
				"east": {"uv": [16, 16, 0, 0], "texture": "#2"},
				"south": {"uv": [16, 16, 0, 0], "texture": "#2"},
				"west": {"uv": [16, 16, 0, 0], "texture": "#2"},
				"up": {"uv": [16, 16, 0, 0], "texture": "#2"},
				"down": {"uv": [16, 16, 0, 0], "texture": "#2"}
			}
		},
		{
			"from": [-8.23292, 1.45268, 12.04228],
			"to": [-7.01527, 2.98268, 13.16749],
			"rotation": {"angle": -45, "axis": "z", "origin": [-5.65283, -7.69255, 12.60488]},
			"faces": {
				"north": {"uv": [16, 16, 0, 0], "texture": "#2"},
				"east": {"uv": [16, 16, 0, 0], "texture": "#2"},
				"south": {"uv": [16, 16, 0, 0], "texture": "#2"},
				"west": {"uv": [16, 16, 0, 0], "texture": "#2"},
				"up": {"uv": [16, 16, 0, 0], "texture": "#2"},
				"down": {"uv": [16, 16, 0, 0], "texture": "#2"}
			}
		},
		{
			"from": [-8.72574, 3.93023, 12.04228],
			"to": [-7.50808, 5.46023, 13.16749],
			"rotation": {"angle": -45, "axis": "z", "origin": [-5.65283, -7.69255, 12.60488]},
			"faces": {
				"north": {"uv": [16, 16, 0, 0], "texture": "#2"},
				"east": {"uv": [16, 16, 0, 0], "texture": "#2"},
				"south": {"uv": [16, 16, 0, 0], "texture": "#2"},
				"west": {"uv": [16, 16, 0, 0], "texture": "#2"},
				"up": {"uv": [16, 16, 0, 0], "texture": "#2"},
				"down": {"uv": [16, 16, 0, 0], "texture": "#2"}
			}
		},
		{
			"from": [-4.04398, 2.69146, 12.04228],
			"to": [-2.82632, 4.22146, 13.16749],
			"rotation": {"angle": -22.5, "axis": "z", "origin": [-5.65283, -7.69255, 12.60488]},
			"faces": {
				"north": {"uv": [16, 16, 0, 0], "texture": "#2"},
				"east": {"uv": [16, 16, 0, 0], "texture": "#2"},
				"south": {"uv": [16, 16, 0, 0], "texture": "#2"},
				"west": {"uv": [16, 16, 0, 0], "texture": "#2"},
				"up": {"uv": [16, 16, 0, 0], "texture": "#2"},
				"down": {"uv": [16, 16, 0, 0], "texture": "#2"}
			}
		},
		{
			"from": [-3.55116, 5.16901, 12.04228],
			"to": [-2.33351, 6.69901, 13.16749],
			"rotation": {"angle": -22.5, "axis": "z", "origin": [-5.65283, -7.69255, 12.60488]},
			"faces": {
				"north": {"uv": [16, 16, 0, 0], "texture": "#2"},
				"east": {"uv": [16, 16, 0, 0], "texture": "#2"},
				"south": {"uv": [16, 16, 0, 0], "texture": "#2"},
				"west": {"uv": [16, 16, 0, 0], "texture": "#2"},
				"up": {"uv": [16, 16, 0, 0], "texture": "#2"},
				"down": {"uv": [16, 16, 0, 0], "texture": "#2"}
			}
		},
		{
			"from": [-9.21856, 6.40779, 12.04228],
			"to": [-8.0009, 7.93779, 13.16749],
			"rotation": {"angle": -45, "axis": "z", "origin": [-5.65283, -7.69255, 12.60488]},
			"faces": {
				"north": {"uv": [16, 16, 0, 0], "texture": "#2"},
				"east": {"uv": [16, 16, 0, 0], "texture": "#2"},
				"south": {"uv": [16, 16, 0, 0], "texture": "#2"},
				"west": {"uv": [16, 16, 0, 0], "texture": "#2"},
				"up": {"uv": [16, 16, 0, 0], "texture": "#2"},
				"down": {"uv": [16, 16, 0, 0], "texture": "#2"}
			}
		},
		{
			"from": [-3.05835, 7.64657, 12.04228],
			"to": [-1.84069, 9.17657, 13.16749],
			"rotation": {"angle": -22.5, "axis": "z", "origin": [-5.65283, -7.69255, 12.60488]},
			"faces": {
				"north": {"uv": [16, 16, 0, 0], "texture": "#2"},
				"east": {"uv": [16, 16, 0, 0], "texture": "#2"},
				"south": {"uv": [16, 16, 0, 0], "texture": "#2"},
				"west": {"uv": [16, 16, 0, 0], "texture": "#2"},
				"up": {"uv": [16, 16, 0, 0], "texture": "#2"},
				"down": {"uv": [16, 16, 0, 0], "texture": "#2"}
			}
		},
		{
			"from": [-9.71137, 8.88535, 12.04228],
			"to": [-8.49372, 10.41535, 13.16749],
			"rotation": {"angle": -45, "axis": "z", "origin": [-5.65283, -7.69255, 12.60488]},
			"faces": {
				"north": {"uv": [16, 16, 0, 0], "texture": "#2"},
				"east": {"uv": [16, 16, 0, 0], "texture": "#2"},
				"south": {"uv": [16, 16, 0, 0], "texture": "#2"},
				"west": {"uv": [16, 16, 0, 0], "texture": "#2"},
				"up": {"uv": [16, 16, 0, 0], "texture": "#2"},
				"down": {"uv": [16, 16, 0, 0], "texture": "#2"}
			}
		},
		{
			"from": [-2.56553, 10.12413, 12.04228],
			"to": [-1.34787, 11.65413, 13.16749],
			"rotation": {"angle": -22.5, "axis": "z", "origin": [-5.65283, -7.69255, 12.60488]},
			"faces": {
				"north": {"uv": [16, 16, 0, 0], "texture": "#2"},
				"east": {"uv": [16, 16, 0, 0], "texture": "#2"},
				"south": {"uv": [16, 16, 0, 0], "texture": "#2"},
				"west": {"uv": [16, 16, 0, 0], "texture": "#2"},
				"up": {"uv": [16, 16, 0, 0], "texture": "#2"},
				"down": {"uv": [16, 16, 0, 0], "texture": "#2"}
			}
		},
		{
			"from": [-10.20419, 11.36291, 12.04228],
			"to": [-8.98653, 12.89291, 13.16749],
			"rotation": {"angle": -45, "axis": "z", "origin": [-5.65283, -7.69255, 12.60488]},
			"faces": {
				"north": {"uv": [16, 16, 0, 0], "texture": "#2"},
				"east": {"uv": [16, 16, 0, 0], "texture": "#2"},
				"south": {"uv": [16, 16, 0, 0], "texture": "#2"},
				"west": {"uv": [16, 16, 0, 0], "texture": "#2"},
				"up": {"uv": [16, 16, 0, 0], "texture": "#2"},
				"down": {"uv": [16, 16, 0, 0], "texture": "#2"}
			}
		},
		{
			"from": [-2.07271, 12.60169, 12.04228],
			"to": [-0.85506, 14.13169, 13.16749],
			"rotation": {"angle": -22.5, "axis": "z", "origin": [-5.65283, -7.69255, 12.60488]},
			"faces": {
				"north": {"uv": [16, 16, 0, 0], "texture": "#2"},
				"east": {"uv": [16, 16, 0, 0], "texture": "#2"},
				"south": {"uv": [16, 16, 0, 0], "texture": "#2"},
				"west": {"uv": [16, 16, 0, 0], "texture": "#2"},
				"up": {"uv": [16, 16, 0, 0], "texture": "#2"},
				"down": {"uv": [16, 16, 0, 0], "texture": "#2"}
			}
		},
		{
			"from": [-10.69701, 13.84047, 12.04228],
			"to": [-9.47935, 15.37047, 13.16749],
			"rotation": {"angle": -45, "axis": "z", "origin": [-5.65283, -7.69255, 12.60488]},
			"faces": {
				"north": {"uv": [16, 16, 0, 0], "texture": "#2"},
				"east": {"uv": [16, 16, 0, 0], "texture": "#2"},
				"south": {"uv": [16, 16, 0, 0], "texture": "#2"},
				"west": {"uv": [16, 16, 0, 0], "texture": "#2"},
				"up": {"uv": [16, 16, 0, 0], "texture": "#2"},
				"down": {"uv": [16, 16, 0, 0], "texture": "#2"}
			}
		},
		{
			"from": [-1.5799, 15.07925, 12.04228],
			"to": [-0.36224, 16.60925, 13.16749],
			"rotation": {"angle": -22.5, "axis": "z", "origin": [-5.65283, -7.69255, 12.60488]},
			"faces": {
				"north": {"uv": [16, 16, 0, 0], "texture": "#2"},
				"east": {"uv": [16, 16, 0, 0], "texture": "#2"},
				"south": {"uv": [16, 16, 0, 0], "texture": "#2"},
				"west": {"uv": [16, 16, 0, 0], "texture": "#2"},
				"up": {"uv": [16, 16, 0, 0], "texture": "#2"},
				"down": {"uv": [16, 16, 0, 0], "texture": "#2"}
			}
		},
		{
			"from": [-1.08708, 17.5568, 12.04228],
			"to": [0.13058, 19.0868, 13.16749],
			"rotation": {"angle": -22.5, "axis": "z", "origin": [-5.65283, -7.69255, 12.60488]},
			"faces": {
				"north": {"uv": [16, 16, 0, 0], "texture": "#2"},
				"east": {"uv": [16, 16, 0, 0], "texture": "#2"},
				"south": {"uv": [16, 16, 0, 0], "texture": "#2"},
				"west": {"uv": [16, 16, 0, 0], "texture": "#2"},
				"up": {"uv": [16, 16, 0, 0], "texture": "#2"},
				"down": {"uv": [16, 16, 0, 0], "texture": "#2"}
			}
		},
		{
			"from": [-11.18983, 16.31802, 12.04228],
			"to": [-9.97217, 17.84802, 13.16749],
			"rotation": {"angle": -45, "axis": "z", "origin": [-5.65283, -7.69255, 12.60488]},
			"faces": {
				"north": {"uv": [16, 16, 0, 0], "texture": "#2"},
				"east": {"uv": [16, 16, 0, 0], "texture": "#2"},
				"south": {"uv": [16, 16, 0, 0], "texture": "#2"},
				"west": {"uv": [16, 16, 0, 0], "texture": "#2"},
				"up": {"uv": [16, 16, 0, 0], "texture": "#2"},
				"down": {"uv": [16, 16, 0, 0], "texture": "#2"}
			}
		},
		{
			"from": [-11.68264, 18.79558, 12.04228],
			"to": [-10.46499, 20.32558, 13.16749],
			"rotation": {"angle": -45, "axis": "z", "origin": [-5.65283, -7.69255, 12.60488]},
			"faces": {
				"north": {"uv": [16, 16, 0, 0], "texture": "#2"},
				"east": {"uv": [16, 16, 0, 0], "texture": "#2"},
				"south": {"uv": [16, 16, 0, 0], "texture": "#2"},
				"west": {"uv": [16, 16, 0, 0], "texture": "#2"},
				"up": {"uv": [16, 16, 0, 0], "texture": "#2"},
				"down": {"uv": [16, 16, 0, 0], "texture": "#2"}
			}
		},
		{
			"from": [-0.59426, 20.03436, 12.04228],
			"to": [0.6234, 21.56436, 13.16749],
			"rotation": {"angle": -22.5, "axis": "z", "origin": [-5.65283, -7.69255, 12.60488]},
			"faces": {
				"north": {"uv": [16, 16, 0, 0], "texture": "#2"},
				"east": {"uv": [16, 16, 0, 0], "texture": "#2"},
				"south": {"uv": [16, 16, 0, 0], "texture": "#2"},
				"west": {"uv": [16, 16, 0, 0], "texture": "#2"},
				"up": {"uv": [16, 16, 0, 0], "texture": "#2"},
				"down": {"uv": [16, 16, 0, 0], "texture": "#2"}
			}
		},
		{
			"from": [-12.17546, 21.27314, 12.04228],
			"to": [-10.9578, 22.80314, 13.16749],
			"rotation": {"angle": -45, "axis": "z", "origin": [-5.65283, -7.69255, 12.60488]},
			"faces": {
				"north": {"uv": [16, 16, 0, 0], "texture": "#2"},
				"east": {"uv": [16, 16, 0, 0], "texture": "#2"},
				"south": {"uv": [16, 16, 0, 0], "texture": "#2"},
				"west": {"uv": [16, 16, 0, 0], "texture": "#2"},
				"up": {"uv": [16, 16, 0, 0], "texture": "#2"},
				"down": {"uv": [16, 16, 0, 0], "texture": "#2"}
			}
		},
		{
			"from": [-0.10144, 22.51192, 12.04228],
			"to": [1.11621, 24.04192, 13.16749],
			"rotation": {"angle": -22.5, "axis": "z", "origin": [-5.65283, -7.69255, 12.60488]},
			"faces": {
				"north": {"uv": [16, 16, 0, 0], "texture": "#2"},
				"east": {"uv": [16, 16, 0, 0], "texture": "#2"},
				"south": {"uv": [16, 16, 0, 0], "texture": "#2"},
				"west": {"uv": [16, 16, 0, 0], "texture": "#2"},
				"up": {"uv": [16, 16, 0, 0], "texture": "#2"},
				"down": {"uv": [16, 16, 0, 0], "texture": "#2"}
			}
		},
		{
			"from": [-12.66828, 23.7507, 12.04228],
			"to": [-11.45062, 25.2807, 13.16749],
			"rotation": {"angle": -45, "axis": "z", "origin": [-5.65283, -7.69255, 12.60488]},
			"faces": {
				"north": {"uv": [16, 16, 0, 0], "texture": "#2"},
				"east": {"uv": [16, 16, 0, 0], "texture": "#2"},
				"south": {"uv": [16, 16, 0, 0], "texture": "#2"},
				"west": {"uv": [16, 16, 0, 0], "texture": "#2"},
				"up": {"uv": [16, 16, 0, 0], "texture": "#2"},
				"down": {"uv": [16, 16, 0, 0], "texture": "#2"}
			}
		},
		{
			"from": [0.97688, 25.10199, 12.04228],
			"to": [2.19454, 26.63199, 13.16749],
			"rotation": {"angle": -22.5, "axis": "z", "origin": [-5.06732, -6.27902, 12.60488]},
			"faces": {
				"north": {"uv": [16, 16, 0, 0], "texture": "#2"},
				"east": {"uv": [16, 16, 0, 0], "texture": "#2"},
				"south": {"uv": [16, 16, 0, 0], "texture": "#2"},
				"west": {"uv": [16, 16, 0, 0], "texture": "#2"},
				"up": {"uv": [16, 16, 0, 0], "texture": "#2"},
				"down": {"uv": [16, 16, 0, 0], "texture": "#2"}
			}
		},
		{
			"from": [9.79366, -4.35836, 11.70228],
			"to": [12.51366, 18.37223, 11.70228],
			"rotation": {"angle": 0, "axis": "y", "origin": [11.06866, -36.93806, 11.70228]},
			"faces": {
				"north": {"uv": [16, 0, 0, 15], "texture": "#1"},
				"east": {"uv": [16, 0, 0, 15], "texture": "#1"},
				"south": {"uv": [16, 0, 0, 15], "texture": "#1"},
				"west": {"uv": [16, 0, 0, 15], "texture": "#1"},
				"up": {"uv": [16, 0, 0, 15], "texture": "#1"},
				"down": {"uv": [16, 0, 0, 15], "texture": "#1"}
			}
		},
		{
			"from": [-14.41983, 13.08802, 11.70228],
			"to": [-7.69409, 14.61802, 11.70228],
			"rotation": {"angle": -45, "axis": "z", "origin": [-8.88283, -10.92255, 12.26488]},
			"faces": {
				"north": {"uv": [0, 0, 16, 15], "texture": "#1"},
				"east": {"uv": [0, 0, 16, 15], "texture": "#1"},
				"south": {"uv": [0, 0, 16, 15], "texture": "#1"},
				"west": {"uv": [0, 0, 16, 15], "texture": "#1"},
				"up": {"uv": [0, 0, 16, 15], "texture": "#1"},
				"down": {"uv": [0, 0, 16, 15], "texture": "#1"}
			}
		},
		{
			"from": [-4.8099, 2.83925, 11.70228],
			"to": [4.03591, 13.37925, 11.70228],
			"rotation": {"angle": -22.5, "axis": "z", "origin": [-8.88283, -10.92255, 12.26488]},
			"faces": {
				"north": {"uv": [16, 0, 0, 15], "texture": "#1"},
				"east": {"uv": [16, 0, 0, 15], "texture": "#1"},
				"south": {"uv": [16, 0, 0, 15], "texture": "#1"},
				"west": {"uv": [16, 0, 0, 15], "texture": "#1"},
				"up": {"uv": [16, 0, 0, 15], "texture": "#1"},
				"down": {"uv": [16, 0, 0, 15], "texture": "#1"}
			}
		},
		{
			"from": [-13.92701, 10.61047, 11.70228],
			"to": [-7.69409, 12.14047, 11.70228],
			"rotation": {"angle": -45, "axis": "z", "origin": [-8.88283, -10.92255, 12.26488]},
			"faces": {
				"north": {"uv": [0, 0, 16, 15], "texture": "#1"},
				"east": {"uv": [0, 0, 16, 15], "texture": "#1"},
				"south": {"uv": [0, 0, 16, 15], "texture": "#1"},
				"west": {"uv": [0, 0, 16, 15], "texture": "#1"},
				"up": {"uv": [0, 0, 16, 15], "texture": "#1"},
				"down": {"uv": [0, 0, 16, 15], "texture": "#1"}
			}
		},
		{
			"from": [-5.30271, 2.23169, 11.70228],
			"to": [5.05591, 10.90169, 11.70228],
			"rotation": {"angle": -22.5, "axis": "z", "origin": [-8.88283, -10.92255, 12.26488]},
			"faces": {
				"north": {"uv": [16, 0, 0, 15], "texture": "#1"},
				"east": {"uv": [16, 0, 0, 15], "texture": "#1"},
				"south": {"uv": [16, 0, 0, 15], "texture": "#1"},
				"west": {"uv": [16, 0, 0, 15], "texture": "#1"},
				"up": {"uv": [16, 0, 0, 15], "texture": "#1"},
				"down": {"uv": [16, 0, 0, 15], "texture": "#1"}
			}
		},
		{
			"from": [-13.43419, 8.13291, 11.70228],
			"to": [-7.69409, 9.66291, 11.70228],
			"rotation": {"angle": -45, "axis": "z", "origin": [-8.88283, -10.92255, 12.26488]},
			"faces": {
				"north": {"uv": [16, 0, 0, 15], "texture": "#1"},
				"east": {"uv": [16, 0, 0, 15], "texture": "#1"},
				"south": {"uv": [16, 0, 0, 15], "texture": "#1"},
				"west": {"uv": [16, 0, 0, 15], "texture": "#1"},
				"up": {"uv": [16, 0, 0, 15], "texture": "#1"},
				"down": {"uv": [16, 0, 0, 15], "texture": "#1"}
			}
		},
		{
			"from": [-5.79553, 6.89413, 11.70228],
			"to": [4.54591, 8.42413, 11.70228],
			"rotation": {"angle": -22.5, "axis": "z", "origin": [-8.88283, -10.92255, 12.26488]},
			"faces": {
				"north": {"uv": [16, 0, 0, 15], "texture": "#1"},
				"east": {"uv": [16, 0, 0, 15], "texture": "#1"},
				"south": {"uv": [16, 0, 0, 15], "texture": "#1"},
				"west": {"uv": [16, 0, 0, 15], "texture": "#1"},
				"up": {"uv": [16, 0, 0, 15], "texture": "#1"},
				"down": {"uv": [16, 0, 0, 15], "texture": "#1"}
			}
		},
		{
			"from": [-12.94137, 5.65535, 11.70228],
			"to": [-5.48409, 7.18535, 11.70228],
			"rotation": {"angle": -45, "axis": "z", "origin": [-8.88283, -10.92255, 12.26488]},
			"faces": {
				"north": {"uv": [16, 0, 0, 15], "texture": "#1"},
				"east": {"uv": [16, 0, 0, 15], "texture": "#1"},
				"south": {"uv": [16, 0, 0, 15], "texture": "#1"},
				"west": {"uv": [16, 0, 0, 15], "texture": "#1"},
				"up": {"uv": [16, 0, 0, 15], "texture": "#1"},
				"down": {"uv": [16, 0, 0, 15], "texture": "#1"}
			}
		},
		{
			"from": [-6.28835, 4.41657, 11.70228],
			"to": [4.54591, 5.94657, 11.70228],
			"rotation": {"angle": -22.5, "axis": "z", "origin": [-8.88283, -10.92255, 12.26488]},
			"faces": {
				"north": {"uv": [16, 0, 0, 15], "texture": "#1"},
				"east": {"uv": [16, 0, 0, 15], "texture": "#1"},
				"south": {"uv": [16, 0, 0, 15], "texture": "#1"},
				"west": {"uv": [16, 0, 0, 15], "texture": "#1"},
				"up": {"uv": [16, 0, 0, 15], "texture": "#1"},
				"down": {"uv": [16, 0, 0, 15], "texture": "#1"}
			}
		},
		{
			"from": [-12.44856, 3.17779, 11.70228],
			"to": [-4.46409, 6.06779, 11.70228],
			"rotation": {"angle": -45, "axis": "z", "origin": [-8.88283, -10.92255, 12.26488]},
			"faces": {
				"north": {"uv": [16, 0, 0, 15], "texture": "#1"},
				"east": {"uv": [16, 0, 0, 15], "texture": "#1"},
				"south": {"uv": [16, 0, 0, 15], "texture": "#1"},
				"west": {"uv": [16, 0, 0, 15], "texture": "#1"},
				"up": {"uv": [16, 0, 0, 15], "texture": "#1"},
				"down": {"uv": [16, 0, 0, 15], "texture": "#1"}
			}
		},
		{
			"from": [-6.78116, -0.95099, 11.70228],
			"to": [-3.27409, 3.46901, 11.70228],
			"rotation": {"angle": -22.5, "axis": "z", "origin": [-8.88283, -10.92255, 12.26488]},
			"faces": {
				"north": {"uv": [16, 0, 0, 15], "texture": "#1"},
				"east": {"uv": [16, 0, 0, 15], "texture": "#1"},
				"south": {"uv": [16, 0, 0, 15], "texture": "#1"},
				"west": {"uv": [16, 0, 0, 15], "texture": "#1"},
				"up": {"uv": [16, 0, 0, 15], "texture": "#1"},
				"down": {"uv": [16, 0, 0, 15], "texture": "#1"}
			}
		},
		{
			"from": [-7.27398, -0.53854, 11.70228],
			"to": [-1.91409, 0.99146, 11.70228],
			"rotation": {"angle": -22.5, "axis": "z", "origin": [-8.88283, -10.92255, 12.26488]},
			"faces": {
				"north": {"uv": [16, 0, 0, 15], "texture": "#1"},
				"east": {"uv": [16, 0, 0, 15], "texture": "#1"},
				"south": {"uv": [16, 0, 0, 15], "texture": "#1"},
				"west": {"uv": [16, 0, 0, 15], "texture": "#1"},
				"up": {"uv": [16, 0, 0, 15], "texture": "#1"},
				"down": {"uv": [16, 0, 0, 15], "texture": "#1"}
			}
		},
		{
			"from": [-11.95574, 0.70023, 11.70228],
			"to": [-7.69409, 2.23023, 11.70228],
			"rotation": {"angle": -45, "axis": "z", "origin": [-8.88283, -10.92255, 12.26488]},
			"faces": {
				"north": {"uv": [16, 0, 0, 15], "texture": "#1"},
				"east": {"uv": [16, 0, 0, 15], "texture": "#1"},
				"south": {"uv": [16, 0, 0, 15], "texture": "#1"},
				"west": {"uv": [16, 0, 0, 15], "texture": "#1"},
				"up": {"uv": [16, 0, 0, 15], "texture": "#1"},
				"down": {"uv": [16, 0, 0, 15], "texture": "#1"}
			}
		},
		{
			"from": [-11.46292, -1.77732, 11.70228],
			"to": [-9.90409, 8.42268, 11.70228],
			"rotation": {"angle": -45, "axis": "z", "origin": [-8.88283, -10.92255, 12.26488]},
			"faces": {
				"north": {"uv": [16, 0, 0, 15], "texture": "#1"},
				"east": {"uv": [16, 0, 0, 15], "texture": "#1"},
				"south": {"uv": [16, 0, 0, 15], "texture": "#1"},
				"west": {"uv": [16, 0, 0, 15], "texture": "#1"},
				"up": {"uv": [16, 0, 0, 15], "texture": "#1"},
				"down": {"uv": [16, 0, 0, 15], "texture": "#1"}
			}
		},
		{
			"from": [-4.31708, 2.9368, 11.70228],
			"to": [3.01591, 15.8568, 11.70228],
			"rotation": {"angle": -22.5, "axis": "z", "origin": [-8.88283, -10.92255, 12.26488]},
			"faces": {
				"north": {"uv": [16, 0, 0, 15], "texture": "#1"},
				"east": {"uv": [16, 0, 0, 15], "texture": "#1"},
				"south": {"uv": [16, 0, 0, 15], "texture": "#1"},
				"west": {"uv": [16, 0, 0, 15], "texture": "#1"},
				"up": {"uv": [16, 0, 0, 15], "texture": "#1"},
				"down": {"uv": [16, 0, 0, 15], "texture": "#1"}
			}
		},
		{
			"from": [-14.91264, 15.56558, 11.70228],
			"to": [-7.69409, 17.09558, 11.70228],
			"rotation": {"angle": -45, "axis": "z", "origin": [-8.88283, -10.92255, 12.26488]},
			"faces": {
				"north": {"uv": [0, 0, 16, 15], "texture": "#1"},
				"east": {"uv": [0, 0, 16, 15], "texture": "#1"},
				"south": {"uv": [0, 0, 16, 15], "texture": "#1"},
				"west": {"uv": [0, 0, 16, 15], "texture": "#1"},
				"up": {"uv": [0, 0, 16, 15], "texture": "#1"},
				"down": {"uv": [0, 0, 16, 15], "texture": "#1"}
			}
		},
		{
			"from": [-3.82426, 5.24436, 11.70228],
			"to": [1.99591, 18.33436, 11.70228],
			"rotation": {"angle": -22.5, "axis": "z", "origin": [-8.88283, -10.92255, 12.26488]},
			"faces": {
				"north": {"uv": [16, 0, 0, 15], "texture": "#1"},
				"east": {"uv": [16, 0, 0, 15], "texture": "#1"},
				"south": {"uv": [16, 0, 0, 15], "texture": "#1"},
				"west": {"uv": [16, 0, 0, 15], "texture": "#1"},
				"up": {"uv": [16, 0, 0, 15], "texture": "#1"},
				"down": {"uv": [16, 0, 0, 15], "texture": "#1"}
			}
		},
		{
			"from": [-3.33144, 4.66192, 11.70228],
			"to": [0.63591, 20.81192, 11.70228],
			"rotation": {"angle": -22.5, "axis": "z", "origin": [-8.88283, -10.92255, 12.26488]},
			"faces": {
				"north": {"uv": [16, 0, 0, 15], "texture": "#1"},
				"east": {"uv": [16, 0, 0, 15], "texture": "#1"},
				"south": {"uv": [16, 0, 0, 15], "texture": "#1"},
				"west": {"uv": [16, 0, 0, 15], "texture": "#1"},
				"up": {"uv": [16, 0, 0, 15], "texture": "#1"},
				"down": {"uv": [16, 0, 0, 15], "texture": "#1"}
			}
		},
		{
			"from": [-2.83863, 3.90948, 11.70228],
			"to": [-0.72409, 23.28948, 11.70228],
			"rotation": {"angle": -22.5, "axis": "z", "origin": [-8.88283, -10.92255, 12.26488]},
			"faces": {
				"north": {"uv": [16, 0, 0, 15], "texture": "#1"},
				"east": {"uv": [16, 0, 0, 15], "texture": "#1"},
				"south": {"uv": [16, 0, 0, 15], "texture": "#1"},
				"west": {"uv": [16, 0, 0, 15], "texture": "#1"},
				"up": {"uv": [16, 0, 0, 15], "texture": "#1"},
				"down": {"uv": [16, 0, 0, 15], "texture": "#1"}
			}
		},
		{
			"from": [-15.34151, 18.00242, 11.70228],
			"to": [-9.31296, 19.53242, 11.70228],
			"rotation": {"angle": -45, "axis": "z", "origin": [-8.80169, -10.86572, 12.26488]},
			"faces": {
				"north": {"uv": [0, 0, 16, 15], "texture": "#1"},
				"east": {"uv": [0, 0, 16, 15], "texture": "#1"},
				"south": {"uv": [0, 0, 16, 15], "texture": "#1"},
				"west": {"uv": [0, 0, 16, 15], "texture": "#1"},
				"up": {"uv": [0, 0, 16, 15], "texture": "#1"},
				"down": {"uv": [0, 0, 16, 15], "texture": "#1"}
			}
		},
		{
			"from": [-15.98162, 20.94925, 11.70228],
			"to": [-13.35307, 22.47925, 11.70228],
			"rotation": {"angle": -45, "axis": "z", "origin": [-9.44181, -10.80889, 12.26488]},
			"faces": {
				"north": {"uv": [0, 0, 16, 15], "texture": "#1"},
				"east": {"uv": [0, 0, 16, 15], "texture": "#1"},
				"south": {"uv": [0, 0, 16, 15], "texture": "#1"},
				"west": {"uv": [0, 0, 16, 15], "texture": "#1"},
				"up": {"uv": [0, 0, 16, 15], "texture": "#1"},
				"down": {"uv": [0, 0, 16, 15], "texture": "#1"}
			}
		},
		{
			"from": [-4.24057, -4.62208, 11.70228],
			"to": [12.48743, -2.6315, 11.70228],
			"rotation": {"angle": 0, "axis": "y", "origin": [-2.96557, -38.39179, 11.70228]},
			"faces": {
				"north": {"uv": [16, 0, 0, 15], "texture": "#1"},
				"east": {"uv": [16, 0, 0, 15], "texture": "#1"},
				"south": {"uv": [16, 0, 0, 15], "texture": "#1"},
				"west": {"uv": [16, 0, 0, 15], "texture": "#1"},
				"up": {"uv": [16, 0, 0, 15], "texture": "#1"},
				"down": {"uv": [16, 0, 0, 15], "texture": "#1"}
			}
		},
		{
			"from": [0.34591, -3.99713, 11.70228],
			"to": [10.29579, 0.76287, 11.70228],
			"rotation": {"angle": 0, "axis": "y", "origin": [2.00585, -1.61713, 11.70228]},
			"faces": {
				"north": {"uv": [16, 0, 0, 15], "texture": "#1"},
				"east": {"uv": [16, 0, 0, 15], "texture": "#1"},
				"south": {"uv": [16, 0, 0, 15], "texture": "#1"},
				"west": {"uv": [16, 0, 0, 15], "texture": "#1"},
				"up": {"uv": [16, 0, 0, 15], "texture": "#1"},
				"down": {"uv": [16, 0, 0, 15], "texture": "#1"}
			}
		}
	],
	"display": {
		"thirdperson_righthand": {
			"rotation": [69, -180, 0],
			"translation": [-12.5, 4.75, 3.5],
			"scale": [0.2, 0.2, 0.2]
		},
		"thirdperson_lefthand": {
			"rotation": [69, 90, 0],
			"translation": [-12.5, 4.75, 3.5],
			"scale": [0.2, 0.2, 0.2]
		},
		"firstperson_righthand": {
			"translation": [-17.25, 4, -0.5],
			"scale": [0.15, 0.15, 0.15]
		},
		"firstperson_lefthand": {
			"translation": [-17.25, 4, -0.5],
			"scale": [0.15, 0.15, 0.15]
		},
		"ground": {
			"scale": [0.23, 0.2, 0.2]
		},
		"gui": {
			"scale": [0.25, 0.29, 1]
		},
		"head": {
			"rotation": [0, -90, 0],
			"scale": [4, 4, 4],
            "translation": [1.5, -22, 1.5]
		},
		"fixed": {
			"translation": [0, 0, -3],
			"scale": [0.56, 0.47, 0.52]
		}
	},
	"groups": [
		{
			"name": "group",
			"origin": [-3.09415, 15.38287, 11.70228],
			"color": 0,
			"children": [0, 1, 2, 3, 4, 5, 6, 7, 8, 9, 10, 11, 12, 13, 14, 15, 16, 17, 18, 19, 20, 21, 22, 23, 24, 25, 26, 27, 28, 29, 30, 31, 32, 33, 34, 35, 36, 37, 38, 39, 40, 41, 42, 43, 44, 45, 46, 47, 48, 49, 50, 51, 52, 53, 54, 55, 56, 57, 58, 59, 60, 61]
		}
	]
}