{
	"credit": "Made with Blockbench",
	"texture_size": [32, 32],
	"textures": {
		"1": "concrete:vehicle/boat/euro/sail",
		"2": "concrete:vehicle/boat/euro/wood",
		"4": "concrete:vehicle/boat/euro/flag",
		"particle": "concrete:vehicle/boat/euro/wood"
	},
	"elements": [
		{
			"from": [9.26981, -11.36061, 7.67497],
			"to": [10.48747, -9.83061, 8.80018],
			"rotation": {"angle": -45, "axis": "z", "origin": [3.47202, 21.61264, 8.23757]},
			"faces": {
				"north": {"uv": [16, 16, 0, 0], "texture": "#2"},
				"east": {"uv": [16, 16, 0, 0], "texture": "#2"},
				"south": {"uv": [16, 16, 0, 0], "texture": "#2"},
				"west": {"uv": [16, 16, 0, 0], "texture": "#2"},
				"up": {"uv": [16, 16, 0, 0], "texture": "#2"},
				"down": {"uv": [16, 16, 0, 0], "texture": "#2"}
			}
		},
		{
			"from": [-3.29702, -10.12183, 7.67497],
			"to": [-2.07936, -8.59183, 8.80018],
			"rotation": {"angle": -22.5, "axis": "z", "origin": [3.47202, 21.61264, 8.23757]},
			"faces": {
				"north": {"uv": [16, 16, 0, 0], "texture": "#2"},
				"east": {"uv": [16, 16, 0, 0], "texture": "#2"},
				"south": {"uv": [16, 16, 0, 0], "texture": "#2"},
				"west": {"uv": [16, 16, 0, 0], "texture": "#2"},
				"up": {"uv": [16, 16, 0, 0], "texture": "#2"},
				"down": {"uv": [16, 16, 0, 0], "texture": "#2"}
			}
		},
		{
			"from": [-2.8042, -7.64427, 7.67497],
			"to": [-1.58654, -6.11427, 8.80018],
			"rotation": {"angle": -22.5, "axis": "z", "origin": [3.47202, 21.61264, 8.23757]},
			"faces": {
				"north": {"uv": [16, 16, 0, 0], "texture": "#2"},
				"east": {"uv": [16, 16, 0, 0], "texture": "#2"},
				"south": {"uv": [16, 16, 0, 0], "texture": "#2"},
				"west": {"uv": [16, 16, 0, 0], "texture": "#2"},
				"up": {"uv": [16, 16, 0, 0], "texture": "#2"},
				"down": {"uv": [16, 16, 0, 0], "texture": "#2"}
			}
		},
		{
			"from": [-0.83293, 2.26596, 7.67497],
			"to": [0.38472, 3.79596, 8.80018],
			"rotation": {"angle": -22.5, "axis": "z", "origin": [3.47202, 21.61264, 8.23757]},
			"faces": {
				"north": {"uv": [16, 16, 0, 0], "texture": "#2"},
				"east": {"uv": [16, 16, 0, 0], "texture": "#2"},
				"south": {"uv": [16, 16, 0, 0], "texture": "#2"},
				"west": {"uv": [16, 16, 0, 0], "texture": "#2"},
				"up": {"uv": [16, 16, 0, 0], "texture": "#2"},
				"down": {"uv": [16, 16, 0, 0], "texture": "#2"}
			}
		},
		{
			"from": [6.80573, 1.02718, 7.67497],
			"to": [8.02339, 2.55718, 8.80018],
			"rotation": {"angle": -45, "axis": "z", "origin": [3.47202, 21.61264, 8.23757]},
			"faces": {
				"north": {"uv": [16, 16, 0, 0], "texture": "#2"},
				"east": {"uv": [16, 16, 0, 0], "texture": "#2"},
				"south": {"uv": [16, 16, 0, 0], "texture": "#2"},
				"west": {"uv": [16, 16, 0, 0], "texture": "#2"},
				"up": {"uv": [16, 16, 0, 0], "texture": "#2"},
				"down": {"uv": [16, 16, 0, 0], "texture": "#2"}
			}
		},
		{
			"from": [-1.32575, -0.2116, 7.67497],
			"to": [-0.10809, 1.3184, 8.80018],
			"rotation": {"angle": -22.5, "axis": "z", "origin": [3.47202, 21.61264, 8.23757]},
			"faces": {
				"north": {"uv": [16, 16, 0, 0], "texture": "#2"},
				"east": {"uv": [16, 16, 0, 0], "texture": "#2"},
				"south": {"uv": [16, 16, 0, 0], "texture": "#2"},
				"west": {"uv": [16, 16, 0, 0], "texture": "#2"},
				"up": {"uv": [16, 16, 0, 0], "texture": "#2"},
				"down": {"uv": [16, 16, 0, 0], "texture": "#2"}
			}
		},
		{
			"from": [7.29855, -1.45038, 7.67497],
			"to": [8.5162, 0.07962, 8.80018],
			"rotation": {"angle": -45, "axis": "z", "origin": [3.47202, 21.61264, 8.23757]},
			"faces": {
				"north": {"uv": [16, 16, 0, 0], "texture": "#2"},
				"east": {"uv": [16, 16, 0, 0], "texture": "#2"},
				"south": {"uv": [16, 16, 0, 0], "texture": "#2"},
				"west": {"uv": [16, 16, 0, 0], "texture": "#2"},
				"up": {"uv": [16, 16, 0, 0], "texture": "#2"},
				"down": {"uv": [16, 16, 0, 0], "texture": "#2"}
			}
		},
		{
			"from": [7.79136, -3.92794, 7.67497],
			"to": [9.00902, -2.39794, 8.80018],
			"rotation": {"angle": -45, "axis": "z", "origin": [3.47202, 21.61264, 8.23757]},
			"faces": {
				"north": {"uv": [16, 16, 0, 0], "texture": "#2"},
				"east": {"uv": [16, 16, 0, 0], "texture": "#2"},
				"south": {"uv": [16, 16, 0, 0], "texture": "#2"},
				"west": {"uv": [16, 16, 0, 0], "texture": "#2"},
				"up": {"uv": [16, 16, 0, 0], "texture": "#2"},
				"down": {"uv": [16, 16, 0, 0], "texture": "#2"}
			}
		},
		{
			"from": [-1.81857, -2.68916, 7.67497],
			"to": [-0.60091, -1.15916, 8.80018],
			"rotation": {"angle": -22.5, "axis": "z", "origin": [3.47202, 21.61264, 8.23757]},
			"faces": {
				"north": {"uv": [16, 16, 0, 0], "texture": "#2"},
				"east": {"uv": [16, 16, 0, 0], "texture": "#2"},
				"south": {"uv": [16, 16, 0, 0], "texture": "#2"},
				"west": {"uv": [16, 16, 0, 0], "texture": "#2"},
				"up": {"uv": [16, 16, 0, 0], "texture": "#2"},
				"down": {"uv": [16, 16, 0, 0], "texture": "#2"}
			}
		},
		{
			"from": [-2.31138, -5.16672, 7.67497],
			"to": [-1.09373, -3.63672, 8.80018],
			"rotation": {"angle": -22.5, "axis": "z", "origin": [3.47202, 21.61264, 8.23757]},
			"faces": {
				"north": {"uv": [16, 16, 0, 0], "texture": "#2"},
				"east": {"uv": [16, 16, 0, 0], "texture": "#2"},
				"south": {"uv": [16, 16, 0, 0], "texture": "#2"},
				"west": {"uv": [16, 16, 0, 0], "texture": "#2"},
				"up": {"uv": [16, 16, 0, 0], "texture": "#2"},
				"down": {"uv": [16, 16, 0, 0], "texture": "#2"}
			}
		},
		{
			"from": [8.28418, -6.40549, 7.67497],
			"to": [9.50184, -4.87549, 8.80018],
			"rotation": {"angle": -45, "axis": "z", "origin": [3.47202, 21.61264, 8.23757]},
			"faces": {
				"north": {"uv": [16, 16, 0, 0], "texture": "#2"},
				"east": {"uv": [16, 16, 0, 0], "texture": "#2"},
				"south": {"uv": [16, 16, 0, 0], "texture": "#2"},
				"west": {"uv": [16, 16, 0, 0], "texture": "#2"},
				"up": {"uv": [16, 16, 0, 0], "texture": "#2"},
				"down": {"uv": [16, 16, 0, 0], "texture": "#2"}
			}
		},
		{
			"from": [2.61678, 19.60886, 7.67497],
			"to": [3.83444, 21.13886, 8.80018],
			"rotation": {"angle": -22.5, "axis": "z", "origin": [3.47202, 21.61264, 8.23757]},
			"faces": {
				"north": {"uv": [16, 16, 0, 0], "texture": "#2"},
				"east": {"uv": [16, 16, 0, 0], "texture": "#2"},
				"south": {"uv": [16, 16, 0, 0], "texture": "#2"},
				"west": {"uv": [16, 16, 0, 0], "texture": "#2"},
				"up": {"uv": [16, 16, 0, 0], "texture": "#2"},
				"down": {"uv": [16, 16, 0, 0], "texture": "#2"}
			}
		},
		{
			"from": [2.12397, 17.13131, 7.67497],
			"to": [3.34163, 18.66131, 8.80018],
			"rotation": {"angle": -22.5, "axis": "z", "origin": [3.47202, 21.61264, 8.23757]},
			"faces": {
				"north": {"uv": [16, 16, 0, 0], "texture": "#2"},
				"east": {"uv": [16, 16, 0, 0], "texture": "#2"},
				"south": {"uv": [16, 16, 0, 0], "texture": "#2"},
				"west": {"uv": [16, 16, 0, 0], "texture": "#2"},
				"up": {"uv": [16, 16, 0, 0], "texture": "#2"},
				"down": {"uv": [16, 16, 0, 0], "texture": "#2"}
			}
		},
		{
			"from": [3.35601, 18.37009, 7.67497],
			"to": [4.57367, 19.90009, 8.80018],
			"rotation": {"angle": -45, "axis": "z", "origin": [3.47202, 21.61264, 8.23757]},
			"faces": {
				"north": {"uv": [16, 16, 0, 0], "texture": "#2"},
				"east": {"uv": [16, 16, 0, 0], "texture": "#2"},
				"south": {"uv": [16, 16, 0, 0], "texture": "#2"},
				"west": {"uv": [16, 16, 0, 0], "texture": "#2"},
				"up": {"uv": [16, 16, 0, 0], "texture": "#2"},
				"down": {"uv": [16, 16, 0, 0], "texture": "#2"}
			}
		},
		{
			"from": [4.75943, 20.47046, 7.67497],
			"to": [5.97709, 22.00046, 8.80018],
			"rotation": {"angle": -45, "axis": "z", "origin": [4.87545, 23.71302, 8.23757]},
			"faces": {
				"north": {"uv": [16, 16, 0, 0], "texture": "#2"},
				"east": {"uv": [16, 16, 0, 0], "texture": "#2"},
				"south": {"uv": [16, 16, 0, 0], "texture": "#2"},
				"west": {"uv": [16, 16, 0, 0], "texture": "#2"},
				"up": {"uv": [16, 16, 0, 0], "texture": "#2"},
				"down": {"uv": [16, 16, 0, 0], "texture": "#2"}
			}
		},
		{
			"from": [3.84883, 15.89253, 7.67497],
			"to": [5.06648, 17.42253, 8.80018],
			"rotation": {"angle": -45, "axis": "z", "origin": [3.47202, 21.61264, 8.23757]},
			"faces": {
				"north": {"uv": [16, 16, 0, 0], "texture": "#2"},
				"east": {"uv": [16, 16, 0, 0], "texture": "#2"},
				"south": {"uv": [16, 16, 0, 0], "texture": "#2"},
				"west": {"uv": [16, 16, 0, 0], "texture": "#2"},
				"up": {"uv": [16, 16, 0, 0], "texture": "#2"},
				"down": {"uv": [16, 16, 0, 0], "texture": "#2"}
			}
		},
		{
			"from": [1.63115, 14.65375, 7.67497],
			"to": [2.84881, 16.18375, 8.80018],
			"rotation": {"angle": -22.5, "axis": "z", "origin": [3.47202, 21.61264, 8.23757]},
			"faces": {
				"north": {"uv": [16, 16, 0, 0], "texture": "#2"},
				"east": {"uv": [16, 16, 0, 0], "texture": "#2"},
				"south": {"uv": [16, 16, 0, 0], "texture": "#2"},
				"west": {"uv": [16, 16, 0, 0], "texture": "#2"},
				"up": {"uv": [16, 16, 0, 0], "texture": "#2"},
				"down": {"uv": [16, 16, 0, 0], "texture": "#2"}
			}
		},
		{
			"from": [4.34164, 13.41497, 7.67497],
			"to": [5.5593, 14.94497, 8.80018],
			"rotation": {"angle": -45, "axis": "z", "origin": [3.47202, 21.61264, 8.23757]},
			"faces": {
				"north": {"uv": [16, 16, 0, 0], "texture": "#2"},
				"east": {"uv": [16, 16, 0, 0], "texture": "#2"},
				"south": {"uv": [16, 16, 0, 0], "texture": "#2"},
				"west": {"uv": [16, 16, 0, 0], "texture": "#2"},
				"up": {"uv": [16, 16, 0, 0], "texture": "#2"},
				"down": {"uv": [16, 16, 0, 0], "texture": "#2"}
			}
		},
		{
			"from": [1.13833, 12.17619, 7.67497],
			"to": [2.35599, 13.70619, 8.80018],
			"rotation": {"angle": -22.5, "axis": "z", "origin": [3.47202, 21.61264, 8.23757]},
			"faces": {
				"north": {"uv": [16, 16, 0, 0], "texture": "#2"},
				"east": {"uv": [16, 16, 0, 0], "texture": "#2"},
				"south": {"uv": [16, 16, 0, 0], "texture": "#2"},
				"west": {"uv": [16, 16, 0, 0], "texture": "#2"},
				"up": {"uv": [16, 16, 0, 0], "texture": "#2"},
				"down": {"uv": [16, 16, 0, 0], "texture": "#2"}
			}
		},
		{
			"from": [4.83446, 10.93741, 7.67497],
			"to": [6.05212, 12.46741, 8.80018],
			"rotation": {"angle": -45, "axis": "z", "origin": [3.47202, 21.61264, 8.23757]},
			"faces": {
				"north": {"uv": [16, 16, 0, 0], "texture": "#2"},
				"east": {"uv": [16, 16, 0, 0], "texture": "#2"},
				"south": {"uv": [16, 16, 0, 0], "texture": "#2"},
				"west": {"uv": [16, 16, 0, 0], "texture": "#2"},
				"up": {"uv": [16, 16, 0, 0], "texture": "#2"},
				"down": {"uv": [16, 16, 0, 0], "texture": "#2"}
			}
		},
		{
			"from": [0.64552, 9.69863, 7.67497],
			"to": [1.86317, 11.22863, 8.80018],
			"rotation": {"angle": -22.5, "axis": "z", "origin": [3.47202, 21.61264, 8.23757]},
			"faces": {
				"north": {"uv": [16, 16, 0, 0], "texture": "#2"},
				"east": {"uv": [16, 16, 0, 0], "texture": "#2"},
				"south": {"uv": [16, 16, 0, 0], "texture": "#2"},
				"west": {"uv": [16, 16, 0, 0], "texture": "#2"},
				"up": {"uv": [16, 16, 0, 0], "texture": "#2"},
				"down": {"uv": [16, 16, 0, 0], "texture": "#2"}
			}
		},
		{
			"from": [5.32728, 8.45985, 7.67497],
			"to": [6.54494, 9.98985, 8.80018],
			"rotation": {"angle": -45, "axis": "z", "origin": [3.47202, 21.61264, 8.23757]},
			"faces": {
				"north": {"uv": [16, 16, 0, 0], "texture": "#2"},
				"east": {"uv": [16, 16, 0, 0], "texture": "#2"},
				"south": {"uv": [16, 16, 0, 0], "texture": "#2"},
				"west": {"uv": [16, 16, 0, 0], "texture": "#2"},
				"up": {"uv": [16, 16, 0, 0], "texture": "#2"},
				"down": {"uv": [16, 16, 0, 0], "texture": "#2"}
			}
		},
		{
			"from": [0.1527, 7.22107, 7.67497],
			"to": [1.37036, 8.75107, 8.80018],
			"rotation": {"angle": -22.5, "axis": "z", "origin": [3.47202, 21.61264, 8.23757]},
			"faces": {
				"north": {"uv": [16, 16, 0, 0], "texture": "#2"},
				"east": {"uv": [16, 16, 0, 0], "texture": "#2"},
				"south": {"uv": [16, 16, 0, 0], "texture": "#2"},
				"west": {"uv": [16, 16, 0, 0], "texture": "#2"},
				"up": {"uv": [16, 16, 0, 0], "texture": "#2"},
				"down": {"uv": [16, 16, 0, 0], "texture": "#2"}
			}
		},
		{
			"from": [5.8201, 5.9823, 7.67497],
			"to": [7.03775, 7.5123, 8.80018],
			"rotation": {"angle": -45, "axis": "z", "origin": [3.47202, 21.61264, 8.23757]},
			"faces": {
				"north": {"uv": [16, 16, 0, 0], "texture": "#2"},
				"east": {"uv": [16, 16, 0, 0], "texture": "#2"},
				"south": {"uv": [16, 16, 0, 0], "texture": "#2"},
				"west": {"uv": [16, 16, 0, 0], "texture": "#2"},
				"up": {"uv": [16, 16, 0, 0], "texture": "#2"},
				"down": {"uv": [16, 16, 0, 0], "texture": "#2"}
			}
		},
		{
			"from": [-0.34012, 4.74352, 7.67497],
			"to": [0.87754, 6.27352, 8.80018],
			"rotation": {"angle": -22.5, "axis": "z", "origin": [3.47202, 21.61264, 8.23757]},
			"faces": {
				"north": {"uv": [16, 16, 0, 0], "texture": "#2"},
				"east": {"uv": [16, 16, 0, 0], "texture": "#2"},
				"south": {"uv": [16, 16, 0, 0], "texture": "#2"},
				"west": {"uv": [16, 16, 0, 0], "texture": "#2"},
				"up": {"uv": [16, 16, 0, 0], "texture": "#2"},
				"down": {"uv": [16, 16, 0, 0], "texture": "#2"}
			}
		},
		{
			"from": [6.31291, 3.50474, 7.67497],
			"to": [7.53057, 5.03474, 8.80018],
			"rotation": {"angle": -45, "axis": "z", "origin": [3.47202, 21.61264, 8.23757]},
			"faces": {
				"north": {"uv": [16, 16, 0, 0], "texture": "#2"},
				"east": {"uv": [16, 16, 0, 0], "texture": "#2"},
				"south": {"uv": [16, 16, 0, 0], "texture": "#2"},
				"west": {"uv": [16, 16, 0, 0], "texture": "#2"},
				"up": {"uv": [16, 16, 0, 0], "texture": "#2"},
				"down": {"uv": [16, 16, 0, 0], "texture": "#2"}
			}
		},
		{
			"from": [-6.39293, -5.86557, 7.67497],
			"to": [-5.17527, -4.33557, 8.80018],
			"rotation": {"angle": -45, "axis": "z", "origin": [-7.75537, 4.80966, 8.23757]},
			"faces": {
				"north": {"uv": [16, 16, 0, 0], "texture": "#2"},
				"east": {"uv": [16, 16, 0, 0], "texture": "#2"},
				"south": {"uv": [16, 16, 0, 0], "texture": "#2"},
				"west": {"uv": [16, 16, 0, 0], "texture": "#2"},
				"up": {"uv": [16, 16, 0, 0], "texture": "#2"},
				"down": {"uv": [16, 16, 0, 0], "texture": "#2"}
			}
		},
		{
			"from": [1.22242, 21.33398, 6.99497],
			"to": [14.52075, 22.86398, 6.99497],
			"rotation": {"angle": -22.5, "axis": "z", "origin": [1.09202, 18.38264, 7.55757]},
			"faces": {
				"north": {"uv": [16, 16, 0, 0], "texture": "#1"},
				"east": {"uv": [16, 16, 0, 0], "texture": "#1"},
				"south": {"uv": [16, 16, 0, 0], "texture": "#1"},
				"west": {"uv": [16, 16, 0, 0], "texture": "#1"},
				"up": {"uv": [16, 16, 0, 0], "texture": "#1"},
				"down": {"uv": [16, 16, 0, 0], "texture": "#1"}
			}
		},
		{
			"from": [-0.50244, 22.57276, 6.99497],
			"to": [24.72075, 24.10276, 6.99497],
			"rotation": {"angle": -45, "axis": "z", "origin": [1.09202, 18.38264, 7.55757]},
			"faces": {
				"north": {"uv": [16, 16, 0, 0], "texture": "#1"},
				"east": {"uv": [16, 16, 0, 0], "texture": "#1"},
				"south": {"uv": [16, 16, 0, 0], "texture": "#1"},
				"west": {"uv": [16, 16, 0, 0], "texture": "#1"},
				"up": {"uv": [16, 16, 0, 0], "texture": "#1"},
				"down": {"uv": [16, 16, 0, 0], "texture": "#1"}
			}
		},
		{
			"from": [3.93291, 0.10474, 6.99497],
			"to": [16.22075, 29.17474, 6.99497],
			"rotation": {"angle": -45, "axis": "z", "origin": [1.09202, 18.38264, 7.55757]},
			"faces": {
				"north": {"uv": [16, 0, 0, 15], "texture": "#1"},
				"east": {"uv": [16, 0, 0, 15], "texture": "#1"},
				"south": {"uv": [16, 0, 0, 15], "texture": "#1"},
				"west": {"uv": [16, 0, 0, 15], "texture": "#1"},
				"up": {"uv": [16, 0, 0, 15], "texture": "#1"},
				"down": {"uv": [16, 0, 0, 15], "texture": "#1"}
			}
		},
		{
			"from": [-2.72012, 0.66352, 6.99497],
			"to": [16.56075, 3.04352, 6.99497],
			"rotation": {"angle": -22.5, "axis": "z", "origin": [1.09202, 18.38264, 7.55757]},
			"faces": {
				"north": {"uv": [16, 16, 0, 0], "texture": "#1"},
				"east": {"uv": [16, 16, 0, 0], "texture": "#1"},
				"south": {"uv": [16, 16, 0, 0], "texture": "#1"},
				"west": {"uv": [16, 16, 0, 0], "texture": "#1"},
				"up": {"uv": [16, 16, 0, 0], "texture": "#1"},
				"down": {"uv": [16, 16, 0, 0], "texture": "#1"}
			}
		},
		{
			"from": [3.4401, 2.5823, 6.99497],
			"to": [18.43075, 16.1823, 6.99497],
			"rotation": {"angle": -45, "axis": "z", "origin": [1.09202, 18.38264, 7.55757]},
			"faces": {
				"north": {"uv": [16, 16, 0, 0], "texture": "#1"},
				"east": {"uv": [16, 16, 0, 0], "texture": "#1"},
				"south": {"uv": [16, 16, 0, 0], "texture": "#1"},
				"west": {"uv": [16, 16, 0, 0], "texture": "#1"},
				"up": {"uv": [16, 16, 0, 0], "texture": "#1"},
				"down": {"uv": [16, 16, 0, 0], "texture": "#1"}
			}
		},
		{
			"from": [-2.2273, -0.08893, 6.99497],
			"to": [18.60075, 5.52107, 6.99497],
			"rotation": {"angle": -22.5, "axis": "z", "origin": [1.09202, 18.38264, 7.55757]},
			"faces": {
				"north": {"uv": [16, 16, 0, 0], "texture": "#1"},
				"east": {"uv": [16, 16, 0, 0], "texture": "#1"},
				"south": {"uv": [16, 16, 0, 0], "texture": "#1"},
				"west": {"uv": [16, 16, 0, 0], "texture": "#1"},
				"up": {"uv": [16, 16, 0, 0], "texture": "#1"},
				"down": {"uv": [16, 16, 0, 0], "texture": "#1"}
			}
		},
		{
			"from": [-2.2273, 4.16107, 6.99497],
			"to": [-1.45925, 5.52107, 6.99497],
			"rotation": {"angle": -22.5, "axis": "z", "origin": [1.09202, 18.38264, 7.55757]},
			"faces": {
				"north": {"uv": [16, 16, 0, 0], "texture": "#1"},
				"east": {"uv": [16, 16, 0, 0], "texture": "#1"},
				"south": {"uv": [16, 16, 0, 0], "texture": "#1"},
				"west": {"uv": [16, 16, 0, 0], "texture": "#1"},
				"up": {"uv": [16, 16, 0, 0], "texture": "#1"},
				"down": {"uv": [16, 16, 0, 0], "texture": "#1"}
			}
		},
		{
			"from": [-6.52819, 7.29964, 6.99497],
			"to": [-5.76013, 8.65964, 6.99497],
			"rotation": {"angle": -45, "axis": "z", "origin": [-6.14416, 7.97964, 6.99497]},
			"faces": {
				"north": {"uv": [16, 16, 0, 0], "texture": "#1"},
				"east": {"uv": [16, 16, 0, 0], "texture": "#1"},
				"south": {"uv": [16, 16, 0, 0], "texture": "#1"},
				"west": {"uv": [16, 16, 0, 0], "texture": "#1"},
				"up": {"uv": [16, 16, 0, 0], "texture": "#1"},
				"down": {"uv": [16, 16, 0, 0], "texture": "#1"}
			}
		},
		{
			"from": [-3.72134, 11.50038, 6.99497],
			"to": [-2.95329, 12.86038, 6.99497],
			"rotation": {"angle": -45, "axis": "z", "origin": [-3.33731, 12.18038, 6.99497]},
			"faces": {
				"north": {"uv": [16, 16, 0, 0], "texture": "#1"},
				"east": {"uv": [16, 16, 0, 0], "texture": "#1"},
				"south": {"uv": [16, 16, 0, 0], "texture": "#1"},
				"west": {"uv": [16, 16, 0, 0], "texture": "#1"},
				"up": {"uv": [16, 16, 0, 0], "texture": "#1"},
				"down": {"uv": [16, 16, 0, 0], "texture": "#1"}
			}
		},
		{
			"from": [-2.31792, 13.60075, 6.99497],
			"to": [-1.03986, 14.96075, 6.99497],
			"rotation": {"angle": -45, "axis": "z", "origin": [-1.93389, 14.28075, 6.99497]},
			"faces": {
				"north": {"uv": [16, 16, 0, 0], "texture": "#1"},
				"east": {"uv": [16, 16, 0, 0], "texture": "#1"},
				"south": {"uv": [16, 16, 0, 0], "texture": "#1"},
				"west": {"uv": [16, 16, 0, 0], "texture": "#1"},
				"up": {"uv": [16, 16, 0, 0], "texture": "#1"},
				"down": {"uv": [16, 16, 0, 0], "texture": "#1"}
			}
		},
		{
			"from": [-0.91449, 15.70113, 6.99497],
			"to": [0.36356, 17.06113, 6.99497],
			"rotation": {"angle": -45, "axis": "z", "origin": [-0.53046, 16.38113, 6.99497]},
			"faces": {
				"north": {"uv": [16, 16, 0, 0], "texture": "#1"},
				"east": {"uv": [16, 16, 0, 0], "texture": "#1"},
				"south": {"uv": [16, 16, 0, 0], "texture": "#1"},
				"west": {"uv": [16, 16, 0, 0], "texture": "#1"},
				"up": {"uv": [16, 16, 0, 0], "texture": "#1"},
				"down": {"uv": [16, 16, 0, 0], "texture": "#1"}
			}
		},
		{
			"from": [0.48893, 17.8015, 6.99497],
			"to": [2.78699, 19.8415, 6.99497],
			"rotation": {"angle": -45, "axis": "z", "origin": [0.87296, 18.4815, 6.99497]},
			"faces": {
				"north": {"uv": [16, 16, 0, 0], "texture": "#1"},
				"east": {"uv": [16, 16, 0, 0], "texture": "#1"},
				"south": {"uv": [16, 16, 0, 0], "texture": "#1"},
				"west": {"uv": [16, 16, 0, 0], "texture": "#1"},
				"up": {"uv": [16, 16, 0, 0], "texture": "#1"},
				"down": {"uv": [16, 16, 0, 0], "texture": "#1"}
			}
		},
		{
			"from": [1.89236, 19.90187, 6.99497],
			"to": [5.21041, 21.94187, 6.99497],
			"rotation": {"angle": -45, "axis": "z", "origin": [2.27638, 20.58187, 6.99497]},
			"faces": {
				"north": {"uv": [16, 16, 0, 0], "texture": "#1"},
				"east": {"uv": [16, 16, 0, 0], "texture": "#1"},
				"south": {"uv": [16, 16, 0, 0], "texture": "#1"},
				"west": {"uv": [16, 16, 0, 0], "texture": "#1"},
				"up": {"uv": [16, 16, 0, 0], "texture": "#1"},
				"down": {"uv": [16, 16, 0, 0], "texture": "#1"}
			}
		},
		{
			"from": [4.37765, 23.08412, 6.99497],
			"to": [7.69571, 25.12412, 6.99497],
			"rotation": {"angle": -45, "axis": "z", "origin": [4.76168, 23.76412, 6.99497]},
			"faces": {
				"north": {"uv": [16, 16, 0, 0], "texture": "#1"},
				"east": {"uv": [16, 16, 0, 0], "texture": "#1"},
				"south": {"uv": [16, 16, 0, 0], "texture": "#1"},
				"west": {"uv": [16, 16, 0, 0], "texture": "#1"},
				"up": {"uv": [16, 16, 0, 0], "texture": "#1"},
				"down": {"uv": [16, 16, 0, 0], "texture": "#1"}
			}
		},
		{
			"from": [5.4518, 3.65928, 6.99497],
			"to": [22.4518, 24.99733, 6.99497],
			"rotation": {"angle": 0, "axis": "y", "origin": [6.4718, 23.3383, 6.99497]},
			"faces": {
				"north": {"uv": [16, 16, 0, 0], "rotation": 270, "texture": "#1"},
				"east": {"uv": [16, 16, 0, 0], "rotation": 90, "texture": "#1"},
				"south": {"uv": [16, 16, 0, 0], "rotation": 90, "texture": "#1"},
				"west": {"uv": [16, 16, 0, 0], "rotation": 90, "texture": "#1"},
				"up": {"uv": [16, 16, 0, 0], "rotation": 90, "texture": "#1"},
				"down": {"uv": [16, 16, 0, 0], "rotation": 90, "texture": "#1"}
			}
		},
		{
			"from": [-1.73448, -5.60137, 6.99497],
			"to": [3.30075, 7.99863, 6.99497],
			"rotation": {"angle": -22.5, "axis": "z", "origin": [1.09202, 18.38264, 7.55757]},
			"faces": {
				"north": {"uv": [0, 16, 16, 0], "texture": "#1"},
				"east": {"uv": [0, 16, 16, 0], "texture": "#1"},
				"south": {"uv": [0, 16, 16, 0], "texture": "#1"},
				"west": {"uv": [0, 16, 16, 0], "texture": "#1"},
				"up": {"uv": [0, 16, 16, 0], "texture": "#1"},
				"down": {"uv": [0, 16, 16, 0], "texture": "#1"}
			}
		},
		{
			"from": [2.45446, 7.53741, 6.99497],
			"to": [24.04075, 25.21741, 6.99497],
			"rotation": {"angle": -45, "axis": "z", "origin": [1.09202, 18.38264, 7.55757]},
			"faces": {
				"north": {"uv": [0, 16, 16, 0], "texture": "#1"},
				"east": {"uv": [0, 16, 16, 0], "texture": "#1"},
				"south": {"uv": [0, 16, 16, 0], "texture": "#1"},
				"west": {"uv": [0, 16, 16, 0], "texture": "#1"},
				"up": {"uv": [0, 16, 16, 0], "texture": "#1"},
				"down": {"uv": [0, 16, 16, 0], "texture": "#1"}
			}
		},
		{
			"from": [-1.24167, 2.99619, 6.99497],
			"to": [26.42075, 10.47619, 6.99497],
			"rotation": {"angle": -22.5, "axis": "z", "origin": [1.09202, 18.38264, 7.55757]},
			"faces": {
				"north": {"uv": [16, 16, 0, 0], "texture": "#1"},
				"east": {"uv": [16, 16, 0, 0], "texture": "#1"},
				"south": {"uv": [16, 16, 0, 0], "texture": "#1"},
				"west": {"uv": [16, 16, 0, 0], "texture": "#1"},
				"up": {"uv": [16, 16, 0, 0], "texture": "#1"},
				"down": {"uv": [16, 16, 0, 0], "texture": "#1"}
			}
		},
		{
			"from": [-0.74885, 10.06375, 6.99497],
			"to": [26.42075, 12.95375, 6.99497],
			"rotation": {"angle": -22.5, "axis": "z", "origin": [1.09202, 18.38264, 7.55757]},
			"faces": {
				"north": {"uv": [16, 16, 0, 0], "texture": "#1"},
				"east": {"uv": [16, 16, 0, 0], "texture": "#1"},
				"south": {"uv": [16, 16, 0, 0], "texture": "#1"},
				"west": {"uv": [16, 16, 0, 0], "texture": "#1"},
				"up": {"uv": [16, 16, 0, 0], "texture": "#1"},
				"down": {"uv": [16, 16, 0, 0], "texture": "#1"}
			}
		},
		{
			"from": [-0.25603, 13.90131, 6.99497],
			"to": [14.52075, 15.43131, 6.99497],
			"rotation": {"angle": -22.5, "axis": "z", "origin": [1.09202, 18.38264, 7.55757]},
			"faces": {
				"north": {"uv": [16, 16, 0, 0], "texture": "#1"},
				"east": {"uv": [16, 16, 0, 0], "texture": "#1"},
				"south": {"uv": [16, 16, 0, 0], "texture": "#1"},
				"west": {"uv": [16, 16, 0, 0], "texture": "#1"},
				"up": {"uv": [16, 16, 0, 0], "texture": "#1"},
				"down": {"uv": [16, 16, 0, 0], "texture": "#1"}
			}
		},
		{
			"from": [0.7296, 18.85642, 6.99497],
			"to": [14.52075, 20.38642, 6.99497],
			"rotation": {"angle": -22.5, "axis": "z", "origin": [1.09202, 18.38264, 7.55757]},
			"faces": {
				"north": {"uv": [16, 16, 0, 0], "texture": "#1"},
				"east": {"uv": [16, 16, 0, 0], "texture": "#1"},
				"south": {"uv": [16, 16, 0, 0], "texture": "#1"},
				"west": {"uv": [16, 16, 0, 0], "texture": "#1"},
				"up": {"uv": [16, 16, 0, 0], "texture": "#1"},
				"down": {"uv": [16, 16, 0, 0], "texture": "#1"}
			}
		},
		{
			"from": [0.23678, 7.87886, 6.99497],
			"to": [24.21075, 17.90886, 6.99497],
			"rotation": {"angle": -22.5, "axis": "z", "origin": [1.09202, 18.38264, 7.55757]},
			"faces": {
				"north": {"uv": [16, 16, 0, 0], "texture": "#1"},
				"east": {"uv": [16, 16, 0, 0], "texture": "#1"},
				"south": {"uv": [16, 16, 0, 0], "texture": "#1"},
				"west": {"uv": [16, 16, 0, 0], "texture": "#1"},
				"up": {"uv": [16, 16, 0, 0], "texture": "#1"},
				"down": {"uv": [16, 16, 0, 0], "texture": "#1"}
			}
		},
		{
			"from": [-4.19857, -6.76916, 6.99497],
			"to": [2.96075, -4.38916, 6.99497],
			"rotation": {"angle": -22.5, "axis": "z", "origin": [1.09202, 18.38264, 7.55757]},
			"faces": {
				"north": {"uv": [16, 16, 0, 0], "texture": "#1"},
				"east": {"uv": [16, 16, 0, 0], "texture": "#1"},
				"south": {"uv": [16, 16, 0, 0], "texture": "#1"},
				"west": {"uv": [16, 16, 0, 0], "texture": "#1"},
				"up": {"uv": [16, 16, 0, 0], "texture": "#1"},
				"down": {"uv": [16, 16, 0, 0], "texture": "#1"}
			}
		},
		{
			"from": [5.41136, -7.32794, 6.99497],
			"to": [7.55075, 21.74206, 6.99497],
			"rotation": {"angle": -45, "axis": "z", "origin": [1.09202, 18.38264, 7.55757]},
			"faces": {
				"north": {"uv": [16, 16, 0, 0], "texture": "#1"},
				"east": {"uv": [16, 16, 0, 0], "texture": "#1"},
				"south": {"uv": [16, 16, 0, 0], "texture": "#1"},
				"west": {"uv": [16, 16, 0, 0], "texture": "#1"},
				"up": {"uv": [16, 16, 0, 0], "texture": "#1"},
				"down": {"uv": [16, 16, 0, 0], "texture": "#1"}
			}
		},
		{
			"from": [4.91855, -4.85038, 6.99497],
			"to": [10.10075, 24.21962, 6.99497],
			"rotation": {"angle": -45, "axis": "z", "origin": [1.09202, 18.38264, 7.55757]},
			"faces": {
				"north": {"uv": [16, 16, 0, 0], "texture": "#1"},
				"east": {"uv": [16, 16, 0, 0], "texture": "#1"},
				"south": {"uv": [16, 16, 0, 0], "texture": "#1"},
				"west": {"uv": [16, 16, 0, 0], "texture": "#1"},
				"up": {"uv": [16, 16, 0, 0], "texture": "#1"},
				"down": {"uv": [16, 16, 0, 0], "texture": "#1"}
			}
		},
		{
			"from": [-3.70575, -5.4816, 6.99497],
			"to": [5.34075, -1.9116, 6.99497],
			"rotation": {"angle": -22.5, "axis": "z", "origin": [1.09202, 18.38264, 7.55757]},
			"faces": {
				"north": {"uv": [16, 16, 0, 0], "texture": "#1"},
				"east": {"uv": [16, 16, 0, 0], "texture": "#1"},
				"south": {"uv": [16, 16, 0, 0], "texture": "#1"},
				"west": {"uv": [16, 16, 0, 0], "texture": "#1"},
				"up": {"uv": [16, 16, 0, 0], "texture": "#1"},
				"down": {"uv": [16, 16, 0, 0], "texture": "#1"}
			}
		},
		{
			"from": [4.42573, -2.37282, 6.99497],
			"to": [14.18075, 26.69718, 6.99497],
			"rotation": {"angle": -45, "axis": "z", "origin": [1.09202, 18.38264, 7.55757]},
			"faces": {
				"north": {"uv": [16, 16, 0, 0], "texture": "#1"},
				"east": {"uv": [16, 16, 0, 0], "texture": "#1"},
				"south": {"uv": [16, 16, 0, 0], "texture": "#1"},
				"west": {"uv": [16, 16, 0, 0], "texture": "#1"},
				"up": {"uv": [16, 16, 0, 0], "texture": "#1"},
				"down": {"uv": [16, 16, 0, 0], "texture": "#1"}
			}
		},
		{
			"from": [-3.21293, -2.66404, 6.99497],
			"to": [10.44075, 0.56596, 6.99497],
			"rotation": {"angle": -22.5, "axis": "z", "origin": [1.09202, 18.38264, 7.55757]},
			"faces": {
				"north": {"uv": [16, 16, 0, 0], "texture": "#1"},
				"east": {"uv": [16, 16, 0, 0], "texture": "#1"},
				"south": {"uv": [16, 16, 0, 0], "texture": "#1"},
				"west": {"uv": [16, 16, 0, 0], "texture": "#1"},
				"up": {"uv": [16, 16, 0, 0], "texture": "#1"},
				"down": {"uv": [16, 16, 0, 0], "texture": "#1"}
			}
		},
		{
			"from": [-13.80256, -5.50538, 6.99497],
			"to": [18.61802, -2.95538, 6.99497],
			"rotation": {"angle": 0, "axis": "y", "origin": [-15.10227, -15.28038, 6.99497]},
			"faces": {
				"north": {"uv": [16, 15.875, 0, 0], "texture": "#1"},
				"east": {"uv": [16, 15.875, 0, 0], "texture": "#1"},
				"south": {"uv": [16, 15.875, 0, 0], "texture": "#1"},
				"west": {"uv": [16, 15.875, 0, 0], "texture": "#1"},
				"up": {"uv": [16, 15.875, 0, 0], "texture": "#1"},
				"down": {"uv": [16, 15.875, 0, 0], "texture": "#1"}
			}
		},
		{
			"from": [2.72732, 18.61317, 12.11384],
			"to": [3.23732, 19.12314, 12.5197],
			"rotation": {"angle": 22.5, "axis": "x", "origin": [2.89732, 30.68434, 14.61644]},
			"faces": {
				"north": {"uv": [16, 16, 0, 0], "texture": "#2"},
				"east": {"uv": [16, 16, 0, 0], "texture": "#2"},
				"south": {"uv": [16, 16, 0, 0], "texture": "#2"},
				"west": {"uv": [16, 16, 0, 0], "texture": "#2"},
				"up": {"uv": [16, 16, 0, 0], "texture": "#2"},
				"down": {"uv": [16, 16, 0, 0], "texture": "#2"}
			}
		},
		{
			"from": [2.72732, 19.04548, 16.72862],
			"to": [3.23732, 19.55545, 17.13448],
			"rotation": {"angle": 45, "axis": "x", "origin": [2.89732, 30.68434, 14.61644]},
			"faces": {
				"north": {"uv": [16, 16, 0, 0], "texture": "#2"},
				"east": {"uv": [16, 16, 0, 0], "texture": "#2"},
				"south": {"uv": [16, 16, 0, 0], "texture": "#2"},
				"west": {"uv": [16, 16, 0, 0], "texture": "#2"},
				"up": {"uv": [16, 16, 0, 0], "texture": "#2"},
				"down": {"uv": [16, 16, 0, 0], "texture": "#2"}
			}
		},
		{
			"from": [2.64915, 19.92676, 7.68491],
			"to": [3.15915, 20.60673, 8.09077],
			"rotation": {"angle": -22.5, "axis": "z", "origin": [2.90415, 20.35175, 7.88784]},
			"faces": {
				"north": {"uv": [16, 16, 0, 0], "texture": "#2"},
				"east": {"uv": [16, 16, 0, 0], "texture": "#2"},
				"south": {"uv": [16, 16, 0, 0], "texture": "#2"},
				"west": {"uv": [16, 16, 0, 0], "texture": "#2"},
				"up": {"uv": [16, 16, 0, 0], "texture": "#2"},
				"down": {"uv": [16, 16, 0, 0], "texture": "#2"}
			}
		},
		{
			"from": [5.17085, 7.76356, 6.9741],
			"to": [19.92278, 23.06356, 6.9741],
			"rotation": {"angle": 0, "axis": "y", "origin": [9.74181, 21.95856, -10.34503]},
			"faces": {
				"north": {"uv": [0, 0, 16, 16], "texture": "#4"},
				"east": {"uv": [0, 0, 16, 16], "texture": "#4"},
				"south": {"uv": [0, 0, 16, 16], "texture": "#4"},
				"west": {"uv": [0, 0, 16, 16], "texture": "#4"},
				"up": {"uv": [0, 0, 16, 16], "texture": "#4"},
				"down": {"uv": [0, 0, 16, 16], "texture": "#4"}
			}
		},
		{
			"from": [22.47429, -11.26557, 6.66407],
			"to": [24.1095, 25.16719, 7.03173],
			"rotation": {"angle": 0, "axis": "y", "origin": [22.19424, -9.79503, 14.67497]},
			"faces": {
				"north": {"uv": [15, 11, 13, 9], "texture": "#2"},
				"east": {"uv": [15, 11, 13, 9], "texture": "#2"},
				"south": {"uv": [15, 11, 13, 9], "texture": "#2"},
				"west": {"uv": [15, 11, 13, 9], "texture": "#2"},
				"up": {"uv": [15, 11, 13, 9], "texture": "#2"},
				"down": {"uv": [15, 11, 13, 9], "texture": "#2"}
			}
		},
		{
			"from": [22.39483, -11.26557, 6.22619],
			"to": [24.03004, 25.16719, 6.59385],
			"rotation": {"angle": 45, "axis": "y", "origin": [23.78074, -7.71259, 6.27578]},
			"faces": {
				"north": {"uv": [15, 11, 13, 9], "texture": "#2"},
				"east": {"uv": [15, 11, 13, 9], "texture": "#2"},
				"south": {"uv": [15, 11, 13, 9], "texture": "#2"},
				"west": {"uv": [15, 11, 13, 9], "texture": "#2"},
				"up": {"uv": [15, 11, 13, 9], "texture": "#2"},
				"down": {"uv": [15, 11, 13, 9], "texture": "#2"}
			}
		},
		{
			"from": [22.63401, -11.26557, 6.3956],
			"to": [24.26922, 25.16719, 6.76325],
			"rotation": {"angle": 22.5, "axis": "y", "origin": [24.04662, -7.71259, 6.57943]},
			"faces": {
				"north": {"uv": [15, 11, 13, 9], "texture": "#2"},
				"east": {"uv": [15, 11, 13, 9], "texture": "#2"},
				"south": {"uv": [15, 11, 13, 9], "texture": "#2"},
				"west": {"uv": [15, 11, 13, 9], "texture": "#2"},
				"up": {"uv": [15, 11, 13, 9], "texture": "#2"},
				"down": {"uv": [15, 11, 13, 9], "texture": "#2"}
			}
		},
		{
			"from": [23.46267, -11.26557, 6.02648],
			"to": [23.83033, 25.16719, 6.47169],
			"shade": false,
			"rotation": {"angle": -22.5, "axis": "y", "origin": [23.78074, -7.71259, 6.27578]},
			"faces": {
				"north": {"uv": [15, 11, 13, 9], "texture": "#2"},
				"east": {"uv": [15, 11, 13, 9], "texture": "#2"},
				"south": {"uv": [15, 11, 13, 9], "texture": "#2"},
				"west": {"uv": [15, 11, 13, 9], "texture": "#2"},
				"up": {"uv": [15, 11, 13, 9], "texture": "#2"},
				"down": {"uv": [15, 11, 13, 9], "texture": "#2"}
			}
		},
		{
			"from": [22.99858, -11.26557, 6.0681],
			"to": [23.36623, 25.16719, 7.53331],
			"rotation": {"angle": 22.5, "axis": "y", "origin": [22.92755, 17.91581, 6.377]},
			"faces": {
				"north": {"uv": [15, 11, 13, 9], "texture": "#2"},
				"east": {"uv": [15, 11, 13, 9], "texture": "#2"},
				"south": {"uv": [15, 11, 13, 9], "texture": "#2"},
				"west": {"uv": [15, 11, 13, 9], "texture": "#2"},
				"up": {"uv": [15, 11, 13, 9], "texture": "#2"},
				"down": {"uv": [15, 11, 13, 9], "texture": "#2"}
			}
		},
		{
			"from": [22.74372, -11.26557, 6.11879],
			"to": [23.11138, 25.16719, 7.584],
			"rotation": {"angle": 45, "axis": "y", "origin": [22.92755, 17.91581, 6.377]},
			"faces": {
				"north": {"uv": [15, 11, 13, 9], "texture": "#2"},
				"east": {"uv": [15, 11, 13, 9], "texture": "#2"},
				"south": {"uv": [15, 11, 13, 9], "texture": "#2"},
				"west": {"uv": [15, 11, 13, 9], "texture": "#2"},
				"up": {"uv": [15, 11, 13, 9], "texture": "#2"},
				"down": {"uv": [15, 11, 13, 9], "texture": "#2"}
			}
		},
		{
			"from": [23.21463, -11.26557, 5.92373],
			"to": [23.58229, 25.16719, 7.38894],
			"rotation": {"angle": 0, "axis": "y", "origin": [23.04528, -7.71259, 6.31933]},
			"faces": {
				"north": {"uv": [15, 11, 13, 9], "texture": "#2"},
				"east": {"uv": [15, 11, 13, 9], "texture": "#2"},
				"south": {"uv": [15, 11, 13, 9], "texture": "#2"},
				"west": {"uv": [15, 11, 13, 9], "texture": "#2"},
				"up": {"uv": [15, 11, 13, 9], "texture": "#2"},
				"down": {"uv": [15, 11, 13, 9], "texture": "#2"}
			}
		},
		{
			"from": [23.21463, -11.26557, 7.32686],
			"to": [23.58229, 25.16719, 7.77207],
			"rotation": {"angle": 0, "axis": "y", "origin": [23.04528, -7.71259, 7.37647]},
			"faces": {
				"north": {"uv": [15, 11, 13, 9], "texture": "#2"},
				"east": {"uv": [15, 11, 13, 9], "texture": "#2"},
				"south": {"uv": [15, 11, 13, 9], "texture": "#2"},
				"west": {"uv": [15, 11, 13, 9], "texture": "#2"},
				"up": {"uv": [15, 11, 13, 9], "texture": "#2"},
				"down": {"uv": [15, 11, 13, 9], "texture": "#2"}
			}
		},
		{
			"from": [22.98547, -11.26557, 7.23194],
			"to": [23.35313, 25.16719, 7.67715],
			"rotation": {"angle": -22.5, "axis": "y", "origin": [23.04528, -7.71259, 7.37647]},
			"faces": {
				"north": {"uv": [15, 11, 13, 9], "texture": "#2"},
				"east": {"uv": [15, 11, 13, 9], "texture": "#2"},
				"south": {"uv": [15, 11, 13, 9], "texture": "#2"},
				"west": {"uv": [15, 11, 13, 9], "texture": "#2"},
				"up": {"uv": [15, 11, 13, 9], "texture": "#2"},
				"down": {"uv": [15, 11, 13, 9], "texture": "#2"}
			}
		},
		{
			"from": [22.73743, -11.26557, 7.23194],
			"to": [23.10509, 25.16719, 7.67715],
			"rotation": {"angle": -45, "axis": "y", "origin": [23.04528, -7.71259, 7.37647]},
			"faces": {
				"north": {"uv": [15, 11, 13, 9], "texture": "#2"},
				"east": {"uv": [15, 11, 13, 9], "texture": "#2"},
				"south": {"uv": [15, 11, 13, 9], "texture": "#2"},
				"west": {"uv": [15, 11, 13, 9], "texture": "#2"},
				"up": {"uv": [15, 11, 13, 9], "texture": "#2"},
				"down": {"uv": [15, 11, 13, 9], "texture": "#2"}
			}
		},
		{
			"from": [22.64968, -11.26557, 6.83946],
			"to": [23.09489, 25.16719, 7.20712],
			"rotation": {"angle": 22.5, "axis": "y", "origin": [23.04528, -7.71259, 7.37647]},
			"faces": {
				"north": {"uv": [15, 11, 13, 9], "texture": "#2"},
				"east": {"uv": [15, 11, 13, 9], "texture": "#2"},
				"south": {"uv": [15, 11, 13, 9], "texture": "#2"},
				"west": {"uv": [15, 11, 13, 9], "texture": "#2"},
				"up": {"uv": [15, 11, 13, 9], "texture": "#2"},
				"down": {"uv": [15, 11, 13, 9], "texture": "#2"}
			}
		},
		{
			"from": [23.58483, -11.26557, 7.10196],
			"to": [24.03004, 25.16719, 7.46961],
			"rotation": {"angle": -45, "axis": "y", "origin": [23.78074, -7.71259, 7.42002]},
			"faces": {
				"north": {"uv": [15, 11, 13, 9], "texture": "#2"},
				"east": {"uv": [15, 11, 13, 9], "texture": "#2"},
				"south": {"uv": [15, 11, 13, 9], "texture": "#2"},
				"west": {"uv": [15, 11, 13, 9], "texture": "#2"},
				"up": {"uv": [15, 11, 13, 9], "texture": "#2"},
				"down": {"uv": [15, 11, 13, 9], "texture": "#2"}
			}
		},
		{
			"from": [23.46267, -11.26557, 7.22412],
			"to": [23.83033, 25.16719, 7.66933],
			"rotation": {"angle": 22.5, "axis": "y", "origin": [23.78074, -7.71259, 7.42002]},
			"faces": {
				"north": {"uv": [15, 11, 13, 9], "texture": "#2"},
				"east": {"uv": [15, 11, 13, 9], "texture": "#2"},
				"south": {"uv": [15, 11, 13, 9], "texture": "#2"},
				"west": {"uv": [15, 11, 13, 9], "texture": "#2"},
				"up": {"uv": [15, 11, 13, 9], "texture": "#2"},
				"down": {"uv": [15, 11, 13, 9], "texture": "#2"}
			}
		},
		{
			"from": [23.82401, -11.26557, 6.93255],
			"to": [24.26922, 25.16719, 7.30021],
			"rotation": {"angle": -22.5, "axis": "y", "origin": [24.04662, -7.71259, 7.11638]},
			"faces": {
				"north": {"uv": [15, 11, 13, 9], "texture": "#2"},
				"east": {"uv": [15, 11, 13, 9], "texture": "#2"},
				"south": {"uv": [15, 11, 13, 9], "texture": "#2"},
				"west": {"uv": [15, 11, 13, 9], "texture": "#2"},
				"up": {"uv": [15, 11, 13, 9], "texture": "#2"},
				"down": {"uv": [15, 11, 13, 9], "texture": "#2"}
			}
		},
		{
			"from": [23.87742, -11.26557, 6.66407],
			"to": [24.32263, 25.16719, 7.03173],
			"rotation": {"angle": 0, "axis": "y", "origin": [22.16121, -9.79503, 14.67497]},
			"faces": {
				"north": {"uv": [15, 11, 13, 9], "texture": "#2"},
				"east": {"uv": [15, 11, 13, 9], "texture": "#2"},
				"south": {"uv": [15, 11, 13, 9], "texture": "#2"},
				"west": {"uv": [15, 11, 13, 9], "texture": "#2"},
				"up": {"uv": [15, 11, 13, 9], "texture": "#2"},
				"down": {"uv": [15, 11, 13, 9], "texture": "#2"}
			}
		}
	],
	"display": {
		"thirdperson_righthand": {
			"rotation": [69, -180, 0],
			"translation": [-12.5, 4.75, 3.5],
			"scale": [0.2, 0.2, 0.2]
		},
		"thirdperson_lefthand": {
			"rotation": [69, 90, 0],
			"translation": [-12.5, 4.75, 3.5],
			"scale": [0.2, 0.2, 0.2]
		},
		"firstperson_righthand": {
			"translation": [-17.25, 4, -0.5],
			"scale": [0.15, 0.15, 0.15]
		},
		"firstperson_lefthand": {
			"translation": [-17.25, 4, -0.5],
			"scale": [0.15, 0.15, 0.15]
		},
		"ground": {
			"scale": [0.23, 0.2, 0.2]
		},
		"gui": {
			"scale": [0.25, 0.29, 1]
		},
		"head": {
			"rotation": [0, -90, 0],
            "translation": [13, -30, 0],
			"scale": [4, 4, 4]
		},
		"fixed": {
			"translation": [0, 0, -3],
			"scale": [0.56, 0.47, 0.52]
		}
	},
	"groups": [
		{
			"name": "group",
			"origin": [8.88464, 31.80402, 8.227],
			"color": 0,
			"children": [0, 1, 2, 3, 4, 5, 6, 7, 8, 9, 10, 11, 12, 13, 14, 15, 16, 17, 18, 19, 20, 21, 22, 23, 24, 25, 26, 27, 28, 29, 30, 31, 32, 33, 34, 35, 36, 37, 38, 39, 40, 41, 42, 43, 44, 45, 46, 47, 48, 49, 50, 51, 52, 53, 54, 55, 56, 57, 58, 59, 60, 61, 62, 63, 64, 65, 66, 67, 68, 69, 70, 71, 72, 73, 74]
		}
	]
}