{
	"credit": "Made with Blockbench",
	"texture_size": [32, 32],
	"textures": {
		"1": "concrete:vehicle/boat/euro/sail",
		"2": "concrete:vehicle/boat/euro/wood",
		"4": "concrete:vehicle/boat/euro/flag",
		"particle": "concrete:vehicle/boat/euro/wood"
	},
	"elements": [
		{
			"from": [4.24494, 29.19112, 7.67062],
			"to": [5.4626, 30.72112, 8.79583],
			"rotation": {"angle": -22.5, "axis": "z", "origin": [-1.79925, -3.49091, 8.23322]},
			"faces": {
				"north": {"uv": [16, 16, 0, 0], "texture": "#2"},
				"east": {"uv": [16, 16, 0, 0], "texture": "#2"},
				"south": {"uv": [16, 16, 0, 0], "texture": "#2"},
				"west": {"uv": [16, 16, 0, 0], "texture": "#2"},
				"up": {"uv": [16, 16, 0, 0], "texture": "#2"},
				"down": {"uv": [16, 16, 0, 0], "texture": "#2"}
			}
		},
		{
			"from": [-8.8147, 27.95235, 7.67062],
			"to": [-7.59705, 29.48235, 8.79583],
			"shade": false,
			"rotation": {"angle": -45, "axis": "z", "origin": [-1.79925, -3.49091, 8.23322]},
			"faces": {
				"north": {"uv": [16, 0, 0, 15], "texture": "#2"},
				"east": {"uv": [16, 0, 0, 15], "texture": "#2"},
				"south": {"uv": [16, 0, 0, 15], "texture": "#2"},
				"west": {"uv": [16, 0, 0, 15], "texture": "#2"},
				"up": {"uv": [16, 0, 0, 15], "texture": "#2"},
				"down": {"uv": [16, 0, 0, 15], "texture": "#2"}
			}
		},
		{
			"from": [3.75213, 26.71357, 7.67062],
			"to": [4.96978, 28.24357, 8.79583],
			"rotation": {"angle": -22.5, "axis": "z", "origin": [-1.79925, -3.49091, 8.23322]},
			"faces": {
				"north": {"uv": [16, 15.1875, 0, 0], "texture": "#2"},
				"east": {"uv": [16, 15.1875, 0, 0], "texture": "#2"},
				"south": {"uv": [16, 15.1875, 0, 0], "texture": "#2"},
				"west": {"uv": [16, 15.1875, 0, 0], "texture": "#2"},
				"up": {"uv": [16, 15.1875, 0, 0], "texture": "#2"},
				"down": {"uv": [16, 15.1875, 0, 0], "texture": "#2"}
			}
		},
		{
			"from": [-8.32189, 25.47479, 7.67062],
			"to": [-7.10423, 27.00479, 8.79583],
			"rotation": {"angle": -45, "axis": "z", "origin": [-1.79925, -3.49091, 8.23322]},
			"faces": {
				"north": {"uv": [16, 15.375, 0, 0], "texture": "#2"},
				"east": {"uv": [16, 15.375, 0, 0], "texture": "#2"},
				"south": {"uv": [16, 15.375, 0, 0], "texture": "#2"},
				"west": {"uv": [16, 15.375, 0, 0], "texture": "#2"},
				"up": {"uv": [16, 15.375, 0, 0], "texture": "#2"},
				"down": {"uv": [16, 15.375, 0, 0], "texture": "#2"}
			}
		},
		{
			"from": [3.25931, 24.23601, 7.67062],
			"to": [4.47697, 25.76601, 8.79583],
			"rotation": {"angle": -22.5, "axis": "z", "origin": [-1.79925, -3.49091, 8.23322]},
			"faces": {
				"north": {"uv": [16, 15.5625, 0, 0], "texture": "#2"},
				"east": {"uv": [16, 15.5625, 0, 0], "texture": "#2"},
				"south": {"uv": [16, 15.5625, 0, 0], "texture": "#2"},
				"west": {"uv": [16, 15.5625, 0, 0], "texture": "#2"},
				"up": {"uv": [16, 15.5625, 0, 0], "texture": "#2"},
				"down": {"uv": [16, 15.5625, 0, 0], "texture": "#2"}
			}
		},
		{
			"from": [-7.82907, 22.99723, 7.67062],
			"to": [-6.61141, 24.52723, 8.79583],
			"rotation": {"angle": -45, "axis": "z", "origin": [-1.79925, -3.49091, 8.23322]},
			"faces": {
				"north": {"uv": [16, 15.75, 0, 0], "texture": "#2"},
				"east": {"uv": [16, 15.75, 0, 0], "texture": "#2"},
				"south": {"uv": [16, 15.75, 0, 0], "texture": "#2"},
				"west": {"uv": [16, 15.75, 0, 0], "texture": "#2"},
				"up": {"uv": [16, 15.75, 0, 0], "texture": "#2"},
				"down": {"uv": [16, 15.75, 0, 0], "texture": "#2"}
			}
		},
		{
			"from": [-7.33625, 20.51967, 7.67062],
			"to": [-6.1186, 22.04967, 8.79583],
			"rotation": {"angle": -45, "axis": "z", "origin": [-1.79925, -3.49091, 8.23322]},
			"faces": {
				"north": {"uv": [16, 15.9375, 0, 0], "texture": "#2"},
				"east": {"uv": [16, 15.9375, 0, 0], "texture": "#2"},
				"south": {"uv": [16, 15.9375, 0, 0], "texture": "#2"},
				"west": {"uv": [16, 15.9375, 0, 0], "texture": "#2"},
				"up": {"uv": [16, 15.9375, 0, 0], "texture": "#2"},
				"down": {"uv": [16, 15.9375, 0, 0], "texture": "#2"}
			}
		},
		{
			"from": [2.76649, 21.75845, 7.67062],
			"to": [3.98415, 23.28845, 8.79583],
			"rotation": {"angle": -22.5, "axis": "z", "origin": [-1.79925, -3.49091, 8.23322]},
			"faces": {
				"north": {"uv": [16, 16, 0, 0], "texture": "#2"},
				"east": {"uv": [16, 16, 0, 0], "texture": "#2"},
				"south": {"uv": [16, 16, 0, 0], "texture": "#2"},
				"west": {"uv": [16, 16, 0, 0], "texture": "#2"},
				"up": {"uv": [16, 16, 0, 0], "texture": "#2"},
				"down": {"uv": [16, 16, 0, 0], "texture": "#2"}
			}
		},
		{
			"from": [2.27368, 19.28089, 7.67062],
			"to": [3.49133, 20.81089, 8.79583],
			"rotation": {"angle": -22.5, "axis": "z", "origin": [-1.79925, -3.49091, 8.23322]},
			"faces": {
				"north": {"uv": [16, 16, 0, 0], "texture": "#2"},
				"east": {"uv": [16, 16, 0, 0], "texture": "#2"},
				"south": {"uv": [16, 16, 0, 0], "texture": "#2"},
				"west": {"uv": [16, 16, 0, 0], "texture": "#2"},
				"up": {"uv": [16, 16, 0, 0], "texture": "#2"},
				"down": {"uv": [16, 16, 0, 0], "texture": "#2"}
			}
		},
		{
			"from": [-6.84344, 18.04211, 7.67062],
			"to": [-5.62578, 19.57211, 8.79583],
			"rotation": {"angle": -45, "axis": "z", "origin": [-1.79925, -3.49091, 8.23322]},
			"faces": {
				"north": {"uv": [16, 16, 0, 0], "texture": "#2"},
				"east": {"uv": [16, 16, 0, 0], "texture": "#2"},
				"south": {"uv": [16, 16, 0, 0], "texture": "#2"},
				"west": {"uv": [16, 16, 0, 0], "texture": "#2"},
				"up": {"uv": [16, 16, 0, 0], "texture": "#2"},
				"down": {"uv": [16, 16, 0, 0], "texture": "#2"}
			}
		},
		{
			"from": [1.78086, 16.80333, 7.67062],
			"to": [2.99852, 18.33333, 8.79583],
			"rotation": {"angle": -22.5, "axis": "z", "origin": [-1.79925, -3.49091, 8.23322]},
			"faces": {
				"north": {"uv": [16, 16, 0, 0], "texture": "#2"},
				"east": {"uv": [16, 16, 0, 0], "texture": "#2"},
				"south": {"uv": [16, 16, 0, 0], "texture": "#2"},
				"west": {"uv": [16, 16, 0, 0], "texture": "#2"},
				"up": {"uv": [16, 16, 0, 0], "texture": "#2"},
				"down": {"uv": [16, 16, 0, 0], "texture": "#2"}
			}
		},
		{
			"from": [-6.35062, 15.56456, 7.67062],
			"to": [-5.13296, 17.09456, 8.79583],
			"rotation": {"angle": -45, "axis": "z", "origin": [-1.79925, -3.49091, 8.23322]},
			"faces": {
				"north": {"uv": [16, 16, 0, 0], "texture": "#2"},
				"east": {"uv": [16, 16, 0, 0], "texture": "#2"},
				"south": {"uv": [16, 16, 0, 0], "texture": "#2"},
				"west": {"uv": [16, 16, 0, 0], "texture": "#2"},
				"up": {"uv": [16, 16, 0, 0], "texture": "#2"},
				"down": {"uv": [16, 16, 0, 0], "texture": "#2"}
			}
		},
		{
			"from": [1.28804, 14.32578, 7.67062],
			"to": [2.5057, 15.85578, 8.79583],
			"rotation": {"angle": -22.5, "axis": "z", "origin": [-1.79925, -3.49091, 8.23322]},
			"faces": {
				"north": {"uv": [16, 16, 0, 0], "texture": "#2"},
				"east": {"uv": [16, 16, 0, 0], "texture": "#2"},
				"south": {"uv": [16, 16, 0, 0], "texture": "#2"},
				"west": {"uv": [16, 16, 0, 0], "texture": "#2"},
				"up": {"uv": [16, 16, 0, 0], "texture": "#2"},
				"down": {"uv": [16, 16, 0, 0], "texture": "#2"}
			}
		},
		{
			"from": [-5.8578, 13.087, 7.67062],
			"to": [-4.64015, 14.617, 8.79583],
			"rotation": {"angle": -45, "axis": "z", "origin": [-1.79925, -3.49091, 8.23322]},
			"faces": {
				"north": {"uv": [16, 16, 0, 0], "texture": "#2"},
				"east": {"uv": [16, 16, 0, 0], "texture": "#2"},
				"south": {"uv": [16, 16, 0, 0], "texture": "#2"},
				"west": {"uv": [16, 16, 0, 0], "texture": "#2"},
				"up": {"uv": [16, 16, 0, 0], "texture": "#2"},
				"down": {"uv": [16, 16, 0, 0], "texture": "#2"}
			}
		},
		{
			"from": [0.79523, 11.84822, 7.67062],
			"to": [2.01288, 13.37822, 8.79583],
			"rotation": {"angle": -22.5, "axis": "z", "origin": [-1.79925, -3.49091, 8.23322]},
			"faces": {
				"north": {"uv": [16, 16, 0, 0], "texture": "#2"},
				"east": {"uv": [16, 16, 0, 0], "texture": "#2"},
				"south": {"uv": [16, 16, 0, 0], "texture": "#2"},
				"west": {"uv": [16, 16, 0, 0], "texture": "#2"},
				"up": {"uv": [16, 16, 0, 0], "texture": "#2"},
				"down": {"uv": [16, 16, 0, 0], "texture": "#2"}
			}
		},
		{
			"from": [-5.36499, 10.60944, 7.67062],
			"to": [-4.14733, 12.13944, 8.79583],
			"rotation": {"angle": -45, "axis": "z", "origin": [-1.79925, -3.49091, 8.23322]},
			"faces": {
				"north": {"uv": [16, 16, 0, 0], "texture": "#2"},
				"east": {"uv": [16, 16, 0, 0], "texture": "#2"},
				"south": {"uv": [16, 16, 0, 0], "texture": "#2"},
				"west": {"uv": [16, 16, 0, 0], "texture": "#2"},
				"up": {"uv": [16, 16, 0, 0], "texture": "#2"},
				"down": {"uv": [16, 16, 0, 0], "texture": "#2"}
			}
		},
		{
			"from": [0.30241, 9.37066, 7.67062],
			"to": [1.52007, 10.90066, 8.79583],
			"rotation": {"angle": -22.5, "axis": "z", "origin": [-1.79925, -3.49091, 8.23322]},
			"faces": {
				"north": {"uv": [16, 16, 0, 0], "texture": "#2"},
				"east": {"uv": [16, 16, 0, 0], "texture": "#2"},
				"south": {"uv": [16, 16, 0, 0], "texture": "#2"},
				"west": {"uv": [16, 16, 0, 0], "texture": "#2"},
				"up": {"uv": [16, 16, 0, 0], "texture": "#2"},
				"down": {"uv": [16, 16, 0, 0], "texture": "#2"}
			}
		},
		{
			"from": [-0.19041, 6.8931, 7.67062],
			"to": [1.02725, 8.4231, 8.79583],
			"rotation": {"angle": -22.5, "axis": "z", "origin": [-1.79925, -3.49091, 8.23322]},
			"faces": {
				"north": {"uv": [16, 16, 0, 0], "texture": "#2"},
				"east": {"uv": [16, 16, 0, 0], "texture": "#2"},
				"south": {"uv": [16, 16, 0, 0], "texture": "#2"},
				"west": {"uv": [16, 16, 0, 0], "texture": "#2"},
				"up": {"uv": [16, 16, 0, 0], "texture": "#2"},
				"down": {"uv": [16, 16, 0, 0], "texture": "#2"}
			}
		},
		{
			"from": [-4.87217, 8.13188, 7.67062],
			"to": [-3.65451, 9.66188, 8.79583],
			"rotation": {"angle": -45, "axis": "z", "origin": [-1.79925, -3.49091, 8.23322]},
			"faces": {
				"north": {"uv": [16, 16, 0, 0], "texture": "#2"},
				"east": {"uv": [16, 16, 0, 0], "texture": "#2"},
				"south": {"uv": [16, 16, 0, 0], "texture": "#2"},
				"west": {"uv": [16, 16, 0, 0], "texture": "#2"},
				"up": {"uv": [16, 16, 0, 0], "texture": "#2"},
				"down": {"uv": [16, 16, 0, 0], "texture": "#2"}
			}
		},
		{
			"from": [-4.37935, 5.65432, 7.67062],
			"to": [-3.16169, 7.18432, 8.79583],
			"rotation": {"angle": -45, "axis": "z", "origin": [-1.79925, -3.49091, 8.23322]},
			"faces": {
				"north": {"uv": [16, 16, 0, 0], "texture": "#2"},
				"east": {"uv": [16, 16, 0, 0], "texture": "#2"},
				"south": {"uv": [16, 16, 0, 0], "texture": "#2"},
				"west": {"uv": [16, 16, 0, 0], "texture": "#2"},
				"up": {"uv": [16, 16, 0, 0], "texture": "#2"},
				"down": {"uv": [16, 16, 0, 0], "texture": "#2"}
			}
		},
		{
			"from": [-3.88653, 3.17677, 7.67062],
			"to": [-2.66888, 4.70677, 8.79583],
			"rotation": {"angle": -45, "axis": "z", "origin": [-1.79925, -3.49091, 8.23322]},
			"faces": {
				"north": {"uv": [16, 16, 0, 0], "texture": "#2"},
				"east": {"uv": [16, 16, 0, 0], "texture": "#2"},
				"south": {"uv": [16, 16, 0, 0], "texture": "#2"},
				"west": {"uv": [16, 16, 0, 0], "texture": "#2"},
				"up": {"uv": [16, 16, 0, 0], "texture": "#2"},
				"down": {"uv": [16, 16, 0, 0], "texture": "#2"}
			}
		},
		{
			"from": [-0.68322, 4.41555, 7.67062],
			"to": [0.53443, 5.94555, 8.79583],
			"rotation": {"angle": -22.5, "axis": "z", "origin": [-1.79925, -3.49091, 8.23322]},
			"faces": {
				"north": {"uv": [16, 16, 0, 0], "texture": "#2"},
				"east": {"uv": [16, 16, 0, 0], "texture": "#2"},
				"south": {"uv": [16, 16, 0, 0], "texture": "#2"},
				"west": {"uv": [16, 16, 0, 0], "texture": "#2"},
				"up": {"uv": [16, 16, 0, 0], "texture": "#2"},
				"down": {"uv": [16, 16, 0, 0], "texture": "#2"}
			}
		},
		{
			"from": [-1.17604, 1.93799, 7.67062],
			"to": [0.04162, 3.46799, 8.79583],
			"rotation": {"angle": -22.5, "axis": "z", "origin": [-1.79925, -3.49091, 8.23322]},
			"faces": {
				"north": {"uv": [16, 16, 0, 0], "texture": "#2"},
				"east": {"uv": [16, 16, 0, 0], "texture": "#2"},
				"south": {"uv": [16, 16, 0, 0], "texture": "#2"},
				"west": {"uv": [16, 16, 0, 0], "texture": "#2"},
				"up": {"uv": [16, 16, 0, 0], "texture": "#2"},
				"down": {"uv": [16, 16, 0, 0], "texture": "#2"}
			}
		},
		{
			"from": [-3.39372, 0.69921, 7.67062],
			"to": [-2.17606, 2.22921, 8.79583],
			"rotation": {"angle": -45, "axis": "z", "origin": [-1.79925, -3.49091, 8.23322]},
			"faces": {
				"north": {"uv": [16, 16, 0, 0], "texture": "#2"},
				"east": {"uv": [16, 16, 0, 0], "texture": "#2"},
				"south": {"uv": [16, 16, 0, 0], "texture": "#2"},
				"west": {"uv": [16, 16, 0, 0], "texture": "#2"},
				"up": {"uv": [16, 16, 0, 0], "texture": "#2"},
				"down": {"uv": [16, 16, 0, 0], "texture": "#2"}
			}
		},
		{
			"from": [-1.66886, -0.53957, 7.67062],
			"to": [-0.4512, 0.99043, 8.79583],
			"rotation": {"angle": -22.5, "axis": "z", "origin": [-1.79925, -3.49091, 8.23322]},
			"faces": {
				"north": {"uv": [16, 16, 0, 0], "texture": "#2"},
				"east": {"uv": [16, 16, 0, 0], "texture": "#2"},
				"south": {"uv": [16, 16, 0, 0], "texture": "#2"},
				"west": {"uv": [16, 16, 0, 0], "texture": "#2"},
				"up": {"uv": [16, 16, 0, 0], "texture": "#2"},
				"down": {"uv": [16, 16, 0, 0], "texture": "#2"}
			}
		},
		{
			"from": [-2.9009, -1.77835, 7.67062],
			"to": [-1.68324, -0.24835, 8.79583],
			"rotation": {"angle": -45, "axis": "z", "origin": [-1.79925, -3.49091, 8.23322]},
			"faces": {
				"north": {"uv": [16, 16, 0, 0], "texture": "#2"},
				"east": {"uv": [16, 16, 0, 0], "texture": "#2"},
				"south": {"uv": [16, 16, 0, 0], "texture": "#2"},
				"west": {"uv": [16, 16, 0, 0], "texture": "#2"},
				"up": {"uv": [16, 16, 0, 0], "texture": "#2"},
				"down": {"uv": [16, 16, 0, 0], "texture": "#2"}
			}
		},
		{
			"from": [1.86494, 2.50112, 6.99062],
			"to": [3.97948, 27.49112, 6.99062],
			"rotation": {"angle": -22.5, "axis": "z", "origin": [-4.17925, -6.72091, 7.55322]},
			"faces": {
				"north": {"uv": [16, 16, 0, 0], "texture": "#1"},
				"east": {"uv": [16, 16, 0, 0], "texture": "#1"},
				"south": {"uv": [16, 16, 0, 0], "texture": "#1"},
				"west": {"uv": [16, 16, 0, 0], "texture": "#1"},
				"up": {"uv": [16, 16, 0, 0], "texture": "#1"},
				"down": {"uv": [16, 16, 0, 0], "texture": "#1"}
			}
		},
		{
			"from": [1.37213, 5.29357, 6.99062],
			"to": [5.33948, 25.01357, 6.99062],
			"rotation": {"angle": -22.5, "axis": "z", "origin": [-4.17925, -6.72091, 7.55322]},
			"faces": {
				"north": {"uv": [16, 16, 0, 0], "texture": "#1"},
				"east": {"uv": [16, 16, 0, 0], "texture": "#1"},
				"south": {"uv": [16, 16, 0, 0], "texture": "#1"},
				"west": {"uv": [16, 16, 0, 0], "texture": "#1"},
				"up": {"uv": [16, 16, 0, 0], "texture": "#1"},
				"down": {"uv": [16, 16, 0, 0], "texture": "#1"}
			}
		},
		{
			"from": [0.87931, 4.00601, 6.99062],
			"to": [6.69948, 22.53601, 6.99062],
			"rotation": {"angle": -22.5, "axis": "z", "origin": [-4.17925, -6.72091, 7.55322]},
			"faces": {
				"north": {"uv": [16, 16, 0, 0], "texture": "#1"},
				"east": {"uv": [16, 16, 0, 0], "texture": "#1"},
				"south": {"uv": [16, 16, 0, 0], "texture": "#1"},
				"west": {"uv": [16, 16, 0, 0], "texture": "#1"},
				"up": {"uv": [16, 16, 0, 0], "texture": "#1"},
				"down": {"uv": [16, 16, 0, 0], "texture": "#1"}
			}
		},
		{
			"from": [-10.20907, 19.76723, 6.99062],
			"to": [-2.99052, 21.29723, 6.99062],
			"rotation": {"angle": -45, "axis": "z", "origin": [-4.17925, -6.72091, 7.55322]},
			"faces": {
				"north": {"uv": [16, 16, 0, 0], "texture": "#1"},
				"east": {"uv": [16, 16, 0, 0], "texture": "#1"},
				"south": {"uv": [16, 16, 0, 0], "texture": "#1"},
				"west": {"uv": [16, 16, 0, 0], "texture": "#1"},
				"up": {"uv": [16, 16, 0, 0], "texture": "#1"},
				"down": {"uv": [16, 16, 0, 0], "texture": "#1"}
			}
		},
		{
			"from": [0.38649, 6.96845, 6.99062],
			"to": [7.71948, 20.05845, 6.99062],
			"rotation": {"angle": -22.5, "axis": "z", "origin": [-4.17925, -6.72091, 7.55322]},
			"faces": {
				"north": {"uv": [16, 0, 0, 15], "texture": "#1"},
				"east": {"uv": [16, 0, 0, 15], "texture": "#1"},
				"south": {"uv": [16, 0, 0, 15], "texture": "#1"},
				"west": {"uv": [16, 0, 0, 15], "texture": "#1"},
				"up": {"uv": [16, 0, 0, 15], "texture": "#1"},
				"down": {"uv": [16, 0, 0, 15], "texture": "#1"}
			}
		},
		{
			"from": [-5.2809, 1.11165, 6.99062],
			"to": [-4.69052, 23.89165, 6.99062],
			"rotation": {"angle": -45, "axis": "z", "origin": [-4.17925, -6.72091, 7.55322]},
			"faces": {
				"north": {"uv": [16, 16, 0, 0], "texture": "#1"},
				"east": {"uv": [16, 16, 0, 0], "texture": "#1"},
				"south": {"uv": [16, 16, 0, 0], "texture": "#1"},
				"west": {"uv": [16, 16, 0, 0], "texture": "#1"},
				"up": {"uv": [16, 16, 0, 0], "texture": "#1"},
				"down": {"uv": [16, 16, 0, 0], "texture": "#1"}
			}
		},
		{
			"from": [-3.55604, -1.29201, 6.99062],
			"to": [-0.61052, 0.23799, 6.99062],
			"rotation": {"angle": -22.5, "axis": "z", "origin": [-4.17925, -6.72091, 7.55322]},
			"faces": {
				"north": {"uv": [16, 16, 0, 0], "texture": "#1"},
				"east": {"uv": [16, 16, 0, 0], "texture": "#1"},
				"south": {"uv": [16, 16, 0, 0], "texture": "#1"},
				"west": {"uv": [16, 16, 0, 0], "texture": "#1"},
				"up": {"uv": [16, 16, 0, 0], "texture": "#1"},
				"down": {"uv": [16, 16, 0, 0], "texture": "#1"}
			}
		},
		{
			"from": [-3.06322, 1.18555, 6.99062],
			"to": [-0.10052, 2.71555, 6.99062],
			"rotation": {"angle": -22.5, "axis": "z", "origin": [-4.17925, -6.72091, 7.55322]},
			"faces": {
				"north": {"uv": [16, 16, 0, 0], "texture": "#1"},
				"east": {"uv": [16, 16, 0, 0], "texture": "#1"},
				"south": {"uv": [16, 16, 0, 0], "texture": "#1"},
				"west": {"uv": [16, 16, 0, 0], "texture": "#1"},
				"up": {"uv": [16, 16, 0, 0], "texture": "#1"},
				"down": {"uv": [16, 16, 0, 0], "texture": "#1"}
			}
		},
		{
			"from": [-6.26653, -0.05323, 6.99062],
			"to": [-2.99052, 1.98677, 6.99062],
			"rotation": {"angle": -45, "axis": "z", "origin": [-4.17925, -6.72091, 7.55322]},
			"faces": {
				"north": {"uv": [16, 16, 0, 0], "texture": "#1"},
				"east": {"uv": [16, 16, 0, 0], "texture": "#1"},
				"south": {"uv": [16, 16, 0, 0], "texture": "#1"},
				"west": {"uv": [16, 16, 0, 0], "texture": "#1"},
				"up": {"uv": [16, 16, 0, 0], "texture": "#1"},
				"down": {"uv": [16, 16, 0, 0], "texture": "#1"}
			}
		},
		{
			"from": [-6.75935, 2.42432, 6.99062],
			"to": [-2.31052, 5.48432, 6.99062],
			"rotation": {"angle": -45, "axis": "z", "origin": [-4.17925, -6.72091, 7.55322]},
			"faces": {
				"north": {"uv": [16, 16, 0, 0], "texture": "#1"},
				"east": {"uv": [16, 16, 0, 0], "texture": "#1"},
				"south": {"uv": [16, 16, 0, 0], "texture": "#1"},
				"west": {"uv": [16, 16, 0, 0], "texture": "#1"},
				"up": {"uv": [16, 16, 0, 0], "texture": "#1"},
				"down": {"uv": [16, 16, 0, 0], "texture": "#1"}
			}
		},
		{
			"from": [-7.25217, 4.90188, 6.99062],
			"to": [-2.99052, 6.43188, 6.99062],
			"rotation": {"angle": -45, "axis": "z", "origin": [-4.17925, -6.72091, 7.55322]},
			"faces": {
				"north": {"uv": [16, 16, 0, 0], "texture": "#1"},
				"east": {"uv": [16, 16, 0, 0], "texture": "#1"},
				"south": {"uv": [16, 16, 0, 0], "texture": "#1"},
				"west": {"uv": [16, 16, 0, 0], "texture": "#1"},
				"up": {"uv": [16, 16, 0, 0], "texture": "#1"},
				"down": {"uv": [16, 16, 0, 0], "texture": "#1"}
			}
		},
		{
			"from": [-2.57041, 3.6631, 6.99062],
			"to": [9.24948, 5.1931, 6.99062],
			"rotation": {"angle": -22.5, "axis": "z", "origin": [-4.17925, -6.72091, 7.55322]},
			"faces": {
				"north": {"uv": [16, 16, 0, 0], "texture": "#1"},
				"east": {"uv": [16, 16, 0, 0], "texture": "#1"},
				"south": {"uv": [16, 16, 0, 0], "texture": "#1"},
				"west": {"uv": [16, 16, 0, 0], "texture": "#1"},
				"up": {"uv": [16, 16, 0, 0], "texture": "#1"},
				"down": {"uv": [16, 16, 0, 0], "texture": "#1"}
			}
		},
		{
			"from": [-2.07759, 3.25066, 6.99062],
			"to": [9.24948, 7.67066, 6.99062],
			"rotation": {"angle": -22.5, "axis": "z", "origin": [-4.17925, -6.72091, 7.55322]},
			"faces": {
				"north": {"uv": [16, 15.375, 0, 0], "texture": "#1"},
				"east": {"uv": [16, 15.375, 0, 0], "texture": "#1"},
				"south": {"uv": [16, 15.375, 0, 0], "texture": "#1"},
				"west": {"uv": [16, 15.375, 0, 0], "texture": "#1"},
				"up": {"uv": [16, 15.375, 0, 0], "texture": "#1"},
				"down": {"uv": [16, 15.375, 0, 0], "texture": "#1"}
			}
		},
		{
			"from": [-7.74499, 7.37944, 6.99062],
			"to": [4.65948, 10.26944, 6.99062],
			"rotation": {"angle": -45, "axis": "z", "origin": [-4.17925, -6.72091, 7.55322]},
			"faces": {
				"north": {"uv": [16, 16, 0, 0], "texture": "#1"},
				"east": {"uv": [16, 16, 0, 0], "texture": "#1"},
				"south": {"uv": [16, 16, 0, 0], "texture": "#1"},
				"west": {"uv": [16, 16, 0, 0], "texture": "#1"},
				"up": {"uv": [16, 16, 0, 0], "texture": "#1"},
				"down": {"uv": [16, 16, 0, 0], "texture": "#1"}
			}
		},
		{
			"from": [-1.58477, 8.61822, 6.99062],
			"to": [9.24948, 10.14822, 6.99062],
			"rotation": {"angle": -22.5, "axis": "z", "origin": [-4.17925, -6.72091, 7.55322]},
			"faces": {
				"north": {"uv": [16, 16, 0, 0], "texture": "#1"},
				"east": {"uv": [16, 16, 0, 0], "texture": "#1"},
				"south": {"uv": [16, 16, 0, 0], "texture": "#1"},
				"west": {"uv": [16, 16, 0, 0], "texture": "#1"},
				"up": {"uv": [16, 16, 0, 0], "texture": "#1"},
				"down": {"uv": [16, 16, 0, 0], "texture": "#1"}
			}
		},
		{
			"from": [-8.2378, 9.857, 6.99062],
			"to": [6.01948, 11.387, 6.99062],
			"rotation": {"angle": -45, "axis": "z", "origin": [-4.17925, -6.72091, 7.55322]},
			"faces": {
				"north": {"uv": [16, 16, 0, 0], "texture": "#1"},
				"east": {"uv": [16, 16, 0, 0], "texture": "#1"},
				"south": {"uv": [16, 16, 0, 0], "texture": "#1"},
				"west": {"uv": [16, 16, 0, 0], "texture": "#1"},
				"up": {"uv": [16, 16, 0, 0], "texture": "#1"},
				"down": {"uv": [16, 16, 0, 0], "texture": "#1"}
			}
		},
		{
			"from": [-1.09196, 11.09578, 6.99062],
			"to": [9.24948, 12.62578, 6.99062],
			"rotation": {"angle": -22.5, "axis": "z", "origin": [-4.17925, -6.72091, 7.55322]},
			"faces": {
				"north": {"uv": [16, 16, 0, 0], "texture": "#1"},
				"east": {"uv": [16, 16, 0, 0], "texture": "#1"},
				"south": {"uv": [16, 16, 0, 0], "texture": "#1"},
				"west": {"uv": [16, 16, 0, 0], "texture": "#1"},
				"up": {"uv": [16, 16, 0, 0], "texture": "#1"},
				"down": {"uv": [16, 16, 0, 0], "texture": "#1"}
			}
		},
		{
			"from": [-8.73062, 12.33456, 6.99062],
			"to": [-2.99052, 13.86456, 6.99062],
			"rotation": {"angle": -45, "axis": "z", "origin": [-4.17925, -6.72091, 7.55322]},
			"faces": {
				"north": {"uv": [16, 16, 0, 0], "texture": "#1"},
				"east": {"uv": [16, 16, 0, 0], "texture": "#1"},
				"south": {"uv": [16, 16, 0, 0], "texture": "#1"},
				"west": {"uv": [16, 16, 0, 0], "texture": "#1"},
				"up": {"uv": [16, 16, 0, 0], "texture": "#1"},
				"down": {"uv": [16, 16, 0, 0], "texture": "#1"}
			}
		},
		{
			"from": [-0.59914, 7.96333, 6.99062],
			"to": [9.41948, 15.10333, 6.99062],
			"rotation": {"angle": -22.5, "axis": "z", "origin": [-4.17925, -6.72091, 7.55322]},
			"faces": {
				"north": {"uv": [16, 0, 0, 15], "texture": "#1"},
				"east": {"uv": [16, 0, 0, 15], "texture": "#1"},
				"south": {"uv": [16, 0, 0, 15], "texture": "#1"},
				"west": {"uv": [16, 0, 0, 15], "texture": "#1"},
				"up": {"uv": [16, 0, 0, 15], "texture": "#1"},
				"down": {"uv": [16, 0, 0, 15], "texture": "#1"}
			}
		},
		{
			"from": [-9.22344, 14.81211, 6.99062],
			"to": [-2.99052, 16.34211, 6.99062],
			"rotation": {"angle": -45, "axis": "z", "origin": [-4.17925, -6.72091, 7.55322]},
			"faces": {
				"north": {"uv": [16, 16, 0, 0], "texture": "#1"},
				"east": {"uv": [16, 16, 0, 0], "texture": "#1"},
				"south": {"uv": [16, 16, 0, 0], "texture": "#1"},
				"west": {"uv": [16, 16, 0, 0], "texture": "#1"},
				"up": {"uv": [16, 16, 0, 0], "texture": "#1"},
				"down": {"uv": [16, 16, 0, 0], "texture": "#1"}
			}
		},
		{
			"from": [-0.10632, 4.83089, 6.99062],
			"to": [8.73948, 17.58089, 6.99062],
			"rotation": {"angle": -22.5, "axis": "z", "origin": [-4.17925, -6.72091, 7.55322]},
			"faces": {
				"north": {"uv": [16, 0, 0, 15], "texture": "#1"},
				"east": {"uv": [16, 0, 0, 15], "texture": "#1"},
				"south": {"uv": [16, 0, 0, 15], "texture": "#1"},
				"west": {"uv": [16, 0, 0, 15], "texture": "#1"},
				"up": {"uv": [16, 0, 0, 15], "texture": "#1"},
				"down": {"uv": [16, 0, 0, 15], "texture": "#1"}
			}
		},
		{
			"from": [-9.71625, 17.28967, 6.99062],
			"to": [-2.99052, 18.81967, 6.99062],
			"rotation": {"angle": -45, "axis": "z", "origin": [-4.17925, -6.72091, 7.55322]},
			"faces": {
				"north": {"uv": [16, 16, 0, 0], "texture": "#1"},
				"east": {"uv": [16, 16, 0, 0], "texture": "#1"},
				"south": {"uv": [16, 16, 0, 0], "texture": "#1"},
				"west": {"uv": [16, 16, 0, 0], "texture": "#1"},
				"up": {"uv": [16, 16, 0, 0], "texture": "#1"},
				"down": {"uv": [16, 16, 0, 0], "texture": "#1"}
			}
		},
		{
			"from": [-4.78808, 5.09409, 6.99062],
			"to": [-2.31052, 21.41409, 6.99062],
			"rotation": {"angle": -45, "axis": "z", "origin": [-4.17925, -6.72091, 7.55322]},
			"faces": {
				"north": {"uv": [16, 16, 0, 0], "texture": "#1"},
				"east": {"uv": [16, 16, 0, 0], "texture": "#1"},
				"south": {"uv": [16, 16, 0, 0], "texture": "#1"},
				"west": {"uv": [16, 16, 0, 0], "texture": "#1"},
				"up": {"uv": [16, 16, 0, 0], "texture": "#1"},
				"down": {"uv": [16, 16, 0, 0], "texture": "#1"}
			}
		},
		{
			"from": [14.49723, -3.21671, 6.99062],
			"to": [17.21723, 22.57388, 6.99062],
			"rotation": {"angle": 0, "axis": "y", "origin": [15.77223, -32.73642, 6.99062]},
			"faces": {
				"north": {"uv": [16, 16, 0, 0], "texture": "#1"},
				"east": {"uv": [16, 16, 0, 0], "texture": "#1"},
				"south": {"uv": [16, 16, 0, 0], "texture": "#1"},
				"west": {"uv": [16, 16, 0, 0], "texture": "#1"},
				"up": {"uv": [16, 16, 0, 0], "texture": "#1"},
				"down": {"uv": [16, 16, 0, 0], "texture": "#1"}
			}
		},
		{
			"from": [-2.78428, -5.26719, 8.01124],
			"to": [-2.07043, 0.87457, 8.19036],
			"rotation": {"angle": -22.5, "axis": "y", "origin": [-2.63378, 6.36952, 7.97664]},
			"faces": {
				"north": {"uv": [3, 4, 2, 3], "texture": "#2"},
				"east": {"uv": [3, 4, 2, 3], "texture": "#2"},
				"south": {"uv": [3, 4, 2, 3], "texture": "#2"},
				"west": {"uv": [3, 4, 2, 3], "texture": "#2"},
				"up": {"uv": [3, 4, 2, 3], "texture": "#2"},
				"down": {"uv": [3, 4, 2, 3], "texture": "#2"}
			}
		},
		{
			"from": [-2.85461, -5.26719, 8.1165],
			"to": [-2.05794, 0.87457, 8.29562],
			"rotation": {"angle": 0, "axis": "y", "origin": [-2.99105, -7.1312, 12.01941]},
			"faces": {
				"north": {"uv": [3, 4, 2, 3], "texture": "#2"},
				"east": {"uv": [3, 4, 2, 3], "texture": "#2"},
				"south": {"uv": [3, 4, 2, 3], "texture": "#2"},
				"west": {"uv": [3, 4, 2, 3], "texture": "#2"},
				"up": {"uv": [3, 4, 2, 3], "texture": "#2"},
				"down": {"uv": [3, 4, 2, 3], "texture": "#2"}
			}
		},
		{
			"from": [-2.89332, -5.26719, 7.90316],
			"to": [-2.09665, 0.87457, 8.08229],
			"rotation": {"angle": 45, "axis": "y", "origin": [-2.21811, -6.11664, 7.92732]},
			"faces": {
				"north": {"uv": [3, 4, 2, 3], "texture": "#2"},
				"east": {"uv": [3, 4, 2, 3], "texture": "#2"},
				"south": {"uv": [3, 4, 2, 3], "texture": "#2"},
				"west": {"uv": [3, 4, 2, 3], "texture": "#2"},
				"up": {"uv": [3, 4, 2, 3], "texture": "#2"},
				"down": {"uv": [3, 4, 2, 3], "texture": "#2"}
			}
		},
		{
			"from": [-2.7768, -5.26719, 7.9857],
			"to": [-1.98012, 0.87457, 8.16482],
			"rotation": {"angle": 22.5, "axis": "y", "origin": [-2.08857, -6.11664, 8.07526]},
			"faces": {
				"north": {"uv": [3, 4, 2, 3], "texture": "#2"},
				"east": {"uv": [3, 4, 2, 3], "texture": "#2"},
				"south": {"uv": [3, 4, 2, 3], "texture": "#2"},
				"west": {"uv": [3, 4, 2, 3], "texture": "#2"},
				"up": {"uv": [3, 4, 2, 3], "texture": "#2"},
				"down": {"uv": [3, 4, 2, 3], "texture": "#2"}
			}
		},
		{
			"from": [-2.59918, -5.26719, 7.82614],
			"to": [-2.42006, 0.87457, 8.53999],
			"shade": false,
			"rotation": {"angle": 22.5, "axis": "y", "origin": [-2.63378, 6.36952, 7.97664]},
			"faces": {
				"north": {"uv": [3, 4, 2, 3], "texture": "#2"},
				"east": {"uv": [3, 4, 2, 3], "texture": "#2"},
				"south": {"uv": [3, 4, 2, 3], "texture": "#2"},
				"west": {"uv": [3, 4, 2, 3], "texture": "#2"},
				"up": {"uv": [3, 4, 2, 3], "texture": "#2"},
				"down": {"uv": [3, 4, 2, 3], "texture": "#2"}
			}
		},
		{
			"from": [-2.72334, -5.26719, 7.85084],
			"to": [-2.54422, 0.87457, 8.56469],
			"rotation": {"angle": 45, "axis": "y", "origin": [-2.63378, 6.36952, 7.97664]},
			"faces": {
				"north": {"uv": [3, 4, 2, 3], "texture": "#2"},
				"east": {"uv": [3, 4, 2, 3], "texture": "#2"},
				"south": {"uv": [3, 4, 2, 3], "texture": "#2"},
				"west": {"uv": [3, 4, 2, 3], "texture": "#2"},
				"up": {"uv": [3, 4, 2, 3], "texture": "#2"},
				"down": {"uv": [3, 4, 2, 3], "texture": "#2"}
			}
		},
		{
			"from": [-2.49392, -5.26719, 7.75581],
			"to": [-2.3148, 0.87457, 8.46966],
			"rotation": {"angle": 0, "axis": "y", "origin": [-2.57643, -6.11664, 7.94854]},
			"faces": {
				"north": {"uv": [3, 4, 2, 3], "texture": "#2"},
				"east": {"uv": [3, 4, 2, 3], "texture": "#2"},
				"south": {"uv": [3, 4, 2, 3], "texture": "#2"},
				"west": {"uv": [3, 4, 2, 3], "texture": "#2"},
				"up": {"uv": [3, 4, 2, 3], "texture": "#2"},
				"down": {"uv": [3, 4, 2, 3], "texture": "#2"}
			}
		},
		{
			"from": [-2.49392, -5.26719, 8.43941],
			"to": [-2.3148, 0.87457, 8.65632],
			"rotation": {"angle": 0, "axis": "y", "origin": [-2.57643, -6.11664, 8.46358]},
			"faces": {
				"north": {"uv": [3, 4, 2, 3], "texture": "#2"},
				"east": {"uv": [3, 4, 2, 3], "texture": "#2"},
				"south": {"uv": [3, 4, 2, 3], "texture": "#2"},
				"west": {"uv": [3, 4, 2, 3], "texture": "#2"},
				"up": {"uv": [3, 4, 2, 3], "texture": "#2"},
				"down": {"uv": [3, 4, 2, 3], "texture": "#2"}
			}
		},
		{
			"from": [-2.60557, -5.26719, 8.39317],
			"to": [-2.42644, 0.87457, 8.61007],
			"rotation": {"angle": -22.5, "axis": "y", "origin": [-2.57643, -6.11664, 8.46358]},
			"faces": {
				"north": {"uv": [3, 4, 2, 3], "texture": "#2"},
				"east": {"uv": [3, 4, 2, 3], "texture": "#2"},
				"south": {"uv": [3, 4, 2, 3], "texture": "#2"},
				"west": {"uv": [3, 4, 2, 3], "texture": "#2"},
				"up": {"uv": [3, 4, 2, 3], "texture": "#2"},
				"down": {"uv": [3, 4, 2, 3], "texture": "#2"}
			}
		},
		{
			"from": [-2.72641, -5.26719, 8.39317],
			"to": [-2.54729, 0.87457, 8.61007],
			"shade": false,
			"rotation": {"angle": -45, "axis": "y", "origin": [-2.57643, -6.11664, 8.46358]},
			"faces": {
				"north": {"uv": [3, 4, 2, 3], "texture": "#2"},
				"east": {"uv": [3, 4, 2, 3], "texture": "#2"},
				"south": {"uv": [3, 4, 2, 3], "texture": "#2"},
				"west": {"uv": [3, 4, 2, 3], "texture": "#2"},
				"up": {"uv": [3, 4, 2, 3], "texture": "#2"},
				"down": {"uv": [3, 4, 2, 3], "texture": "#2"}
			}
		},
		{
			"from": [-2.76916, -5.26719, 8.20195],
			"to": [-2.55226, 0.87457, 8.38107],
			"rotation": {"angle": 22.5, "axis": "y", "origin": [-2.57643, -6.11664, 8.46358]},
			"faces": {
				"north": {"uv": [3, 4, 2, 3], "texture": "#2"},
				"east": {"uv": [3, 4, 2, 3], "texture": "#2"},
				"south": {"uv": [3, 4, 2, 3], "texture": "#2"},
				"west": {"uv": [3, 4, 2, 3], "texture": "#2"},
				"up": {"uv": [3, 4, 2, 3], "texture": "#2"},
				"down": {"uv": [3, 4, 2, 3], "texture": "#2"}
			}
		},
		{
			"from": [-2.31356, -5.26719, 8.32984],
			"to": [-2.09665, 0.87457, 8.50896],
			"rotation": {"angle": -45, "axis": "y", "origin": [-2.21811, -6.11664, 8.4848]},
			"faces": {
				"north": {"uv": [3, 4, 2, 3], "texture": "#2"},
				"east": {"uv": [3, 4, 2, 3], "texture": "#2"},
				"south": {"uv": [3, 4, 2, 3], "texture": "#2"},
				"west": {"uv": [3, 4, 2, 3], "texture": "#2"},
				"up": {"uv": [3, 4, 2, 3], "texture": "#2"},
				"down": {"uv": [3, 4, 2, 3], "texture": "#2"}
			}
		},
		{
			"from": [-2.37307, -5.26719, 8.38935],
			"to": [-2.19395, 0.87457, 8.60626],
			"rotation": {"angle": 22.5, "axis": "y", "origin": [-2.21811, -6.11664, 8.4848]},
			"faces": {
				"north": {"uv": [3, 3, 2, 3], "texture": "#2"},
				"east": {"uv": [3, 3, 2, 3], "texture": "#2"},
				"south": {"uv": [3, 3, 2, 3], "texture": "#2"},
				"west": {"uv": [3, 3, 2, 3], "texture": "#2"},
				"up": {"uv": [3, 3, 2, 3], "texture": "#2"},
				"down": {"uv": [3, 3, 2, 3], "texture": "#2"}
			}
		},
		{
			"from": [-2.19703, -5.26719, 8.2473],
			"to": [-1.98012, 0.87457, 8.42642],
			"rotation": {"angle": -22.5, "axis": "y", "origin": [-2.08857, -6.11664, 8.33686]},
			"faces": {
				"north": {"uv": [3, 3.0625, 2, 3], "texture": "#2"},
				"east": {"uv": [3, 3.0625, 2, 3], "texture": "#2"},
				"south": {"uv": [3, 3.0625, 2, 3], "texture": "#2"},
				"west": {"uv": [3, 3.0625, 2, 3], "texture": "#2"},
				"up": {"uv": [3, 3.0625, 2, 3], "texture": "#2"},
				"down": {"uv": [3, 3.0625, 2, 3], "texture": "#2"}
			}
		},
		{
			"from": [-2.17101, -5.26719, 8.1165],
			"to": [-1.9541, 0.87457, 8.29562],
			"rotation": {"angle": 0, "axis": "y", "origin": [-3.00715, -7.1312, 12.01941]},
			"faces": {
				"north": {"uv": [3, 3.125, 2, 3], "texture": "#2"},
				"east": {"uv": [3, 3.125, 2, 3], "texture": "#2"},
				"south": {"uv": [3, 3.125, 2, 3], "texture": "#2"},
				"west": {"uv": [3, 3.125, 2, 3], "texture": "#2"},
				"up": {"uv": [3, 3.125, 2, 3], "texture": "#2"},
				"down": {"uv": [3, 3.125, 2, 3], "texture": "#2"}
			}
		},
		{
			"from": [-2.4582, -5.26719, 7.76291],
			"to": [-2.27908, 0.87457, 8.47676],
			"rotation": {"angle": -22.5, "axis": "y", "origin": [-2.36864, -4.06631, 8.11984]},
			"faces": {
				"north": {"uv": [3, 3.1875, 2, 3], "texture": "#2"},
				"east": {"uv": [3, 3.1875, 2, 3], "texture": "#2"},
				"south": {"uv": [3, 3.1875, 2, 3], "texture": "#2"},
				"west": {"uv": [3, 3.1875, 2, 3], "texture": "#2"},
				"up": {"uv": [3, 3.1875, 2, 3], "texture": "#2"},
				"down": {"uv": [3, 3.1875, 2, 3], "texture": "#2"}
			}
		},
		{
			"from": [-3.20498, 0.36187, 5.67585],
			"to": [-2.20937, 0.99878, 9.64361],
			"rotation": {"angle": -22.5, "axis": "y", "origin": [-2.46375, 1.51842, 8.56432]},
			"faces": {
				"north": {"uv": [3, 4, 2, 3], "texture": "#2"},
				"east": {"uv": [3, 4, 2, 3], "texture": "#2"},
				"south": {"uv": [3, 4, 2, 3], "texture": "#2"},
				"west": {"uv": [3, 4, 2, 3], "texture": "#2"},
				"up": {"uv": [3, 4, 2, 3], "texture": "#2"},
				"down": {"uv": [3, 4, 2, 3], "texture": "#2"}
			}
		},
		{
			"from": [-1.24398, 0.36187, 7.61689],
			"to": [-0.03836, 0.99878, 8.6125],
			"rotation": {"angle": 0, "axis": "y", "origin": [-2.46375, 1.51842, 8.56432]},
			"faces": {
				"north": {"uv": [3, 3.4375, 2, 3], "texture": "#2"},
				"east": {"uv": [3, 3.4375, 2, 3], "texture": "#2"},
				"south": {"uv": [3, 3.4375, 2, 3], "texture": "#2"},
				"west": {"uv": [3, 3.4375, 2, 3], "texture": "#2"},
				"up": {"uv": [3, 3.4375, 2, 3], "texture": "#2"},
				"down": {"uv": [3, 3.4375, 2, 3], "texture": "#2"}
			}
		},
		{
			"from": [-1.41016, 0.36187, 7.68068],
			"to": [-0.20454, 0.99878, 8.67629],
			"rotation": {"angle": -22.5, "axis": "y", "origin": [-2.46375, 1.51842, 8.56432]},
			"faces": {
				"north": {"uv": [3, 3.625, 2, 3], "texture": "#2"},
				"east": {"uv": [3, 3.625, 2, 3], "texture": "#2"},
				"south": {"uv": [3, 3.625, 2, 3], "texture": "#2"},
				"west": {"uv": [3, 3.625, 2, 3], "texture": "#2"},
				"up": {"uv": [3, 3.625, 2, 3], "texture": "#2"},
				"down": {"uv": [3, 3.625, 2, 3], "texture": "#2"}
			}
		},
		{
			"from": [-2.86085, 0.36187, 9.41638],
			"to": [-1.86525, 0.99878, 10.622],
			"rotation": {"angle": 22.5, "axis": "y", "origin": [-2.46375, 1.51842, 8.56432]},
			"faces": {
				"north": {"uv": [3, 3.8125, 2, 3], "texture": "#2"},
				"east": {"uv": [3, 3.8125, 2, 3], "texture": "#2"},
				"south": {"uv": [3, 3.8125, 2, 3], "texture": "#2"},
				"west": {"uv": [3, 3.8125, 2, 3], "texture": "#2"},
				"up": {"uv": [3, 3.8125, 2, 3], "texture": "#2"},
				"down": {"uv": [3, 3.8125, 2, 3], "texture": "#2"}
			}
		},
		{
			"from": [-1.53929, 0.36187, 7.8032],
			"to": [-0.33367, 0.99878, 8.79881],
			"rotation": {"angle": -45, "axis": "y", "origin": [-2.46375, 1.51842, 8.56432]},
			"faces": {
				"north": {"uv": [3, 4, 2, 3], "texture": "#2"},
				"east": {"uv": [3, 4, 2, 3], "texture": "#2"},
				"south": {"uv": [3, 4, 2, 3], "texture": "#2"},
				"west": {"uv": [3, 4, 2, 3], "texture": "#2"},
				"up": {"uv": [3, 4, 2, 3], "texture": "#2"},
				"down": {"uv": [3, 4, 2, 3], "texture": "#2"}
			}
		},
		{
			"from": [-4.86568, 0.36187, 7.62156],
			"to": [-3.66006, 0.99878, 8.61717],
			"rotation": {"angle": 22.5, "axis": "y", "origin": [-2.46375, 1.51842, 8.56432]},
			"faces": {
				"north": {"uv": [3, 4, 2, 3], "texture": "#2"},
				"east": {"uv": [3, 4, 2, 3], "texture": "#2"},
				"south": {"uv": [3, 4, 2, 3], "texture": "#2"},
				"west": {"uv": [3, 4, 2, 3], "texture": "#2"},
				"up": {"uv": [3, 4, 2, 3], "texture": "#2"},
				"down": {"uv": [3, 4, 2, 3], "texture": "#2"}
			}
		},
		{
			"from": [-3.3341, 0.36187, 9.59802],
			"to": [-2.3385, 0.99878, 10.80364],
			"rotation": {"angle": -45, "axis": "y", "origin": [-2.46375, 1.51842, 8.56432]},
			"faces": {
				"north": {"uv": [3, 4, 2, 3], "texture": "#2"},
				"east": {"uv": [3, 4, 2, 3], "texture": "#2"},
				"south": {"uv": [3, 4, 2, 3], "texture": "#2"},
				"west": {"uv": [3, 4, 2, 3], "texture": "#2"},
				"up": {"uv": [3, 4, 2, 3], "texture": "#2"},
				"down": {"uv": [3, 4, 2, 3], "texture": "#2"}
			}
		},
		{
			"from": [-3.20498, 0.36187, 9.47549],
			"to": [-2.20937, 0.99878, 10.68111],
			"rotation": {"angle": -22.5, "axis": "y", "origin": [-2.46375, 1.51842, 8.56432]},
			"faces": {
				"north": {"uv": [3, 4, 2, 3], "texture": "#2"},
				"east": {"uv": [3, 4, 2, 3], "texture": "#2"},
				"south": {"uv": [3, 4, 2, 3], "texture": "#2"},
				"west": {"uv": [3, 4, 2, 3], "texture": "#2"},
				"up": {"uv": [3, 4, 2, 3], "texture": "#2"},
				"down": {"uv": [3, 4, 2, 3], "texture": "#2"}
			}
		},
		{
			"from": [-3.0388, 0.36187, 9.41171],
			"to": [-2.04319, 0.99878, 10.61733],
			"rotation": {"angle": 0, "axis": "y", "origin": [-2.46375, 1.51842, 8.56432]},
			"faces": {
				"north": {"uv": [3, 4, 2, 3], "texture": "#2"},
				"east": {"uv": [3, 4, 2, 3], "texture": "#2"},
				"south": {"uv": [3, 4, 2, 3], "texture": "#2"},
				"west": {"uv": [3, 4, 2, 3], "texture": "#2"},
				"up": {"uv": [3, 4, 2, 3], "texture": "#2"},
				"down": {"uv": [3, 4, 2, 3], "texture": "#2"}
			}
		},
		{
			"from": [-3.0388, 0.36187, 5.61207],
			"to": [-2.04319, 0.99878, 9.57983],
			"shade": false,
			"rotation": {"angle": 0, "axis": "y", "origin": [-2.46375, 1.51842, 8.56432]},
			"faces": {
				"north": {"uv": [3, 4, 2, 3], "texture": "#2"},
				"east": {"uv": [3, 4, 2, 3], "texture": "#2"},
				"south": {"uv": [3, 4, 2, 3], "texture": "#2"},
				"west": {"uv": [3, 4, 2, 3], "texture": "#2"},
				"up": {"uv": [3, 4, 2, 3], "texture": "#2"},
				"down": {"uv": [3, 4, 2, 3], "texture": "#2"}
			}
		},
		{
			"from": [-2.69824, 0.36187, 5.68914],
			"to": [-1.70263, 0.99878, 9.6569],
			"shade": false,
			"rotation": {"angle": 45, "axis": "y", "origin": [-2.46375, 1.51842, 8.56432]},
			"faces": {
				"north": {"uv": [3, 4, 2, 3], "texture": "#2"},
				"east": {"uv": [3, 4, 2, 3], "texture": "#2"},
				"south": {"uv": [3, 4, 2, 3], "texture": "#2"},
				"west": {"uv": [3, 4, 2, 3], "texture": "#2"},
				"up": {"uv": [3, 4, 2, 3], "texture": "#2"},
				"down": {"uv": [3, 4, 2, 3], "texture": "#2"}
			}
		},
		{
			"from": [-2.86085, 0.36187, 5.61673],
			"to": [-1.86525, 0.99878, 9.5845],
			"rotation": {"angle": 22.5, "axis": "y", "origin": [-2.46375, 1.51842, 8.56432]},
			"faces": {
				"north": {"uv": [3, 4, 2, 3], "texture": "#2"},
				"east": {"uv": [3, 4, 2, 3], "texture": "#2"},
				"south": {"uv": [3, 4, 2, 3], "texture": "#2"},
				"west": {"uv": [3, 4, 2, 3], "texture": "#2"},
				"up": {"uv": [3, 4, 2, 3], "texture": "#2"},
				"down": {"uv": [3, 4, 2, 3], "texture": "#2"}
			}
		},
		{
			"from": [-4.28854, 0.36187, 7.62156],
			"to": [0.13958, 0.99878, 8.61717],
			"shade": false,
			"rotation": {"angle": 22.5, "axis": "y", "origin": [-2.46375, 1.51842, 8.56432]},
			"faces": {
				"north": {"uv": [2, 4, 3, 3], "texture": "#2"},
				"east": {"uv": [2, 4, 3, 3], "texture": "#2"},
				"south": {"uv": [2, 4, 3, 3], "texture": "#2"},
				"west": {"uv": [2, 4, 3, 3], "texture": "#2"},
				"up": {"uv": [2, 4, 3, 3], "texture": "#2"},
				"down": {"uv": [2, 4, 3, 3], "texture": "#2"}
			}
		},
		{
			"from": [-4.12593, 0.36187, 7.69397],
			"to": [0.30219, 0.99878, 8.68958],
			"shade": false,
			"rotation": {"angle": 45, "axis": "y", "origin": [-2.46375, 1.51842, 8.56432]},
			"faces": {
				"north": {"uv": [2, 4, 3, 3], "texture": "#2"},
				"east": {"uv": [2, 4, 3, 3], "texture": "#2"},
				"south": {"uv": [2, 4, 3, 3], "texture": "#2"},
				"west": {"uv": [2, 4, 3, 3], "texture": "#2"},
				"up": {"uv": [2, 4, 3, 3], "texture": "#2"},
				"down": {"uv": [2, 4, 3, 3], "texture": "#2"}
			}
		},
		{
			"from": [-5.04362, 0.36187, 7.61689],
			"to": [-0.6155, 0.99878, 8.6125],
			"shade": false,
			"rotation": {"angle": 0, "axis": "y", "origin": [-2.46375, 1.51842, 8.56432]},
			"faces": {
				"north": {"uv": [2, 4, 3, 3], "texture": "#2"},
				"east": {"uv": [2, 4, 3, 3], "texture": "#2"},
				"south": {"uv": [2, 4, 3, 3], "texture": "#2"},
				"west": {"uv": [2, 4, 3, 3], "texture": "#2"},
				"up": {"uv": [2, 4, 3, 3], "texture": "#2"},
				"down": {"uv": [2, 4, 3, 3], "texture": "#2"}
			}
		},
		{
			"from": [-5.20981, 0.36187, 7.68068],
			"to": [-1.24205, 0.99878, 8.67629],
			"shade": false,
			"rotation": {"angle": -22.5, "axis": "y", "origin": [-2.46375, 1.51842, 8.56432]},
			"faces": {
				"north": {"uv": [2, 4, 3, 3], "texture": "#2"},
				"east": {"uv": [2, 4, 3, 3], "texture": "#2"},
				"south": {"uv": [2, 4, 3, 3], "texture": "#2"},
				"west": {"uv": [2, 4, 3, 3], "texture": "#2"},
				"up": {"uv": [2, 4, 3, 3], "texture": "#2"},
				"down": {"uv": [2, 4, 3, 3], "texture": "#2"}
			}
		},
		{
			"from": [-5.20981, 2.06187, 7.68068],
			"to": [-4.64205, 2.69878, 8.67629],
			"rotation": {"angle": -22.5, "axis": "y", "origin": [-2.46375, 3.21842, 8.56432]},
			"faces": {
				"north": {"uv": [3, 4, 2, 3], "texture": "#2"},
				"east": {"uv": [3, 4, 2, 3], "texture": "#2"},
				"south": {"uv": [3, 4, 2, 3], "texture": "#2"},
				"west": {"uv": [3, 4, 2, 3], "texture": "#2"},
				"up": {"uv": [3, 4, 2, 3], "texture": "#2"},
				"down": {"uv": [3, 4, 2, 3], "texture": "#2"}
			}
		},
		{
			"from": [-5.04362, 2.06187, 7.61689],
			"to": [-4.5255, 2.69878, 8.6125],
			"rotation": {"angle": 0, "axis": "y", "origin": [-2.46375, 3.21842, 8.56432]},
			"faces": {
				"north": {"uv": [3, 4, 2, 3], "texture": "#2"},
				"east": {"uv": [3, 4, 2, 3], "texture": "#2"},
				"south": {"uv": [3, 4, 2, 3], "texture": "#2"},
				"west": {"uv": [3, 4, 2, 3], "texture": "#2"},
				"up": {"uv": [3, 4, 2, 3], "texture": "#2"},
				"down": {"uv": [3, 4, 2, 3], "texture": "#2"}
			}
		},
		{
			"from": [-0.27029, 2.06187, 7.74833],
			"to": [0.32471, 2.69878, 8.74394],
			"rotation": {"angle": 45, "axis": "y", "origin": [-2.51812, 3.21842, 8.61868]},
			"faces": {
				"north": {"uv": [3, 4, 2, 3], "texture": "#2"},
				"east": {"uv": [3, 4, 2, 3], "texture": "#2"},
				"south": {"uv": [3, 4, 2, 3], "texture": "#2"},
				"west": {"uv": [3, 4, 2, 3], "texture": "#2"},
				"up": {"uv": [3, 4, 2, 3], "texture": "#2"},
				"down": {"uv": [3, 4, 2, 3], "texture": "#2"}
			}
		},
		{
			"from": [-0.44957, 2.06187, 7.65098],
			"to": [0.14543, 2.69878, 8.64659],
			"rotation": {"angle": 22.5, "axis": "y", "origin": [-2.53478, 3.21842, 8.59374]},
			"faces": {
				"north": {"uv": [3, 4, 2, 3], "texture": "#2"},
				"east": {"uv": [3, 4, 2, 3], "texture": "#2"},
				"south": {"uv": [3, 4, 2, 3], "texture": "#2"},
				"west": {"uv": [3, 4, 2, 3], "texture": "#2"},
				"up": {"uv": [3, 4, 2, 3], "texture": "#2"},
				"down": {"uv": [3, 4, 2, 3], "texture": "#2"}
			}
		},
		{
			"from": [-2.86085, 2.06187, 5.61673],
			"to": [-1.86525, 2.69878, 6.1845],
			"rotation": {"angle": 22.5, "axis": "y", "origin": [-2.46375, 3.21842, 8.56432]},
			"faces": {
				"north": {"uv": [3, 4, 2, 3], "texture": "#2"},
				"east": {"uv": [3, 4, 2, 3], "texture": "#2"},
				"south": {"uv": [3, 4, 2, 3], "texture": "#2"},
				"west": {"uv": [3, 4, 2, 3], "texture": "#2"},
				"up": {"uv": [3, 4, 2, 3], "texture": "#2"},
				"down": {"uv": [3, 4, 2, 3], "texture": "#2"}
			}
		},
		{
			"from": [-2.69824, 2.06187, 5.68914],
			"to": [-1.70263, 2.69878, 6.28414],
			"rotation": {"angle": 45, "axis": "y", "origin": [-2.46375, 3.21842, 8.56432]},
			"faces": {
				"north": {"uv": [3, 4, 2, 3], "texture": "#2"},
				"east": {"uv": [3, 4, 2, 3], "texture": "#2"},
				"south": {"uv": [3, 4, 2, 3], "texture": "#2"},
				"west": {"uv": [3, 4, 2, 3], "texture": "#2"},
				"up": {"uv": [3, 4, 2, 3], "texture": "#2"},
				"down": {"uv": [3, 4, 2, 3], "texture": "#2"}
			}
		},
		{
			"from": [-3.0388, 2.06187, 5.61207],
			"to": [-2.04319, 2.69878, 6.17983],
			"rotation": {"angle": 0, "axis": "y", "origin": [-2.46375, 3.21842, 8.56432]},
			"faces": {
				"north": {"uv": [3, 4, 2, 3], "texture": "#2"},
				"east": {"uv": [3, 4, 2, 3], "texture": "#2"},
				"south": {"uv": [3, 4, 2, 3], "texture": "#2"},
				"west": {"uv": [3, 4, 2, 3], "texture": "#2"},
				"up": {"uv": [3, 4, 2, 3], "texture": "#2"},
				"down": {"uv": [3, 4, 2, 3], "texture": "#2"}
			}
		},
		{
			"from": [-3.0388, 2.06187, 10.02233],
			"to": [-2.04319, 2.69878, 10.61733],
			"rotation": {"angle": 0, "axis": "y", "origin": [-2.46375, 3.21842, 8.66494]},
			"faces": {
				"north": {"uv": [3, 4, 2, 3], "texture": "#2"},
				"east": {"uv": [3, 4, 2, 3], "texture": "#2"},
				"south": {"uv": [3, 4, 2, 3], "texture": "#2"},
				"west": {"uv": [3, 4, 2, 3], "texture": "#2"},
				"up": {"uv": [3, 4, 2, 3], "texture": "#2"},
				"down": {"uv": [3, 4, 2, 3], "texture": "#2"}
			}
		},
		{
			"from": [-3.20498, 2.06187, 10.15549],
			"to": [-2.20937, 2.69878, 10.68111],
			"rotation": {"angle": -22.5, "axis": "y", "origin": [-2.46375, 3.21842, 8.56432]},
			"faces": {
				"north": {"uv": [3, 4, 2, 3], "texture": "#2"},
				"east": {"uv": [3, 4, 2, 3], "texture": "#2"},
				"south": {"uv": [3, 4, 2, 3], "texture": "#2"},
				"west": {"uv": [3, 4, 2, 3], "texture": "#2"},
				"up": {"uv": [3, 4, 2, 3], "texture": "#2"},
				"down": {"uv": [3, 4, 2, 3], "texture": "#2"}
			}
		},
		{
			"from": [-3.3341, 2.06187, 10.27802],
			"to": [-2.3385, 2.69878, 10.80364],
			"rotation": {"angle": -45, "axis": "y", "origin": [-2.46375, 3.21842, 8.56432]},
			"faces": {
				"north": {"uv": [3, 4, 2, 3], "texture": "#2"},
				"east": {"uv": [3, 4, 2, 3], "texture": "#2"},
				"south": {"uv": [3, 4, 2, 3], "texture": "#2"},
				"west": {"uv": [3, 4, 2, 3], "texture": "#2"},
				"up": {"uv": [3, 4, 2, 3], "texture": "#2"},
				"down": {"uv": [3, 4, 2, 3], "texture": "#2"}
			}
		},
		{
			"from": [-4.86568, 2.06187, 7.62156],
			"to": [-4.34006, 2.69878, 8.61717],
			"rotation": {"angle": 22.5, "axis": "y", "origin": [-2.46375, 3.21842, 8.56432]},
			"faces": {
				"north": {"uv": [3, 4, 2, 3], "texture": "#2"},
				"east": {"uv": [3, 4, 2, 3], "texture": "#2"},
				"south": {"uv": [3, 4, 2, 3], "texture": "#2"},
				"west": {"uv": [3, 4, 2, 3], "texture": "#2"},
				"up": {"uv": [3, 4, 2, 3], "texture": "#2"},
				"down": {"uv": [3, 4, 2, 3], "texture": "#2"}
			}
		},
		{
			"from": [-0.90835, 2.06187, 7.75414],
			"to": [-0.31335, 2.69878, 8.74975],
			"rotation": {"angle": -45, "axis": "y", "origin": [-2.51281, 3.21842, 8.51526]},
			"faces": {
				"north": {"uv": [3, 4, 2, 3], "texture": "#2"},
				"east": {"uv": [3, 4, 2, 3], "texture": "#2"},
				"south": {"uv": [3, 4, 2, 3], "texture": "#2"},
				"west": {"uv": [3, 4, 2, 3], "texture": "#2"},
				"up": {"uv": [3, 4, 2, 3], "texture": "#2"},
				"down": {"uv": [3, 4, 2, 3], "texture": "#2"}
			}
		},
		{
			"from": [-2.8874, 2.06187, 10.03228],
			"to": [-1.8918, 2.69878, 10.62728],
			"rotation": {"angle": 22.5, "axis": "y", "origin": [-2.4903, 3.21842, 8.50022]},
			"faces": {
				"north": {"uv": [3, 4, 2, 3], "texture": "#2"},
				"east": {"uv": [3, 4, 2, 3], "texture": "#2"},
				"south": {"uv": [3, 4, 2, 3], "texture": "#2"},
				"west": {"uv": [3, 4, 2, 3], "texture": "#2"},
				"up": {"uv": [3, 4, 2, 3], "texture": "#2"},
				"down": {"uv": [3, 4, 2, 3], "texture": "#2"}
			}
		},
		{
			"from": [-0.79426, 2.06187, 7.65413],
			"to": [-0.19926, 2.69878, 8.64974],
			"rotation": {"angle": -22.5, "axis": "y", "origin": [-2.52785, 3.21842, 8.53777]},
			"faces": {
				"north": {"uv": [3, 4, 2, 3], "texture": "#2"},
				"east": {"uv": [3, 4, 2, 3], "texture": "#2"},
				"south": {"uv": [3, 4, 2, 3], "texture": "#2"},
				"west": {"uv": [3, 4, 2, 3], "texture": "#2"},
				"up": {"uv": [3, 4, 2, 3], "texture": "#2"},
				"down": {"uv": [3, 4, 2, 3], "texture": "#2"}
			}
		},
		{
			"from": [-0.63336, 2.06187, 7.61689],
			"to": [-0.03836, 2.69878, 8.6125],
			"rotation": {"angle": 0, "axis": "y", "origin": [-2.53313, 3.21842, 8.56432]},
			"faces": {
				"north": {"uv": [16, 16, 0, 0], "texture": "#2"},
				"east": {"uv": [16, 16, 0, 0], "texture": "#2"},
				"south": {"uv": [16, 16, 0, 0], "texture": "#2"},
				"west": {"uv": [16, 16, 0, 0], "texture": "#2"},
				"up": {"uv": [16, 16, 0, 0], "texture": "#2"},
				"down": {"uv": [16, 16, 0, 0], "texture": "#2"}
			}
		},
		{
			"from": [-3.20498, 2.06187, 5.67585],
			"to": [-2.20937, 2.69878, 6.24361],
			"rotation": {"angle": -22.5, "axis": "y", "origin": [-2.46375, 3.21842, 8.56432]},
			"faces": {
				"north": {"uv": [3, 4, 2, 3], "texture": "#2"},
				"east": {"uv": [3, 4, 2, 3], "texture": "#2"},
				"south": {"uv": [3, 4, 2, 3], "texture": "#2"},
				"west": {"uv": [3, 4, 2, 3], "texture": "#2"},
				"up": {"uv": [3, 4, 2, 3], "texture": "#2"},
				"down": {"uv": [3, 4, 2, 3], "texture": "#2"}
			}
		},
		{
			"from": [-2.86498, 0.87187, 5.84585],
			"to": [-2.37937, 2.18878, 6.41361],
			"rotation": {"angle": -22.5, "axis": "y", "origin": [-2.46375, 2.36842, 8.56432]},
			"faces": {
				"north": {"uv": [3, 4, 2, 3], "texture": "#2"},
				"east": {"uv": [3, 4, 2, 3], "texture": "#2"},
				"south": {"uv": [3, 4, 2, 3], "texture": "#2"},
				"west": {"uv": [3, 4, 2, 3], "texture": "#2"},
				"up": {"uv": [3, 4, 2, 3], "texture": "#2"},
				"down": {"uv": [3, 4, 2, 3], "texture": "#2"}
			}
		},
		{
			"from": [-2.69085, 0.87187, 5.78673],
			"to": [-2.20525, 2.18878, 6.3545],
			"rotation": {"angle": 22.5, "axis": "y", "origin": [-2.46375, 2.36842, 8.56432]},
			"faces": {
				"north": {"uv": [3, 4, 2, 3], "texture": "#2"},
				"east": {"uv": [3, 4, 2, 3], "texture": "#2"},
				"south": {"uv": [3, 4, 2, 3], "texture": "#2"},
				"west": {"uv": [3, 4, 2, 3], "texture": "#2"},
				"up": {"uv": [3, 4, 2, 3], "texture": "#2"},
				"down": {"uv": [3, 4, 2, 3], "texture": "#2"}
			}
		},
		{
			"from": [-2.77124, 0.87187, 5.80055],
			"to": [-2.28564, 2.18878, 6.36831],
			"rotation": {"angle": 0, "axis": "y", "origin": [-1.67844, 1.53032, 6.25443]},
			"faces": {
				"north": {"uv": [3, 4, 2, 3], "texture": "#2"},
				"east": {"uv": [3, 4, 2, 3], "texture": "#2"},
				"south": {"uv": [3, 4, 2, 3], "texture": "#2"},
				"west": {"uv": [3, 4, 2, 3], "texture": "#2"},
				"up": {"uv": [3, 4, 2, 3], "texture": "#2"},
				"down": {"uv": [3, 4, 2, 3], "texture": "#2"}
			}
		},
		{
			"from": [-3.8349, 0.87187, 6.82775],
			"to": [-3.34929, 2.18878, 7.39551],
			"rotation": {"angle": 45, "axis": "y", "origin": [-4.40681, 1.53032, 7.38776]},
			"faces": {
				"north": {"uv": [3, 4, 2, 3], "texture": "#2"},
				"east": {"uv": [3, 4, 2, 3], "texture": "#2"},
				"south": {"uv": [3, 4, 2, 3], "texture": "#2"},
				"west": {"uv": [3, 4, 2, 3], "texture": "#2"},
				"up": {"uv": [3, 4, 2, 3], "texture": "#2"},
				"down": {"uv": [3, 4, 2, 3], "texture": "#2"}
			}
		},
		{
			"from": [-4.80402, 0.87187, 7.13659],
			"to": [-4.23626, 2.18878, 7.6222],
			"rotation": {"angle": -22.5, "axis": "y", "origin": [-4.40681, 1.53032, 7.38776]},
			"faces": {
				"north": {"uv": [3, 4, 2, 3], "texture": "#2"},
				"east": {"uv": [3, 4, 2, 3], "texture": "#2"},
				"south": {"uv": [3, 4, 2, 3], "texture": "#2"},
				"west": {"uv": [3, 4, 2, 3], "texture": "#2"},
				"up": {"uv": [3, 4, 2, 3], "texture": "#2"},
				"down": {"uv": [3, 4, 2, 3], "texture": "#2"}
			}
		},
		{
			"from": [-2.69085, 0.87187, 9.99899],
			"to": [-2.20525, 2.18878, 10.56676],
			"rotation": {"angle": -22.5, "axis": "y", "origin": [-2.46375, 2.36842, 7.78917]},
			"faces": {
				"north": {"uv": [3, 4, 2, 3], "texture": "#2"},
				"east": {"uv": [3, 4, 2, 3], "texture": "#2"},
				"south": {"uv": [3, 4, 2, 3], "texture": "#2"},
				"west": {"uv": [3, 4, 2, 3], "texture": "#2"},
				"up": {"uv": [3, 4, 2, 3], "texture": "#2"},
				"down": {"uv": [3, 4, 2, 3], "texture": "#2"}
			}
		},
		{
			"from": [-2.77124, 0.87187, 9.98518],
			"to": [-2.28564, 2.18878, 10.55294],
			"rotation": {"angle": 0, "axis": "y", "origin": [-1.67844, 1.53032, 10.09906]},
			"faces": {
				"north": {"uv": [3, 4, 2, 3], "texture": "#2"},
				"east": {"uv": [3, 4, 2, 3], "texture": "#2"},
				"south": {"uv": [3, 4, 2, 3], "texture": "#2"},
				"west": {"uv": [3, 4, 2, 3], "texture": "#2"},
				"up": {"uv": [3, 4, 2, 3], "texture": "#2"},
				"down": {"uv": [3, 4, 2, 3], "texture": "#2"}
			}
		},
		{
			"from": [-2.86498, 0.87187, 9.93988],
			"to": [-2.37937, 2.18878, 10.50764],
			"rotation": {"angle": 22.5, "axis": "y", "origin": [-2.46375, 2.36842, 7.78917]},
			"faces": {
				"north": {"uv": [3, 4, 2, 3], "texture": "#2"},
				"east": {"uv": [3, 4, 2, 3], "texture": "#2"},
				"south": {"uv": [3, 4, 2, 3], "texture": "#2"},
				"west": {"uv": [3, 4, 2, 3], "texture": "#2"},
				"up": {"uv": [3, 4, 2, 3], "texture": "#2"},
				"down": {"uv": [3, 4, 2, 3], "texture": "#2"}
			}
		},
		{
			"from": [-3.8349, 0.87187, 8.95798],
			"to": [-3.34929, 2.18878, 9.52574],
			"rotation": {"angle": -45, "axis": "y", "origin": [-4.40681, 1.53032, 8.96573]},
			"faces": {
				"north": {"uv": [3, 4, 2, 3], "texture": "#2"},
				"east": {"uv": [3, 4, 2, 3], "texture": "#2"},
				"south": {"uv": [3, 4, 2, 3], "texture": "#2"},
				"west": {"uv": [3, 4, 2, 3], "texture": "#2"},
				"up": {"uv": [3, 4, 2, 3], "texture": "#2"},
				"down": {"uv": [3, 4, 2, 3], "texture": "#2"}
			}
		},
		{
			"from": [-4.97002, 0.87187, 7.90048],
			"to": [-4.40226, 2.18878, 8.41048],
			"rotation": {"angle": 0, "axis": "y", "origin": [-4.40681, 1.53032, 8.96573]},
			"faces": {
				"north": {"uv": [3, 4, 2, 3], "texture": "#2"},
				"east": {"uv": [3, 4, 2, 3], "texture": "#2"},
				"south": {"uv": [3, 4, 2, 3], "texture": "#2"},
				"west": {"uv": [3, 4, 2, 3], "texture": "#2"},
				"up": {"uv": [3, 4, 2, 3], "texture": "#2"},
				"down": {"uv": [3, 4, 2, 3], "texture": "#2"}
			}
		},
		{
			"from": [-4.80402, 0.87187, 8.73129],
			"to": [-4.23626, 2.18878, 9.2169],
			"rotation": {"angle": 22.5, "axis": "y", "origin": [-4.40681, 1.53032, 8.96573]},
			"faces": {
				"north": {"uv": [3, 4, 2, 3], "texture": "#2"},
				"east": {"uv": [3, 4, 2, 3], "texture": "#2"},
				"south": {"uv": [3, 4, 2, 3], "texture": "#2"},
				"west": {"uv": [3, 4, 2, 3], "texture": "#2"},
				"up": {"uv": [3, 4, 2, 3], "texture": "#2"},
				"down": {"uv": [3, 4, 2, 3], "texture": "#2"}
			}
		},
		{
			"from": [-1.78175, 0.87187, 8.95798],
			"to": [-1.29615, 2.18878, 9.52574],
			"rotation": {"angle": 45, "axis": "y", "origin": [-0.72424, 1.53032, 8.96573]},
			"faces": {
				"north": {"uv": [3, 4, 2, 3], "texture": "#2"},
				"east": {"uv": [3, 4, 2, 3], "texture": "#2"},
				"south": {"uv": [3, 4, 2, 3], "texture": "#2"},
				"west": {"uv": [3, 4, 2, 3], "texture": "#2"},
				"up": {"uv": [3, 4, 2, 3], "texture": "#2"},
				"down": {"uv": [3, 4, 2, 3], "texture": "#2"}
			}
		},
		{
			"from": [-1.78175, 0.87187, 6.82775],
			"to": [-1.29615, 2.18878, 7.39551],
			"rotation": {"angle": -45, "axis": "y", "origin": [-0.72424, 1.53032, 7.38776]},
			"faces": {
				"north": {"uv": [3, 4, 2, 3], "texture": "#2"},
				"east": {"uv": [3, 4, 2, 3], "texture": "#2"},
				"south": {"uv": [3, 4, 2, 3], "texture": "#2"},
				"west": {"uv": [3, 4, 2, 3], "texture": "#2"},
				"up": {"uv": [3, 4, 2, 3], "texture": "#2"},
				"down": {"uv": [3, 4, 2, 3], "texture": "#2"}
			}
		},
		{
			"from": [-0.89478, 0.87187, 8.73129],
			"to": [-0.32702, 2.18878, 9.2169],
			"rotation": {"angle": -22.5, "axis": "y", "origin": [-0.72424, 1.53032, 8.96573]},
			"faces": {
				"north": {"uv": [3, 4, 2, 3], "texture": "#2"},
				"east": {"uv": [3, 4, 2, 3], "texture": "#2"},
				"south": {"uv": [3, 4, 2, 3], "texture": "#2"},
				"west": {"uv": [3, 4, 2, 3], "texture": "#2"},
				"up": {"uv": [3, 4, 2, 3], "texture": "#2"},
				"down": {"uv": [3, 4, 2, 3], "texture": "#2"}
			}
		},
		{
			"from": [-0.72878, 0.87187, 7.90048],
			"to": [-0.16102, 2.18878, 8.41048],
			"rotation": {"angle": 0, "axis": "y", "origin": [-0.72424, 1.53032, 8.96573]},
			"faces": {
				"north": {"uv": [3, 4, 2, 3], "texture": "#2"},
				"east": {"uv": [3, 4, 2, 3], "texture": "#2"},
				"south": {"uv": [3, 4, 2, 3], "texture": "#2"},
				"west": {"uv": [3, 4, 2, 3], "texture": "#2"},
				"up": {"uv": [3, 4, 2, 3], "texture": "#2"},
				"down": {"uv": [3, 4, 2, 3], "texture": "#2"}
			}
		},
		{
			"from": [-0.89478, 0.87187, 7.13659],
			"to": [-0.32702, 2.18878, 7.6222],
			"rotation": {"angle": 22.5, "axis": "y", "origin": [-0.72424, 1.53032, 7.38776]},
			"faces": {
				"north": {"uv": [3, 4, 2, 3], "texture": "#2"},
				"east": {"uv": [3, 4, 2, 3], "texture": "#2"},
				"south": {"uv": [3, 4, 2, 3], "texture": "#2"},
				"west": {"uv": [3, 4, 2, 3], "texture": "#2"},
				"up": {"uv": [3, 4, 2, 3], "texture": "#2"},
				"down": {"uv": [3, 4, 2, 3], "texture": "#2"}
			}
		},
		{
			"from": [-2.79456, -0.25384, 6.26052],
			"to": [-2.69067, 9.72758, 6.67455],
			"rotation": {"angle": 22.5, "axis": "y", "origin": [-2.74261, 3.46187, 6.46754]},
			"faces": {
				"north": {"uv": [3, 4, 2, 3], "texture": "#2"},
				"east": {"uv": [3, 4, 2, 3], "texture": "#2"},
				"south": {"uv": [3, 4, 2, 3], "texture": "#2"},
				"west": {"uv": [3, 4, 2, 3], "texture": "#2"},
				"up": {"uv": [3, 4, 2, 3], "texture": "#2"},
				"down": {"uv": [3, 4, 2, 3], "texture": "#2"}
			}
		},
		{
			"from": [-2.98304, -0.25384, 6.4656],
			"to": [-2.85724, 9.72758, 6.56949],
			"rotation": {"angle": 0, "axis": "y", "origin": [-2.37228, 1.68423, 8.72929]},
			"faces": {
				"north": {"uv": [3, 4, 2, 3], "texture": "#2"},
				"east": {"uv": [3, 4, 2, 3], "texture": "#2"},
				"south": {"uv": [3, 4, 2, 3], "texture": "#2"},
				"west": {"uv": [3, 4, 2, 3], "texture": "#2"},
				"up": {"uv": [3, 4, 2, 3], "texture": "#2"},
				"down": {"uv": [3, 4, 2, 3], "texture": "#2"}
			}
		},
		{
			"from": [-2.96795, -0.25384, 6.54147],
			"to": [-2.84215, 9.72758, 6.64536],
			"shade": false,
			"rotation": {"angle": 22.5, "axis": "y", "origin": [-2.90505, 2.27267, 6.59341]},
			"faces": {
				"north": {"uv": [3, 4, 2, 3], "texture": "#2"},
				"east": {"uv": [3, 4, 2, 3], "texture": "#2"},
				"south": {"uv": [3, 4, 2, 3], "texture": "#2"},
				"west": {"uv": [3, 4, 2, 3], "texture": "#2"},
				"up": {"uv": [3, 4, 2, 3], "texture": "#2"},
				"down": {"uv": [3, 4, 2, 3], "texture": "#2"}
			}
		},
		{
			"from": [-2.84393, -0.25384, 6.62386],
			"to": [-2.74004, 9.72758, 6.74966],
			"rotation": {"angle": -22.5, "axis": "y", "origin": [-2.82992, 2.27267, 6.67922]},
			"faces": {
				"north": {"uv": [3, 4, 2, 3], "texture": "#2"},
				"east": {"uv": [3, 4, 2, 3], "texture": "#2"},
				"south": {"uv": [3, 4, 2, 3], "texture": "#2"},
				"west": {"uv": [3, 4, 2, 3], "texture": "#2"},
				"up": {"uv": [3, 4, 2, 3], "texture": "#2"},
				"down": {"uv": [3, 4, 2, 3], "texture": "#2"}
			}
		},
		{
			"from": [-2.90037, -0.25384, 6.58934],
			"to": [-2.77456, 9.72758, 6.69323],
			"rotation": {"angle": 45, "axis": "y", "origin": [-2.82992, 2.27267, 6.67922]},
			"faces": {
				"north": {"uv": [3, 4, 2, 3], "texture": "#2"},
				"east": {"uv": [3, 4, 2, 3], "texture": "#2"},
				"south": {"uv": [3, 4, 2, 3], "texture": "#2"},
				"west": {"uv": [3, 4, 2, 3], "texture": "#2"},
				"up": {"uv": [3, 4, 2, 3], "texture": "#2"},
				"down": {"uv": [3, 4, 2, 3], "texture": "#2"}
			}
		},
		{
			"from": [-2.63612, -0.25384, 6.51516],
			"to": [-2.51031, 9.72758, 6.61906],
			"rotation": {"angle": -22.5, "axis": "y", "origin": [-2.6221, 2.27267, 6.66691]},
			"faces": {
				"north": {"uv": [3, 4, 2, 3], "texture": "#2"},
				"east": {"uv": [3, 4, 2, 3], "texture": "#2"},
				"south": {"uv": [3, 4, 2, 3], "texture": "#2"},
				"west": {"uv": [3, 4, 2, 3], "texture": "#2"},
				"up": {"uv": [3, 4, 2, 3], "texture": "#2"},
				"down": {"uv": [3, 4, 2, 3], "texture": "#2"}
			}
		},
		{
			"from": [-2.639, -0.25384, 6.62607],
			"to": [-2.53511, 9.72758, 6.75187],
			"rotation": {"angle": 45, "axis": "y", "origin": [-2.6221, 2.27267, 6.66691]},
			"faces": {
				"north": {"uv": [3, 4, 2, 3], "texture": "#2"},
				"east": {"uv": [3, 4, 2, 3], "texture": "#2"},
				"south": {"uv": [3, 4, 2, 3], "texture": "#2"},
				"west": {"uv": [3, 4, 2, 3], "texture": "#2"},
				"up": {"uv": [3, 4, 2, 3], "texture": "#2"},
				"down": {"uv": [3, 4, 2, 3], "texture": "#2"}
			}
		},
		{
			"from": [-2.70909, -0.25384, 6.62607],
			"to": [-2.6052, 9.72758, 6.75187],
			"rotation": {"angle": 22.5, "axis": "y", "origin": [-2.6221, 2.27267, 6.66691]},
			"faces": {
				"north": {"uv": [3, 4, 2, 3], "texture": "#2"},
				"east": {"uv": [3, 4, 2, 3], "texture": "#2"},
				"south": {"uv": [3, 4, 2, 3], "texture": "#2"},
				"west": {"uv": [3, 4, 2, 3], "texture": "#2"},
				"up": {"uv": [3, 4, 2, 3], "texture": "#2"},
				"down": {"uv": [3, 4, 2, 3], "texture": "#2"}
			}
		},
		{
			"from": [-2.77384, -0.25384, 6.65289],
			"to": [-2.66995, 9.72758, 6.7787],
			"rotation": {"angle": 0, "axis": "y", "origin": [-2.6221, 2.27267, 6.66691]},
			"faces": {
				"north": {"uv": [3, 4, 2, 3], "texture": "#2"},
				"east": {"uv": [3, 4, 2, 3], "texture": "#2"},
				"south": {"uv": [3, 4, 2, 3], "texture": "#2"},
				"west": {"uv": [3, 4, 2, 3], "texture": "#2"},
				"up": {"uv": [3, 4, 2, 3], "texture": "#2"},
				"down": {"uv": [3, 4, 2, 3], "texture": "#2"}
			}
		},
		{
			"from": [-2.77384, -0.25384, 6.2564],
			"to": [-2.66995, 9.72758, 6.67043],
			"rotation": {"angle": 0, "axis": "y", "origin": [-2.6221, 2.27267, 6.36819]},
			"faces": {
				"north": {"uv": [3, 4, 2, 3], "texture": "#2"},
				"east": {"uv": [3, 4, 2, 3], "texture": "#2"},
				"south": {"uv": [3, 4, 2, 3], "texture": "#2"},
				"west": {"uv": [3, 4, 2, 3], "texture": "#2"},
				"up": {"uv": [3, 4, 2, 3], "texture": "#2"},
				"down": {"uv": [3, 4, 2, 3], "texture": "#2"}
			}
		},
		{
			"from": [-2.64078, -0.25384, 6.31152],
			"to": [-2.53688, 9.72758, 6.72555],
			"rotation": {"angle": -45, "axis": "y", "origin": [-2.58883, 9.51465, 6.38448]},
			"faces": {
				"north": {"uv": [3, 4, 2, 3], "texture": "#2"},
				"east": {"uv": [3, 4, 2, 3], "texture": "#2"},
				"south": {"uv": [3, 4, 2, 3], "texture": "#2"},
				"west": {"uv": [3, 4, 2, 3], "texture": "#2"},
				"up": {"uv": [3, 4, 2, 3], "texture": "#2"},
				"down": {"uv": [3, 4, 2, 3], "texture": "#2"}
			}
		},
		{
			"from": [-2.71279, -0.25384, 6.29719],
			"to": [-2.6089, 9.72758, 6.71123],
			"rotation": {"angle": -22.5, "axis": "y", "origin": [-2.58883, 9.51465, 6.38448]},
			"faces": {
				"north": {"uv": [3, 4, 2, 3], "texture": "#2"},
				"east": {"uv": [3, 4, 2, 3], "texture": "#2"},
				"south": {"uv": [3, 4, 2, 3], "texture": "#2"},
				"west": {"uv": [3, 4, 2, 3], "texture": "#2"},
				"up": {"uv": [3, 4, 2, 3], "texture": "#2"},
				"down": {"uv": [3, 4, 2, 3], "texture": "#2"}
			}
		},
		{
			"from": [-2.96795, -0.25384, 6.38974],
			"to": [-2.50588, 9.72758, 6.49363],
			"rotation": {"angle": -22.5, "axis": "y", "origin": [-2.90505, 2.27267, 6.44168]},
			"faces": {
				"north": {"uv": [3, 4, 2, 3], "texture": "#2"},
				"east": {"uv": [3, 4, 2, 3], "texture": "#2"},
				"south": {"uv": [3, 4, 2, 3], "texture": "#2"},
				"west": {"uv": [3, 4, 2, 3], "texture": "#2"},
				"up": {"uv": [3, 4, 2, 3], "texture": "#2"},
				"down": {"uv": [3, 4, 2, 3], "texture": "#2"}
			}
		},
		{
			"from": [-2.90037, -0.25384, 6.34187],
			"to": [-2.4383, 9.72758, 6.44576],
			"rotation": {"angle": -45, "axis": "y", "origin": [-2.82992, 2.27267, 6.35588]},
			"faces": {
				"north": {"uv": [3, 4, 2, 3], "texture": "#2"},
				"east": {"uv": [3, 4, 2, 3], "texture": "#2"},
				"south": {"uv": [3, 4, 2, 3], "texture": "#2"},
				"west": {"uv": [3, 4, 2, 3], "texture": "#2"},
				"up": {"uv": [3, 4, 2, 3], "texture": "#2"},
				"down": {"uv": [3, 4, 2, 3], "texture": "#2"}
			}
		},
		{
			"from": [-2.92282, -0.25384, 6.4656],
			"to": [-2.46075, 9.72758, 6.56949],
			"rotation": {"angle": 0, "axis": "y", "origin": [-2.38161, 1.68423, 8.72929]},
			"faces": {
				"north": {"uv": [3, 4, 2, 3], "texture": "#2"},
				"east": {"uv": [3, 4, 2, 3], "texture": "#2"},
				"south": {"uv": [3, 4, 2, 3], "texture": "#2"},
				"west": {"uv": [3, 4, 2, 3], "texture": "#2"},
				"up": {"uv": [3, 4, 2, 3], "texture": "#2"},
				"down": {"uv": [3, 4, 2, 3], "texture": "#2"}
			}
		},
		{
			"from": [-2.91558, -0.25384, 6.40455],
			"to": [-2.50154, 9.72758, 6.50844],
			"shade": false,
			"rotation": {"angle": 22.5, "axis": "y", "origin": [-2.58883, 9.51465, 6.38448]},
			"faces": {
				"north": {"uv": [3, 4, 2, 3], "texture": "#2"},
				"east": {"uv": [3, 4, 2, 3], "texture": "#2"},
				"south": {"uv": [3, 4, 2, 3], "texture": "#2"},
				"west": {"uv": [3, 4, 2, 3], "texture": "#2"},
				"up": {"uv": [3, 4, 2, 3], "texture": "#2"},
				"down": {"uv": [3, 4, 2, 3], "texture": "#2"}
			}
		},
		{
			"from": [-2.67541, 6.65187, 6.48055],
			"to": [0.3602, 9.15878, 6.48055],
			"rotation": {"angle": 0, "axis": "y", "origin": [-5.1526, 2.55032, 6.25443]},
			"faces": {
				"north": {"uv": [0, 0, 16, 16], "texture": "#4"},
				"east": {"uv": [0, 0, 16, 16], "texture": "#4"},
				"south": {"uv": [0, 0, 16, 16], "texture": "#4"},
				"west": {"uv": [0, 0, 16, 16], "texture": "#4"},
				"up": {"uv": [0, 0, 16, 16], "texture": "#4"},
				"down": {"uv": [0, 0, 16, 16], "texture": "#4"}
			}
		},
		{
			"from": [-3.95862, -1.62715, 18.4373],
			"to": [-3.44862, -1.11718, 18.84316],
			"rotation": {"angle": 45, "axis": "x", "origin": [-3.78862, 10.01171, 16.32511]},
			"faces": {
				"north": {"uv": [3, 4, 2, 3], "texture": "#2"},
				"east": {"uv": [3, 4, 2, 3], "texture": "#2"},
				"south": {"uv": [3, 4, 2, 3], "texture": "#2"},
				"west": {"uv": [3, 4, 2, 3], "texture": "#2"},
				"up": {"uv": [3, 4, 2, 3], "texture": "#2"},
				"down": {"uv": [3, 4, 2, 3], "texture": "#2"}
			}
		},
		{
			"from": [-3.38242, -1.62715, 18.4373],
			"to": [-2.87242, -1.11718, 18.84316],
			"rotation": {"angle": 45, "axis": "x", "origin": [-3.04242, 10.01171, 16.32511]},
			"faces": {
				"north": {"uv": [3, 4, 2, 3], "texture": "#2"},
				"east": {"uv": [3, 4, 2, 3], "texture": "#2"},
				"south": {"uv": [3, 4, 2, 3], "texture": "#2"},
				"west": {"uv": [3, 4, 2, 3], "texture": "#2"},
				"up": {"uv": [3, 4, 2, 3], "texture": "#2"},
				"down": {"uv": [3, 4, 2, 3], "texture": "#2"}
			}
		},
		{
			"from": [-1.52593, -4.10435, 6.99062],
			"to": [17.22507, -1.94376, 6.99062],
			"rotation": {"angle": 0, "axis": "y", "origin": [-0.25093, -33.62405, 6.99062]},
			"faces": {
				"north": {"uv": [16, 16, 0, 0], "texture": "#1"},
				"east": {"uv": [16, 16, 0, 0], "texture": "#1"},
				"south": {"uv": [16, 16, 0, 0], "texture": "#1"},
				"west": {"uv": [16, 16, 0, 0], "texture": "#1"},
				"up": {"uv": [16, 16, 0, 0], "texture": "#1"},
				"down": {"uv": [16, 16, 0, 0], "texture": "#1"}
			}
		},
		{
			"from": [1.70407, -4.10435, 6.99062],
			"to": [17.22507, 2.81624, 6.99062],
			"rotation": {"angle": 0, "axis": "y", "origin": [-0.25093, -33.62405, 6.99062]},
			"faces": {
				"north": {"uv": [16, 16, 0, 0], "texture": "#1"},
				"east": {"uv": [16, 16, 0, 0], "texture": "#1"},
				"south": {"uv": [16, 16, 0, 0], "texture": "#1"},
				"west": {"uv": [16, 16, 0, 0], "texture": "#1"},
				"up": {"uv": [16, 16, 0, 0], "texture": "#1"},
				"down": {"uv": [16, 16, 0, 0], "texture": "#1"}
			}
		},
		{
			"from": [18.60614, -4.23912, 6.65972],
			"to": [19.05135, 30.83364, 7.02738],
			"rotation": {"angle": 0, "axis": "y", "origin": [16.88993, -34.89858, 14.67062]},
			"faces": {
				"north": {"uv": [15, 11, 13, 9], "texture": "#2"},
				"east": {"uv": [15, 11, 13, 9], "texture": "#2"},
				"south": {"uv": [15, 11, 13, 9], "texture": "#2"},
				"west": {"uv": [15, 11, 13, 9], "texture": "#2"},
				"up": {"uv": [15, 11, 13, 9], "texture": "#2"},
				"down": {"uv": [15, 11, 13, 9], "texture": "#2"}
			}
		},
		{
			"from": [18.55274, -4.23912, 6.9282],
			"to": [18.99795, 30.83364, 7.29586],
			"rotation": {"angle": -22.5, "axis": "y", "origin": [18.77534, -32.81614, 7.11203]},
			"faces": {
				"north": {"uv": [15, 11, 13, 9], "texture": "#2"},
				"east": {"uv": [15, 11, 13, 9], "texture": "#2"},
				"south": {"uv": [15, 11, 13, 9], "texture": "#2"},
				"west": {"uv": [15, 11, 13, 9], "texture": "#2"},
				"up": {"uv": [15, 11, 13, 9], "texture": "#2"},
				"down": {"uv": [15, 11, 13, 9], "texture": "#2"}
			}
		},
		{
			"from": [18.19139, -4.23912, 7.21977],
			"to": [18.55905, 30.83364, 7.66498],
			"rotation": {"angle": 22.5, "axis": "y", "origin": [18.50946, -32.81614, 7.41567]},
			"faces": {
				"north": {"uv": [15, 11, 13, 9], "texture": "#2"},
				"east": {"uv": [15, 11, 13, 9], "texture": "#2"},
				"south": {"uv": [15, 11, 13, 9], "texture": "#2"},
				"west": {"uv": [15, 11, 13, 9], "texture": "#2"},
				"up": {"uv": [15, 11, 13, 9], "texture": "#2"},
				"down": {"uv": [15, 11, 13, 9], "texture": "#2"}
			}
		},
		{
			"from": [18.31356, -4.23912, 7.0976],
			"to": [18.75877, 30.83364, 7.46526],
			"rotation": {"angle": -45, "axis": "y", "origin": [18.50946, -32.81614, 7.41567]},
			"faces": {
				"north": {"uv": [15, 11, 13, 9], "texture": "#2"},
				"east": {"uv": [15, 11, 13, 9], "texture": "#2"},
				"south": {"uv": [15, 11, 13, 9], "texture": "#2"},
				"west": {"uv": [15, 11, 13, 9], "texture": "#2"},
				"up": {"uv": [15, 11, 13, 9], "texture": "#2"},
				"down": {"uv": [15, 11, 13, 9], "texture": "#2"}
			}
		},
		{
			"from": [17.3784, -4.23912, 6.83511],
			"to": [17.82361, 30.83364, 7.20277],
			"rotation": {"angle": 22.5, "axis": "y", "origin": [17.774, -32.81614, 7.37212]},
			"faces": {
				"north": {"uv": [15, 11, 13, 9], "texture": "#2"},
				"east": {"uv": [15, 11, 13, 9], "texture": "#2"},
				"south": {"uv": [15, 11, 13, 9], "texture": "#2"},
				"west": {"uv": [15, 11, 13, 9], "texture": "#2"},
				"up": {"uv": [15, 11, 13, 9], "texture": "#2"},
				"down": {"uv": [15, 11, 13, 9], "texture": "#2"}
			}
		},
		{
			"from": [17.46615, -4.23912, 7.22759],
			"to": [17.83381, 30.83364, 7.6728],
			"rotation": {"angle": -45, "axis": "y", "origin": [17.774, -32.81614, 7.37212]},
			"faces": {
				"north": {"uv": [15, 11, 13, 9], "texture": "#2"},
				"east": {"uv": [15, 11, 13, 9], "texture": "#2"},
				"south": {"uv": [15, 11, 13, 9], "texture": "#2"},
				"west": {"uv": [15, 11, 13, 9], "texture": "#2"},
				"up": {"uv": [15, 11, 13, 9], "texture": "#2"},
				"down": {"uv": [15, 11, 13, 9], "texture": "#2"}
			}
		},
		{
			"from": [17.71419, -4.23912, 7.22759],
			"to": [18.08185, 30.83364, 7.6728],
			"rotation": {"angle": -22.5, "axis": "y", "origin": [17.774, -32.81614, 7.37212]},
			"faces": {
				"north": {"uv": [15, 11, 13, 9], "texture": "#2"},
				"east": {"uv": [15, 11, 13, 9], "texture": "#2"},
				"south": {"uv": [15, 11, 13, 9], "texture": "#2"},
				"west": {"uv": [15, 11, 13, 9], "texture": "#2"},
				"up": {"uv": [15, 11, 13, 9], "texture": "#2"},
				"down": {"uv": [15, 11, 13, 9], "texture": "#2"}
			}
		},
		{
			"from": [17.94335, -4.23912, 7.32251],
			"to": [18.31101, 30.83364, 7.76772],
			"rotation": {"angle": 0, "axis": "y", "origin": [17.774, -32.81614, 7.37212]},
			"faces": {
				"north": {"uv": [15, 11, 13, 9], "texture": "#2"},
				"east": {"uv": [15, 11, 13, 9], "texture": "#2"},
				"south": {"uv": [15, 11, 13, 9], "texture": "#2"},
				"west": {"uv": [15, 11, 13, 9], "texture": "#2"},
				"up": {"uv": [15, 11, 13, 9], "texture": "#2"},
				"down": {"uv": [15, 11, 13, 9], "texture": "#2"}
			}
		},
		{
			"from": [17.94335, -4.23912, 5.91938],
			"to": [18.31101, 30.83364, 7.38459],
			"rotation": {"angle": 0, "axis": "y", "origin": [17.774, -32.81614, 6.31498]},
			"faces": {
				"north": {"uv": [15, 11, 13, 9], "texture": "#2"},
				"east": {"uv": [15, 11, 13, 9], "texture": "#2"},
				"south": {"uv": [15, 11, 13, 9], "texture": "#2"},
				"west": {"uv": [15, 11, 13, 9], "texture": "#2"},
				"up": {"uv": [15, 11, 13, 9], "texture": "#2"},
				"down": {"uv": [15, 11, 13, 9], "texture": "#2"}
			}
		},
		{
			"from": [17.47245, -4.23912, 6.11444],
			"to": [17.8401, 30.83364, 7.57965],
			"rotation": {"angle": 45, "axis": "y", "origin": [17.65628, -7.18774, 6.37264]},
			"faces": {
				"north": {"uv": [15, 11, 13, 9], "texture": "#2"},
				"east": {"uv": [15, 11, 13, 9], "texture": "#2"},
				"south": {"uv": [15, 11, 13, 9], "texture": "#2"},
				"west": {"uv": [15, 11, 13, 9], "texture": "#2"},
				"up": {"uv": [15, 11, 13, 9], "texture": "#2"},
				"down": {"uv": [15, 11, 13, 9], "texture": "#2"}
			}
		},
		{
			"from": [17.7273, -4.23912, 6.06374],
			"to": [18.09496, 30.83364, 7.52895],
			"rotation": {"angle": 22.5, "axis": "y", "origin": [17.65628, -7.18774, 6.37264]},
			"faces": {
				"north": {"uv": [15, 11, 13, 9], "texture": "#2"},
				"east": {"uv": [15, 11, 13, 9], "texture": "#2"},
				"south": {"uv": [15, 11, 13, 9], "texture": "#2"},
				"west": {"uv": [15, 11, 13, 9], "texture": "#2"},
				"up": {"uv": [15, 11, 13, 9], "texture": "#2"},
				"down": {"uv": [15, 11, 13, 9], "texture": "#2"}
			}
		},
		{
			"from": [18.19139, -4.23912, 6.02212],
			"to": [18.55905, 30.83364, 6.46733],
			"shade": false,
			"rotation": {"angle": -22.5, "axis": "y", "origin": [18.50946, -32.81614, 6.27143]},
			"faces": {
				"north": {"uv": [15, 11, 13, 9], "texture": "#2"},
				"east": {"uv": [15, 11, 13, 9], "texture": "#2"},
				"south": {"uv": [15, 11, 13, 9], "texture": "#2"},
				"west": {"uv": [15, 11, 13, 9], "texture": "#2"},
				"up": {"uv": [15, 11, 13, 9], "texture": "#2"},
				"down": {"uv": [15, 11, 13, 9], "texture": "#2"}
			}
		},
		{
			"from": [17.36274, -4.23912, 6.39124],
			"to": [18.99795, 30.83364, 6.7589],
			"rotation": {"angle": 22.5, "axis": "y", "origin": [18.77534, -32.81614, 6.57507]},
			"faces": {
				"north": {"uv": [15, 11, 13, 9], "texture": "#2"},
				"east": {"uv": [15, 11, 13, 9], "texture": "#2"},
				"south": {"uv": [15, 11, 13, 9], "texture": "#2"},
				"west": {"uv": [15, 11, 13, 9], "texture": "#2"},
				"up": {"uv": [15, 11, 13, 9], "texture": "#2"},
				"down": {"uv": [15, 11, 13, 9], "texture": "#2"}
			}
		},
		{
			"from": [17.12356, -4.23912, 6.22184],
			"to": [18.75877, 30.83364, 6.5895],
			"rotation": {"angle": 45, "axis": "y", "origin": [18.50946, -32.81614, 6.27143]},
			"faces": {
				"north": {"uv": [15, 11, 13, 9], "texture": "#2"},
				"east": {"uv": [15, 11, 13, 9], "texture": "#2"},
				"south": {"uv": [15, 11, 13, 9], "texture": "#2"},
				"west": {"uv": [15, 11, 13, 9], "texture": "#2"},
				"up": {"uv": [15, 11, 13, 9], "texture": "#2"},
				"down": {"uv": [15, 11, 13, 9], "texture": "#2"}
			}
		},
		{
			"from": [17.20301, -4.23912, 6.65972],
			"to": [18.83822, 30.83364, 7.02738],
			"rotation": {"angle": 0, "axis": "y", "origin": [16.92296, -34.89858, 14.67062]},
			"faces": {
				"north": {"uv": [15, 11, 13, 9], "texture": "#2"},
				"east": {"uv": [15, 11, 13, 9], "texture": "#2"},
				"south": {"uv": [15, 11, 13, 9], "texture": "#2"},
				"west": {"uv": [15, 11, 13, 9], "texture": "#2"},
				"up": {"uv": [15, 11, 13, 9], "texture": "#2"},
				"down": {"uv": [15, 11, 13, 9], "texture": "#2"}
			}
		},
		{
			"from": [-2.16167, -3.01713, 7.67062],
			"to": [-0.94402, -1.48713, 8.79583],
			"rotation": {"angle": -22.5, "axis": "z", "origin": [-1.79925, -3.49091, 8.23322]},
			"faces": {
				"north": {"uv": [16, 16, 0, 0], "texture": "#2"},
				"east": {"uv": [16, 16, 0, 0], "texture": "#2"},
				"south": {"uv": [16, 16, 0, 0], "texture": "#2"},
				"west": {"uv": [16, 16, 0, 0], "texture": "#2"},
				"up": {"uv": [16, 16, 0, 0], "texture": "#2"},
				"down": {"uv": [16, 16, 0, 0], "texture": "#2"}
			}
		}
	],
	"display": {
		"thirdperson_righthand": {
			"rotation": [69, -180, 0],
			"translation": [-12.5, 4.75, 3.5],
			"scale": [0.2, 0.2, 0.2]
		},
		"thirdperson_lefthand": {
			"rotation": [69, 90, 0],
			"translation": [-12.5, 4.75, 3.5],
			"scale": [0.2, 0.2, 0.2]
		},
		"firstperson_righthand": {
			"translation": [-17.25, 4, -0.5],
			"scale": [0.15, 0.15, 0.15]
		},
		"firstperson_lefthand": {
			"translation": [-17.25, 4, -0.5],
			"scale": [0.15, 0.15, 0.15]
		},
		"ground": {
			"scale": [0.23, 0.2, 0.2]
		},
		"gui": {
			"scale": [0.25, 0.29, 1]
		},
		"head": {
			"rotation": [0, -90, 0],
            "translation": [13.75, -36, 0],
			"scale": [4, 4, 4]
		},
		"fixed": {
			"translation": [0, 0, -3],
			"scale": [0.56, 0.47, 0.52]
		}
	},
	"groups": [
		{
			"name": "group",
			"origin": [-3.29925, 11.80909, 8.23322],
			"color": 0,
			"children": [0, 1, 2, 3, 4, 5, 6, 7, 8, 9, 10, 11, 12, 13, 14, 15, 16, 17, 18, 19, 20, 21, 22, 23, 24, 25, 26, 27, 28, 29, 30, 31, 32, 33, 34, 35, 36, 37, 38, 39, 40, 41, 42, 43, 44, 45, 46, 47, 48, 49, 50, 51, 52, 53, 54, 55, 56, 57, 58, 59, 60, 61, 62, 63, 64, 65, 66, 67, 68, 69, 70, 71, 72, 73, 74, 75, 76, 77, 78, 79, 80, 81, 82, 83, 84, 85, 86, 87, 88, 89, 90, 91, 92, 93, 94, 95, 96, 97, 98, 99, 100, 101, 102, 103, 104, 105, 106, 107, 108, 109, 110, 111, 112, 113, 114, 115, 116, 117, 118, 119, 120, 121, 122, 123, 124, 125, 126, 127, 128, 129, 130, 131, 132, 133, 134, 135, 136, 137, 138, 139, 140, 141, 142, 143, 144, 145, 146, 147, 148, 149, 150]
		}
	]
}