{"credit":"xeth","textures":{"0":"concrete:vehicle/cannon_1700s_xeth"},"elements":[{"from":[3.28604,0.40333,16.92914],"to":[5.35761,5.41578,18.68806],"rotation":{"angle":22.5,"axis":"x","origin":[4.32182,2.90955,17.8086]},"faces":{"north":{"uv":[1,4,2,5],"texture":"#0"},"east":{"uv":[1,4,2,5],"texture":"#0"},"south":{"uv":[1,4,2,5],"texture":"#0"},"west":{"uv":[1,4,2,5],"texture":"#0"},"up":{"uv":[1,4,2,5],"texture":"#0"},"down":{"uv":[1,4,2,5],"texture":"#0"}}},{"from":[3.28604,6.02789,3.35024],"to":[5.35761,11.04035,5.10915],"rotation":{"angle":22.5,"axis":"x","origin":[4.32182,8.53412,4.2297]},"faces":{"north":{"uv":[1,4,2,5],"texture":"#0"},"east":{"uv":[1,4,2,5],"texture":"#0"},"south":{"uv":[1,4,2,5],"texture":"#0"},"west":{"uv":[1,4,2,5],"texture":"#0"},"up":{"uv":[1,4,2,5],"texture":"#0"},"down":{"uv":[1,4,2,5],"texture":"#0"}}},{"from":[10.64239,0.40333,16.92914],"to":[12.71396,5.41578,18.68806],"rotation":{"angle":22.5,"axis":"x","origin":[11.67818,2.90955,17.8086]},"faces":{"north":{"uv":[1,4,2,5],"texture":"#0"},"east":{"uv":[1,4,2,5],"texture":"#0"},"south":{"uv":[1,4,2,5],"texture":"#0"},"west":{"uv":[1,4,2,5],"texture":"#0"},"up":{"uv":[1,4,2,5],"texture":"#0"},"down":{"uv":[1,4,2,5],"texture":"#0"}}},{"from":[10.64239,6.02789,3.35024],"to":[12.71396,11.04035,5.10915],"rotation":{"angle":22.5,"axis":"x","origin":[11.67818,8.53412,4.2297]},"faces":{"north":{"uv":[1,4,2,5],"texture":"#0"},"east":{"uv":[1,4,2,5],"texture":"#0"},"south":{"uv":[1,4,2,5],"texture":"#0"},"west":{"uv":[1,4,2,5],"texture":"#0"},"up":{"uv":[1,4,2,5],"texture":"#0"},"down":{"uv":[1,4,2,5],"texture":"#0"}}},{"from":[3.41253,12.19013,-5.73829],"to":[5.21033,14.75338,-4.67656],"rotation":{"angle":0,"axis":"z","origin":[4.31143,13.47176,-5.20743]},"faces":{"north":{"uv":[1,4,2,5],"texture":"#0"},"east":{"uv":[1,4,2,5],"texture":"#0"},"south":{"uv":[1,4,2,5],"texture":"#0"},"west":{"uv":[1,4,2,5],"texture":"#0"},"up":{"uv":[1,4,2,5],"texture":"#0"},"down":{"uv":[1,4,2,5],"texture":"#0"}}},{"from":[3.41253,12.94089,-6.48905],"to":[5.21033,14.00262,-3.9258],"rotation":{"angle":0,"axis":"z","origin":[4.31143,13.47176,-5.20743]},"faces":{"north":{"uv":[1,4,2,5],"texture":"#0"},"east":{"uv":[1,4,2,5],"texture":"#0"},"south":{"uv":[1,4,2,5],"texture":"#0"},"west":{"uv":[1,4,2,5],"texture":"#0"},"up":{"uv":[1,4,2,5],"texture":"#0"},"down":{"uv":[1,4,2,5],"texture":"#0"}}},{"from":[3.41253,12.19013,-5.73829],"to":[5.21033,14.75338,-4.67656],"rotation":{"angle":-45,"axis":"x","origin":[4.31143,13.47176,-5.20743]},"faces":{"north":{"uv":[1,4,2,5],"texture":"#0"},"east":{"uv":[1,4,2,5],"texture":"#0"},"south":{"uv":[1,4,2,5],"texture":"#0"},"west":{"uv":[1,4,2,5],"texture":"#0"},"up":{"uv":[1,4,2,5],"texture":"#0"},"down":{"uv":[1,4,2,5],"texture":"#0"}}},{"from":[3.41253,12.19013,-5.73829],"to":[5.21033,14.75338,-4.67656],"rotation":{"angle":45,"axis":"x","origin":[4.31143,13.47176,-5.20743]},"faces":{"north":{"uv":[1,4,2,5],"texture":"#0"},"east":{"uv":[1,4,2,5],"texture":"#0"},"south":{"uv":[1,4,2,5],"texture":"#0"},"west":{"uv":[1,4,2,5],"texture":"#0"},"up":{"uv":[1,4,2,5],"texture":"#0"},"down":{"uv":[1,4,2,5],"texture":"#0"}}},{"from":[3.41253,12.94089,-8.14321],"to":[5.21033,14.00262,-2.27165],"rotation":{"angle":0,"axis":"z","origin":[4.31143,13.47176,-5.20743]},"faces":{"north":{"uv":[1,4,2,5],"texture":"#0"},"east":{"uv":[1,4,2,5],"texture":"#0"},"south":{"uv":[1,4,2,5],"texture":"#0"},"west":{"uv":[1,4,2,5],"texture":"#0"},"up":{"uv":[1,4,2,5],"texture":"#0"},"down":{"uv":[1,4,2,5],"texture":"#0"}}},{"from":[10.78967,12.19013,-5.73829],"to":[12.58747,14.75338,-4.67656],"rotation":{"angle":0,"axis":"z","origin":[11.68857,13.47176,-5.20743]},"faces":{"north":{"uv":[1,4,2,5],"texture":"#0"},"east":{"uv":[1,4,2,5],"texture":"#0"},"south":{"uv":[1,4,2,5],"texture":"#0"},"west":{"uv":[1,4,2,5],"texture":"#0"},"up":{"uv":[1,4,2,5],"texture":"#0"},"down":{"uv":[1,4,2,5],"texture":"#0"}}},{"from":[10.78967,12.94089,-6.48905],"to":[12.58747,14.00262,-3.9258],"rotation":{"angle":0,"axis":"z","origin":[11.68857,13.47176,-5.20743]},"faces":{"north":{"uv":[1,4,2,5],"texture":"#0"},"east":{"uv":[1,4,2,5],"texture":"#0"},"south":{"uv":[1,4,2,5],"texture":"#0"},"west":{"uv":[1,4,2,5],"texture":"#0"},"up":{"uv":[1,4,2,5],"texture":"#0"},"down":{"uv":[1,4,2,5],"texture":"#0"}}},{"from":[10.78967,12.19013,-5.73829],"to":[12.58747,14.75338,-4.67656],"rotation":{"angle":-45,"axis":"x","origin":[11.68857,13.47176,-5.20743]},"faces":{"north":{"uv":[1,4,2,5],"texture":"#0"},"east":{"uv":[1,4,2,5],"texture":"#0"},"south":{"uv":[1,4,2,5],"texture":"#0"},"west":{"uv":[1,4,2,5],"texture":"#0"},"up":{"uv":[1,4,2,5],"texture":"#0"},"down":{"uv":[1,4,2,5],"texture":"#0"}}},{"from":[10.78967,12.19013,-5.73829],"to":[12.58747,14.75338,-4.67656],"rotation":{"angle":45,"axis":"x","origin":[11.68857,13.47176,-5.20743]},"faces":{"north":{"uv":[1,4,2,5],"texture":"#0"},"east":{"uv":[1,4,2,5],"texture":"#0"},"south":{"uv":[1,4,2,5],"texture":"#0"},"west":{"uv":[1,4,2,5],"texture":"#0"},"up":{"uv":[1,4,2,5],"texture":"#0"},"down":{"uv":[1,4,2,5],"texture":"#0"}}},{"from":[10.78967,12.94089,-8.14321],"to":[12.58747,14.00262,-2.27165],"rotation":{"angle":0,"axis":"z","origin":[11.68857,13.47176,-5.20743]},"faces":{"north":{"uv":[1,4,2,5],"texture":"#0"},"east":{"uv":[1,4,2,5],"texture":"#0"},"south":{"uv":[1,4,2,5],"texture":"#0"},"west":{"uv":[1,4,2,5],"texture":"#0"},"up":{"uv":[1,4,2,5],"texture":"#0"},"down":{"uv":[1,4,2,5],"texture":"#0"}}},{"from":[-2.60853,17.62848,-7.99499],"to":[-0.97824,17.99267,-4.01966],"rotation":{"angle":0,"axis":"z","origin":[-1.79338,8,-6.00733]},"faces":{"north":{"uv":[1,4,2,5],"texture":"#0"},"east":{"uv":[1,4,2,5],"texture":"#0"},"south":{"uv":[1,4,2,5],"texture":"#0"},"west":{"uv":[1,4,2,5],"texture":"#0"},"up":{"uv":[1,4,2,5],"texture":"#0"},"down":{"uv":[1,4,2,5],"texture":"#0"}}},{"from":[-2.60853,17.62848,-7.99499],"to":[-0.97824,17.99267,-4.01966],"rotation":{"angle":-22.5,"axis":"x","origin":[-1.79338,8,-6.00733]},"faces":{"north":{"uv":[1,4,2,5],"texture":"#0"},"east":{"uv":[1,4,2,5],"texture":"#0"},"south":{"uv":[1,4,2,5],"texture":"#0"},"west":{"uv":[1,4,2,5],"texture":"#0"},"up":{"uv":[1,4,2,5],"texture":"#0"},"down":{"uv":[1,4,2,5],"texture":"#0"}}},{"from":[-2.60853,17.62847,-7.99499],"to":[-0.97824,17.99267,-4.01966],"rotation":{"angle":-45,"axis":"x","origin":[-1.79338,8,-6.00733]},"faces":{"north":{"uv":[1,4,2,5],"texture":"#0"},"east":{"uv":[1,4,2,5],"texture":"#0"},"south":{"uv":[1,4,2,5],"texture":"#0"},"west":{"uv":[1,4,2,5],"texture":"#0"},"up":{"uv":[1,4,2,5],"texture":"#0"},"down":{"uv":[1,4,2,5],"texture":"#0"}}},{"from":[-2.60853,6.01233,-16],"to":[-0.97824,9.98767,-15.6358],"rotation":{"angle":22.5,"axis":"x","origin":[-1.79338,8,-6.00733]},"faces":{"north":{"uv":[1,4,2,5],"texture":"#0"},"east":{"uv":[1,4,2,5],"texture":"#0"},"south":{"uv":[1,4,2,5],"texture":"#0"},"west":{"uv":[1,4,2,5],"texture":"#0"},"up":{"uv":[1,4,2,5],"texture":"#0"},"down":{"uv":[1,4,2,5],"texture":"#0"}}},{"from":[-2.60853,6.01234,-16],"to":[-0.97824,9.98767,-15.6358],"rotation":{"angle":0,"axis":"z","origin":[-1.79338,8,-6.00733]},"faces":{"north":{"uv":[1,4,2,5],"texture":"#0"},"east":{"uv":[1,4,2,5],"texture":"#0"},"south":{"uv":[1,4,2,5],"texture":"#0"},"west":{"uv":[1,4,2,5],"texture":"#0"},"up":{"uv":[1,4,2,5],"texture":"#0"},"down":{"uv":[1,4,2,5],"texture":"#0"}}},{"from":[-2.60853,6.01234,-16],"to":[-0.97824,9.98767,-15.6358],"rotation":{"angle":-22.5,"axis":"x","origin":[-1.79338,8,-6.00733]},"faces":{"north":{"uv":[1,4,2,5],"texture":"#0"},"east":{"uv":[1,4,2,5],"texture":"#0"},"south":{"uv":[1,4,2,5],"texture":"#0"},"west":{"uv":[1,4,2,5],"texture":"#0"},"up":{"uv":[1,4,2,5],"texture":"#0"},"down":{"uv":[1,4,2,5],"texture":"#0"}}},{"from":[-2.60853,6.01234,-15.99999],"to":[-0.97824,9.98767,-15.6358],"rotation":{"angle":-45,"axis":"x","origin":[-1.79338,8,-6.00733]},"faces":{"north":{"uv":[1,4,2,5],"texture":"#0"},"east":{"uv":[1,4,2,5],"texture":"#0"},"south":{"uv":[1,4,2,5],"texture":"#0"},"west":{"uv":[1,4,2,5],"texture":"#0"},"up":{"uv":[1,4,2,5],"texture":"#0"},"down":{"uv":[1,4,2,5],"texture":"#0"}}},{"from":[-2.60853,-1.99267,-7.99499],"to":[-0.97824,-1.62848,-4.01966],"rotation":{"angle":22.5,"axis":"x","origin":[-1.79338,8,-6.00733]},"faces":{"north":{"uv":[1,4,2,5],"texture":"#0"},"east":{"uv":[1,4,2,5],"texture":"#0"},"south":{"uv":[1,4,2,5],"texture":"#0"},"west":{"uv":[1,4,2,5],"texture":"#0"},"up":{"uv":[1,4,2,5],"texture":"#0"},"down":{"uv":[1,4,2,5],"texture":"#0"}}},{"from":[-2.60853,-1.99267,-7.99499],"to":[-0.97824,-1.62847,-4.01966],"rotation":{"angle":0,"axis":"z","origin":[-1.79338,8,-6.00733]},"faces":{"north":{"uv":[1,4,2,5],"texture":"#0"},"east":{"uv":[1,4,2,5],"texture":"#0"},"south":{"uv":[1,4,2,5],"texture":"#0"},"west":{"uv":[1,4,2,5],"texture":"#0"},"up":{"uv":[1,4,2,5],"texture":"#0"},"down":{"uv":[1,4,2,5],"texture":"#0"}}},{"from":[-2.60853,-1.99267,-7.99499],"to":[-0.97824,-1.62848,-4.01966],"rotation":{"angle":-22.5,"axis":"x","origin":[-1.79338,8,-6.00733]},"faces":{"north":{"uv":[1,4,2,5],"texture":"#0"},"east":{"uv":[1,4,2,5],"texture":"#0"},"south":{"uv":[1,4,2,5],"texture":"#0"},"west":{"uv":[1,4,2,5],"texture":"#0"},"up":{"uv":[1,4,2,5],"texture":"#0"},"down":{"uv":[1,4,2,5],"texture":"#0"}}},{"from":[-2.60853,6.01234,3.62115],"to":[-0.97824,9.98767,3.98534],"rotation":{"angle":45,"axis":"x","origin":[-1.79338,8,-6.00733]},"faces":{"north":{"uv":[1,4,2,5],"texture":"#0"},"east":{"uv":[1,4,2,5],"texture":"#0"},"south":{"uv":[1,4,2,5],"texture":"#0"},"west":{"uv":[1,4,2,5],"texture":"#0"},"up":{"uv":[1,4,2,5],"texture":"#0"},"down":{"uv":[1,4,2,5],"texture":"#0"}}},{"from":[-2.60853,6.01233,3.62115],"to":[-0.97824,9.98767,3.98535],"rotation":{"angle":22.5,"axis":"x","origin":[-1.79338,8,-6.00733]},"faces":{"north":{"uv":[1,4,2,5],"texture":"#0"},"east":{"uv":[1,4,2,5],"texture":"#0"},"south":{"uv":[1,4,2,5],"texture":"#0"},"west":{"uv":[1,4,2,5],"texture":"#0"},"up":{"uv":[1,4,2,5],"texture":"#0"},"down":{"uv":[1,4,2,5],"texture":"#0"}}},{"from":[-2.60853,6.01234,3.62115],"to":[-0.97824,9.98767,3.98534],"rotation":{"angle":0,"axis":"z","origin":[-1.79338,8,-6.00733]},"faces":{"north":{"uv":[1,4,2,5],"texture":"#0"},"east":{"uv":[1,4,2,5],"texture":"#0"},"south":{"uv":[1,4,2,5],"texture":"#0"},"west":{"uv":[1,4,2,5],"texture":"#0"},"up":{"uv":[1,4,2,5],"texture":"#0"},"down":{"uv":[1,4,2,5],"texture":"#0"}}},{"from":[-2.60853,6.01234,3.62115],"to":[-0.97824,9.98767,3.98534],"rotation":{"angle":-22.5,"axis":"x","origin":[-1.79338,8,-6.00733]},"faces":{"north":{"uv":[1,4,2,5],"texture":"#0"},"east":{"uv":[1,4,2,5],"texture":"#0"},"south":{"uv":[1,4,2,5],"texture":"#0"},"west":{"uv":[1,4,2,5],"texture":"#0"},"up":{"uv":[1,4,2,5],"texture":"#0"},"down":{"uv":[1,4,2,5],"texture":"#0"}}},{"from":[-2.60853,17.62848,-7.99499],"to":[-0.97824,17.99267,-4.01966],"rotation":{"angle":45,"axis":"x","origin":[-1.79338,8,-6.00733]},"faces":{"north":{"uv":[1,4,2,5],"texture":"#0"},"east":{"uv":[1,4,2,5],"texture":"#0"},"south":{"uv":[1,4,2,5],"texture":"#0"},"west":{"uv":[1,4,2,5],"texture":"#0"},"up":{"uv":[1,4,2,5],"texture":"#0"},"down":{"uv":[1,4,2,5],"texture":"#0"}}},{"from":[-2.60853,17.62848,-7.99499],"to":[-0.97824,17.99267,-4.01966],"rotation":{"angle":22.5,"axis":"x","origin":[-1.79338,8,-6.00733]},"faces":{"north":{"uv":[1,4,2,5],"texture":"#0"},"east":{"uv":[1,4,2,5],"texture":"#0"},"south":{"uv":[1,4,2,5],"texture":"#0"},"west":{"uv":[1,4,2,5],"texture":"#0"},"up":{"uv":[1,4,2,5],"texture":"#0"},"down":{"uv":[1,4,2,5],"texture":"#0"}}},{"from":[-2.67126,16.01178,-7.93492],"to":[-0.91551,17.69066,-4.07973],"rotation":{"angle":0,"axis":"z","origin":[-1.79338,8,-6.00733]},"faces":{"north":{"uv":[4,1,5,2],"texture":"#0"},"east":{"uv":[4,1,5,2],"texture":"#0"},"south":{"uv":[4,1,5,2],"texture":"#0"},"west":{"uv":[4,1,5,2],"texture":"#0"},"up":{"uv":[4,1,5,2],"texture":"#0"},"down":{"uv":[4,1,5,2],"texture":"#0"}}},{"from":[-2.67126,16.01178,-7.93492],"to":[-0.91551,17.69066,-4.07973],"rotation":{"angle":-22.5,"axis":"x","origin":[-1.79338,8,-6.00733]},"faces":{"north":{"uv":[4,1,5,2],"texture":"#0"},"east":{"uv":[4,1,5,2],"texture":"#0"},"south":{"uv":[4,1,5,2],"texture":"#0"},"west":{"uv":[4,1,5,2],"texture":"#0"},"up":{"uv":[4,1,5,2],"texture":"#0"},"down":{"uv":[4,1,5,2],"texture":"#0"}}},{"from":[-2.67126,16.01178,-7.93492],"to":[-0.91551,17.69066,-4.07973],"rotation":{"angle":-45,"axis":"x","origin":[-1.79338,8,-6.00733]},"faces":{"north":{"uv":[4,1,5,2],"texture":"#0"},"east":{"uv":[4,1,5,2],"texture":"#0"},"south":{"uv":[4,1,5,2],"texture":"#0"},"west":{"uv":[4,1,5,2],"texture":"#0"},"up":{"uv":[4,1,5,2],"texture":"#0"},"down":{"uv":[4,1,5,2],"texture":"#0"}}},{"from":[-2.67126,6.07241,-15.69799],"to":[-0.91551,9.92759,-14.0191],"rotation":{"angle":22.5,"axis":"x","origin":[-1.79338,8,-6.00733]},"faces":{"north":{"uv":[4,1,5,2],"texture":"#0"},"east":{"uv":[4,1,5,2],"texture":"#0"},"south":{"uv":[4,1,5,2],"texture":"#0"},"west":{"uv":[4,1,5,2],"texture":"#0"},"up":{"uv":[4,1,5,2],"texture":"#0"},"down":{"uv":[4,1,5,2],"texture":"#0"}}},{"from":[-2.67126,6.07241,-15.69798],"to":[-0.91551,9.92759,-14.0191],"rotation":{"angle":0,"axis":"z","origin":[-1.79338,8,-6.00733]},"faces":{"north":{"uv":[4,1,5,2],"texture":"#0"},"east":{"uv":[4,1,5,2],"texture":"#0"},"south":{"uv":[4,1,5,2],"texture":"#0"},"west":{"uv":[4,1,5,2],"texture":"#0"},"up":{"uv":[4,1,5,2],"texture":"#0"},"down":{"uv":[4,1,5,2],"texture":"#0"}}},{"from":[-2.67126,6.07241,-15.69798],"to":[-0.91551,9.92759,-14.0191],"rotation":{"angle":-22.5,"axis":"x","origin":[-1.79338,8,-6.00733]},"faces":{"north":{"uv":[4,1,5,2],"texture":"#0"},"east":{"uv":[4,1,5,2],"texture":"#0"},"south":{"uv":[4,1,5,2],"texture":"#0"},"west":{"uv":[4,1,5,2],"texture":"#0"},"up":{"uv":[4,1,5,2],"texture":"#0"},"down":{"uv":[4,1,5,2],"texture":"#0"}}},{"from":[-2.67126,6.07241,-15.69798],"to":[-0.91551,9.92759,-14.0191],"rotation":{"angle":-45,"axis":"x","origin":[-1.79338,8,-6.00733]},"faces":{"north":{"uv":[4,1,5,2],"texture":"#0"},"east":{"uv":[4,1,5,2],"texture":"#0"},"south":{"uv":[4,1,5,2],"texture":"#0"},"west":{"uv":[4,1,5,2],"texture":"#0"},"up":{"uv":[4,1,5,2],"texture":"#0"},"down":{"uv":[4,1,5,2],"texture":"#0"}}},{"from":[-2.67126,-1.69066,-7.93492],"to":[-0.91551,-0.01178,-4.07973],"rotation":{"angle":22.5,"axis":"x","origin":[-1.79338,8,-6.00733]},"faces":{"north":{"uv":[4,1,5,2],"texture":"#0"},"east":{"uv":[4,1,5,2],"texture":"#0"},"south":{"uv":[4,1,5,2],"texture":"#0"},"west":{"uv":[4,1,5,2],"texture":"#0"},"up":{"uv":[4,1,5,2],"texture":"#0"},"down":{"uv":[4,1,5,2],"texture":"#0"}}},{"from":[-2.67126,-1.69065,-7.93492],"to":[-0.91551,-0.01177,-4.07974],"rotation":{"angle":0,"axis":"z","origin":[-1.79338,8,-6.00733]},"faces":{"north":{"uv":[4,1,5,2],"texture":"#0"},"east":{"uv":[4,1,5,2],"texture":"#0"},"south":{"uv":[4,1,5,2],"texture":"#0"},"west":{"uv":[4,1,5,2],"texture":"#0"},"up":{"uv":[4,1,5,2],"texture":"#0"},"down":{"uv":[4,1,5,2],"texture":"#0"}}},{"from":[-2.67126,-1.69066,-7.93492],"to":[-0.91551,-0.01178,-4.07973],"rotation":{"angle":-22.5,"axis":"x","origin":[-1.79338,8,-6.00733]},"faces":{"north":{"uv":[4,1,5,2],"texture":"#0"},"east":{"uv":[4,1,5,2],"texture":"#0"},"south":{"uv":[4,1,5,2],"texture":"#0"},"west":{"uv":[4,1,5,2],"texture":"#0"},"up":{"uv":[4,1,5,2],"texture":"#0"},"down":{"uv":[4,1,5,2],"texture":"#0"}}},{"from":[-2.67126,6.07241,2.00445],"to":[-0.91551,9.92759,3.68333],"rotation":{"angle":45,"axis":"x","origin":[-1.79338,8,-6.00733]},"faces":{"north":{"uv":[4,1,5,2],"texture":"#0"},"east":{"uv":[4,1,5,2],"texture":"#0"},"south":{"uv":[4,1,5,2],"texture":"#0"},"west":{"uv":[4,1,5,2],"texture":"#0"},"up":{"uv":[4,1,5,2],"texture":"#0"},"down":{"uv":[4,1,5,2],"texture":"#0"}}},{"from":[-2.67126,6.07241,2.00445],"to":[-0.91551,9.92759,3.68333],"rotation":{"angle":22.5,"axis":"x","origin":[-1.79338,8,-6.00733]},"faces":{"north":{"uv":[4,1,5,2],"texture":"#0"},"east":{"uv":[4,1,5,2],"texture":"#0"},"south":{"uv":[4,1,5,2],"texture":"#0"},"west":{"uv":[4,1,5,2],"texture":"#0"},"up":{"uv":[4,1,5,2],"texture":"#0"},"down":{"uv":[4,1,5,2],"texture":"#0"}}},{"from":[-2.67126,6.07241,2.00445],"to":[-0.91551,9.92759,3.68333],"rotation":{"angle":0,"axis":"z","origin":[-1.79338,8,-6.00733]},"faces":{"north":{"uv":[4,1,5,2],"texture":"#0"},"east":{"uv":[4,1,5,2],"texture":"#0"},"south":{"uv":[4,1,5,2],"texture":"#0"},"west":{"uv":[4,1,5,2],"texture":"#0"},"up":{"uv":[4,1,5,2],"texture":"#0"},"down":{"uv":[4,1,5,2],"texture":"#0"}}},{"from":[-2.67126,6.07241,2.00445],"to":[-0.91551,9.92759,3.68333],"rotation":{"angle":-22.5,"axis":"x","origin":[-1.79338,8,-6.00733]},"faces":{"north":{"uv":[4,1,5,2],"texture":"#0"},"east":{"uv":[4,1,5,2],"texture":"#0"},"south":{"uv":[4,1,5,2],"texture":"#0"},"west":{"uv":[4,1,5,2],"texture":"#0"},"up":{"uv":[4,1,5,2],"texture":"#0"},"down":{"uv":[4,1,5,2],"texture":"#0"}}},{"from":[-2.67126,16.01178,-7.93492],"to":[-0.91551,17.69066,-4.07973],"rotation":{"angle":45,"axis":"x","origin":[-1.79338,8,-6.00733]},"faces":{"north":{"uv":[4,1,5,2],"texture":"#0"},"east":{"uv":[4,1,5,2],"texture":"#0"},"south":{"uv":[4,1,5,2],"texture":"#0"},"west":{"uv":[4,1,5,2],"texture":"#0"},"up":{"uv":[4,1,5,2],"texture":"#0"},"down":{"uv":[4,1,5,2],"texture":"#0"}}},{"from":[-2.67126,16.01178,-7.93492],"to":[-0.91551,17.69066,-4.07973],"rotation":{"angle":22.5,"axis":"x","origin":[-1.79338,8,-6.00733]},"faces":{"north":{"uv":[4,1,5,2],"texture":"#0"},"east":{"uv":[4,1,5,2],"texture":"#0"},"south":{"uv":[4,1,5,2],"texture":"#0"},"west":{"uv":[4,1,5,2],"texture":"#0"},"up":{"uv":[4,1,5,2],"texture":"#0"},"down":{"uv":[4,1,5,2],"texture":"#0"}}},{"from":[-2.30657,-0.16115,-6.48059],"to":[-1.28019,16.16115,-5.53406],"rotation":{"angle":0,"axis":"z","origin":[-1.79338,8,-6.00733]},"faces":{"north":{"uv":[4,1,5,2],"texture":"#0"},"east":{"uv":[4,1,5,2],"texture":"#0"},"south":{"uv":[4,1,5,2],"texture":"#0"},"west":{"uv":[4,1,5,2],"texture":"#0"},"up":{"uv":[4,1,5,2],"texture":"#0"},"down":{"uv":[4,1,5,2],"texture":"#0"}}},{"from":[-2.30657,7.52674,-14.16848],"to":[-1.28019,8.47327,2.15383],"rotation":{"angle":0,"axis":"z","origin":[-1.79338,8,-6.00733]},"faces":{"north":{"uv":[4,1,5,2],"texture":"#0"},"east":{"uv":[4,1,5,2],"texture":"#0"},"south":{"uv":[4,1,5,2],"texture":"#0"},"west":{"uv":[4,1,5,2],"texture":"#0"},"up":{"uv":[4,1,5,2],"texture":"#0"},"down":{"uv":[4,1,5,2],"texture":"#0"}}},{"from":[-2.30657,-0.16115,-6.48059],"to":[-1.28019,16.16115,-5.53406],"rotation":{"angle":-45,"axis":"x","origin":[-1.79338,8,-6.00733]},"faces":{"north":{"uv":[4,1,5,2],"texture":"#0"},"east":{"uv":[4,1,5,2],"texture":"#0"},"south":{"uv":[4,1,5,2],"texture":"#0"},"west":{"uv":[4,1,5,2],"texture":"#0"},"up":{"uv":[4,1,5,2],"texture":"#0"},"down":{"uv":[4,1,5,2],"texture":"#0"}}},{"from":[-2.30657,-0.16115,-6.48059],"to":[-1.28019,16.16115,-5.53406],"rotation":{"angle":45,"axis":"x","origin":[-1.79338,8,-6.00733]},"faces":{"north":{"uv":[4,1,5,2],"texture":"#0"},"east":{"uv":[4,1,5,2],"texture":"#0"},"south":{"uv":[4,1,5,2],"texture":"#0"},"west":{"uv":[4,1,5,2],"texture":"#0"},"up":{"uv":[4,1,5,2],"texture":"#0"},"down":{"uv":[4,1,5,2],"texture":"#0"}}},{"from":[-4.29975,6.57543,-6.5974],"to":[0.71298,9.42457,-5.41725],"rotation":{"angle":0,"axis":"z","origin":[-1.79338,8,-6.00733]},"faces":{"north":{"uv":[4,1,5,2],"texture":"#0"},"east":{"uv":[4,1,5,2],"texture":"#0"},"south":{"uv":[4,1,5,2],"texture":"#0"},"west":{"uv":[4,1,5,2],"texture":"#0"},"up":{"uv":[4,1,5,2],"texture":"#0"},"down":{"uv":[4,1,5,2],"texture":"#0"}}},{"from":[-4.29975,7.40992,-7.4319],"to":[0.71298,8.59008,-4.58275],"rotation":{"angle":0,"axis":"z","origin":[-1.79338,8,-6.00733]},"faces":{"north":{"uv":[4,1,5,2],"texture":"#0"},"east":{"uv":[4,1,5,2],"texture":"#0"},"south":{"uv":[4,1,5,2],"texture":"#0"},"west":{"uv":[4,1,5,2],"texture":"#0"},"up":{"uv":[4,1,5,2],"texture":"#0"},"down":{"uv":[4,1,5,2],"texture":"#0"}}},{"from":[-4.29975,6.57543,-6.5974],"to":[0.71298,9.42457,-5.41725],"rotation":{"angle":-45,"axis":"x","origin":[-1.79338,8,-6.00733]},"faces":{"north":{"uv":[4,1,5,2],"texture":"#0"},"east":{"uv":[4,1,5,2],"texture":"#0"},"south":{"uv":[4,1,5,2],"texture":"#0"},"west":{"uv":[4,1,5,2],"texture":"#0"},"up":{"uv":[4,1,5,2],"texture":"#0"},"down":{"uv":[4,1,5,2],"texture":"#0"}}},{"from":[-4.29975,6.57543,-6.5974],"to":[0.71298,9.42457,-5.41725],"rotation":{"angle":45,"axis":"x","origin":[-1.79338,8,-6.00733]},"faces":{"north":{"uv":[4,1,5,2],"texture":"#0"},"east":{"uv":[4,1,5,2],"texture":"#0"},"south":{"uv":[4,1,5,2],"texture":"#0"},"west":{"uv":[4,1,5,2],"texture":"#0"},"up":{"uv":[4,1,5,2],"texture":"#0"},"down":{"uv":[4,1,5,2],"texture":"#0"}}},{"from":[-3.24812,6.00794,-6.83246],"to":[-0.33865,9.99206,-5.18219],"rotation":{"angle":0,"axis":"z","origin":[-1.79338,8,-6.00733]},"faces":{"north":{"uv":[4,1,5,2],"texture":"#0"},"east":{"uv":[4,1,5,2],"texture":"#0"},"south":{"uv":[4,1,5,2],"texture":"#0"},"west":{"uv":[4,1,5,2],"texture":"#0"},"up":{"uv":[4,1,5,2],"texture":"#0"},"down":{"uv":[4,1,5,2],"texture":"#0"}}},{"from":[-3.24812,7.17486,-7.99938],"to":[-0.33865,8.82514,-4.01527],"rotation":{"angle":0,"axis":"z","origin":[-1.79338,8,-6.00733]},"faces":{"north":{"uv":[4,1,5,2],"texture":"#0"},"east":{"uv":[4,1,5,2],"texture":"#0"},"south":{"uv":[4,1,5,2],"texture":"#0"},"west":{"uv":[4,1,5,2],"texture":"#0"},"up":{"uv":[4,1,5,2],"texture":"#0"},"down":{"uv":[4,1,5,2],"texture":"#0"}}},{"from":[-3.24812,6.00794,-6.83246],"to":[-0.33865,9.99206,-5.18219],"rotation":{"angle":-45,"axis":"x","origin":[-1.79338,8,-6.00733]},"faces":{"north":{"uv":[4,1,5,2],"texture":"#0"},"east":{"uv":[4,1,5,2],"texture":"#0"},"south":{"uv":[4,1,5,2],"texture":"#0"},"west":{"uv":[4,1,5,2],"texture":"#0"},"up":{"uv":[4,1,5,2],"texture":"#0"},"down":{"uv":[4,1,5,2],"texture":"#0"}}},{"from":[-3.24812,6.00794,-6.83246],"to":[-0.33865,9.99206,-5.18219],"rotation":{"angle":45,"axis":"x","origin":[-1.79338,8,-6.00733]},"faces":{"north":{"uv":[4,1,5,2],"texture":"#0"},"east":{"uv":[4,1,5,2],"texture":"#0"},"south":{"uv":[4,1,5,2],"texture":"#0"},"west":{"uv":[4,1,5,2],"texture":"#0"},"up":{"uv":[4,1,5,2],"texture":"#0"},"down":{"uv":[4,1,5,2],"texture":"#0"}}},{"from":[-2.76912,5.80684,-6.91576],"to":[-2.35305,10.19316,-5.09889],"rotation":{"angle":0,"axis":"z","origin":[-2.56108,8,-6.00733]},"faces":{"north":{"uv":[1,4,2,5],"texture":"#0"},"east":{"uv":[1,4,2,5],"texture":"#0"},"south":{"uv":[1,4,2,5],"texture":"#0"},"west":{"uv":[1,4,2,5],"texture":"#0"},"up":{"uv":[1,4,2,5],"texture":"#0"},"down":{"uv":[1,4,2,5],"texture":"#0"}}},{"from":[-2.76912,7.09157,-8.20049],"to":[-2.35305,8.90844,-3.81417],"rotation":{"angle":0,"axis":"z","origin":[-2.56108,8,-6.00733]},"faces":{"north":{"uv":[1,4,2,5],"texture":"#0"},"east":{"uv":[1,4,2,5],"texture":"#0"},"south":{"uv":[1,4,2,5],"texture":"#0"},"west":{"uv":[1,4,2,5],"texture":"#0"},"up":{"uv":[1,4,2,5],"texture":"#0"},"down":{"uv":[1,4,2,5],"texture":"#0"}}},{"from":[-2.76912,5.80684,-6.91576],"to":[-2.35305,10.19316,-5.09889],"rotation":{"angle":-45,"axis":"x","origin":[-2.56108,8,-6.00733]},"faces":{"north":{"uv":[1,4,2,5],"texture":"#0"},"east":{"uv":[1,4,2,5],"texture":"#0"},"south":{"uv":[1,4,2,5],"texture":"#0"},"west":{"uv":[1,4,2,5],"texture":"#0"},"up":{"uv":[1,4,2,5],"texture":"#0"},"down":{"uv":[1,4,2,5],"texture":"#0"}}},{"from":[-2.76912,5.80684,-6.91576],"to":[-2.35305,10.19316,-5.09889],"rotation":{"angle":45,"axis":"x","origin":[-2.56108,8,-6.00733]},"faces":{"north":{"uv":[1,4,2,5],"texture":"#0"},"east":{"uv":[1,4,2,5],"texture":"#0"},"south":{"uv":[1,4,2,5],"texture":"#0"},"west":{"uv":[1,4,2,5],"texture":"#0"},"up":{"uv":[1,4,2,5],"texture":"#0"},"down":{"uv":[1,4,2,5],"texture":"#0"}}},{"from":[-4.23463,6.41486,-6.66391],"to":[-3.84274,9.58515,-5.35074],"rotation":{"angle":0,"axis":"z","origin":[-4.03868,8,-6.00733]},"faces":{"north":{"uv":[1,4,2,5],"texture":"#0"},"east":{"uv":[1,4,2,5],"texture":"#0"},"south":{"uv":[1,4,2,5],"texture":"#0"},"west":{"uv":[1,4,2,5],"texture":"#0"},"up":{"uv":[1,4,2,5],"texture":"#0"},"down":{"uv":[1,4,2,5],"texture":"#0"}}},{"from":[-4.23463,7.34341,-7.59247],"to":[-3.84274,8.65659,-4.42218],"rotation":{"angle":0,"axis":"z","origin":[-4.03868,8,-6.00733]},"faces":{"north":{"uv":[1,4,2,5],"texture":"#0"},"east":{"uv":[1,4,2,5],"texture":"#0"},"south":{"uv":[1,4,2,5],"texture":"#0"},"west":{"uv":[1,4,2,5],"texture":"#0"},"up":{"uv":[1,4,2,5],"texture":"#0"},"down":{"uv":[1,4,2,5],"texture":"#0"}}},{"from":[-4.23463,6.41486,-6.66391],"to":[-3.84274,9.58515,-5.35074],"rotation":{"angle":-45,"axis":"x","origin":[-4.03868,8,-6.00733]},"faces":{"north":{"uv":[1,4,2,5],"texture":"#0"},"east":{"uv":[1,4,2,5],"texture":"#0"},"south":{"uv":[1,4,2,5],"texture":"#0"},"west":{"uv":[1,4,2,5],"texture":"#0"},"up":{"uv":[1,4,2,5],"texture":"#0"},"down":{"uv":[1,4,2,5],"texture":"#0"}}},{"from":[-4.23463,6.41486,-6.66391],"to":[-3.84274,9.58515,-5.35074],"rotation":{"angle":45,"axis":"x","origin":[-4.03868,8,-6.00733]},"faces":{"north":{"uv":[1,4,2,5],"texture":"#0"},"east":{"uv":[1,4,2,5],"texture":"#0"},"south":{"uv":[1,4,2,5],"texture":"#0"},"west":{"uv":[1,4,2,5],"texture":"#0"},"up":{"uv":[1,4,2,5],"texture":"#0"},"down":{"uv":[1,4,2,5],"texture":"#0"}}},{"from":[-5.06801,7.49163,-6.2179],"to":[1.48124,8.50837,-5.79675],"rotation":{"angle":0,"axis":"z","origin":[-1.79338,8,-6.00733]},"faces":{"north":{"uv":[1,4,2,5],"texture":"#0"},"east":{"uv":[1,4,2,5],"texture":"#0"},"south":{"uv":[1,4,2,5],"texture":"#0"},"west":{"uv":[1,4,2,5],"texture":"#0"},"up":{"uv":[1,4,2,5],"texture":"#0"},"down":{"uv":[1,4,2,5],"texture":"#0"}}},{"from":[-5.06801,7.78943,-6.51569],"to":[1.48124,8.21057,-5.49896],"rotation":{"angle":0,"axis":"z","origin":[-1.79338,8,-6.00733]},"faces":{"north":{"uv":[1,4,2,5],"texture":"#0"},"east":{"uv":[1,4,2,5],"texture":"#0"},"south":{"uv":[1,4,2,5],"texture":"#0"},"west":{"uv":[1,4,2,5],"texture":"#0"},"up":{"uv":[1,4,2,5],"texture":"#0"},"down":{"uv":[1,4,2,5],"texture":"#0"}}},{"from":[-5.06801,7.49163,-6.2179],"to":[1.48124,8.50837,-5.79675],"rotation":{"angle":-45,"axis":"x","origin":[-1.79338,8,-6.00733]},"faces":{"north":{"uv":[1,4,2,5],"texture":"#0"},"east":{"uv":[1,4,2,5],"texture":"#0"},"south":{"uv":[1,4,2,5],"texture":"#0"},"west":{"uv":[1,4,2,5],"texture":"#0"},"up":{"uv":[1,4,2,5],"texture":"#0"},"down":{"uv":[1,4,2,5],"texture":"#0"}}},{"from":[-5.06801,7.49163,-6.2179],"to":[1.48124,8.50837,-5.79675],"rotation":{"angle":45,"axis":"x","origin":[-1.79338,8,-6.00733]},"faces":{"north":{"uv":[1,4,2,5],"texture":"#0"},"east":{"uv":[1,4,2,5],"texture":"#0"},"south":{"uv":[1,4,2,5],"texture":"#0"},"west":{"uv":[1,4,2,5],"texture":"#0"},"up":{"uv":[1,4,2,5],"texture":"#0"},"down":{"uv":[1,4,2,5],"texture":"#0"}}},{"from":[16.97824,17.62848,-7.99499],"to":[18.60853,17.99267,-4.01966],"rotation":{"angle":0,"axis":"z","origin":[17.79338,8,-6.00733]},"faces":{"north":{"uv":[1,4,2,5],"texture":"#0"},"east":{"uv":[1,4,2,5],"texture":"#0"},"south":{"uv":[1,4,2,5],"texture":"#0"},"west":{"uv":[1,4,2,5],"texture":"#0"},"up":{"uv":[1,4,2,5],"texture":"#0"},"down":{"uv":[1,4,2,5],"texture":"#0"}}},{"from":[16.97824,17.62848,-7.99499],"to":[18.60853,17.99267,-4.01966],"rotation":{"angle":-22.5,"axis":"x","origin":[17.79338,8,-6.00733]},"faces":{"north":{"uv":[1,4,2,5],"texture":"#0"},"east":{"uv":[1,4,2,5],"texture":"#0"},"south":{"uv":[1,4,2,5],"texture":"#0"},"west":{"uv":[1,4,2,5],"texture":"#0"},"up":{"uv":[1,4,2,5],"texture":"#0"},"down":{"uv":[1,4,2,5],"texture":"#0"}}},{"from":[16.97824,17.62847,-7.99499],"to":[18.60853,17.99267,-4.01966],"rotation":{"angle":-45,"axis":"x","origin":[17.79338,8,-6.00733]},"faces":{"north":{"uv":[1,4,2,5],"texture":"#0"},"east":{"uv":[1,4,2,5],"texture":"#0"},"south":{"uv":[1,4,2,5],"texture":"#0"},"west":{"uv":[1,4,2,5],"texture":"#0"},"up":{"uv":[1,4,2,5],"texture":"#0"},"down":{"uv":[1,4,2,5],"texture":"#0"}}},{"from":[16.97824,6.01233,-16],"to":[18.60853,9.98767,-15.6358],"rotation":{"angle":22.5,"axis":"x","origin":[17.79338,8,-6.00733]},"faces":{"north":{"uv":[1,4,2,5],"texture":"#0"},"east":{"uv":[1,4,2,5],"texture":"#0"},"south":{"uv":[1,4,2,5],"texture":"#0"},"west":{"uv":[1,4,2,5],"texture":"#0"},"up":{"uv":[1,4,2,5],"texture":"#0"},"down":{"uv":[1,4,2,5],"texture":"#0"}}},{"from":[16.97824,6.01234,-16],"to":[18.60853,9.98767,-15.6358],"rotation":{"angle":0,"axis":"z","origin":[17.79338,8,-6.00733]},"faces":{"north":{"uv":[1,4,2,5],"texture":"#0"},"east":{"uv":[1,4,2,5],"texture":"#0"},"south":{"uv":[1,4,2,5],"texture":"#0"},"west":{"uv":[1,4,2,5],"texture":"#0"},"up":{"uv":[1,4,2,5],"texture":"#0"},"down":{"uv":[1,4,2,5],"texture":"#0"}}},{"from":[16.97824,6.01234,-16],"to":[18.60853,9.98767,-15.6358],"rotation":{"angle":-22.5,"axis":"x","origin":[17.79338,8,-6.00733]},"faces":{"north":{"uv":[1,4,2,5],"texture":"#0"},"east":{"uv":[1,4,2,5],"texture":"#0"},"south":{"uv":[1,4,2,5],"texture":"#0"},"west":{"uv":[1,4,2,5],"texture":"#0"},"up":{"uv":[1,4,2,5],"texture":"#0"},"down":{"uv":[1,4,2,5],"texture":"#0"}}},{"from":[16.97824,6.01234,-15.99999],"to":[18.60853,9.98767,-15.6358],"rotation":{"angle":-45,"axis":"x","origin":[17.79338,8,-6.00733]},"faces":{"north":{"uv":[1,4,2,5],"texture":"#0"},"east":{"uv":[1,4,2,5],"texture":"#0"},"south":{"uv":[1,4,2,5],"texture":"#0"},"west":{"uv":[1,4,2,5],"texture":"#0"},"up":{"uv":[1,4,2,5],"texture":"#0"},"down":{"uv":[1,4,2,5],"texture":"#0"}}},{"from":[16.97824,-1.99267,-7.99499],"to":[18.60853,-1.62848,-4.01966],"rotation":{"angle":22.5,"axis":"x","origin":[17.79338,8,-6.00733]},"faces":{"north":{"uv":[1,4,2,5],"texture":"#0"},"east":{"uv":[1,4,2,5],"texture":"#0"},"south":{"uv":[1,4,2,5],"texture":"#0"},"west":{"uv":[1,4,2,5],"texture":"#0"},"up":{"uv":[1,4,2,5],"texture":"#0"},"down":{"uv":[1,4,2,5],"texture":"#0"}}},{"from":[16.97824,-1.99267,-7.99499],"to":[18.60853,-1.62847,-4.01966],"rotation":{"angle":0,"axis":"z","origin":[17.79338,8,-6.00733]},"faces":{"north":{"uv":[1,4,2,5],"texture":"#0"},"east":{"uv":[1,4,2,5],"texture":"#0"},"south":{"uv":[1,4,2,5],"texture":"#0"},"west":{"uv":[1,4,2,5],"texture":"#0"},"up":{"uv":[1,4,2,5],"texture":"#0"},"down":{"uv":[1,4,2,5],"texture":"#0"}}},{"from":[16.97824,-1.99267,-7.99499],"to":[18.60853,-1.62848,-4.01966],"rotation":{"angle":-22.5,"axis":"x","origin":[17.79338,8,-6.00733]},"faces":{"north":{"uv":[1,4,2,5],"texture":"#0"},"east":{"uv":[1,4,2,5],"texture":"#0"},"south":{"uv":[1,4,2,5],"texture":"#0"},"west":{"uv":[1,4,2,5],"texture":"#0"},"up":{"uv":[1,4,2,5],"texture":"#0"},"down":{"uv":[1,4,2,5],"texture":"#0"}}},{"from":[16.97824,6.01234,3.62115],"to":[18.60853,9.98767,3.98534],"rotation":{"angle":45,"axis":"x","origin":[17.79338,8,-6.00733]},"faces":{"north":{"uv":[1,4,2,5],"texture":"#0"},"east":{"uv":[1,4,2,5],"texture":"#0"},"south":{"uv":[1,4,2,5],"texture":"#0"},"west":{"uv":[1,4,2,5],"texture":"#0"},"up":{"uv":[1,4,2,5],"texture":"#0"},"down":{"uv":[1,4,2,5],"texture":"#0"}}},{"from":[16.97824,6.01233,3.62115],"to":[18.60853,9.98767,3.98535],"rotation":{"angle":22.5,"axis":"x","origin":[17.79338,8,-6.00733]},"faces":{"north":{"uv":[1,4,2,5],"texture":"#0"},"east":{"uv":[1,4,2,5],"texture":"#0"},"south":{"uv":[1,4,2,5],"texture":"#0"},"west":{"uv":[1,4,2,5],"texture":"#0"},"up":{"uv":[1,4,2,5],"texture":"#0"},"down":{"uv":[1,4,2,5],"texture":"#0"}}},{"from":[16.97824,6.01234,3.62115],"to":[18.60853,9.98767,3.98534],"rotation":{"angle":0,"axis":"z","origin":[17.79338,8,-6.00733]},"faces":{"north":{"uv":[1,4,2,5],"texture":"#0"},"east":{"uv":[1,4,2,5],"texture":"#0"},"south":{"uv":[1,4,2,5],"texture":"#0"},"west":{"uv":[1,4,2,5],"texture":"#0"},"up":{"uv":[1,4,2,5],"texture":"#0"},"down":{"uv":[1,4,2,5],"texture":"#0"}}},{"from":[16.97824,6.01234,3.62115],"to":[18.60853,9.98767,3.98534],"rotation":{"angle":-22.5,"axis":"x","origin":[17.79338,8,-6.00733]},"faces":{"north":{"uv":[1,4,2,5],"texture":"#0"},"east":{"uv":[1,4,2,5],"texture":"#0"},"south":{"uv":[1,4,2,5],"texture":"#0"},"west":{"uv":[1,4,2,5],"texture":"#0"},"up":{"uv":[1,4,2,5],"texture":"#0"},"down":{"uv":[1,4,2,5],"texture":"#0"}}},{"from":[16.97824,17.62848,-7.99499],"to":[18.60853,17.99267,-4.01966],"rotation":{"angle":45,"axis":"x","origin":[17.79338,8,-6.00733]},"faces":{"north":{"uv":[1,4,2,5],"texture":"#0"},"east":{"uv":[1,4,2,5],"texture":"#0"},"south":{"uv":[1,4,2,5],"texture":"#0"},"west":{"uv":[1,4,2,5],"texture":"#0"},"up":{"uv":[1,4,2,5],"texture":"#0"},"down":{"uv":[1,4,2,5],"texture":"#0"}}},{"from":[16.97824,17.62848,-7.99499],"to":[18.60853,17.99267,-4.01966],"rotation":{"angle":22.5,"axis":"x","origin":[17.79338,8,-6.00733]},"faces":{"north":{"uv":[1,4,2,5],"texture":"#0"},"east":{"uv":[1,4,2,5],"texture":"#0"},"south":{"uv":[1,4,2,5],"texture":"#0"},"west":{"uv":[1,4,2,5],"texture":"#0"},"up":{"uv":[1,4,2,5],"texture":"#0"},"down":{"uv":[1,4,2,5],"texture":"#0"}}},{"from":[16.91551,16.01178,-7.93492],"to":[18.67126,17.69066,-4.07973],"rotation":{"angle":0,"axis":"z","origin":[17.79338,8,-6.00733]},"faces":{"north":{"uv":[4,1,5,2],"texture":"#0"},"east":{"uv":[4,1,5,2],"texture":"#0"},"south":{"uv":[4,1,5,2],"texture":"#0"},"west":{"uv":[4,1,5,2],"texture":"#0"},"up":{"uv":[4,1,5,2],"texture":"#0"},"down":{"uv":[4,1,5,2],"texture":"#0"}}},{"from":[16.91551,16.01178,-7.93492],"to":[18.67126,17.69066,-4.07973],"rotation":{"angle":-22.5,"axis":"x","origin":[17.79338,8,-6.00733]},"faces":{"north":{"uv":[4,1,5,2],"texture":"#0"},"east":{"uv":[4,1,5,2],"texture":"#0"},"south":{"uv":[4,1,5,2],"texture":"#0"},"west":{"uv":[4,1,5,2],"texture":"#0"},"up":{"uv":[4,1,5,2],"texture":"#0"},"down":{"uv":[4,1,5,2],"texture":"#0"}}},{"from":[16.91551,16.01178,-7.93492],"to":[18.67126,17.69066,-4.07973],"rotation":{"angle":-45,"axis":"x","origin":[17.79338,8,-6.00733]},"faces":{"north":{"uv":[4,1,5,2],"texture":"#0"},"east":{"uv":[4,1,5,2],"texture":"#0"},"south":{"uv":[4,1,5,2],"texture":"#0"},"west":{"uv":[4,1,5,2],"texture":"#0"},"up":{"uv":[4,1,5,2],"texture":"#0"},"down":{"uv":[4,1,5,2],"texture":"#0"}}},{"from":[16.91551,6.07241,-15.69798],"to":[18.67126,9.92759,-14.0191],"rotation":{"angle":22.5,"axis":"x","origin":[17.79338,8,-6.00733]},"faces":{"north":{"uv":[4,1,5,2],"texture":"#0"},"east":{"uv":[4,1,5,2],"texture":"#0"},"south":{"uv":[4,1,5,2],"texture":"#0"},"west":{"uv":[4,1,5,2],"texture":"#0"},"up":{"uv":[4,1,5,2],"texture":"#0"},"down":{"uv":[4,1,5,2],"texture":"#0"}}},{"from":[16.91551,6.07241,-15.69798],"to":[18.67126,9.92759,-14.0191],"rotation":{"angle":0,"axis":"z","origin":[17.79338,8,-6.00733]},"faces":{"north":{"uv":[4,1,5,2],"texture":"#0"},"east":{"uv":[4,1,5,2],"texture":"#0"},"south":{"uv":[4,1,5,2],"texture":"#0"},"west":{"uv":[4,1,5,2],"texture":"#0"},"up":{"uv":[4,1,5,2],"texture":"#0"},"down":{"uv":[4,1,5,2],"texture":"#0"}}},{"from":[16.91551,6.07241,-15.69798],"to":[18.67126,9.92759,-14.0191],"rotation":{"angle":-22.5,"axis":"x","origin":[17.79338,8,-6.00733]},"faces":{"north":{"uv":[4,1,5,2],"texture":"#0"},"east":{"uv":[4,1,5,2],"texture":"#0"},"south":{"uv":[4,1,5,2],"texture":"#0"},"west":{"uv":[4,1,5,2],"texture":"#0"},"up":{"uv":[4,1,5,2],"texture":"#0"},"down":{"uv":[4,1,5,2],"texture":"#0"}}},{"from":[16.91551,6.07241,-15.69798],"to":[18.67126,9.92759,-14.0191],"rotation":{"angle":-45,"axis":"x","origin":[17.79338,8,-6.00733]},"faces":{"north":{"uv":[4,1,5,2],"texture":"#0"},"east":{"uv":[4,1,5,2],"texture":"#0"},"south":{"uv":[4,1,5,2],"texture":"#0"},"west":{"uv":[4,1,5,2],"texture":"#0"},"up":{"uv":[4,1,5,2],"texture":"#0"},"down":{"uv":[4,1,5,2],"texture":"#0"}}},{"from":[16.91551,-1.69066,-7.93492],"to":[18.67126,-0.01178,-4.07973],"rotation":{"angle":22.5,"axis":"x","origin":[17.79338,8,-6.00733]},"faces":{"north":{"uv":[4,1,5,2],"texture":"#0"},"east":{"uv":[4,1,5,2],"texture":"#0"},"south":{"uv":[4,1,5,2],"texture":"#0"},"west":{"uv":[4,1,5,2],"texture":"#0"},"up":{"uv":[4,1,5,2],"texture":"#0"},"down":{"uv":[4,1,5,2],"texture":"#0"}}},{"from":[16.91551,-1.69065,-7.93492],"to":[18.67126,-0.01177,-4.07974],"rotation":{"angle":0,"axis":"z","origin":[17.79338,8,-6.00733]},"faces":{"north":{"uv":[4,1,5,2],"texture":"#0"},"east":{"uv":[4,1,5,2],"texture":"#0"},"south":{"uv":[4,1,5,2],"texture":"#0"},"west":{"uv":[4,1,5,2],"texture":"#0"},"up":{"uv":[4,1,5,2],"texture":"#0"},"down":{"uv":[4,1,5,2],"texture":"#0"}}},{"from":[16.91551,-1.69066,-7.93492],"to":[18.67126,-0.01178,-4.07973],"rotation":{"angle":-22.5,"axis":"x","origin":[17.79338,8,-6.00733]},"faces":{"north":{"uv":[4,1,5,2],"texture":"#0"},"east":{"uv":[4,1,5,2],"texture":"#0"},"south":{"uv":[4,1,5,2],"texture":"#0"},"west":{"uv":[4,1,5,2],"texture":"#0"},"up":{"uv":[4,1,5,2],"texture":"#0"},"down":{"uv":[4,1,5,2],"texture":"#0"}}},{"from":[16.91551,6.07241,2.00445],"to":[18.67126,9.92759,3.68333],"rotation":{"angle":45,"axis":"x","origin":[17.79338,8,-6.00733]},"faces":{"north":{"uv":[4,1,5,2],"texture":"#0"},"east":{"uv":[4,1,5,2],"texture":"#0"},"south":{"uv":[4,1,5,2],"texture":"#0"},"west":{"uv":[4,1,5,2],"texture":"#0"},"up":{"uv":[4,1,5,2],"texture":"#0"},"down":{"uv":[4,1,5,2],"texture":"#0"}}},{"from":[16.91551,6.07241,2.00445],"to":[18.67126,9.92759,3.68333],"rotation":{"angle":22.5,"axis":"x","origin":[17.79338,8,-6.00733]},"faces":{"north":{"uv":[4,1,5,2],"texture":"#0"},"east":{"uv":[4,1,5,2],"texture":"#0"},"south":{"uv":[4,1,5,2],"texture":"#0"},"west":{"uv":[4,1,5,2],"texture":"#0"},"up":{"uv":[4,1,5,2],"texture":"#0"},"down":{"uv":[4,1,5,2],"texture":"#0"}}},{"from":[16.91551,6.07241,2.00445],"to":[18.67126,9.92759,3.68333],"rotation":{"angle":0,"axis":"z","origin":[17.79338,8,-6.00733]},"faces":{"north":{"uv":[4,1,5,2],"texture":"#0"},"east":{"uv":[4,1,5,2],"texture":"#0"},"south":{"uv":[4,1,5,2],"texture":"#0"},"west":{"uv":[4,1,5,2],"texture":"#0"},"up":{"uv":[4,1,5,2],"texture":"#0"},"down":{"uv":[4,1,5,2],"texture":"#0"}}},{"from":[16.91551,6.07241,2.00445],"to":[18.67126,9.92759,3.68333],"rotation":{"angle":-22.5,"axis":"x","origin":[17.79338,8,-6.00733]},"faces":{"north":{"uv":[4,1,5,2],"texture":"#0"},"east":{"uv":[4,1,5,2],"texture":"#0"},"south":{"uv":[4,1,5,2],"texture":"#0"},"west":{"uv":[4,1,5,2],"texture":"#0"},"up":{"uv":[4,1,5,2],"texture":"#0"},"down":{"uv":[4,1,5,2],"texture":"#0"}}},{"from":[16.91551,16.01178,-7.93492],"to":[18.67126,17.69066,-4.07973],"rotation":{"angle":45,"axis":"x","origin":[17.79338,8,-6.00733]},"faces":{"north":{"uv":[4,1,5,2],"texture":"#0"},"east":{"uv":[4,1,5,2],"texture":"#0"},"south":{"uv":[4,1,5,2],"texture":"#0"},"west":{"uv":[4,1,5,2],"texture":"#0"},"up":{"uv":[4,1,5,2],"texture":"#0"},"down":{"uv":[4,1,5,2],"texture":"#0"}}},{"from":[16.91551,16.01178,-7.93492],"to":[18.67126,17.69066,-4.07973],"rotation":{"angle":22.5,"axis":"x","origin":[17.79338,8,-6.00733]},"faces":{"north":{"uv":[4,1,5,2],"texture":"#0"},"east":{"uv":[4,1,5,2],"texture":"#0"},"south":{"uv":[4,1,5,2],"texture":"#0"},"west":{"uv":[4,1,5,2],"texture":"#0"},"up":{"uv":[4,1,5,2],"texture":"#0"},"down":{"uv":[4,1,5,2],"texture":"#0"}}},{"from":[17.28019,-0.16115,-6.48059],"to":[18.30657,16.16115,-5.53406],"rotation":{"angle":0,"axis":"z","origin":[17.79338,8,-6.00733]},"faces":{"north":{"uv":[4,1,5,2],"texture":"#0"},"east":{"uv":[4,1,5,2],"texture":"#0"},"south":{"uv":[4,1,5,2],"texture":"#0"},"west":{"uv":[4,1,5,2],"texture":"#0"},"up":{"uv":[4,1,5,2],"texture":"#0"},"down":{"uv":[4,1,5,2],"texture":"#0"}}},{"from":[17.28019,7.52674,-14.16848],"to":[18.30657,8.47327,2.15383],"rotation":{"angle":0,"axis":"z","origin":[17.79338,8,-6.00733]},"faces":{"north":{"uv":[4,1,5,2],"texture":"#0"},"east":{"uv":[4,1,5,2],"texture":"#0"},"south":{"uv":[4,1,5,2],"texture":"#0"},"west":{"uv":[4,1,5,2],"texture":"#0"},"up":{"uv":[4,1,5,2],"texture":"#0"},"down":{"uv":[4,1,5,2],"texture":"#0"}}},{"from":[17.28019,-0.16115,-6.48059],"to":[18.30657,16.16115,-5.53406],"rotation":{"angle":-45,"axis":"x","origin":[17.79338,8,-6.00733]},"faces":{"north":{"uv":[4,1,5,2],"texture":"#0"},"east":{"uv":[4,1,5,2],"texture":"#0"},"south":{"uv":[4,1,5,2],"texture":"#0"},"west":{"uv":[4,1,5,2],"texture":"#0"},"up":{"uv":[4,1,5,2],"texture":"#0"},"down":{"uv":[4,1,5,2],"texture":"#0"}}},{"from":[17.28019,-0.16115,-6.48059],"to":[18.30657,16.16115,-5.53406],"rotation":{"angle":45,"axis":"x","origin":[17.79338,8,-6.00733]},"faces":{"north":{"uv":[4,1,5,2],"texture":"#0"},"east":{"uv":[4,1,5,2],"texture":"#0"},"south":{"uv":[4,1,5,2],"texture":"#0"},"west":{"uv":[4,1,5,2],"texture":"#0"},"up":{"uv":[4,1,5,2],"texture":"#0"},"down":{"uv":[4,1,5,2],"texture":"#0"}}},{"from":[15.28702,6.57543,-6.5974],"to":[20.29975,9.42457,-5.41725],"rotation":{"angle":0,"axis":"z","origin":[17.79338,8,-6.00733]},"faces":{"north":{"uv":[4,1,5,2],"texture":"#0"},"east":{"uv":[4,1,5,2],"texture":"#0"},"south":{"uv":[4,1,5,2],"texture":"#0"},"west":{"uv":[4,1,5,2],"texture":"#0"},"up":{"uv":[4,1,5,2],"texture":"#0"},"down":{"uv":[4,1,5,2],"texture":"#0"}}},{"from":[15.28702,7.40992,-7.4319],"to":[20.29975,8.59008,-4.58275],"rotation":{"angle":0,"axis":"z","origin":[17.79338,8,-6.00733]},"faces":{"north":{"uv":[4,1,5,2],"texture":"#0"},"east":{"uv":[4,1,5,2],"texture":"#0"},"south":{"uv":[4,1,5,2],"texture":"#0"},"west":{"uv":[4,1,5,2],"texture":"#0"},"up":{"uv":[4,1,5,2],"texture":"#0"},"down":{"uv":[4,1,5,2],"texture":"#0"}}},{"from":[15.28702,6.57543,-6.5974],"to":[20.29975,9.42457,-5.41725],"rotation":{"angle":-45,"axis":"x","origin":[17.79338,8,-6.00733]},"faces":{"north":{"uv":[4,1,5,2],"texture":"#0"},"east":{"uv":[4,1,5,2],"texture":"#0"},"south":{"uv":[4,1,5,2],"texture":"#0"},"west":{"uv":[4,1,5,2],"texture":"#0"},"up":{"uv":[4,1,5,2],"texture":"#0"},"down":{"uv":[4,1,5,2],"texture":"#0"}}},{"from":[15.28702,6.57543,-6.5974],"to":[20.29975,9.42457,-5.41725],"rotation":{"angle":45,"axis":"x","origin":[17.79338,8,-6.00733]},"faces":{"north":{"uv":[4,1,5,2],"texture":"#0"},"east":{"uv":[4,1,5,2],"texture":"#0"},"south":{"uv":[4,1,5,2],"texture":"#0"},"west":{"uv":[4,1,5,2],"texture":"#0"},"up":{"uv":[4,1,5,2],"texture":"#0"},"down":{"uv":[4,1,5,2],"texture":"#0"}}},{"from":[16.33865,6.00794,-6.83246],"to":[19.24812,9.99206,-5.18219],"rotation":{"angle":0,"axis":"z","origin":[17.79338,8,-6.00733]},"faces":{"north":{"uv":[4,1,5,2],"texture":"#0"},"east":{"uv":[4,1,5,2],"texture":"#0"},"south":{"uv":[4,1,5,2],"texture":"#0"},"west":{"uv":[4,1,5,2],"texture":"#0"},"up":{"uv":[4,1,5,2],"texture":"#0"},"down":{"uv":[4,1,5,2],"texture":"#0"}}},{"from":[16.33865,7.17486,-7.99938],"to":[19.24812,8.82514,-4.01527],"rotation":{"angle":0,"axis":"z","origin":[17.79338,8,-6.00733]},"faces":{"north":{"uv":[4,1,5,2],"texture":"#0"},"east":{"uv":[4,1,5,2],"texture":"#0"},"south":{"uv":[4,1,5,2],"texture":"#0"},"west":{"uv":[4,1,5,2],"texture":"#0"},"up":{"uv":[4,1,5,2],"texture":"#0"},"down":{"uv":[4,1,5,2],"texture":"#0"}}},{"from":[16.33865,6.00794,-6.83246],"to":[19.24812,9.99206,-5.18219],"rotation":{"angle":-45,"axis":"x","origin":[17.79338,8,-6.00733]},"faces":{"north":{"uv":[4,1,5,2],"texture":"#0"},"east":{"uv":[4,1,5,2],"texture":"#0"},"south":{"uv":[4,1,5,2],"texture":"#0"},"west":{"uv":[4,1,5,2],"texture":"#0"},"up":{"uv":[4,1,5,2],"texture":"#0"},"down":{"uv":[4,1,5,2],"texture":"#0"}}},{"from":[16.33865,6.00794,-6.83246],"to":[19.24812,9.99206,-5.18219],"rotation":{"angle":45,"axis":"x","origin":[17.79338,8,-6.00733]},"faces":{"north":{"uv":[4,1,5,2],"texture":"#0"},"east":{"uv":[4,1,5,2],"texture":"#0"},"south":{"uv":[4,1,5,2],"texture":"#0"},"west":{"uv":[4,1,5,2],"texture":"#0"},"up":{"uv":[4,1,5,2],"texture":"#0"},"down":{"uv":[4,1,5,2],"texture":"#0"}}},{"from":[18.35305,5.80684,-6.91576],"to":[18.76912,10.19316,-5.09889],"rotation":{"angle":0,"axis":"z","origin":[18.56108,8,-6.00733]},"faces":{"north":{"uv":[1,4,2,5],"texture":"#0"},"east":{"uv":[1,4,2,5],"texture":"#0"},"south":{"uv":[1,4,2,5],"texture":"#0"},"west":{"uv":[1,4,2,5],"texture":"#0"},"up":{"uv":[1,4,2,5],"texture":"#0"},"down":{"uv":[1,4,2,5],"texture":"#0"}}},{"from":[18.35305,7.09157,-8.20049],"to":[18.76912,8.90844,-3.81417],"rotation":{"angle":0,"axis":"z","origin":[18.56108,8,-6.00733]},"faces":{"north":{"uv":[1,4,2,5],"texture":"#0"},"east":{"uv":[1,4,2,5],"texture":"#0"},"south":{"uv":[1,4,2,5],"texture":"#0"},"west":{"uv":[1,4,2,5],"texture":"#0"},"up":{"uv":[1,4,2,5],"texture":"#0"},"down":{"uv":[1,4,2,5],"texture":"#0"}}},{"from":[18.35305,5.80684,-6.91576],"to":[18.76912,10.19316,-5.09889],"rotation":{"angle":-45,"axis":"x","origin":[18.56108,8,-6.00733]},"faces":{"north":{"uv":[1,4,2,5],"texture":"#0"},"east":{"uv":[1,4,2,5],"texture":"#0"},"south":{"uv":[1,4,2,5],"texture":"#0"},"west":{"uv":[1,4,2,5],"texture":"#0"},"up":{"uv":[1,4,2,5],"texture":"#0"},"down":{"uv":[1,4,2,5],"texture":"#0"}}},{"from":[18.35305,5.80684,-6.91576],"to":[18.76912,10.19316,-5.09889],"rotation":{"angle":45,"axis":"x","origin":[18.56108,8,-6.00733]},"faces":{"north":{"uv":[1,4,2,5],"texture":"#0"},"east":{"uv":[1,4,2,5],"texture":"#0"},"south":{"uv":[1,4,2,5],"texture":"#0"},"west":{"uv":[1,4,2,5],"texture":"#0"},"up":{"uv":[1,4,2,5],"texture":"#0"},"down":{"uv":[1,4,2,5],"texture":"#0"}}},{"from":[19.84274,6.41486,-6.66391],"to":[20.23463,9.58515,-5.35074],"rotation":{"angle":0,"axis":"z","origin":[20.03868,8,-6.00733]},"faces":{"north":{"uv":[1,4,2,5],"texture":"#0"},"east":{"uv":[1,4,2,5],"texture":"#0"},"south":{"uv":[1,4,2,5],"texture":"#0"},"west":{"uv":[1,4,2,5],"texture":"#0"},"up":{"uv":[1,4,2,5],"texture":"#0"},"down":{"uv":[1,4,2,5],"texture":"#0"}}},{"from":[19.84274,7.34341,-7.59247],"to":[20.23463,8.65659,-4.42218],"rotation":{"angle":0,"axis":"z","origin":[20.03868,8,-6.00733]},"faces":{"north":{"uv":[1,4,2,5],"texture":"#0"},"east":{"uv":[1,4,2,5],"texture":"#0"},"south":{"uv":[1,4,2,5],"texture":"#0"},"west":{"uv":[1,4,2,5],"texture":"#0"},"up":{"uv":[1,4,2,5],"texture":"#0"},"down":{"uv":[1,4,2,5],"texture":"#0"}}},{"from":[19.84274,6.41486,-6.66391],"to":[20.23463,9.58515,-5.35074],"rotation":{"angle":-45,"axis":"x","origin":[20.03868,8,-6.00733]},"faces":{"north":{"uv":[1,4,2,5],"texture":"#0"},"east":{"uv":[1,4,2,5],"texture":"#0"},"south":{"uv":[1,4,2,5],"texture":"#0"},"west":{"uv":[1,4,2,5],"texture":"#0"},"up":{"uv":[1,4,2,5],"texture":"#0"},"down":{"uv":[1,4,2,5],"texture":"#0"}}},{"from":[19.84274,6.41486,-6.66391],"to":[20.23463,9.58515,-5.35074],"rotation":{"angle":45,"axis":"x","origin":[20.03868,8,-6.00733]},"faces":{"north":{"uv":[1,4,2,5],"texture":"#0"},"east":{"uv":[1,4,2,5],"texture":"#0"},"south":{"uv":[1,4,2,5],"texture":"#0"},"west":{"uv":[1,4,2,5],"texture":"#0"},"up":{"uv":[1,4,2,5],"texture":"#0"},"down":{"uv":[1,4,2,5],"texture":"#0"}}},{"from":[14.51876,7.49163,-6.2179],"to":[21.06801,8.50837,-5.79675],"rotation":{"angle":0,"axis":"z","origin":[17.79338,8,-6.00733]},"faces":{"north":{"uv":[1,4,2,5],"texture":"#0"},"east":{"uv":[1,4,2,5],"texture":"#0"},"south":{"uv":[1,4,2,5],"texture":"#0"},"west":{"uv":[1,4,2,5],"texture":"#0"},"up":{"uv":[1,4,2,5],"texture":"#0"},"down":{"uv":[1,4,2,5],"texture":"#0"}}},{"from":[14.51876,7.78943,-6.51569],"to":[21.06801,8.21057,-5.49896],"rotation":{"angle":0,"axis":"z","origin":[17.79338,8,-6.00733]},"faces":{"north":{"uv":[1,4,2,5],"texture":"#0"},"east":{"uv":[1,4,2,5],"texture":"#0"},"south":{"uv":[1,4,2,5],"texture":"#0"},"west":{"uv":[1,4,2,5],"texture":"#0"},"up":{"uv":[1,4,2,5],"texture":"#0"},"down":{"uv":[1,4,2,5],"texture":"#0"}}},{"from":[14.51876,7.49163,-6.2179],"to":[21.06801,8.50837,-5.79675],"rotation":{"angle":-45,"axis":"x","origin":[17.79338,8,-6.00733]},"faces":{"north":{"uv":[1,4,2,5],"texture":"#0"},"east":{"uv":[1,4,2,5],"texture":"#0"},"south":{"uv":[1,4,2,5],"texture":"#0"},"west":{"uv":[1,4,2,5],"texture":"#0"},"up":{"uv":[1,4,2,5],"texture":"#0"},"down":{"uv":[1,4,2,5],"texture":"#0"}}},{"from":[14.51876,7.49163,-6.2179],"to":[21.06801,8.50837,-5.79675],"rotation":{"angle":45,"axis":"x","origin":[17.79338,8,-6.00733]},"faces":{"north":{"uv":[1,4,2,5],"texture":"#0"},"east":{"uv":[1,4,2,5],"texture":"#0"},"south":{"uv":[1,4,2,5],"texture":"#0"},"west":{"uv":[1,4,2,5],"texture":"#0"},"up":{"uv":[1,4,2,5],"texture":"#0"},"down":{"uv":[1,4,2,5],"texture":"#0"}}},{"from":[3.39449,3.60446,-4.01582],"to":[5.24916,8.35909,24.79902],"rotation":{"angle":22.5,"axis":"x","origin":[4.32182,5.98177,10.3916]},"faces":{"north":{"uv":[4,1,5,2],"texture":"#0"},"east":{"uv":[4,1,5,2],"texture":"#0"},"south":{"uv":[4,1,5,2],"texture":"#0"},"west":{"uv":[4,1,5,2],"texture":"#0"},"up":{"uv":[1,4,2,5],"texture":"#0"},"down":{"uv":[1,4,2,5],"texture":"#0"}}},{"from":[3.39449,7.8099,-12.3239],"to":[5.24916,13.69161,-2.00936],"rotation":{"angle":0,"axis":"z","origin":[4.32182,10.75075,-7.16663]},"faces":{"north":{"uv":[1,4,2,5],"texture":"#0"},"east":{"uv":[4,1,5,2],"texture":"#0"},"south":{"uv":[4,1,5,2],"texture":"#0"},"west":{"uv":[4,1,5,2],"texture":"#0"},"up":{"uv":[1,4,2,5],"texture":"#0"},"down":{"uv":[1,4,2,5],"texture":"#0"}}},{"from":[3.39449,-1.72806,22.79256],"to":[5.24916,2.82031,29.60011],"rotation":{"angle":0,"axis":"z","origin":[4.32182,0.54612,26.19633]},"faces":{"north":{"uv":[4,1,5,2],"texture":"#0"},"east":{"uv":[4,1,5,2],"texture":"#0"},"south":{"uv":[4,1,5,2],"texture":"#0"},"west":{"uv":[4,1,5,2],"texture":"#0"},"up":{"uv":[1,4,2,5],"texture":"#0"},"down":{"uv":[1,4,2,5],"texture":"#0"}}},{"from":[3.39449,7.8099,-2.00936],"to":[5.24916,10.8268,0.72252],"rotation":{"angle":0,"axis":"z","origin":[4.32182,9.31835,-0.64342]},"faces":{"north":{"uv":[4,1,5,2],"texture":"#0"},"east":{"uv":[4,1,5,2],"texture":"#0"},"south":{"uv":[4,1,5,2],"texture":"#0"},"west":{"uv":[4,1,5,2],"texture":"#0"},"up":{"uv":[4,1,5,2],"texture":"#0"},"down":{"uv":[1,4,2,5],"texture":"#0"}}},{"from":[3.39449,-1.36374,28.83404],"to":[5.24916,2.12319,31.43167],"rotation":{"angle":-22.5,"axis":"x","origin":[4.32182,0.37972,30.13285]},"faces":{"north":{"uv":[4,1,5,2],"texture":"#0"},"east":{"uv":[4,1,5,2],"texture":"#0"},"south":{"uv":[4,1,5,2],"texture":"#0"},"west":{"uv":[4,1,5,2],"texture":"#0"},"up":{"uv":[4,1,5,2],"texture":"#0"},"down":{"uv":[1,4,2,5],"texture":"#0"}}},{"from":[3.39449,-0.73399,29.6001],"to":[5.24916,2.82031,32],"rotation":{"angle":0,"axis":"z","origin":[4.32182,1.04316,30.80005]},"faces":{"north":{"uv":[4,1,5,2],"texture":"#0"},"east":{"uv":[4,1,5,2],"texture":"#0"},"south":{"uv":[1,4,2,5],"texture":"#0"},"west":{"uv":[4,1,5,2],"texture":"#0"},"up":{"uv":[1,4,2,5],"texture":"#0"},"down":{"uv":[4,1,5,2],"texture":"#0"}}},{"from":[-0.27208,7.05322,-6.95411],"to":[16.27208,8.94678,-5.06055],"rotation":{"angle":0,"axis":"z","origin":[8,8,-6.00733]},"faces":{"north":{"uv":[4,1,5,2],"texture":"#0"},"east":{"uv":[4,1,5,2],"texture":"#0"},"south":{"uv":[4,1,5,2],"texture":"#0"},"west":{"uv":[4,1,5,2],"texture":"#0"},"up":{"uv":[4,1,5,2],"texture":"#0"},"down":{"uv":[4,1,5,2],"texture":"#0"}}},{"from":[4.29508,8.64648,-10.18051],"to":[11.70492,10.51988,-1.86202],"rotation":{"angle":0,"axis":"z","origin":[8,9.58318,-4.61192]},"faces":{"north":{"uv":[4,1,5,2],"texture":"#0"},"east":{"uv":[4,1,5,2],"texture":"#0"},"south":{"uv":[4,1,5,2],"texture":"#0"},"west":{"uv":[4,1,5,2],"texture":"#0"},"up":{"uv":[4,1,5,2],"texture":"#0"},"down":{"uv":[4,1,5,2],"texture":"#0"}}},{"from":[10.75084,3.60446,-4.01582],"to":[12.60551,8.35909,24.79902],"rotation":{"angle":22.5,"axis":"x","origin":[11.67818,5.98177,10.3916]},"faces":{"north":{"uv":[4,1,5,2],"texture":"#0"},"east":{"uv":[4,1,5,2],"texture":"#0"},"south":{"uv":[4,1,5,2],"texture":"#0"},"west":{"uv":[4,1,5,2],"texture":"#0"},"up":{"uv":[1,4,2,5],"texture":"#0"},"down":{"uv":[1,4,2,5],"texture":"#0"}}},{"from":[10.75084,7.8099,-12.3239],"to":[12.60551,13.69161,-2.00936],"rotation":{"angle":0,"axis":"z","origin":[11.67818,10.75075,-7.16663]},"faces":{"north":{"uv":[1,4,2,5],"texture":"#0"},"east":{"uv":[4,1,5,2],"texture":"#0"},"south":{"uv":[4,1,5,2],"texture":"#0"},"west":{"uv":[4,1,5,2],"texture":"#0"},"up":{"uv":[1,4,2,5],"texture":"#0"},"down":{"uv":[1,4,2,5],"texture":"#0"}}},{"from":[10.75084,-1.72806,22.79256],"to":[12.60551,2.82031,29.60011],"rotation":{"angle":0,"axis":"z","origin":[11.67818,0.54612,26.19633]},"faces":{"north":{"uv":[4,1,5,2],"texture":"#0"},"east":{"uv":[4,1,5,2],"texture":"#0"},"south":{"uv":[4,1,5,2],"texture":"#0"},"west":{"uv":[4,1,5,2],"texture":"#0"},"up":{"uv":[1,4,2,5],"texture":"#0"},"down":{"uv":[1,4,2,5],"texture":"#0"}}},{"from":[10.75084,7.8099,-2.00936],"to":[12.60551,10.8268,0.72252],"rotation":{"angle":0,"axis":"z","origin":[11.67818,9.31835,-0.64342]},"faces":{"north":{"uv":[4,1,5,2],"texture":"#0"},"east":{"uv":[4,1,5,2],"texture":"#0"},"south":{"uv":[4,1,5,2],"texture":"#0"},"west":{"uv":[4,1,5,2],"texture":"#0"},"up":{"uv":[4,1,5,2],"texture":"#0"},"down":{"uv":[1,4,2,5],"texture":"#0"}}},{"from":[10.75084,-1.36374,28.83404],"to":[12.60551,2.12319,31.43167],"rotation":{"angle":-22.5,"axis":"x","origin":[11.67818,0.37972,30.13285]},"faces":{"north":{"uv":[4,1,5,2],"texture":"#0"},"east":{"uv":[4,1,5,2],"texture":"#0"},"south":{"uv":[4,1,5,2],"texture":"#0"},"west":{"uv":[4,1,5,2],"texture":"#0"},"up":{"uv":[4,1,5,2],"texture":"#0"},"down":{"uv":[1,4,2,5],"texture":"#0"}}},{"from":[10.75084,-0.73399,29.6001],"to":[12.60551,2.82031,32],"rotation":{"angle":0,"axis":"z","origin":[11.67818,1.04316,30.80005]},"faces":{"north":{"uv":[4,1,5,2],"texture":"#0"},"east":{"uv":[4,1,5,2],"texture":"#0"},"south":{"uv":[1,4,2,5],"texture":"#0"},"west":{"uv":[4,1,5,2],"texture":"#0"},"up":{"uv":[1,4,2,5],"texture":"#0"},"down":{"uv":[4,1,5,2],"texture":"#0"}}}],"display":{"head":{"translation":[0,-24.5,25],"scale":[1.9,1.9,1.9]}},"groups":[{"name":"body_rings","origin":[0,0,0],"color":0,"children":[0,1,2,3]},{"name":"hinge_L","origin":[0,0,0],"color":0,"children":[4,5,6,7,8]},{"name":"hinge_R","origin":[0,0,0],"color":0,"children":[9,10,11,12,13]},{"name":"wheel_outer_L","origin":[0,0,0],"color":0,"children":[14,15,16,17,18,19,20,21,22,23,24,25,26,27,28,29]},{"name":"wheel_edge_L","origin":[0,0,0],"color":0,"children":[30,31,32,33,34,35,36,37,38,39,40,41,42,43,44,45]},{"name":"wheel_spoke_L","origin":[0,0,0],"color":0,"children":[46,47,48,49]},{"name":"wheel_center_L","origin":[0,0,0],"color":0,"children":[50,51,52,53,54,55,56,57]},{"name":"wheel_center_metal1_L","origin":[0,0,0],"color":0,"children":[58,59,60,61,62,63,64,65]},{"name":"wheel_center_pin_L","origin":[0,0,0],"color":0,"children":[66,67,68,69]},{"name":"wheel_outer_R","origin":[0,0,0],"color":0,"children":[70,71,72,73,74,75,76,77,78,79,80,81,82,83,84,85]},{"name":"wheel_edge_R","origin":[0,0,0],"color":0,"children":[86,87,88,89,90,91,92,93,94,95,96,97,98,99,100,101]},{"name":"wheel_spoke_R","origin":[0,0,0],"color":0,"children":[102,103,104,105]},{"name":"wheel_center_R","origin":[0,0,0],"color":0,"children":[106,107,108,109,110,111,112,113]},{"name":"wheel_center_metal1_R","origin":[0,0,0],"color":0,"children":[114,115,116,117,118,119,120,121]},{"name":"wheel_center_pin_R","origin":[0,0,0],"color":0,"children":[122,123,124,125]},{"name":"body_L","origin":[0,0,0],"color":0,"children":[126,127,128,129,130,131]},{"name":"body_center","origin":[0,0,0],"color":0,"children":[132,133]},{"name":"body_R","origin":[0,0,0],"color":0,"children":[134,135,136,137,138,139]}]}