{"textures":{"0":"concrete:vehicle/cannon_1700s_xeth"},"elements":[{"from":[3.82625,7.16979,12.40352],"to":[12.17375,8.83021,13.62108],"rotation":{"angle":0,"axis":"z","origin":[8,8,13.0123]},"faces":{"north":{"uv":[1,1,2,2],"texture":"#0"},"east":{"uv":[1,1,2,2],"texture":"#0"},"south":{"uv":[1,1,2,2],"texture":"#0"},"west":{"uv":[1,1,2,2],"texture":"#0"},"up":{"uv":[1,1,2,2],"texture":"#0"},"down":{"uv":[1,1,2,2],"texture":"#0"}}},{"from":[3.82625,7.16979,12.40352],"to":[12.17375,8.83021,13.62108],"rotation":{"angle":22.5,"axis":"z","origin":[8,8,13.0123]},"faces":{"north":{"uv":[1,1,2,2],"texture":"#0"},"east":{"uv":[1,1,2,2],"texture":"#0"},"south":{"uv":[1,1,2,2],"texture":"#0"},"west":{"uv":[1,1,2,2],"texture":"#0"},"up":{"uv":[1,1,2,2],"texture":"#0"},"down":{"uv":[1,1,2,2],"texture":"#0"}}},{"from":[7.16979,3.82625,12.40352],"to":[8.83021,12.17375,13.62108],"rotation":{"angle":-22.5,"axis":"z","origin":[8,8,13.0123]},"faces":{"north":{"uv":[1,1,2,2],"texture":"#0"},"east":{"uv":[1,1,2,2],"texture":"#0"},"south":{"uv":[1,1,2,2],"texture":"#0"},"west":{"uv":[1,1,2,2],"texture":"#0"},"up":{"uv":[1,1,2,2],"texture":"#0"},"down":{"uv":[1,1,2,2],"texture":"#0"}}},{"from":[7.16979,3.82625,12.40352],"to":[8.83021,12.17375,13.62108],"rotation":{"angle":0,"axis":"z","origin":[8,8,13.0123]},"faces":{"north":{"uv":[1,1,2,2],"texture":"#0"},"east":{"uv":[1,1,2,2],"texture":"#0"},"south":{"uv":[1,1,2,2],"texture":"#0"},"west":{"uv":[1,1,2,2],"texture":"#0"},"up":{"uv":[1,1,2,2],"texture":"#0"},"down":{"uv":[1,1,2,2],"texture":"#0"}}},{"from":[7.16979,3.82625,12.40352],"to":[8.83021,12.17375,13.62108],"rotation":{"angle":45,"axis":"z","origin":[8,8,13.0123]},"faces":{"north":{"uv":[1,1,2,2],"texture":"#0"},"east":{"uv":[1,1,2,2],"texture":"#0"},"south":{"uv":[1,1,2,2],"texture":"#0"},"west":{"uv":[1,1,2,2],"texture":"#0"},"up":{"uv":[1,1,2,2],"texture":"#0"},"down":{"uv":[1,1,2,2],"texture":"#0"}}},{"from":[7.16979,3.82625,12.40352],"to":[8.83021,12.17375,13.62108],"rotation":{"angle":-45,"axis":"z","origin":[8,8,13.0123]},"faces":{"north":{"uv":[1,1,2,2],"texture":"#0"},"east":{"uv":[1,1,2,2],"texture":"#0"},"south":{"uv":[1,1,2,2],"texture":"#0"},"west":{"uv":[1,1,2,2],"texture":"#0"},"up":{"uv":[1,1,2,2],"texture":"#0"},"down":{"uv":[1,1,2,2],"texture":"#0"}}},{"from":[7.16979,3.82625,12.40352],"to":[8.83021,12.17375,13.62108],"rotation":{"angle":22.5,"axis":"z","origin":[8,8,13.0123]},"faces":{"north":{"uv":[1,1,2,2],"texture":"#0"},"east":{"uv":[1,1,2,2],"texture":"#0"},"south":{"uv":[1,1,2,2],"texture":"#0"},"west":{"uv":[1,1,2,2],"texture":"#0"},"up":{"uv":[1,1,2,2],"texture":"#0"},"down":{"uv":[1,1,2,2],"texture":"#0"}}},{"from":[3.82625,7.16979,12.40352],"to":[12.17375,8.83021,13.62108],"rotation":{"angle":-22.5,"axis":"z","origin":[8,8,13.0123]},"faces":{"north":{"uv":[1,1,2,2],"texture":"#0"},"east":{"uv":[1,1,2,2],"texture":"#0"},"south":{"uv":[1,1,2,2],"texture":"#0"},"west":{"uv":[1,1,2,2],"texture":"#0"},"up":{"uv":[1,1,2,2],"texture":"#0"},"down":{"uv":[1,1,2,2],"texture":"#0"}}},{"from":[7.29963,10.00919,-4.84337],"to":[8.70037,11.52102,14.1023],"rotation":{"angle":0,"axis":"z","origin":[8,8,4.62946]},"faces":{"north":{"uv":[1,1,2,2],"texture":"#0"},"east":{"uv":[1,1,2,2],"texture":"#0"},"south":{"uv":[1,1,2,2],"texture":"#0"},"west":{"uv":[1,1,2,2],"texture":"#0"},"up":{"uv":[1,1,2,2],"texture":"#0"},"down":{"uv":[1,1,2,2],"texture":"#0"}}},{"from":[7.29963,10.00919,-4.84337],"to":[8.70037,11.52102,14.1023],"rotation":{"angle":22.5,"axis":"z","origin":[8,8,4.62946]},"faces":{"north":{"uv":[1,1,2,2],"texture":"#0"},"east":{"uv":[1,1,2,2],"texture":"#0"},"south":{"uv":[1,1,2,2],"texture":"#0"},"west":{"uv":[1,1,2,2],"texture":"#0"},"up":{"uv":[1,1,2,2],"texture":"#0"},"down":{"uv":[1,1,2,2],"texture":"#0"}}},{"from":[7.29963,10.00919,-4.84337],"to":[8.70037,11.52102,14.1023],"rotation":{"angle":45,"axis":"z","origin":[8,8,4.62946]},"faces":{"north":{"uv":[1,1,2,2],"texture":"#0"},"east":{"uv":[1,1,2,2],"texture":"#0"},"south":{"uv":[1,1,2,2],"texture":"#0"},"west":{"uv":[1,1,2,2],"texture":"#0"},"up":{"uv":[1,1,2,2],"texture":"#0"},"down":{"uv":[1,1,2,2],"texture":"#0"}}},{"from":[4.47898,7.29963,-4.84337],"to":[5.99081,8.70037,14.1023],"rotation":{"angle":-22.5,"axis":"z","origin":[8,8,4.62946]},"faces":{"north":{"uv":[1,1,2,2],"texture":"#0"},"east":{"uv":[1,1,2,2],"texture":"#0"},"south":{"uv":[1,1,2,2],"texture":"#0"},"west":{"uv":[1,1,2,2],"texture":"#0"},"up":{"uv":[1,1,2,2],"texture":"#0"},"down":{"uv":[1,1,2,2],"texture":"#0"}}},{"from":[4.47898,7.29963,-4.84337],"to":[5.99081,8.70037,14.1023],"rotation":{"angle":0,"axis":"z","origin":[8,8,4.62946]},"faces":{"north":{"uv":[1,1,2,2],"texture":"#0"},"east":{"uv":[1,1,2,2],"texture":"#0"},"south":{"uv":[1,1,2,2],"texture":"#0"},"west":{"uv":[1,1,2,2],"texture":"#0"},"up":{"uv":[1,1,2,2],"texture":"#0"},"down":{"uv":[1,1,2,2],"texture":"#0"}}},{"from":[4.47898,7.29963,-4.84337],"to":[5.99081,8.70037,14.1023],"rotation":{"angle":22.5,"axis":"z","origin":[8,8,4.62946]},"faces":{"north":{"uv":[1,1,2,2],"texture":"#0"},"east":{"uv":[1,1,2,2],"texture":"#0"},"south":{"uv":[1,1,2,2],"texture":"#0"},"west":{"uv":[1,1,2,2],"texture":"#0"},"up":{"uv":[1,1,2,2],"texture":"#0"},"down":{"uv":[1,1,2,2],"texture":"#0"}}},{"from":[4.47898,7.29963,-4.84337],"to":[5.99081,8.70037,14.1023],"rotation":{"angle":45,"axis":"z","origin":[8,8,4.62946]},"faces":{"north":{"uv":[1,1,2,2],"texture":"#0"},"east":{"uv":[1,1,2,2],"texture":"#0"},"south":{"uv":[1,1,2,2],"texture":"#0"},"west":{"uv":[1,1,2,2],"texture":"#0"},"up":{"uv":[1,1,2,2],"texture":"#0"},"down":{"uv":[1,1,2,2],"texture":"#0"}}},{"from":[7.29963,4.47898,-4.84337],"to":[8.70037,5.99081,14.1023],"rotation":{"angle":-22.5,"axis":"z","origin":[8,8,4.62946]},"faces":{"north":{"uv":[1,1,2,2],"texture":"#0"},"east":{"uv":[1,1,2,2],"texture":"#0"},"south":{"uv":[1,1,2,2],"texture":"#0"},"west":{"uv":[1,1,2,2],"texture":"#0"},"up":{"uv":[1,1,2,2],"texture":"#0"},"down":{"uv":[1,1,2,2],"texture":"#0"}}},{"from":[7.29963,4.47898,-4.84337],"to":[8.70037,5.99081,14.1023],"rotation":{"angle":0,"axis":"z","origin":[8,8,4.62946]},"faces":{"north":{"uv":[1,1,2,2],"texture":"#0"},"east":{"uv":[1,1,2,2],"texture":"#0"},"south":{"uv":[1,1,2,2],"texture":"#0"},"west":{"uv":[1,1,2,2],"texture":"#0"},"up":{"uv":[1,1,2,2],"texture":"#0"},"down":{"uv":[1,1,2,2],"texture":"#0"}}},{"from":[7.29963,4.47898,-4.84337],"to":[8.70037,5.99081,14.1023],"rotation":{"angle":22.5,"axis":"z","origin":[8,8,4.62946]},"faces":{"north":{"uv":[1,1,2,2],"texture":"#0"},"east":{"uv":[1,1,2,2],"texture":"#0"},"south":{"uv":[1,1,2,2],"texture":"#0"},"west":{"uv":[1,1,2,2],"texture":"#0"},"up":{"uv":[1,1,2,2],"texture":"#0"},"down":{"uv":[1,1,2,2],"texture":"#0"}}},{"from":[10.00919,7.29963,-4.84337],"to":[11.52102,8.70037,14.1023],"rotation":{"angle":-45,"axis":"z","origin":[8,8,4.62946]},"faces":{"north":{"uv":[1,1,2,2],"texture":"#0"},"east":{"uv":[1,1,2,2],"texture":"#0"},"south":{"uv":[1,1,2,2],"texture":"#0"},"west":{"uv":[1,1,2,2],"texture":"#0"},"up":{"uv":[1,1,2,2],"texture":"#0"},"down":{"uv":[1,1,2,2],"texture":"#0"}}},{"from":[10.00919,7.29963,-4.84337],"to":[11.52102,8.70037,14.1023],"rotation":{"angle":-22.5,"axis":"z","origin":[8,8,4.62946]},"faces":{"north":{"uv":[1,1,2,2],"texture":"#0"},"east":{"uv":[1,1,2,2],"texture":"#0"},"south":{"uv":[1,1,2,2],"texture":"#0"},"west":{"uv":[1,1,2,2],"texture":"#0"},"up":{"uv":[1,1,2,2],"texture":"#0"},"down":{"uv":[1,1,2,2],"texture":"#0"}}},{"from":[10.00919,7.29963,-4.84337],"to":[11.52102,8.70037,14.1023],"rotation":{"angle":0,"axis":"z","origin":[8,8,4.62946]},"faces":{"north":{"uv":[1,1,2,2],"texture":"#0"},"east":{"uv":[1,1,2,2],"texture":"#0"},"south":{"uv":[1,1,2,2],"texture":"#0"},"west":{"uv":[1,1,2,2],"texture":"#0"},"up":{"uv":[1,1,2,2],"texture":"#0"},"down":{"uv":[1,1,2,2],"texture":"#0"}}},{"from":[10.00919,7.29963,-4.84337],"to":[11.52102,8.70037,14.1023],"rotation":{"angle":22.5,"axis":"z","origin":[8,8,4.62946]},"faces":{"north":{"uv":[1,1,2,2],"texture":"#0"},"east":{"uv":[1,1,2,2],"texture":"#0"},"south":{"uv":[1,1,2,2],"texture":"#0"},"west":{"uv":[1,1,2,2],"texture":"#0"},"up":{"uv":[1,1,2,2],"texture":"#0"},"down":{"uv":[1,1,2,2],"texture":"#0"}}},{"from":[7.29963,10.00919,-4.84337],"to":[8.70037,11.52102,14.1023],"rotation":{"angle":-45,"axis":"z","origin":[8,8,4.62946]},"faces":{"north":{"uv":[1,1,2,2],"texture":"#0"},"east":{"uv":[1,1,2,2],"texture":"#0"},"south":{"uv":[1,1,2,2],"texture":"#0"},"west":{"uv":[1,1,2,2],"texture":"#0"},"up":{"uv":[1,1,2,2],"texture":"#0"},"down":{"uv":[1,1,2,2],"texture":"#0"}}},{"from":[7.29963,10.00919,-4.84337],"to":[8.70037,11.52101,14.1023],"rotation":{"angle":-22.5,"axis":"z","origin":[8,8,4.62946]},"faces":{"north":{"uv":[1,1,2,2],"texture":"#0"},"east":{"uv":[1,1,2,2],"texture":"#0"},"south":{"uv":[1,1,2,2],"texture":"#0"},"west":{"uv":[1,1,2,2],"texture":"#0"},"up":{"uv":[1,1,2,2],"texture":"#0"},"down":{"uv":[1,1,2,2],"texture":"#0"}}},{"from":[4.14869,7.23393,13.0628],"to":[11.85131,8.76607,25.39673],"rotation":{"angle":22.5,"axis":"z","origin":[8,8,19.22977]},"faces":{"north":{"uv":[1,1,2,2],"texture":"#0"},"east":{"uv":[1,1,2,2],"texture":"#0"},"south":{"uv":[1,1,2,2],"texture":"#0"},"west":{"uv":[1,1,2,2],"texture":"#0"},"up":{"uv":[1,1,2,2],"texture":"#0"},"down":{"uv":[1,1,2,2],"texture":"#0"}}},{"from":[7.23393,4.14869,13.0628],"to":[8.76607,11.85131,25.39673],"rotation":{"angle":-22.5,"axis":"z","origin":[8,8,19.22977]},"faces":{"north":{"uv":[1,1,2,2],"texture":"#0"},"east":{"uv":[1,1,2,2],"texture":"#0"},"south":{"uv":[1,1,2,2],"texture":"#0"},"west":{"uv":[1,1,2,2],"texture":"#0"},"up":{"uv":[1,1,2,2],"texture":"#0"},"down":{"uv":[1,1,2,2],"texture":"#0"}}},{"from":[7.23393,4.14869,13.0628],"to":[8.76607,11.85131,25.39673],"rotation":{"angle":0,"axis":"z","origin":[8,8,19.22977]},"faces":{"north":{"uv":[1,1,2,2],"texture":"#0"},"east":{"uv":[1,1,2,2],"texture":"#0"},"south":{"uv":[1,1,2,2],"texture":"#0"},"west":{"uv":[1,1,2,2],"texture":"#0"},"up":{"uv":[1,1,2,2],"texture":"#0"},"down":{"uv":[1,1,2,2],"texture":"#0"}}},{"from":[7.23393,4.14869,13.0628],"to":[8.76607,11.85131,25.39673],"rotation":{"angle":45,"axis":"z","origin":[8,8,19.22977]},"faces":{"north":{"uv":[1,1,2,2],"texture":"#0"},"east":{"uv":[1,1,2,2],"texture":"#0"},"south":{"uv":[1,1,2,2],"texture":"#0"},"west":{"uv":[1,1,2,2],"texture":"#0"},"up":{"uv":[1,1,2,2],"texture":"#0"},"down":{"uv":[1,1,2,2],"texture":"#0"}}},{"from":[4.14869,7.23393,13.0628],"to":[11.85131,8.76607,25.39673],"rotation":{"angle":0,"axis":"z","origin":[8,8,19.22977]},"faces":{"north":{"uv":[1,1,2,2],"texture":"#0"},"east":{"uv":[1,1,2,2],"texture":"#0"},"south":{"uv":[1,1,2,2],"texture":"#0"},"west":{"uv":[1,1,2,2],"texture":"#0"},"up":{"uv":[1,1,2,2],"texture":"#0"},"down":{"uv":[1,1,2,2],"texture":"#0"}}},{"from":[7.23393,4.14869,13.0628],"to":[8.76607,11.85131,25.39673],"rotation":{"angle":-45,"axis":"z","origin":[8,8,19.22977]},"faces":{"north":{"uv":[1,1,2,2],"texture":"#0"},"east":{"uv":[1,1,2,2],"texture":"#0"},"south":{"uv":[1,1,2,2],"texture":"#0"},"west":{"uv":[1,1,2,2],"texture":"#0"},"up":{"uv":[1,1,2,2],"texture":"#0"},"down":{"uv":[1,1,2,2],"texture":"#0"}}},{"from":[7.23393,4.14869,13.0628],"to":[8.76607,11.85131,25.39673],"rotation":{"angle":22.5,"axis":"z","origin":[8,8,19.22977]},"faces":{"north":{"uv":[1,1,2,2],"texture":"#0"},"east":{"uv":[1,1,2,2],"texture":"#0"},"south":{"uv":[1,1,2,2],"texture":"#0"},"west":{"uv":[1,1,2,2],"texture":"#0"},"up":{"uv":[1,1,2,2],"texture":"#0"},"down":{"uv":[1,1,2,2],"texture":"#0"}}},{"from":[4.14869,7.23393,13.0628],"to":[11.85131,8.76607,25.39673],"rotation":{"angle":-22.5,"axis":"z","origin":[8,8,19.22977]},"faces":{"north":{"uv":[1,1,2,2],"texture":"#0"},"east":{"uv":[1,1,2,2],"texture":"#0"},"south":{"uv":[1,1,2,2],"texture":"#0"},"west":{"uv":[1,1,2,2],"texture":"#0"},"up":{"uv":[1,1,2,2],"texture":"#0"},"down":{"uv":[1,1,2,2],"texture":"#0"}}},{"from":[7.36633,10.17892,-14.52937],"to":[8.63367,11.18566,2.56755],"rotation":{"angle":0,"axis":"z","origin":[8,8,-5.98091]},"faces":{"north":{"uv":[1,1,2,2],"texture":"#0"},"east":{"uv":[1,1,2,2],"texture":"#0"},"south":{"uv":[1,1,2,2],"texture":"#0"},"west":{"uv":[1,1,2,2],"texture":"#0"},"up":{"uv":[1,1,2,2],"texture":"#0"},"down":{"uv":[1,1,2,2],"texture":"#0"}}},{"from":[7.36633,10.17892,-14.52937],"to":[8.63367,11.18566,2.56755],"rotation":{"angle":22.5,"axis":"z","origin":[8,8,-5.98091]},"faces":{"north":{"uv":[1,1,2,2],"texture":"#0"},"east":{"uv":[1,1,2,2],"texture":"#0"},"south":{"uv":[1,1,2,2],"texture":"#0"},"west":{"uv":[1,1,2,2],"texture":"#0"},"up":{"uv":[1,1,2,2],"texture":"#0"},"down":{"uv":[1,1,2,2],"texture":"#0"}}},{"from":[7.36633,10.17892,-14.52937],"to":[8.63367,11.18566,2.56755],"rotation":{"angle":45,"axis":"z","origin":[8,8,-5.98091]},"faces":{"north":{"uv":[1,1,2,2],"texture":"#0"},"east":{"uv":[1,1,2,2],"texture":"#0"},"south":{"uv":[1,1,2,2],"texture":"#0"},"west":{"uv":[1,1,2,2],"texture":"#0"},"up":{"uv":[1,1,2,2],"texture":"#0"},"down":{"uv":[1,1,2,2],"texture":"#0"}}},{"from":[4.81434,7.36633,-14.52937],"to":[5.82108,8.63367,2.56755],"rotation":{"angle":-22.5,"axis":"z","origin":[8,8,-5.98091]},"faces":{"north":{"uv":[1,1,2,2],"texture":"#0"},"east":{"uv":[1,1,2,2],"texture":"#0"},"south":{"uv":[1,1,2,2],"texture":"#0"},"west":{"uv":[1,1,2,2],"texture":"#0"},"up":{"uv":[1,1,2,2],"texture":"#0"},"down":{"uv":[1,1,2,2],"texture":"#0"}}},{"from":[4.81434,7.36633,-14.52937],"to":[5.82108,8.63367,2.56755],"rotation":{"angle":0,"axis":"z","origin":[8,8,-5.98091]},"faces":{"north":{"uv":[1,1,2,2],"texture":"#0"},"east":{"uv":[1,1,2,2],"texture":"#0"},"south":{"uv":[1,1,2,2],"texture":"#0"},"west":{"uv":[1,1,2,2],"texture":"#0"},"up":{"uv":[1,1,2,2],"texture":"#0"},"down":{"uv":[1,1,2,2],"texture":"#0"}}},{"from":[4.81434,7.36633,-14.52937],"to":[5.82108,8.63367,2.56755],"rotation":{"angle":22.5,"axis":"z","origin":[8,8,-5.98091]},"faces":{"north":{"uv":[1,1,2,2],"texture":"#0"},"east":{"uv":[1,1,2,2],"texture":"#0"},"south":{"uv":[1,1,2,2],"texture":"#0"},"west":{"uv":[1,1,2,2],"texture":"#0"},"up":{"uv":[1,1,2,2],"texture":"#0"},"down":{"uv":[1,1,2,2],"texture":"#0"}}},{"from":[4.81434,7.36633,-14.52937],"to":[5.82108,8.63367,2.56755],"rotation":{"angle":45,"axis":"z","origin":[8,8,-5.98091]},"faces":{"north":{"uv":[1,1,2,2],"texture":"#0"},"east":{"uv":[1,1,2,2],"texture":"#0"},"south":{"uv":[1,1,2,2],"texture":"#0"},"west":{"uv":[1,1,2,2],"texture":"#0"},"up":{"uv":[1,1,2,2],"texture":"#0"},"down":{"uv":[1,1,2,2],"texture":"#0"}}},{"from":[7.36633,4.81434,-14.52937],"to":[8.63367,5.82108,2.56755],"rotation":{"angle":-22.5,"axis":"z","origin":[8,8,-5.98091]},"faces":{"north":{"uv":[1,1,2,2],"texture":"#0"},"east":{"uv":[1,1,2,2],"texture":"#0"},"south":{"uv":[1,1,2,2],"texture":"#0"},"west":{"uv":[1,1,2,2],"texture":"#0"},"up":{"uv":[1,1,2,2],"texture":"#0"},"down":{"uv":[1,1,2,2],"texture":"#0"}}},{"from":[7.36633,4.81434,-14.52937],"to":[8.63367,5.82108,2.56755],"rotation":{"angle":0,"axis":"z","origin":[8,8,-5.98091]},"faces":{"north":{"uv":[1,1,2,2],"texture":"#0"},"east":{"uv":[1,1,2,2],"texture":"#0"},"south":{"uv":[1,1,2,2],"texture":"#0"},"west":{"uv":[1,1,2,2],"texture":"#0"},"up":{"uv":[1,1,2,2],"texture":"#0"},"down":{"uv":[1,1,2,2],"texture":"#0"}}},{"from":[7.36633,4.81434,-14.52937],"to":[8.63367,5.82108,2.56755],"rotation":{"angle":22.5,"axis":"z","origin":[8,8,-5.98091]},"faces":{"north":{"uv":[1,1,2,2],"texture":"#0"},"east":{"uv":[1,1,2,2],"texture":"#0"},"south":{"uv":[1,1,2,2],"texture":"#0"},"west":{"uv":[1,1,2,2],"texture":"#0"},"up":{"uv":[1,1,2,2],"texture":"#0"},"down":{"uv":[1,1,2,2],"texture":"#0"}}},{"from":[10.17892,7.36633,-14.52937],"to":[11.18566,8.63367,2.56755],"rotation":{"angle":-45,"axis":"z","origin":[8,8,-5.98091]},"faces":{"north":{"uv":[1,1,2,2],"texture":"#0"},"east":{"uv":[1,1,2,2],"texture":"#0"},"south":{"uv":[1,1,2,2],"texture":"#0"},"west":{"uv":[1,1,2,2],"texture":"#0"},"up":{"uv":[1,1,2,2],"texture":"#0"},"down":{"uv":[1,1,2,2],"texture":"#0"}}},{"from":[10.17892,7.36633,-14.52937],"to":[11.18566,8.63367,2.56755],"rotation":{"angle":-22.5,"axis":"z","origin":[8,8,-5.98091]},"faces":{"north":{"uv":[1,1,2,2],"texture":"#0"},"east":{"uv":[1,1,2,2],"texture":"#0"},"south":{"uv":[1,1,2,2],"texture":"#0"},"west":{"uv":[1,1,2,2],"texture":"#0"},"up":{"uv":[1,1,2,2],"texture":"#0"},"down":{"uv":[1,1,2,2],"texture":"#0"}}},{"from":[10.17892,7.36633,-14.52937],"to":[11.18566,8.63367,2.56755],"rotation":{"angle":0,"axis":"z","origin":[8,8,-5.98091]},"faces":{"north":{"uv":[1,1,2,2],"texture":"#0"},"east":{"uv":[1,1,2,2],"texture":"#0"},"south":{"uv":[1,1,2,2],"texture":"#0"},"west":{"uv":[1,1,2,2],"texture":"#0"},"up":{"uv":[1,1,2,2],"texture":"#0"},"down":{"uv":[1,1,2,2],"texture":"#0"}}},{"from":[10.17892,7.36633,-14.52937],"to":[11.18566,8.63367,2.56755],"rotation":{"angle":22.5,"axis":"z","origin":[8,8,-5.98091]},"faces":{"north":{"uv":[1,1,2,2],"texture":"#0"},"east":{"uv":[1,1,2,2],"texture":"#0"},"south":{"uv":[1,1,2,2],"texture":"#0"},"west":{"uv":[1,1,2,2],"texture":"#0"},"up":{"uv":[1,1,2,2],"texture":"#0"},"down":{"uv":[1,1,2,2],"texture":"#0"}}},{"from":[7.36633,10.17892,-14.52937],"to":[8.63367,11.18566,2.56755],"rotation":{"angle":-45,"axis":"z","origin":[8,8,-5.98091]},"faces":{"north":{"uv":[1,1,2,2],"texture":"#0"},"east":{"uv":[1,1,2,2],"texture":"#0"},"south":{"uv":[1,1,2,2],"texture":"#0"},"west":{"uv":[1,1,2,2],"texture":"#0"},"up":{"uv":[1,1,2,2],"texture":"#0"},"down":{"uv":[1,1,2,2],"texture":"#0"}}},{"from":[7.36633,10.17892,-14.52937],"to":[8.63367,11.18566,2.56755],"rotation":{"angle":-22.5,"axis":"z","origin":[8,8,-5.98091]},"faces":{"north":{"uv":[1,1,2,2],"texture":"#0"},"east":{"uv":[1,1,2,2],"texture":"#0"},"south":{"uv":[1,1,2,2],"texture":"#0"},"west":{"uv":[1,1,2,2],"texture":"#0"},"up":{"uv":[1,1,2,2],"texture":"#0"},"down":{"uv":[1,1,2,2],"texture":"#0"}}},{"from":[3.59986,7.12476,23.8116],"to":[12.40014,8.87524,26.89474],"rotation":{"angle":0,"axis":"z","origin":[8,8,25.35317]},"faces":{"north":{"uv":[1,1,2,2],"texture":"#0"},"east":{"uv":[1,1,2,2],"texture":"#0"},"south":{"uv":[1,1,2,2],"texture":"#0"},"west":{"uv":[1,1,2,2],"texture":"#0"},"up":{"uv":[1,1,2,2],"texture":"#0"},"down":{"uv":[1,1,2,2],"texture":"#0"}}},{"from":[3.59986,7.12476,23.8116],"to":[12.40014,8.87524,26.89474],"rotation":{"angle":45,"axis":"z","origin":[8,8,25.35317]},"faces":{"north":{"uv":[1,1,2,2],"texture":"#0"},"east":{"uv":[1,1,2,2],"texture":"#0"},"south":{"uv":[1,1,2,2],"texture":"#0"},"west":{"uv":[1,1,2,2],"texture":"#0"},"up":{"uv":[1,1,2,2],"texture":"#0"},"down":{"uv":[1,1,2,2],"texture":"#0"}}},{"from":[7.12476,3.59986,23.8116],"to":[8.87524,12.40014,26.89474],"rotation":{"angle":22.5,"axis":"z","origin":[8,8,25.35317]},"faces":{"north":{"uv":[1,1,2,2],"texture":"#0"},"east":{"uv":[1,1,2,2],"texture":"#0"},"south":{"uv":[1,1,2,2],"texture":"#0"},"west":{"uv":[1,1,2,2],"texture":"#0"},"up":{"uv":[1,1,2,2],"texture":"#0"},"down":{"uv":[1,1,2,2],"texture":"#0"}}},{"from":[7.12476,3.59986,23.8116],"to":[8.87524,12.40014,26.89474],"rotation":{"angle":45,"axis":"z","origin":[8,8,25.35317]},"faces":{"north":{"uv":[1,1,2,2],"texture":"#0"},"east":{"uv":[1,1,2,2],"texture":"#0"},"south":{"uv":[1,1,2,2],"texture":"#0"},"west":{"uv":[1,1,2,2],"texture":"#0"},"up":{"uv":[1,1,2,2],"texture":"#0"},"down":{"uv":[1,1,2,2],"texture":"#0"}}},{"from":[3.59986,7.12476,23.8116],"to":[12.40014,8.87524,26.89474],"rotation":{"angle":22.5,"axis":"z","origin":[8,8,25.35317]},"faces":{"north":{"uv":[1,1,2,2],"texture":"#0"},"east":{"uv":[1,1,2,2],"texture":"#0"},"south":{"uv":[1,1,2,2],"texture":"#0"},"west":{"uv":[1,1,2,2],"texture":"#0"},"up":{"uv":[1,1,2,2],"texture":"#0"},"down":{"uv":[1,1,2,2],"texture":"#0"}}},{"from":[7.12476,3.59986,23.8116],"to":[8.87524,12.40014,26.89474],"rotation":{"angle":-22.5,"axis":"z","origin":[8,8,25.35317]},"faces":{"north":{"uv":[1,1,2,2],"texture":"#0"},"east":{"uv":[1,1,2,2],"texture":"#0"},"south":{"uv":[1,1,2,2],"texture":"#0"},"west":{"uv":[1,1,2,2],"texture":"#0"},"up":{"uv":[1,1,2,2],"texture":"#0"},"down":{"uv":[1,1,2,2],"texture":"#0"}}},{"from":[7.12476,3.59986,23.8116],"to":[8.87524,12.40014,26.89474],"rotation":{"angle":0,"axis":"z","origin":[8,8,25.35317]},"faces":{"north":{"uv":[1,1,2,2],"texture":"#0"},"east":{"uv":[1,1,2,2],"texture":"#0"},"south":{"uv":[1,1,2,2],"texture":"#0"},"west":{"uv":[1,1,2,2],"texture":"#0"},"up":{"uv":[1,1,2,2],"texture":"#0"},"down":{"uv":[1,1,2,2],"texture":"#0"}}},{"from":[3.59986,7.12476,23.8116],"to":[12.40014,8.87524,26.89474],"rotation":{"angle":-22.5,"axis":"z","origin":[8,8,25.35317]},"faces":{"north":{"uv":[1,1,2,2],"texture":"#0"},"east":{"uv":[1,1,2,2],"texture":"#0"},"south":{"uv":[1,1,2,2],"texture":"#0"},"west":{"uv":[1,1,2,2],"texture":"#0"},"up":{"uv":[1,1,2,2],"texture":"#0"},"down":{"uv":[1,1,2,2],"texture":"#0"}}},{"from":[4.36308,7.27657,26.36054],"to":[11.63692,8.72343,27.99807],"rotation":{"angle":0,"axis":"z","origin":[8,8,27.17931]},"faces":{"north":{"uv":[1,1,2,2],"texture":"#0"},"east":{"uv":[1,1,2,2],"texture":"#0"},"south":{"uv":[1,1,2,2],"texture":"#0"},"west":{"uv":[1,1,2,2],"texture":"#0"},"up":{"uv":[1,1,2,2],"texture":"#0"},"down":{"uv":[1,1,2,2],"texture":"#0"}}},{"from":[4.36308,7.27657,26.36054],"to":[11.63692,8.72343,27.99807],"rotation":{"angle":45,"axis":"z","origin":[8,8,27.17931]},"faces":{"north":{"uv":[1,1,2,2],"texture":"#0"},"east":{"uv":[1,1,2,2],"texture":"#0"},"south":{"uv":[1,1,2,2],"texture":"#0"},"west":{"uv":[1,1,2,2],"texture":"#0"},"up":{"uv":[1,1,2,2],"texture":"#0"},"down":{"uv":[1,1,2,2],"texture":"#0"}}},{"from":[4.36308,7.27657,26.36054],"to":[11.63692,8.72343,27.99807],"rotation":{"angle":-22.5,"axis":"z","origin":[8,8,27.17931]},"faces":{"north":{"uv":[1,1,2,2],"texture":"#0"},"east":{"uv":[1,1,2,2],"texture":"#0"},"south":{"uv":[1,1,2,2],"texture":"#0"},"west":{"uv":[1,1,2,2],"texture":"#0"},"up":{"uv":[1,1,2,2],"texture":"#0"},"down":{"uv":[1,1,2,2],"texture":"#0"}}},{"from":[4.36308,7.27657,26.36054],"to":[11.63692,8.72343,27.99807],"rotation":{"angle":22.5,"axis":"z","origin":[8,8,27.17931]},"faces":{"north":{"uv":[1,1,2,2],"texture":"#0"},"east":{"uv":[1,1,2,2],"texture":"#0"},"south":{"uv":[1,1,2,2],"texture":"#0"},"west":{"uv":[1,1,2,2],"texture":"#0"},"up":{"uv":[1,1,2,2],"texture":"#0"},"down":{"uv":[1,1,2,2],"texture":"#0"}}},{"from":[7.27657,4.36308,26.36054],"to":[8.72343,11.63692,27.99807],"rotation":{"angle":-22.5,"axis":"z","origin":[8,8,27.17931]},"faces":{"north":{"uv":[1,1,2,2],"texture":"#0"},"east":{"uv":[1,1,2,2],"texture":"#0"},"south":{"uv":[1,1,2,2],"texture":"#0"},"west":{"uv":[1,1,2,2],"texture":"#0"},"up":{"uv":[1,1,2,2],"texture":"#0"},"down":{"uv":[1,1,2,2],"texture":"#0"}}},{"from":[7.27657,4.36308,26.36054],"to":[8.72343,11.63692,27.99807],"rotation":{"angle":0,"axis":"z","origin":[8,8,27.17931]},"faces":{"north":{"uv":[1,1,2,2],"texture":"#0"},"east":{"uv":[1,1,2,2],"texture":"#0"},"south":{"uv":[1,1,2,2],"texture":"#0"},"west":{"uv":[1,1,2,2],"texture":"#0"},"up":{"uv":[1,1,2,2],"texture":"#0"},"down":{"uv":[1,1,2,2],"texture":"#0"}}},{"from":[7.27657,4.36308,26.36054],"to":[8.72343,11.63692,27.99807],"rotation":{"angle":22.5,"axis":"z","origin":[8,8,27.17931]},"faces":{"north":{"uv":[1,1,2,2],"texture":"#0"},"east":{"uv":[1,1,2,2],"texture":"#0"},"south":{"uv":[1,1,2,2],"texture":"#0"},"west":{"uv":[1,1,2,2],"texture":"#0"},"up":{"uv":[1,1,2,2],"texture":"#0"},"down":{"uv":[1,1,2,2],"texture":"#0"}}},{"from":[4.36308,7.27657,26.36054],"to":[11.63692,8.72343,27.99807],"rotation":{"angle":-45,"axis":"z","origin":[8,8,27.17931]},"faces":{"north":{"uv":[1,1,2,2],"texture":"#0"},"east":{"uv":[1,1,2,2],"texture":"#0"},"south":{"uv":[1,1,2,2],"texture":"#0"},"west":{"uv":[1,1,2,2],"texture":"#0"},"up":{"uv":[1,1,2,2],"texture":"#0"},"down":{"uv":[1,1,2,2],"texture":"#0"}}},{"from":[5.12046,7.42722,27.36164],"to":[10.87954,8.57278,29.15515],"rotation":{"angle":0,"axis":"z","origin":[8,8,28.2584]},"faces":{"north":{"uv":[1,1,2,2],"texture":"#0"},"east":{"uv":[1,1,2,2],"texture":"#0"},"south":{"uv":[1,1,2,2],"texture":"#0"},"west":{"uv":[1,1,2,2],"texture":"#0"},"up":{"uv":[1,1,2,2],"texture":"#0"},"down":{"uv":[1,1,2,2],"texture":"#0"}}},{"from":[5.12046,7.42722,27.36164],"to":[10.87954,8.57277,29.15515],"rotation":{"angle":22.5,"axis":"z","origin":[8,8,28.2584]},"faces":{"north":{"uv":[1,1,2,2],"texture":"#0"},"east":{"uv":[1,1,2,2],"texture":"#0"},"south":{"uv":[1,1,2,2],"texture":"#0"},"west":{"uv":[1,1,2,2],"texture":"#0"},"up":{"uv":[1,1,2,2],"texture":"#0"},"down":{"uv":[1,1,2,2],"texture":"#0"}}},{"from":[7.42722,5.12047,27.36164],"to":[8.57278,10.87953,29.15515],"rotation":{"angle":45,"axis":"z","origin":[8,8,28.2584]},"faces":{"north":{"uv":[1,1,2,2],"texture":"#0"},"east":{"uv":[1,1,2,2],"texture":"#0"},"south":{"uv":[1,1,2,2],"texture":"#0"},"west":{"uv":[1,1,2,2],"texture":"#0"},"up":{"uv":[1,1,2,2],"texture":"#0"},"down":{"uv":[1,1,2,2],"texture":"#0"}}},{"from":[7.42722,5.12047,27.36164],"to":[8.57278,10.87953,29.15515],"rotation":{"angle":-45,"axis":"z","origin":[8,8,28.2584]},"faces":{"north":{"uv":[1,1,2,2],"texture":"#0"},"east":{"uv":[1,1,2,2],"texture":"#0"},"south":{"uv":[1,1,2,2],"texture":"#0"},"west":{"uv":[1,1,2,2],"texture":"#0"},"up":{"uv":[1,1,2,2],"texture":"#0"},"down":{"uv":[1,1,2,2],"texture":"#0"}}},{"from":[7.42722,5.12046,27.36164],"to":[8.57278,10.87953,29.15515],"rotation":{"angle":-22.5,"axis":"z","origin":[8,8,28.2584]},"faces":{"north":{"uv":[1,1,2,2],"texture":"#0"},"east":{"uv":[1,1,2,2],"texture":"#0"},"south":{"uv":[1,1,2,2],"texture":"#0"},"west":{"uv":[1,1,2,2],"texture":"#0"},"up":{"uv":[1,1,2,2],"texture":"#0"},"down":{"uv":[1,1,2,2],"texture":"#0"}}},{"from":[7.42722,5.12046,27.36164],"to":[8.57278,10.87954,29.15515],"rotation":{"angle":0,"axis":"z","origin":[8,8,28.2584]},"faces":{"north":{"uv":[1,1,2,2],"texture":"#0"},"east":{"uv":[1,1,2,2],"texture":"#0"},"south":{"uv":[1,1,2,2],"texture":"#0"},"west":{"uv":[1,1,2,2],"texture":"#0"},"up":{"uv":[1,1,2,2],"texture":"#0"},"down":{"uv":[1,1,2,2],"texture":"#0"}}},{"from":[7.42722,5.12046,27.36164],"to":[8.57278,10.87954,29.15515],"rotation":{"angle":22.5,"axis":"z","origin":[8,8,28.2584]},"faces":{"north":{"uv":[1,1,2,2],"texture":"#0"},"east":{"uv":[1,1,2,2],"texture":"#0"},"south":{"uv":[1,1,2,2],"texture":"#0"},"west":{"uv":[1,1,2,2],"texture":"#0"},"up":{"uv":[1,1,2,2],"texture":"#0"},"down":{"uv":[1,1,2,2],"texture":"#0"}}},{"from":[5.12046,7.42722,27.36164],"to":[10.87954,8.57277,29.15515],"rotation":{"angle":-22.5,"axis":"z","origin":[8,8,28.2584]},"faces":{"north":{"uv":[1,1,2,2],"texture":"#0"},"east":{"uv":[1,1,2,2],"texture":"#0"},"south":{"uv":[1,1,2,2],"texture":"#0"},"west":{"uv":[1,1,2,2],"texture":"#0"},"up":{"uv":[1,1,2,2],"texture":"#0"},"down":{"uv":[1,1,2,2],"texture":"#0"}}},{"from":[7.25385,10.1405,-5.97277],"to":[8.74615,11.75113,-4.62296],"rotation":{"angle":0,"axis":"z","origin":[8,8,-5.29786]},"faces":{"north":{"uv":[1,1,2,2],"texture":"#0"},"east":{"uv":[1,1,2,2],"texture":"#0"},"south":{"uv":[1,1,2,2],"texture":"#0"},"west":{"uv":[1,1,2,2],"texture":"#0"},"up":{"uv":[1,1,2,2],"texture":"#0"},"down":{"uv":[1,1,2,2],"texture":"#0"}}},{"from":[7.25385,10.1405,-5.97277],"to":[8.74615,11.75113,-4.62296],"rotation":{"angle":22.5,"axis":"z","origin":[8,8,-5.29786]},"faces":{"north":{"uv":[1,1,2,2],"texture":"#0"},"east":{"uv":[1,1,2,2],"texture":"#0"},"south":{"uv":[1,1,2,2],"texture":"#0"},"west":{"uv":[1,1,2,2],"texture":"#0"},"up":{"uv":[1,1,2,2],"texture":"#0"},"down":{"uv":[1,1,2,2],"texture":"#0"}}},{"from":[7.25385,10.1405,-5.97277],"to":[8.74615,11.75113,-4.62296],"rotation":{"angle":45,"axis":"z","origin":[8,8,-5.29786]},"faces":{"north":{"uv":[1,1,2,2],"texture":"#0"},"east":{"uv":[1,1,2,2],"texture":"#0"},"south":{"uv":[1,1,2,2],"texture":"#0"},"west":{"uv":[1,1,2,2],"texture":"#0"},"up":{"uv":[1,1,2,2],"texture":"#0"},"down":{"uv":[1,1,2,2],"texture":"#0"}}},{"from":[4.24887,7.25385,-5.97277],"to":[5.8595,8.74615,-4.62296],"rotation":{"angle":-22.5,"axis":"z","origin":[8,8,-5.29786]},"faces":{"north":{"uv":[1,1,2,2],"texture":"#0"},"east":{"uv":[1,1,2,2],"texture":"#0"},"south":{"uv":[1,1,2,2],"texture":"#0"},"west":{"uv":[1,1,2,2],"texture":"#0"},"up":{"uv":[1,1,2,2],"texture":"#0"},"down":{"uv":[1,1,2,2],"texture":"#0"}}},{"from":[4.24887,7.25385,-5.97277],"to":[5.8595,8.74615,-4.62296],"rotation":{"angle":0,"axis":"z","origin":[8,8,-5.29786]},"faces":{"north":{"uv":[1,1,2,2],"texture":"#0"},"east":{"uv":[1,1,2,2],"texture":"#0"},"south":{"uv":[1,1,2,2],"texture":"#0"},"west":{"uv":[1,1,2,2],"texture":"#0"},"up":{"uv":[1,1,2,2],"texture":"#0"},"down":{"uv":[1,1,2,2],"texture":"#0"}}},{"from":[4.24887,7.25385,-5.97277],"to":[5.8595,8.74615,-4.62296],"rotation":{"angle":22.5,"axis":"z","origin":[8,8,-5.29786]},"faces":{"north":{"uv":[1,1,2,2],"texture":"#0"},"east":{"uv":[1,1,2,2],"texture":"#0"},"south":{"uv":[1,1,2,2],"texture":"#0"},"west":{"uv":[1,1,2,2],"texture":"#0"},"up":{"uv":[1,1,2,2],"texture":"#0"},"down":{"uv":[1,1,2,2],"texture":"#0"}}},{"from":[4.24887,7.25385,-5.97277],"to":[5.8595,8.74615,-4.62296],"rotation":{"angle":45,"axis":"z","origin":[8,8,-5.29786]},"faces":{"north":{"uv":[1,1,2,2],"texture":"#0"},"east":{"uv":[1,1,2,2],"texture":"#0"},"south":{"uv":[1,1,2,2],"texture":"#0"},"west":{"uv":[1,1,2,2],"texture":"#0"},"up":{"uv":[1,1,2,2],"texture":"#0"},"down":{"uv":[1,1,2,2],"texture":"#0"}}},{"from":[7.25385,4.24887,-5.97277],"to":[8.74615,5.8595,-4.62296],"rotation":{"angle":-22.5,"axis":"z","origin":[8,8,-5.29786]},"faces":{"north":{"uv":[1,1,2,2],"texture":"#0"},"east":{"uv":[1,1,2,2],"texture":"#0"},"south":{"uv":[1,1,2,2],"texture":"#0"},"west":{"uv":[1,1,2,2],"texture":"#0"},"up":{"uv":[1,1,2,2],"texture":"#0"},"down":{"uv":[1,1,2,2],"texture":"#0"}}},{"from":[7.25385,4.24887,-5.97277],"to":[8.74615,5.8595,-4.62296],"rotation":{"angle":0,"axis":"z","origin":[8,8,-5.29786]},"faces":{"north":{"uv":[1,1,2,2],"texture":"#0"},"east":{"uv":[1,1,2,2],"texture":"#0"},"south":{"uv":[1,1,2,2],"texture":"#0"},"west":{"uv":[1,1,2,2],"texture":"#0"},"up":{"uv":[1,1,2,2],"texture":"#0"},"down":{"uv":[1,1,2,2],"texture":"#0"}}},{"from":[7.25385,4.24887,-5.97277],"to":[8.74615,5.8595,-4.62296],"rotation":{"angle":22.5,"axis":"z","origin":[8,8,-5.29786]},"faces":{"north":{"uv":[1,1,2,2],"texture":"#0"},"east":{"uv":[1,1,2,2],"texture":"#0"},"south":{"uv":[1,1,2,2],"texture":"#0"},"west":{"uv":[1,1,2,2],"texture":"#0"},"up":{"uv":[1,1,2,2],"texture":"#0"},"down":{"uv":[1,1,2,2],"texture":"#0"}}},{"from":[10.1405,7.25385,-5.97277],"to":[11.75113,8.74615,-4.62296],"rotation":{"angle":-45,"axis":"z","origin":[8,8,-5.29786]},"faces":{"north":{"uv":[1,1,2,2],"texture":"#0"},"east":{"uv":[1,1,2,2],"texture":"#0"},"south":{"uv":[1,1,2,2],"texture":"#0"},"west":{"uv":[1,1,2,2],"texture":"#0"},"up":{"uv":[1,1,2,2],"texture":"#0"},"down":{"uv":[1,1,2,2],"texture":"#0"}}},{"from":[10.14049,7.25385,-5.97277],"to":[11.75113,8.74615,-4.62296],"rotation":{"angle":-22.5,"axis":"z","origin":[8,8,-5.29786]},"faces":{"north":{"uv":[1,1,2,2],"texture":"#0"},"east":{"uv":[1,1,2,2],"texture":"#0"},"south":{"uv":[1,1,2,2],"texture":"#0"},"west":{"uv":[1,1,2,2],"texture":"#0"},"up":{"uv":[1,1,2,2],"texture":"#0"},"down":{"uv":[1,1,2,2],"texture":"#0"}}},{"from":[10.1405,7.25385,-5.97277],"to":[11.75113,8.74615,-4.62296],"rotation":{"angle":0,"axis":"z","origin":[8,8,-5.29786]},"faces":{"north":{"uv":[1,1,2,2],"texture":"#0"},"east":{"uv":[1,1,2,2],"texture":"#0"},"south":{"uv":[1,1,2,2],"texture":"#0"},"west":{"uv":[1,1,2,2],"texture":"#0"},"up":{"uv":[1,1,2,2],"texture":"#0"},"down":{"uv":[1,1,2,2],"texture":"#0"}}},{"from":[10.14049,7.25385,-5.97277],"to":[11.75113,8.74615,-4.62296],"rotation":{"angle":22.5,"axis":"z","origin":[8,8,-5.29786]},"faces":{"north":{"uv":[1,1,2,2],"texture":"#0"},"east":{"uv":[1,1,2,2],"texture":"#0"},"south":{"uv":[1,1,2,2],"texture":"#0"},"west":{"uv":[1,1,2,2],"texture":"#0"},"up":{"uv":[1,1,2,2],"texture":"#0"},"down":{"uv":[1,1,2,2],"texture":"#0"}}},{"from":[7.25385,10.1405,-5.97277],"to":[8.74615,11.75113,-4.62296],"rotation":{"angle":-45,"axis":"z","origin":[8,8,-5.29786]},"faces":{"north":{"uv":[1,1,2,2],"texture":"#0"},"east":{"uv":[1,1,2,2],"texture":"#0"},"south":{"uv":[1,1,2,2],"texture":"#0"},"west":{"uv":[1,1,2,2],"texture":"#0"},"up":{"uv":[1,1,2,2],"texture":"#0"},"down":{"uv":[1,1,2,2],"texture":"#0"}}},{"from":[7.25385,10.1405,-5.97277],"to":[8.74615,11.75113,-4.62296],"rotation":{"angle":-22.5,"axis":"z","origin":[8,8,-5.29786]},"faces":{"north":{"uv":[1,1,2,2],"texture":"#0"},"east":{"uv":[1,1,2,2],"texture":"#0"},"south":{"uv":[1,1,2,2],"texture":"#0"},"west":{"uv":[1,1,2,2],"texture":"#0"},"up":{"uv":[1,1,2,2],"texture":"#0"},"down":{"uv":[1,1,2,2],"texture":"#0"}}},{"from":[7.26018,9.87732,-15.50714],"to":[8.73982,11.71933,-13.58248],"rotation":{"angle":0,"axis":"z","origin":[8,8,-14.54481]},"faces":{"north":{"uv":[1,1,2,2],"texture":"#0"},"east":{"uv":[1,1,2,2],"texture":"#0"},"south":{"uv":[1,1,2,2],"texture":"#0"},"west":{"uv":[1,1,2,2],"texture":"#0"},"up":{"uv":[1,1,2,2],"texture":"#0"},"down":{"uv":[1,1,2,2],"texture":"#0"}}},{"from":[7.26018,9.87732,-15.50714],"to":[8.73982,11.71933,-13.58248],"rotation":{"angle":22.5,"axis":"z","origin":[8,8,-14.54481]},"faces":{"north":{"uv":[1,1,2,2],"texture":"#0"},"east":{"uv":[1,1,2,2],"texture":"#0"},"south":{"uv":[1,1,2,2],"texture":"#0"},"west":{"uv":[1,1,2,2],"texture":"#0"},"up":{"uv":[1,1,2,2],"texture":"#0"},"down":{"uv":[1,1,2,2],"texture":"#0"}}},{"from":[7.26018,9.87732,-15.50714],"to":[8.73982,11.71933,-13.58248],"rotation":{"angle":45,"axis":"z","origin":[8,8,-14.54481]},"faces":{"north":{"uv":[1,1,2,2],"texture":"#0"},"east":{"uv":[1,1,2,2],"texture":"#0"},"south":{"uv":[1,1,2,2],"texture":"#0"},"west":{"uv":[1,1,2,2],"texture":"#0"},"up":{"uv":[1,1,2,2],"texture":"#0"},"down":{"uv":[1,1,2,2],"texture":"#0"}}},{"from":[4.28067,7.26018,-15.50714],"to":[6.12268,8.73982,-13.58248],"rotation":{"angle":-22.5,"axis":"z","origin":[8,8,-14.54481]},"faces":{"north":{"uv":[1,1,2,2],"texture":"#0"},"east":{"uv":[1,1,2,2],"texture":"#0"},"south":{"uv":[1,1,2,2],"texture":"#0"},"west":{"uv":[1,1,2,2],"texture":"#0"},"up":{"uv":[1,1,2,2],"texture":"#0"},"down":{"uv":[1,1,2,2],"texture":"#0"}}},{"from":[4.28067,7.26018,-15.50714],"to":[6.12268,8.73982,-13.58248],"rotation":{"angle":0,"axis":"z","origin":[8,8,-14.54481]},"faces":{"north":{"uv":[1,1,2,2],"texture":"#0"},"east":{"uv":[1,1,2,2],"texture":"#0"},"south":{"uv":[1,1,2,2],"texture":"#0"},"west":{"uv":[1,1,2,2],"texture":"#0"},"up":{"uv":[1,1,2,2],"texture":"#0"},"down":{"uv":[1,1,2,2],"texture":"#0"}}},{"from":[4.28067,7.26018,-15.50714],"to":[6.12268,8.73982,-13.58248],"rotation":{"angle":22.5,"axis":"z","origin":[8,8,-14.54481]},"faces":{"north":{"uv":[1,1,2,2],"texture":"#0"},"east":{"uv":[1,1,2,2],"texture":"#0"},"south":{"uv":[1,1,2,2],"texture":"#0"},"west":{"uv":[1,1,2,2],"texture":"#0"},"up":{"uv":[1,1,2,2],"texture":"#0"},"down":{"uv":[1,1,2,2],"texture":"#0"}}},{"from":[4.28067,7.26018,-15.50714],"to":[6.12268,8.73982,-13.58248],"rotation":{"angle":45,"axis":"z","origin":[8,8,-14.54481]},"faces":{"north":{"uv":[1,1,2,2],"texture":"#0"},"east":{"uv":[1,1,2,2],"texture":"#0"},"south":{"uv":[1,1,2,2],"texture":"#0"},"west":{"uv":[1,1,2,2],"texture":"#0"},"up":{"uv":[1,1,2,2],"texture":"#0"},"down":{"uv":[1,1,2,2],"texture":"#0"}}},{"from":[7.26018,4.28067,-15.50714],"to":[8.73982,6.12268,-13.58248],"rotation":{"angle":-22.5,"axis":"z","origin":[8,8,-14.54481]},"faces":{"north":{"uv":[1,1,2,2],"texture":"#0"},"east":{"uv":[1,1,2,2],"texture":"#0"},"south":{"uv":[1,1,2,2],"texture":"#0"},"west":{"uv":[1,1,2,2],"texture":"#0"},"up":{"uv":[1,1,2,2],"texture":"#0"},"down":{"uv":[1,1,2,2],"texture":"#0"}}},{"from":[7.26018,4.28067,-15.50714],"to":[8.73982,6.12268,-13.58248],"rotation":{"angle":0,"axis":"z","origin":[8,8,-14.54481]},"faces":{"north":{"uv":[1,1,2,2],"texture":"#0"},"east":{"uv":[1,1,2,2],"texture":"#0"},"south":{"uv":[1,1,2,2],"texture":"#0"},"west":{"uv":[1,1,2,2],"texture":"#0"},"up":{"uv":[1,1,2,2],"texture":"#0"},"down":{"uv":[1,1,2,2],"texture":"#0"}}},{"from":[7.26018,4.28067,-15.50714],"to":[8.73982,6.12268,-13.58248],"rotation":{"angle":22.5,"axis":"z","origin":[8,8,-14.54481]},"faces":{"north":{"uv":[1,1,2,2],"texture":"#0"},"east":{"uv":[1,1,2,2],"texture":"#0"},"south":{"uv":[1,1,2,2],"texture":"#0"},"west":{"uv":[1,1,2,2],"texture":"#0"},"up":{"uv":[1,1,2,2],"texture":"#0"},"down":{"uv":[1,1,2,2],"texture":"#0"}}},{"from":[9.87731,7.26018,-15.50714],"to":[11.71932,8.73982,-13.58248],"rotation":{"angle":-45,"axis":"z","origin":[8,8,-14.54481]},"faces":{"north":{"uv":[1,1,2,2],"texture":"#0"},"east":{"uv":[1,1,2,2],"texture":"#0"},"south":{"uv":[1,1,2,2],"texture":"#0"},"west":{"uv":[1,1,2,2],"texture":"#0"},"up":{"uv":[1,1,2,2],"texture":"#0"},"down":{"uv":[1,1,2,2],"texture":"#0"}}},{"from":[9.87732,7.26018,-15.50714],"to":[11.71933,8.73982,-13.58248],"rotation":{"angle":-22.5,"axis":"z","origin":[8,8,-14.54481]},"faces":{"north":{"uv":[1,1,2,2],"texture":"#0"},"east":{"uv":[1,1,2,2],"texture":"#0"},"south":{"uv":[1,1,2,2],"texture":"#0"},"west":{"uv":[1,1,2,2],"texture":"#0"},"up":{"uv":[1,1,2,2],"texture":"#0"},"down":{"uv":[1,1,2,2],"texture":"#0"}}},{"from":[9.87731,7.26018,-15.50714],"to":[11.71933,8.73982,-13.58248],"rotation":{"angle":0,"axis":"z","origin":[8,8,-14.54481]},"faces":{"north":{"uv":[1,1,2,2],"texture":"#0"},"east":{"uv":[1,1,2,2],"texture":"#0"},"south":{"uv":[1,1,2,2],"texture":"#0"},"west":{"uv":[1,1,2,2],"texture":"#0"},"up":{"uv":[1,1,2,2],"texture":"#0"},"down":{"uv":[1,1,2,2],"texture":"#0"}}},{"from":[9.87731,7.26018,-15.50714],"to":[11.71933,8.73982,-13.58248],"rotation":{"angle":22.5,"axis":"z","origin":[8,8,-14.54481]},"faces":{"north":{"uv":[1,1,2,2],"texture":"#0"},"east":{"uv":[1,1,2,2],"texture":"#0"},"south":{"uv":[1,1,2,2],"texture":"#0"},"west":{"uv":[1,1,2,2],"texture":"#0"},"up":{"uv":[1,1,2,2],"texture":"#0"},"down":{"uv":[1,1,2,2],"texture":"#0"}}},{"from":[7.26018,9.87732,-15.50714],"to":[8.73982,11.71933,-13.58248],"rotation":{"angle":-45,"axis":"z","origin":[8,8,-14.54481]},"faces":{"north":{"uv":[1,1,2,2],"texture":"#0"},"east":{"uv":[1,1,2,2],"texture":"#0"},"south":{"uv":[1,1,2,2],"texture":"#0"},"west":{"uv":[1,1,2,2],"texture":"#0"},"up":{"uv":[1,1,2,2],"texture":"#0"},"down":{"uv":[1,1,2,2],"texture":"#0"}}},{"from":[7.26018,9.87732,-15.50714],"to":[8.73982,11.71933,-13.58248],"rotation":{"angle":-22.5,"axis":"z","origin":[8,8,-14.54481]},"faces":{"north":{"uv":[1,1,2,2],"texture":"#0"},"east":{"uv":[1,1,2,2],"texture":"#0"},"south":{"uv":[1,1,2,2],"texture":"#0"},"west":{"uv":[1,1,2,2],"texture":"#0"},"up":{"uv":[1,1,2,2],"texture":"#0"},"down":{"uv":[1,1,2,2],"texture":"#0"}}},{"from":[7.3387,10.30358,-16],"to":[8.66129,11.32455,-14.62804],"rotation":{"angle":0,"axis":"z","origin":[8,8,-15.31402]},"faces":{"north":{"uv":[1,1,2,2],"texture":"#0"},"east":{"uv":[1,1,2,2],"texture":"#0"},"south":{"uv":[1,1,2,2],"texture":"#0"},"west":{"uv":[1,1,2,2],"texture":"#0"},"up":{"uv":[1,1,2,2],"texture":"#0"},"down":{"uv":[1,1,2,2],"texture":"#0"}}},{"from":[7.3387,10.30358,-16],"to":[8.66129,11.32455,-14.62804],"rotation":{"angle":22.5,"axis":"z","origin":[8,8,-15.31402]},"faces":{"north":{"uv":[1,1,2,2],"texture":"#0"},"east":{"uv":[1,1,2,2],"texture":"#0"},"south":{"uv":[1,1,2,2],"texture":"#0"},"west":{"uv":[1,1,2,2],"texture":"#0"},"up":{"uv":[1,1,2,2],"texture":"#0"},"down":{"uv":[1,1,2,2],"texture":"#0"}}},{"from":[7.3387,10.30358,-16],"to":[8.66129,11.32455,-14.62804],"rotation":{"angle":45,"axis":"z","origin":[8,8,-15.31402]},"faces":{"north":{"uv":[1,1,2,2],"texture":"#0"},"east":{"uv":[1,1,2,2],"texture":"#0"},"south":{"uv":[1,1,2,2],"texture":"#0"},"west":{"uv":[1,1,2,2],"texture":"#0"},"up":{"uv":[1,1,2,2],"texture":"#0"},"down":{"uv":[1,1,2,2],"texture":"#0"}}},{"from":[4.67545,7.33871,-16],"to":[5.69642,8.66129,-14.62804],"rotation":{"angle":-22.5,"axis":"z","origin":[8,8,-15.31402]},"faces":{"north":{"uv":[1,1,2,2],"texture":"#0"},"east":{"uv":[1,1,2,2],"texture":"#0"},"south":{"uv":[1,1,2,2],"texture":"#0"},"west":{"uv":[1,1,2,2],"texture":"#0"},"up":{"uv":[1,1,2,2],"texture":"#0"},"down":{"uv":[1,1,2,2],"texture":"#0"}}},{"from":[4.67545,7.33871,-16],"to":[5.69642,8.66129,-14.62804],"rotation":{"angle":0,"axis":"z","origin":[8,8,-15.31402]},"faces":{"north":{"uv":[1,1,2,2],"texture":"#0"},"east":{"uv":[1,1,2,2],"texture":"#0"},"south":{"uv":[1,1,2,2],"texture":"#0"},"west":{"uv":[1,1,2,2],"texture":"#0"},"up":{"uv":[1,1,2,2],"texture":"#0"},"down":{"uv":[1,1,2,2],"texture":"#0"}}},{"from":[4.67545,7.3387,-16],"to":[5.69642,8.66129,-14.62804],"rotation":{"angle":22.5,"axis":"z","origin":[8,8,-15.31402]},"faces":{"north":{"uv":[1,1,2,2],"texture":"#0"},"east":{"uv":[1,1,2,2],"texture":"#0"},"south":{"uv":[1,1,2,2],"texture":"#0"},"west":{"uv":[1,1,2,2],"texture":"#0"},"up":{"uv":[1,1,2,2],"texture":"#0"},"down":{"uv":[1,1,2,2],"texture":"#0"}}},{"from":[4.67545,7.33871,-16],"to":[5.69642,8.66129,-14.62804],"rotation":{"angle":45,"axis":"z","origin":[8,8,-15.31402]},"faces":{"north":{"uv":[1,1,2,2],"texture":"#0"},"east":{"uv":[1,1,2,2],"texture":"#0"},"south":{"uv":[1,1,2,2],"texture":"#0"},"west":{"uv":[1,1,2,2],"texture":"#0"},"up":{"uv":[1,1,2,2],"texture":"#0"},"down":{"uv":[1,1,2,2],"texture":"#0"}}},{"from":[7.3387,4.67545,-16],"to":[8.66129,5.69642,-14.62804],"rotation":{"angle":-22.5,"axis":"z","origin":[8,8,-15.31402]},"faces":{"north":{"uv":[1,1,2,2],"texture":"#0"},"east":{"uv":[1,1,2,2],"texture":"#0"},"south":{"uv":[1,1,2,2],"texture":"#0"},"west":{"uv":[1,1,2,2],"texture":"#0"},"up":{"uv":[1,1,2,2],"texture":"#0"},"down":{"uv":[1,1,2,2],"texture":"#0"}}},{"from":[7.3387,4.67545,-16],"to":[8.66129,5.69642,-14.62804],"rotation":{"angle":0,"axis":"z","origin":[8,8,-15.31402]},"faces":{"north":{"uv":[1,1,2,2],"texture":"#0"},"east":{"uv":[1,1,2,2],"texture":"#0"},"south":{"uv":[1,1,2,2],"texture":"#0"},"west":{"uv":[1,1,2,2],"texture":"#0"},"up":{"uv":[1,1,2,2],"texture":"#0"},"down":{"uv":[1,1,2,2],"texture":"#0"}}},{"from":[7.3387,4.67545,-16],"to":[8.66129,5.69642,-14.62804],"rotation":{"angle":22.5,"axis":"z","origin":[8,8,-15.31402]},"faces":{"north":{"uv":[1,1,2,2],"texture":"#0"},"east":{"uv":[1,1,2,2],"texture":"#0"},"south":{"uv":[1,1,2,2],"texture":"#0"},"west":{"uv":[1,1,2,2],"texture":"#0"},"up":{"uv":[1,1,2,2],"texture":"#0"},"down":{"uv":[1,1,2,2],"texture":"#0"}}},{"from":[10.30357,7.33871,-16],"to":[11.32455,8.66129,-14.62804],"rotation":{"angle":-45,"axis":"z","origin":[8,8,-15.31402]},"faces":{"north":{"uv":[1,1,2,2],"texture":"#0"},"east":{"uv":[1,1,2,2],"texture":"#0"},"south":{"uv":[1,1,2,2],"texture":"#0"},"west":{"uv":[1,1,2,2],"texture":"#0"},"up":{"uv":[1,1,2,2],"texture":"#0"},"down":{"uv":[1,1,2,2],"texture":"#0"}}},{"from":[10.30358,7.3387,-16],"to":[11.32455,8.66129,-14.62804],"rotation":{"angle":-22.5,"axis":"z","origin":[8,8,-15.31402]},"faces":{"north":{"uv":[1,1,2,2],"texture":"#0"},"east":{"uv":[1,1,2,2],"texture":"#0"},"south":{"uv":[1,1,2,2],"texture":"#0"},"west":{"uv":[1,1,2,2],"texture":"#0"},"up":{"uv":[1,1,2,2],"texture":"#0"},"down":{"uv":[1,1,2,2],"texture":"#0"}}},{"from":[10.30357,7.33871,-16],"to":[11.32455,8.66129,-14.62804],"rotation":{"angle":0,"axis":"z","origin":[8,8,-15.31402]},"faces":{"north":{"uv":[1,1,2,2],"texture":"#0"},"east":{"uv":[1,1,2,2],"texture":"#0"},"south":{"uv":[1,1,2,2],"texture":"#0"},"west":{"uv":[1,1,2,2],"texture":"#0"},"up":{"uv":[1,1,2,2],"texture":"#0"},"down":{"uv":[1,1,2,2],"texture":"#0"}}},{"from":[10.30357,7.33871,-16],"to":[11.32455,8.66129,-14.62804],"rotation":{"angle":22.5,"axis":"z","origin":[8,8,-15.31402]},"faces":{"north":{"uv":[1,1,2,2],"texture":"#0"},"east":{"uv":[1,1,2,2],"texture":"#0"},"south":{"uv":[1,1,2,2],"texture":"#0"},"west":{"uv":[1,1,2,2],"texture":"#0"},"up":{"uv":[1,1,2,2],"texture":"#0"},"down":{"uv":[1,1,2,2],"texture":"#0"}}},{"from":[7.3387,10.30358,-16],"to":[8.66129,11.32455,-14.62804],"rotation":{"angle":-45,"axis":"z","origin":[8,8,-15.31402]},"faces":{"north":{"uv":[1,1,2,2],"texture":"#0"},"east":{"uv":[1,1,2,2],"texture":"#0"},"south":{"uv":[1,1,2,2],"texture":"#0"},"west":{"uv":[1,1,2,2],"texture":"#0"},"up":{"uv":[1,1,2,2],"texture":"#0"},"down":{"uv":[1,1,2,2],"texture":"#0"}}},{"from":[7.3387,10.30358,-16],"to":[8.66129,11.32455,-14.62804],"rotation":{"angle":-22.5,"axis":"z","origin":[8,8,-15.31402]},"faces":{"north":{"uv":[1,1,2,2],"texture":"#0"},"east":{"uv":[1,1,2,2],"texture":"#0"},"south":{"uv":[1,1,2,2],"texture":"#0"},"west":{"uv":[1,1,2,2],"texture":"#0"},"up":{"uv":[1,1,2,2],"texture":"#0"},"down":{"uv":[1,1,2,2],"texture":"#0"}}},{"from":[6.8708,6.42506,29.7727],"to":[9.1292,9.57494,31.07742],"rotation":{"angle":0,"axis":"z","origin":[8,8,30.42506]},"faces":{"north":{"uv":[1,1,2,2],"texture":"#0"},"east":{"uv":[1,1,2,2],"texture":"#0"},"south":{"uv":[1,1,2,2],"texture":"#0"},"west":{"uv":[1,1,2,2],"texture":"#0"},"up":{"uv":[1,1,2,2],"texture":"#0"},"down":{"uv":[1,1,2,2],"texture":"#0"}}},{"from":[6.8708,7.34764,28.85013],"to":[9.1292,8.65236,32],"rotation":{"angle":0,"axis":"z","origin":[8,8,30.42506]},"faces":{"north":{"uv":[1,1,2,2],"texture":"#0"},"east":{"uv":[1,1,2,2],"texture":"#0"},"south":{"uv":[1,1,2,2],"texture":"#0"},"west":{"uv":[1,1,2,2],"texture":"#0"},"up":{"uv":[1,1,2,2],"texture":"#0"},"down":{"uv":[1,1,2,2],"texture":"#0"}}},{"from":[6.8708,6.42506,29.7727],"to":[9.1292,9.57494,31.07742],"rotation":{"angle":-45,"axis":"x","origin":[8,8,30.42506]},"faces":{"north":{"uv":[1,1,2,2],"texture":"#0"},"east":{"uv":[1,1,2,2],"texture":"#0"},"south":{"uv":[1,1,2,2],"texture":"#0"},"west":{"uv":[1,1,2,2],"texture":"#0"},"up":{"uv":[1,1,2,2],"texture":"#0"},"down":{"uv":[1,1,2,2],"texture":"#0"}}},{"from":[6.8708,6.42506,29.7727],"to":[9.1292,9.57494,31.07742],"rotation":{"angle":45,"axis":"x","origin":[8,8,30.42506]},"faces":{"north":{"uv":[1,1,2,2],"texture":"#0"},"east":{"uv":[1,1,2,2],"texture":"#0"},"south":{"uv":[1,1,2,2],"texture":"#0"},"west":{"uv":[1,1,2,2],"texture":"#0"},"up":{"uv":[1,1,2,2],"texture":"#0"},"down":{"uv":[1,1,2,2],"texture":"#0"}}},{"from":[6.42506,6.8708,29.7727],"to":[9.57494,9.1292,31.07742],"rotation":{"angle":0,"axis":"z","origin":[8,8,30.42506]},"faces":{"north":{"uv":[1,1,2,2],"texture":"#0"},"east":{"uv":[1,1,2,2],"texture":"#0"},"south":{"uv":[1,1,2,2],"texture":"#0"},"west":{"uv":[1,1,2,2],"texture":"#0"},"up":{"uv":[1,1,2,2],"texture":"#0"},"down":{"uv":[1,1,2,2],"texture":"#0"}}},{"from":[7.34764,6.8708,28.85013],"to":[8.65236,9.1292,32],"rotation":{"angle":0,"axis":"z","origin":[8,8,30.42506]},"faces":{"north":{"uv":[1,1,2,2],"texture":"#0"},"east":{"uv":[1,1,2,2],"texture":"#0"},"south":{"uv":[1,1,2,2],"texture":"#0"},"west":{"uv":[1,1,2,2],"texture":"#0"},"up":{"uv":[1,1,2,2],"texture":"#0"},"down":{"uv":[1,1,2,2],"texture":"#0"}}},{"from":[6.42506,6.8708,29.7727],"to":[9.57494,9.1292,31.07742],"rotation":{"angle":-45,"axis":"y","origin":[8,8,30.42506]},"faces":{"north":{"uv":[1,1,2,2],"texture":"#0"},"east":{"uv":[1,1,2,2],"texture":"#0"},"south":{"uv":[1,1,2,2],"texture":"#0"},"west":{"uv":[1,1,2,2],"texture":"#0"},"up":{"uv":[1,1,2,2],"texture":"#0"},"down":{"uv":[1,1,2,2],"texture":"#0"}}},{"from":[6.42506,6.8708,29.7727],"to":[9.57494,9.1292,31.07742],"rotation":{"angle":45,"axis":"y","origin":[8,8,30.42506]},"faces":{"north":{"uv":[1,1,2,2],"texture":"#0"},"east":{"uv":[1,1,2,2],"texture":"#0"},"south":{"uv":[1,1,2,2],"texture":"#0"},"west":{"uv":[1,1,2,2],"texture":"#0"},"up":{"uv":[1,1,2,2],"texture":"#0"},"down":{"uv":[1,1,2,2],"texture":"#0"}}},{"from":[0.23343,6.76983,15.02488],"to":[15.76657,9.83201,16.29328],"rotation":{"angle":0,"axis":"z","origin":[8,8.30092,15.65908]},"faces":{"north":{"uv":[1,1,2,2],"texture":"#0"},"east":{"uv":[1,1,2,2],"texture":"#0"},"south":{"uv":[1,1,2,2],"texture":"#0"},"west":{"uv":[1,1,2,2],"texture":"#0"},"up":{"uv":[1,1,2,2],"texture":"#0"},"down":{"uv":[1,1,2,2],"texture":"#0"}}},{"from":[0.23343,7.66672,14.12799],"to":[15.76657,8.93512,17.19017],"rotation":{"angle":0,"axis":"z","origin":[8,8.30092,15.65908]},"faces":{"north":{"uv":[1,1,2,2],"texture":"#0"},"east":{"uv":[1,1,2,2],"texture":"#0"},"south":{"uv":[1,1,2,2],"texture":"#0"},"west":{"uv":[1,1,2,2],"texture":"#0"},"up":{"uv":[1,1,2,2],"texture":"#0"},"down":{"uv":[1,1,2,2],"texture":"#0"}}},{"from":[0.23343,6.76983,15.02488],"to":[15.76657,9.83201,16.29328],"rotation":{"angle":-45,"axis":"x","origin":[8,8.30092,15.65908]},"faces":{"north":{"uv":[1,1,2,2],"texture":"#0"},"east":{"uv":[1,1,2,2],"texture":"#0"},"south":{"uv":[1,1,2,2],"texture":"#0"},"west":{"uv":[1,1,2,2],"texture":"#0"},"up":{"uv":[1,1,2,2],"texture":"#0"},"down":{"uv":[1,1,2,2],"texture":"#0"}}},{"from":[0.23343,6.76983,15.02488],"to":[15.76657,9.83201,16.29328],"rotation":{"angle":45,"axis":"x","origin":[8,8.30092,15.65908]},"faces":{"north":{"uv":[1,1,2,2],"texture":"#0"},"east":{"uv":[1,1,2,2],"texture":"#0"},"south":{"uv":[1,1,2,2],"texture":"#0"},"west":{"uv":[1,1,2,2],"texture":"#0"},"up":{"uv":[1,1,2,2],"texture":"#0"},"down":{"uv":[1,1,2,2],"texture":"#0"}}},{"from":[7.8,16.6,18.5],"to":[8.2,22.6,18.9],"rotation":{"angle":22.5,"axis":"x","origin":[0,0,0]},"faces":{"north":{"uv":[4,4,5,5],"texture":"#0"},"east":{"uv":[4,4,5,5],"texture":"#0"},"south":{"uv":[4,4,5,5],"texture":"#0"},"west":{"uv":[4,4,5,5],"texture":"#0"},"up":{"uv":[4,4,5,5],"texture":"#0"},"down":{"uv":[4,4,5,5],"texture":"#0"}}}],"display":{"head":{"translation":[0,-6,-10.35],"scale":[1.35,1.35,1.35]}},"groups":[{"name":"cannon_ring1","origin":[0,0,0],"color":0,"children":[0,1,2,3,4,5,6,7]},{"name":"cannon_body","origin":[0,0,0],"color":0,"children":[8,9,10,11,12,13,14,15,16,17,18,19,20,21,22,23,24,25,26,27,28,29,30,31,32,33,34,35,36,37,38,39,40,41,42,43,44,45,46,47,48,49,50,51,52,53,54,55,56,57,58,59,60,61,62,63,64,65,66,67,68,69,70,71]},{"name":"cannon_ring2","origin":[0,0,0],"color":0,"children":[72,73,74,75,76,77,78,79,80,81,82,83,84,85,86,87]},{"name":"cannon_mouth","origin":[0,0,0],"color":0,"children":[88,89,90,91,92,93,94,95,96,97,98,99,100,101,102,103,104,105,106,107,108,109,110,111,112,113,114,115,116,117,118,119]},{"name":"cannon_end_cap","origin":[0,0,0],"color":0,"children":[120,121,122,123,124,125,126,127]},{"name":"cannon_hinge","origin":[0,0,0],"color":0,"children":[128,129,130,131]},{"name":"cannon_wick_loaded","origin":[8,8,8],"color":0,"children":[132]}]}